session,Driver,LapNumber,Stint,Compound,TyreLife,lap_s,traffic,reason
FP1,ALB,1,1.0,HARD,1.0,101.454,0.0661375661375661,pit in/out lap
FP1,ALB,2,1.0,HARD,2.0,83.454,0.0293663060278207,cool-down / aborted (>105% of run best)
FP1,ALB,3,1.0,HARD,3.0,79.924,0.0325732899022801,kept
FP1,ALB,4,1.0,HARD,4.0,78.569,0.0851788756388415,kept
FP1,ALB,5,1.0,HARD,5.0,78.12,0.2030981067125645,kept
FP1,ALB,6,1.0,HARD,6.0,77.644,0.0,kept
FP1,ALB,7,1.0,HARD,7.0,94.845,0.1244870041039671,cool-down / aborted (>105% of run best)
FP1,ALB,8,1.0,HARD,8.0,86.506,0.0,cool-down / aborted (>105% of run best)
FP1,ALB,9,1.0,HARD,9.0,79.937,0.4869706840390879,traffic (>30% of lap within 60 m of a car)
FP1,ALB,10,1.0,HARD,10.0,78.79,0.5511945392491467,traffic (>30% of lap within 60 m of a car)
FP1,ALB,11,1.0,HARD,11.0,80.46,0.2894308943089431,kept
FP1,ALB,12,1.0,HARD,12.0,85.306,0.0,cool-down / aborted (>105% of run best)
FP1,ALB,13,1.0,HARD,13.0,78.143,0.0292598967297762,kept
FP1,ALB,14,1.0,HARD,14.0,77.751,0.0,kept
FP1,ALB,15,1.0,HARD,15.0,101.163,0.582562747688243,traffic (>30% of lap within 60 m of a car)
FP1,ALB,16,1.0,HARD,16.0,81.714,0.0,cool-down / aborted (>105% of run best)
FP1,ALB,17,1.0,HARD,17.0,77.871,0.0,kept
FP1,ALB,18,1.0,HARD,18.0,78.223,0.1703204047217538,yellow / SC / VSC / red flag
FP1,ALB,19,1.0,HARD,19.0,95.991,0.0457697642163661,cool-down / aborted (>105% of run best)
FP1,ALB,20,1.0,HARD,20.0,77.539,0.0,kept
FP1,ALB,22,2.0,MEDIUM,1.0,99.292,0.0,pit in/out lap
FP1,ALB,23,2.0,MEDIUM,2.0,83.993,0.0910493827160493,short run (<5 clean laps)
FP1,ALB,24,2.0,MEDIUM,3.0,75.989,0.0,short run (<5 clean laps)
FP1,ALB,25,2.0,MEDIUM,4.0,93.022,0.0472103004291845,short run (<5 clean laps)
FP1,ALB,26,2.0,MEDIUM,5.0,76.049,0.1053540587219343,short run (<5 clean laps)
FP1,ALB,27,2.0,MEDIUM,6.0,98.008,0.0192043895747599,lap deleted (track limits)
FP1,ALB,28,2.0,MEDIUM,7.0,84.872,0.0,lap deleted (track limits)
FP1,ALB,29,2.0,MEDIUM,8.0,90.467,0.1131805157593123,yellow / SC / VSC / red flag
FP1,ALB,31,3.0,MEDIUM,9.0,107.236,0.0,pit in/out lap
FP1,ALB,32,3.0,MEDIUM,10.0,122.929,0.0,short run (<5 clean laps)
FP1,ALO,1,1.0,HARD,1.0,100.195,0.0119205298013245,pit in/out lap
FP1,ALO,2,1.0,HARD,2.0,80.623,0.0,short run (<5 clean laps)
FP1,ALO,3,1.0,HARD,3.0,79.282,0.2537067545304777,short run (<5 clean laps)
FP1,ALO,5,2.0,HARD,5.0,95.446,0.0096021947873799,pit in/out lap
FP1,ALO,6,2.0,HARD,6.0,79.155,0.1495798319327731,kept
FP1,ALO,7,2.0,HARD,7.0,78.65,0.2747068676716918,kept
FP1,ALO,8,2.0,HARD,8.0,77.763,0.0,kept
FP1,ALO,9,2.0,HARD,9.0,94.66,0.0,cool-down / aborted (>105% of run best)
FP1,ALO,10,2.0,HARD,10.0,81.544,0.0359477124183006,kept
FP1,ALO,11,2.0,HARD,11.0,94.159,0.098314606741573,cool-down / aborted (>105% of run best)
FP1,ALO,13,3.0,MEDIUM,1.0,90.13,0.0060514372163388,pit in/out lap
FP1,ALO,14,3.0,MEDIUM,2.0,83.61,0.1010886469673405,cool-down / aborted (>105% of run best)
FP1,ALO,15,3.0,MEDIUM,3.0,77.245,0.2668918918918919,kept
FP1,ALO,16,3.0,MEDIUM,4.0,97.047,0.2510344827586206,lap deleted (track limits)
FP1,ALO,17,3.0,MEDIUM,5.0,87.986,0.0,cool-down / aborted (>105% of run best)
FP1,ALO,18,3.0,MEDIUM,6.0,76.678,0.0,kept
FP1,ALO,19,3.0,MEDIUM,7.0,85.548,0.2406015037593984,yellow / SC / VSC / red flag
FP1,ALO,20,3.0,MEDIUM,8.0,86.288,0.0,cool-down / aborted (>105% of run best)
FP1,ANT,1,1.0,HARD,1.0,107.376,0.1020910209102091,pit in/out lap
FP1,ANT,2,1.0,HARD,2.0,80.184,0.56,traffic (>30% of lap within 60 m of a car)
FP1,ANT,3,1.0,HARD,3.0,78.054,0.6522462562396006,traffic (>30% of lap within 60 m of a car)
FP1,ANT,4,1.0,HARD,4.0,80.274,0.1220338983050847,cool-down / aborted (>105% of run best)
FP1,ANT,5,1.0,HARD,5.0,81.106,0.3224222585924713,traffic (>30% of lap within 60 m of a car)
FP1,ANT,6,1.0,HARD,6.0,76.743,0.0,kept
FP1,ANT,7,1.0,HARD,7.0,91.426,0.2687411598302687,cool-down / aborted (>105% of run best)
FP1,ANT,8,1.0,HARD,8.0,79.148,0.175,kept
FP1,ANT,9,1.0,HARD,9.0,75.764,0.0222222222222222,kept
FP1,ANT,10,1.0,HARD,10.0,90.766,0.2825443786982248,cool-down / aborted (>105% of run best)
FP1,ANT,11,1.0,HARD,11.0,75.436,0.1873905429071803,kept
FP1,ANT,12,1.0,HARD,12.0,92.311,0.0932203389830508,cool-down / aborted (>105% of run best)
FP1,ANT,14,2.0,MEDIUM,1.0,86.338,0.0,pit in/out lap
FP1,ANT,15,2.0,MEDIUM,2.0,75.478,0.1843478260869565,kept
FP1,ANT,16,2.0,MEDIUM,3.0,91.529,0.0,cool-down / aborted (>105% of run best)
FP1,ANT,17,2.0,MEDIUM,4.0,91.027,0.010204081632653,yellow / SC / VSC / red flag
FP1,ANT,18,2.0,MEDIUM,5.0,74.537,0.0,kept
FP1,ANT,19,2.0,MEDIUM,6.0,98.73,0.1221779548472775,cool-down / aborted (>105% of run best)
FP1,ANT,20,2.0,MEDIUM,7.0,74.785,0.0,kept
FP1,ANT,22,3.0,MEDIUM,9.0,95.928,0.0,pit in/out lap
FP1,ANT,23,3.0,MEDIUM,10.0,78.716,0.3395585738539898,traffic (>30% of lap within 60 m of a car)
FP1,ANT,24,3.0,MEDIUM,11.0,77.349,0.4191304347826087,traffic (>30% of lap within 60 m of a car)
FP1,ANT,25,3.0,MEDIUM,12.0,78.032,0.1371900826446281,yellow / SC / VSC / red flag
FP1,ANT,26,3.0,MEDIUM,13.0,76.855,0.0,short run (<5 clean laps)
FP1,ANT,27,3.0,MEDIUM,14.0,78.284,0.0880398671096345,yellow / SC / VSC / red flag
FP1,ANT,29,4.0,HARD,14.0,105.735,0.8148148148148148,pit in/out lap
FP1,ANT,30,4.0,HARD,15.0,135.949,0.7325023969319271,traffic (>30% of lap within 60 m of a car)
FP1,BEA,1,1.0,HARD,1.0,102.318,0.0,pit in/out lap
FP1,BEA,2,1.0,HARD,2.0,89.561,0.0,cool-down / aborted (>105% of run best)
FP1,BEA,3,1.0,HARD,3.0,81.296,0.0,cool-down / aborted (>105% of run best)
FP1,BEA,4,1.0,HARD,4.0,83.474,0.0,cool-down / aborted (>105% of run best)
FP1,BEA,5,1.0,HARD,5.0,78.709,0.0,kept
FP1,BEA,6,1.0,HARD,6.0,90.365,0.1781021897810219,cool-down / aborted (>105% of run best)
FP1,BEA,7,1.0,HARD,7.0,110.442,0.4524089306698002,traffic (>30% of lap within 60 m of a car)
FP1,BEA,8,1.0,HARD,8.0,86.829,0.1969465648854962,cool-down / aborted (>105% of run best)
FP1,BEA,9,1.0,HARD,9.0,84.068,0.1265432098765432,lap deleted (track limits)
FP1,BEA,10,1.0,HARD,10.0,77.592,0.1230502599653379,kept
FP1,BEA,11,1.0,HARD,11.0,98.207,0.1543624161073825,lap deleted (track limits)
FP1,BEA,12,1.0,HARD,12.0,77.245,0.0,kept
FP1,BEA,13,1.0,HARD,13.0,86.155,0.0,cool-down / aborted (>105% of run best)
FP1,BEA,14,1.0,HARD,14.0,98.687,0.1693766937669376,cool-down / aborted (>105% of run best)
FP1,BEA,15,1.0,HARD,15.0,87.195,0.0,cool-down / aborted (>105% of run best)
FP1,BEA,16,1.0,HARD,16.0,87.167,0.0,cool-down / aborted (>105% of run best)
FP1,BEA,17,1.0,HARD,17.0,76.996,0.0,yellow / SC / VSC / red flag
FP1,BEA,20,3.0,MEDIUM,1.0,96.282,0.0,pit in/out lap
FP1,BEA,21,3.0,MEDIUM,2.0,82.466,0.0,short run (<5 clean laps)
FP1,BEA,22,3.0,MEDIUM,3.0,76.301,0.0655172413793103,short run (<5 clean laps)
FP1,BEA,23,3.0,MEDIUM,4.0,98.257,0.0228187919463087,short run (<5 clean laps)
FP1,BEA,24,3.0,MEDIUM,5.0,76.292,0.0594405594405594,short run (<5 clean laps)
FP1,BEA,25,3.0,MEDIUM,6.0,104.556,0.0460358056265984,lap deleted (track limits)
FP1,BEA,26,3.0,MEDIUM,7.0,104.789,0.5818858560794045,yellow / SC / VSC / red flag
FP1,BEA,27,3.0,MEDIUM,8.0,88.252,0.1255539143279173,yellow / SC / VSC / red flag
FP1,BEA,29,4.0,MEDIUM,9.0,96.461,1.0,pit in/out lap
FP1,BEA,30,4.0,MEDIUM,10.0,139.078,0.7855805243445693,yellow / SC / VSC / red flag
FP1,BOR,1,1.0,HARD,1.0,112.77,0.0,pit in/out lap
FP1,BOR,2,1.0,HARD,2.0,84.353,0.0671755725190839,short run (<5 clean laps)
FP1,BOR,3,1.0,HARD,3.0,80.179,0.0,short run (<5 clean laps)
FP1,BOR,4,1.0,HARD,4.0,78.516,0.1692573402417962,short run (<5 clean laps)
FP1,BOR,5,1.0,HARD,5.0,102.147,0.7506493506493507,traffic (>30% of lap within 60 m of a car)
FP1,BOR,6,1.0,HARD,6.0,78.583,0.0,short run (<5 clean laps)
FP1,BOR,8,2.0,HARD,8.0,90.28,0.08100147275405,pit in/out lap
FP1,BOR,9,2.0,HARD,9.0,78.393,0.1006711409395973,kept
FP1,BOR,10,2.0,HARD,10.0,106.403,0.1086419753086419,cool-down / aborted (>105% of run best)
FP1,BOR,11,2.0,HARD,11.0,77.911,0.0891938250428816,kept
FP1,BOR,12,2.0,HARD,12.0,105.572,0.2503176620076239,cool-down / aborted (>105% of run best)
FP1,BOR,13,2.0,HARD,13.0,78.126,0.3159663865546218,traffic (>30% of lap within 60 m of a car)
FP1,BOR,14,2.0,HARD,14.0,94.114,0.0572625698324022,cool-down / aborted (>105% of run best)
FP1,BOR,15,2.0,HARD,15.0,77.26,0.0136286201022146,yellow / SC / VSC / red flag
FP1,BOR,16,2.0,HARD,16.0,101.808,0.0894941634241245,cool-down / aborted (>105% of run best)
FP1,BOR,17,2.0,HARD,17.0,76.999,0.0,kept
FP1,BOR,19,3.0,MEDIUM,1.0,91.934,0.0118343195266272,pit in/out lap
FP1,BOR,20,3.0,MEDIUM,2.0,81.583,0.0,short run (<5 clean laps)
FP1,BOR,21,3.0,MEDIUM,3.0,76.261,0.1150592216582064,short run (<5 clean laps)
FP1,BOR,22,3.0,MEDIUM,4.0,93.633,0.0256045519203413,short run (<5 clean laps)
FP1,BOR,23,3.0,MEDIUM,5.0,76.439,0.0759930915371329,lap deleted (track limits)
FP1,BOR,24,3.0,MEDIUM,6.0,104.417,0.7595907928388747,traffic (>30% of lap within 60 m of a car)
FP1,BOR,25,3.0,MEDIUM,7.0,75.848,0.0,yellow / SC / VSC / red flag
FP1,BOR,26,3.0,MEDIUM,8.0,99.54,0.1441558441558441,short run (<5 clean laps)
FP1,BOR,27,3.0,MEDIUM,9.0,75.75,0.1640759930915371,yellow / SC / VSC / red flag
FP1,BOR,29,4.0,MEDIUM,10.0,106.695,0.0276729559748427,pit in/out lap
FP1,BOR,30,4.0,MEDIUM,11.0,130.031,0.0588235294117647,short run (<5 clean laps)
FP1,BOT,1,1.0,MEDIUM,1.0,101.371,0.3629139072847682,pit in/out lap
FP1,BOT,2,1.0,MEDIUM,2.0,91.14,0.1412268188302425,cool-down / aborted (>105% of run best)
FP1,BOT,3,1.0,MEDIUM,3.0,81.225,0.0,kept
FP1,BOT,4,1.0,MEDIUM,4.0,79.23,0.0,kept
FP1,BOT,5,1.0,MEDIUM,5.0,94.444,0.065155807365439,cool-down / aborted (>105% of run best)
FP1,BOT,6,1.0,MEDIUM,6.0,78.829,0.1337792642140468,kept
FP1,BOT,7,1.0,MEDIUM,7.0,103.548,0.360759493670886,traffic (>30% of lap within 60 m of a car)
FP1,BOT,8,1.0,MEDIUM,8.0,114.647,0.4535017221584386,traffic (>30% of lap within 60 m of a car)
FP1,BOT,9,1.0,MEDIUM,9.0,86.902,0.1034482758620689,cool-down / aborted (>105% of run best)
FP1,BOT,10,1.0,MEDIUM,10.0,78.174,0.0,kept
FP1,BOT,11,1.0,MEDIUM,11.0,104.832,0.3934837092731829,traffic (>30% of lap within 60 m of a car)
FP1,BOT,12,1.0,MEDIUM,12.0,96.16,0.0760869565217391,cool-down / aborted (>105% of run best)
FP1,BOT,13,1.0,MEDIUM,13.0,77.943,0.0189655172413793,kept
FP1,BOT,14,1.0,MEDIUM,14.0,95.792,0.1089385474860335,cool-down / aborted (>105% of run best)
FP1,BOT,16,2.0,SOFT,1.0,93.985,0.2954876273653566,pit in/out lap
FP1,BOT,17,2.0,SOFT,2.0,82.15,0.1004784688995215,cool-down / aborted (>105% of run best)
FP1,BOT,18,2.0,SOFT,3.0,77.573,0.1819699499165275,kept
FP1,BOT,19,2.0,SOFT,4.0,101.515,0.0,cool-down / aborted (>105% of run best)
FP1,BOT,20,2.0,SOFT,5.0,99.083,0.1479524438573315,cool-down / aborted (>105% of run best)
FP1,BOT,21,2.0,SOFT,6.0,77.46,0.079225352112676,kept
FP1,BOT,22,2.0,SOFT,7.0,105.174,0.3836633663366336,yellow / SC / VSC / red flag
FP1,BOT,23,2.0,SOFT,8.0,112.643,0.3911525029103609,traffic (>30% of lap within 60 m of a car)
FP1,BOT,25,3.0,SOFT,9.0,87.653,0.0,pit in/out lap
FP1,BOT,26,3.0,SOFT,10.0,130.117,0.0,lap deleted (track limits)
FP1,COL,1,1.0,HARD,1.0,101.114,0.114513981358189,pit in/out lap
FP1,COL,2,1.0,HARD,2.0,86.305,0.0,lap deleted (track limits)
FP1,COL,3,1.0,HARD,3.0,79.93,0.0,kept
FP1,COL,4,1.0,HARD,4.0,78.536,0.0,kept
FP1,COL,5,1.0,HARD,5.0,97.318,0.1184573002754821,cool-down / aborted (>105% of run best)
FP1,COL,6,1.0,HARD,6.0,79.549,0.0582362728785357,kept
FP1,COL,7,1.0,HARD,7.0,78.505,0.0499168053244592,kept
FP1,COL,8,1.0,HARD,8.0,77.9,0.0,kept
FP1,COL,9,1.0,HARD,9.0,119.555,0.176278563656148,cool-down / aborted (>105% of run best)
FP1,COL,10,1.0,HARD,10.0,79.018,0.0203735144312393,kept
FP1,COL,11,1.0,HARD,11.0,77.762,0.0796610169491525,kept
FP1,COL,12,1.0,HARD,12.0,77.698,,no gap-to-car-ahead data
FP1,COL,13,1.0,HARD,13.0,104.445,0.4852752880921895,traffic (>30% of lap within 60 m of a car)
FP1,COL,14,1.0,HARD,14.0,78.939,0.4117647058823529,traffic (>30% of lap within 60 m of a car)
FP1,COL,15,1.0,HARD,15.0,78.195,,no gap-to-car-ahead data
FP1,COL,16,1.0,HARD,16.0,104.619,0.2010178117048346,cool-down / aborted (>105% of run best)
FP1,COL,17,1.0,HARD,17.0,79.111,0.0,kept
FP1,COL,18,1.0,HARD,18.0,78.37,0.0,yellow / SC / VSC / red flag
FP1,COL,19,1.0,HARD,19.0,89.957,0.1914580265095729,cool-down / aborted (>105% of run best)
FP1,COL,20,1.0,HARD,20.0,77.98,,no gap-to-car-ahead data
FP1,COL,22,2.0,MEDIUM,1.0,90.65,0.0507246376811594,pit in/out lap
FP1,COL,23,2.0,MEDIUM,2.0,76.341,0.0,kept
FP1,COL,24,2.0,MEDIUM,3.0,96.12,0.1922544951590594,cool-down / aborted (>105% of run best)
FP1,COL,25,2.0,MEDIUM,4.0,87.329,0.1053435114503816,cool-down / aborted (>105% of run best)
FP1,COL,26,2.0,MEDIUM,5.0,76.189,0.0,kept
FP1,COL,27,2.0,MEDIUM,6.0,104.721,0.1437346437346437,yellow / SC / VSC / red flag
FP1,COL,28,2.0,MEDIUM,7.0,76.507,0.0,kept
FP1,COL,30,3.0,MEDIUM,8.0,95.676,0.0,pit in/out lap
FP1,COL,31,3.0,MEDIUM,9.0,128.531,0.0537190082644628,short run (<5 clean laps)
FP1,GAS,1,1.0,HARD,1.0,98.098,0.1403508771929824,pit in/out lap
FP1,GAS,2,1.0,HARD,2.0,83.153,0.0323076923076923,cool-down / aborted (>105% of run best)
FP1,GAS,3,1.0,HARD,3.0,80.387,0.0,kept
FP1,GAS,4,1.0,HARD,4.0,79.489,0.3204047217537942,traffic (>30% of lap within 60 m of a car)
FP1,GAS,5,1.0,HARD,5.0,78.683,0.3141891891891892,lap deleted (track limits)
FP1,GAS,6,1.0,HARD,6.0,99.572,0.7159685863874345,lap deleted (track limits)
FP1,GAS,7,1.0,HARD,7.0,78.1,0.1641285956006768,kept
FP1,GAS,8,1.0,HARD,8.0,77.336,0.0696095076400679,kept
FP1,GAS,9,1.0,HARD,9.0,100.844,0.1464052287581699,cool-down / aborted (>105% of run best)
FP1,GAS,10,1.0,HARD,10.0,82.623,0.1916932907348242,lap deleted (track limits)
FP1,GAS,11,1.0,HARD,11.0,77.361,0.0,kept
FP1,GAS,12,1.0,HARD,12.0,77.027,0.080068143100511,kept
FP1,GAS,13,1.0,HARD,13.0,97.008,0.2700831024930747,cool-down / aborted (>105% of run best)
FP1,GAS,14,1.0,HARD,14.0,76.727,0.2105263157894736,kept
FP1,GAS,15,1.0,HARD,15.0,90.371,0.0,cool-down / aborted (>105% of run best)
FP1,GAS,16,1.0,HARD,16.0,83.59,0.0,cool-down / aborted (>105% of run best)
FP1,GAS,17,1.0,HARD,17.0,85.519,0.0,yellow / SC / VSC / red flag
FP1,GAS,18,1.0,HARD,18.0,76.844,0.0173611111111111,kept
FP1,GAS,20,2.0,MEDIUM,1.0,91.912,0.0,pit in/out lap
FP1,GAS,21,2.0,MEDIUM,2.0,81.797,0.0,short run (<5 clean laps)
FP1,GAS,22,2.0,MEDIUM,3.0,76.292,0.0,short run (<5 clean laps)
FP1,GAS,23,2.0,MEDIUM,4.0,110.234,0.3930288461538461,lap deleted (track limits)
FP1,GAS,24,2.0,MEDIUM,5.0,76.278,0.0,short run (<5 clean laps)
FP1,GAS,25,2.0,MEDIUM,6.0,91.686,0.303834808259587,traffic (>30% of lap within 60 m of a car)
FP1,GAS,26,2.0,MEDIUM,7.0,75.828,0.0,yellow / SC / VSC / red flag
FP1,GAS,27,2.0,MEDIUM,8.0,91.253,0.0,short run (<5 clean laps)
FP1,GAS,28,2.0,MEDIUM,9.0,81.958,0.0,lap deleted (track limits)
FP1,GAS,30,3.0,MEDIUM,10.0,104.439,0.0,pit in/out lap
FP1,GAS,31,3.0,MEDIUM,11.0,122.991,0.027114967462039,short run (<5 clean laps)
FP1,HAD,1,1.0,HARD,1.0,104.803,0.2764331210191083,pit in/out lap
FP1,HAD,2,1.0,HARD,2.0,81.695,0.0,cool-down / aborted (>105% of run best)
FP1,HAD,3,1.0,HARD,3.0,79.907,0.3913738019169329,traffic (>30% of lap within 60 m of a car)
FP1,HAD,4,1.0,HARD,4.0,84.02,0.2507739938080495,cool-down / aborted (>105% of run best)
FP1,HAD,5,1.0,HARD,5.0,80.158,0.2319327731092437,kept
FP1,HAD,6,1.0,HARD,6.0,76.568,0.08,kept
FP1,HAD,7,1.0,HARD,7.0,91.304,0.0,cool-down / aborted (>105% of run best)
FP1,HAD,8,1.0,HARD,8.0,76.815,0.0,kept
FP1,HAD,9,1.0,HARD,9.0,90.785,0.0,cool-down / aborted (>105% of run best)
FP1,HAD,10,1.0,HARD,10.0,76.538,0.0,kept
FP1,HAD,12,2.0,HARD,12.0,88.416,0.0,pit in/out lap
FP1,HAD,13,2.0,HARD,13.0,76.148,0.0155709342560553,short run (<5 clean laps)
FP1,HAM,1,1.0,HARD,1.0,103.596,0.3115384615384615,pit in/out lap
FP1,HAM,2,1.0,HARD,2.0,79.737,0.1407766990291262,cool-down / aborted (>105% of run best)
FP1,HAM,3,1.0,HARD,3.0,87.244,0.3958020989505247,traffic (>30% of lap within 60 m of a car)
FP1,HAM,4,1.0,HARD,4.0,75.892,0.1047120418848167,kept
FP1,HAM,5,1.0,HARD,5.0,90.855,0.075780089153046,cool-down / aborted (>105% of run best)
FP1,HAM,6,1.0,HARD,6.0,75.617,0.0,kept
FP1,HAM,7,1.0,HARD,7.0,97.676,0.014647137150466,cool-down / aborted (>105% of run best)
FP1,HAM,8,1.0,HARD,8.0,88.457,0.1904761904761904,cool-down / aborted (>105% of run best)
FP1,HAM,9,1.0,HARD,9.0,88.398,0.0,cool-down / aborted (>105% of run best)
FP1,HAM,10,1.0,HARD,10.0,80.659,0.1316666666666666,lap deleted (track limits)
FP1,HAM,11,1.0,HARD,11.0,108.165,0.5,lap deleted (track limits)
FP1,HAM,12,1.0,HARD,12.0,106.738,0.0344827586206896,pit in/out lap
FP1,HAM,13,2.0,HARD,13.0,100.37,0.1865771812080537,pit in/out lap
FP1,HAM,14,2.0,HARD,14.0,98.806,0.0969044414535666,short run (<5 clean laps)
FP1,HAM,15,2.0,HARD,15.0,75.11,0.1258741258741259,short run (<5 clean laps)
FP1,HAM,16,2.0,HARD,16.0,110.937,0.0142011834319526,short run (<5 clean laps)
FP1,HAM,18,3.0,MEDIUM,1.0,98.577,0.2032742155525238,pit in/out lap
FP1,HAM,19,3.0,MEDIUM,2.0,90.889,0.1253561253561253,cool-down / aborted (>105% of run best)
FP1,HAM,20,3.0,MEDIUM,3.0,90.172,0.072700296735905,cool-down / aborted (>105% of run best)
FP1,HAM,21,3.0,MEDIUM,4.0,83.096,0.0,cool-down / aborted (>105% of run best)
FP1,HAM,22,3.0,MEDIUM,5.0,74.204,0.147005444646098,kept
FP1,HAM,23,3.0,MEDIUM,6.0,120.453,0.1094091903719912,yellow / SC / VSC / red flag
FP1,HAM,24,3.0,MEDIUM,7.0,106.71,0.1195121951219512,cool-down / aborted (>105% of run best)
FP1,HAM,26,4.0,MEDIUM,8.0,98.895,0.7986394557823129,pit in/out lap
FP1,HAM,27,4.0,MEDIUM,9.0,137.012,0.6742857142857143,yellow / SC / VSC / red flag
FP1,HUL,1,1.0,HARD,1.0,101.754,0.1235370611183355,pit in/out lap
FP1,HUL,2,1.0,HARD,2.0,81.371,0.4984326018808777,traffic (>30% of lap within 60 m of a car)
FP1,HUL,3,1.0,HARD,3.0,77.734,0.3962900505902192,traffic (>30% of lap within 60 m of a car)
FP1,HUL,4,1.0,HARD,4.0,98.616,0.5800273597811217,traffic (>30% of lap within 60 m of a car)
FP1,HUL,5,1.0,HARD,5.0,86.044,0.2738461538461538,cool-down / aborted (>105% of run best)
FP1,HUL,6,1.0,HARD,6.0,76.781,0.1895093062605753,kept
FP1,HUL,7,1.0,HARD,7.0,94.854,0.16016713091922,cool-down / aborted (>105% of run best)
FP1,HUL,8,1.0,HARD,8.0,76.513,0.2328767123287671,kept
FP1,HUL,9,1.0,HARD,9.0,76.269,0.0683760683760683,kept
FP1,HUL,10,1.0,HARD,10.0,104.912,0.2187104930467762,cool-down / aborted (>105% of run best)
FP1,HUL,11,1.0,HARD,11.0,90.253,0.4616497829232995,traffic (>30% of lap within 60 m of a car)
FP1,HUL,12,1.0,HARD,12.0,78.273,0.0085470085470085,kept
FP1,HUL,13,1.0,HARD,13.0,96.395,0.4248275862068965,traffic (>30% of lap within 60 m of a car)
FP1,HUL,15,2.0,MEDIUM,1.0,144.167,0.0251479289940828,pit in/out lap
FP1,HUL,16,2.0,MEDIUM,2.0,81.626,0.1470113085621971,cool-down / aborted (>105% of run best)
FP1,HUL,17,2.0,MEDIUM,3.0,75.851,0.2058823529411764,kept
FP1,HUL,18,2.0,MEDIUM,4.0,93.858,0.0,cool-down / aborted (>105% of run best)
FP1,HUL,19,2.0,MEDIUM,5.0,75.343,0.0771869639794168,kept
FP1,HUL,20,2.0,MEDIUM,6.0,97.054,0.0,cool-down / aborted (>105% of run best)
FP1,HUL,21,2.0,MEDIUM,7.0,86.777,0.0,yellow / SC / VSC / red flag
FP1,HUL,22,2.0,MEDIUM,8.0,84.965,0.1883614088820827,cool-down / aborted (>105% of run best)
FP1,HUL,23,2.0,MEDIUM,9.0,75.487,0.0654044750430292,kept
FP1,HUL,25,3.0,MEDIUM,10.0,97.312,0.0,pit in/out lap
FP1,HUL,26,3.0,MEDIUM,11.0,123.171,0.0811688311688311,short run (<5 clean laps)
FP1,LAW,1,1.0,HARD,1.0,100.174,0.0,pit in/out lap
FP1,LAW,2,1.0,HARD,2.0,93.843,0.2586445366528354,cool-down / aborted (>105% of run best)
FP1,LAW,3,1.0,HARD,3.0,80.451,0.0,kept
FP1,LAW,4,1.0,HARD,4.0,78.727,0.0,kept
FP1,LAW,5,1.0,HARD,5.0,78.557,0.2116040955631399,kept
FP1,LAW,6,1.0,HARD,6.0,100.268,0.2777777777777778,cool-down / aborted (>105% of run best)
FP1,LAW,7,1.0,HARD,7.0,78.19,0.0563847429519071,kept
FP1,LAW,8,1.0,HARD,8.0,104.285,0.2116603295310519,lap deleted (track limits)
FP1,LAW,9,1.0,HARD,9.0,77.857,0.1863560732113144,kept
FP1,LAW,10,1.0,HARD,10.0,104.893,0.5964240102171137,traffic (>30% of lap within 60 m of a car)
FP1,LAW,11,1.0,HARD,11.0,114.116,0.0954022988505747,pit in/out lap
FP1,LAW,12,2.0,HARD,12.0,107.237,0.1750924784217016,pit in/out lap
FP1,LAW,13,2.0,HARD,13.0,80.741,0.100494233937397,short run (<5 clean laps)
FP1,LAW,14,2.0,HARD,14.0,77.238,0.1219512195121951,short run (<5 clean laps)
FP1,LAW,15,2.0,HARD,15.0,95.73,0.4027586206896552,traffic (>30% of lap within 60 m of a car)
FP1,LAW,16,2.0,HARD,16.0,93.344,0.0686274509803921,short run (<5 clean laps)
FP1,LAW,17,2.0,HARD,17.0,77.109,0.1703577512776831,yellow / SC / VSC / red flag
FP1,LAW,19,3.0,MEDIUM,1.0,90.634,0.0,pit in/out lap
FP1,LAW,20,3.0,MEDIUM,2.0,79.38,0.0,lap deleted (track limits)
FP1,LAW,22,4.0,MEDIUM,4.0,97.783,0.0,pit in/out lap
FP1,LAW,23,4.0,MEDIUM,5.0,76.431,0.0,short run (<5 clean laps)
FP1,LAW,24,4.0,MEDIUM,6.0,81.691,0.0,short run (<5 clean laps)
FP1,LAW,25,4.0,MEDIUM,7.0,97.349,0.0,short run (<5 clean laps)
FP1,LAW,26,4.0,MEDIUM,8.0,85.471,0.0186046511627906,short run (<5 clean laps)
FP1,LAW,27,4.0,MEDIUM,9.0,80.114,0.0358361774744027,lap deleted (track limits)
FP1,LAW,29,5.0,MEDIUM,10.0,101.391,0.0,pit in/out lap
FP1,LAW,30,5.0,MEDIUM,11.0,142.092,0.1846722068328716,yellow / SC / VSC / red flag
FP1,LEC,1,1.0,HARD,1.0,134.473,0.1875616979269496,lap deleted (track limits)
FP1,LEC,2,1.0,HARD,2.0,81.487,0.0788643533123028,short run (<5 clean laps)
FP1,LEC,3,1.0,HARD,3.0,77.72,0.178752107925801,short run (<5 clean laps)
FP1,LEC,4,1.0,HARD,4.0,137.543,0.098249027237354,pit in/out lap
FP1,LEC,5,2.0,HARD,5.0,103.563,0.1176470588235294,pit in/out lap
FP1,LEC,6,2.0,HARD,6.0,81.146,0.4641148325358851,traffic (>30% of lap within 60 m of a car)
FP1,LEC,7,2.0,HARD,7.0,81.839,0.3414634146341463,lap deleted (track limits)
FP1,LEC,8,2.0,HARD,8.0,80.242,0.0925324675324675,cool-down / aborted (>105% of run best)
FP1,LEC,9,2.0,HARD,9.0,75.06,0.1122807017543859,kept
FP1,LEC,10,2.0,HARD,10.0,92.974,0.1193181818181818,lap deleted (track limits)
FP1,LEC,11,2.0,HARD,11.0,83.128,0.0,lap deleted (track limits)
FP1,LEC,12,2.0,HARD,12.0,75.243,0.0704225352112676,kept
FP1,LEC,13,2.0,HARD,13.0,74.928,0.3184257602862254,traffic (>30% of lap within 60 m of a car)
FP1,LEC,14,2.0,HARD,14.0,104.884,0.2496831432192648,cool-down / aborted (>105% of run best)
FP1,LEC,15,2.0,HARD,15.0,81.475,0.2104404567699836,cool-down / aborted (>105% of run best)
FP1,LEC,16,2.0,HARD,16.0,84.167,0.0,cool-down / aborted (>105% of run best)
FP1,LEC,17,2.0,HARD,17.0,85.745,0.0,yellow / SC / VSC / red flag
FP1,LEC,18,2.0,HARD,18.0,75.121,0.0819964349376114,kept
FP1,LEC,20,3.0,MEDIUM,1.0,98.251,0.0,pit in/out lap
FP1,LEC,21,3.0,MEDIUM,2.0,74.749,0.1276223776223776,kept
FP1,LEC,22,3.0,MEDIUM,3.0,91.681,0.2414285714285714,cool-down / aborted (>105% of run best)
FP1,LEC,23,3.0,MEDIUM,4.0,88.431,0.04047976011994,lap deleted (track limits)
FP1,LEC,24,3.0,MEDIUM,5.0,90.377,0.1089837997054491,cool-down / aborted (>105% of run best)
FP1,LEC,25,3.0,MEDIUM,6.0,73.978,0.0765027322404371,kept
FP1,LEC,26,3.0,MEDIUM,7.0,100.984,0.1059431524547803,yellow / SC / VSC / red flag
FP1,LEC,27,3.0,MEDIUM,8.0,84.314,0.043010752688172,cool-down / aborted (>105% of run best)
FP1,LEC,29,4.0,MEDIUM,9.0,105.541,0.1098339719029374,pit in/out lap
FP1,LEC,30,4.0,MEDIUM,10.0,134.219,0.0623781676413255,short run (<5 clean laps)
FP1,LIN,1,1.0,HARD,1.0,108.098,0.0833333333333333,pit in/out lap
FP1,LIN,2,1.0,HARD,2.0,84.997,0.0,cool-down / aborted (>105% of run best)
FP1,LIN,3,1.0,HARD,3.0,83.667,0.0981595092024539,cool-down / aborted (>105% of run best)
FP1,LIN,4,1.0,HARD,4.0,81.611,0.0,cool-down / aborted (>105% of run best)
FP1,LIN,5,1.0,HARD,5.0,91.702,0.0966325036603221,cool-down / aborted (>105% of run best)
FP1,LIN,6,1.0,HARD,6.0,78.242,0.0187074829931972,kept
FP1,LIN,7,1.0,HARD,7.0,97.102,0.0659488559892328,lap deleted (track limits)
FP1,LIN,8,1.0,HARD,8.0,78.28,0.0,kept
FP1,LIN,9,1.0,HARD,9.0,116.755,0.2597547380156075,cool-down / aborted (>105% of run best)
FP1,LIN,10,1.0,HARD,10.0,86.099,0.1896551724137931,lap deleted (track limits)
FP1,LIN,11,1.0,HARD,11.0,94.634,0.0835654596100278,cool-down / aborted (>105% of run best)
FP1,LIN,12,1.0,HARD,12.0,77.786,0.0417362270450751,kept
FP1,LIN,13,1.0,HARD,13.0,97.686,0.1085164835164835,cool-down / aborted (>105% of run best)
FP1,LIN,14,1.0,HARD,14.0,77.67,0.0,kept
FP1,LIN,15,1.0,HARD,15.0,89.878,0.025,cool-down / aborted (>105% of run best)
FP1,LIN,16,1.0,HARD,16.0,79.903,0.0,lap deleted (track limits)
FP1,LIN,17,1.0,HARD,17.0,77.368,0.0,kept
FP1,LIN,19,2.0,MEDIUM,1.0,90.539,0.0,lap deleted (track limits)
FP1,LIN,20,2.0,MEDIUM,2.0,77.356,,no gap-to-car-ahead data
FP1,LIN,21,2.0,MEDIUM,3.0,76.798,,no gap-to-car-ahead data
FP1,LIN,23,3.0,MEDIUM,5.0,94.367,,pit in/out lap
FP1,LIN,24,3.0,MEDIUM,6.0,80.117,,lap deleted (track limits)
FP1,LIN,25,3.0,MEDIUM,7.0,76.794,,no gap-to-car-ahead data
FP1,LIN,26,3.0,MEDIUM,8.0,108.439,0.6526576019777504,lap deleted (track limits)
FP1,LIN,27,3.0,MEDIUM,9.0,88.442,0.92548435171386,traffic (>30% of lap within 60 m of a car)
FP1,LIN,28,3.0,MEDIUM,10.0,76.389,,no gap-to-car-ahead data
FP1,LIN,29,3.0,MEDIUM,11.0,104.737,0.5361077111383109,yellow / SC / VSC / red flag
FP1,LIN,30,3.0,MEDIUM,12.0,76.552,,no gap-to-car-ahead data
FP1,LIN,32,4.0,MEDIUM,13.0,90.93,,pit in/out lap
FP1,LIN,33,4.0,MEDIUM,14.0,125.316,,no gap-to-car-ahead data
FP1,NOR,1,1.0,HARD,1.0,109.93,0.0840336134453781,pit in/out lap
FP1,NOR,2,1.0,HARD,2.0,80.851,0.0862619808306709,cool-down / aborted (>105% of run best)
FP1,NOR,3,1.0,HARD,3.0,80.322,0.7112903225806452,traffic (>30% of lap within 60 m of a car)
FP1,NOR,4,1.0,HARD,4.0,77.18,0.7183098591549296,traffic (>30% of lap within 60 m of a car)
FP1,NOR,5,1.0,HARD,5.0,97.787,0.5502717391304348,traffic (>30% of lap within 60 m of a car)
FP1,NOR,6,1.0,HARD,6.0,78.984,0.0,kept
FP1,NOR,7,1.0,HARD,7.0,79.513,0.2065573770491803,kept
FP1,NOR,8,1.0,HARD,8.0,76.487,0.3281786941580756,traffic (>30% of lap within 60 m of a car)
FP1,NOR,9,1.0,HARD,9.0,84.034,0.2562111801242236,cool-down / aborted (>105% of run best)
FP1,NOR,10,1.0,HARD,10.0,76.016,0.2574955908289241,kept
FP1,NOR,12,2.0,MEDIUM,1.0,89.265,0.0,pit in/out lap
FP1,NOR,13,2.0,MEDIUM,2.0,79.153,0.0,short run (<5 clean laps)
FP1,NOR,14,2.0,MEDIUM,3.0,77.476,0.1264957264957265,short run (<5 clean laps)
FP1,NOR,16,3.0,MEDIUM,5.0,102.891,0.0488431876606683,pit in/out lap
FP1,NOR,17,3.0,MEDIUM,6.0,81.391,0.0781499202551834,lap deleted (track limits)
FP1,NOR,18,3.0,MEDIUM,7.0,81.316,0.2368421052631578,short run (<5 clean laps)
FP1,NOR,19,3.0,MEDIUM,8.0,81.718,0.0702875399361022,short run (<5 clean laps)
FP1,NOR,20,3.0,MEDIUM,9.0,75.291,0.1823104693140794,short run (<5 clean laps)
FP1,NOR,21,3.0,MEDIUM,10.0,85.873,0.073394495412844,yellow / SC / VSC / red flag
FP1,NOR,22,3.0,MEDIUM,11.0,75.392,0.1582608695652174,short run (<5 clean laps)
FP1,NOR,23,3.0,MEDIUM,12.0,90.914,0.0157142857142857,yellow / SC / VSC / red flag
FP1,NOR,25,4.0,HARD,12.0,102.694,0.0623376623376623,pit in/out lap
FP1,NOR,26,4.0,HARD,13.0,129.629,0.0803295571575695,short run (<5 clean laps)
FP1,OCO,1,1.0,HARD,1.0,106.779,0.0358910891089108,pit in/out lap
FP1,OCO,2,1.0,HARD,2.0,84.298,0.0,cool-down / aborted (>105% of run best)
FP1,OCO,3,1.0,HARD,3.0,80.933,0.0145867098865478,kept
FP1,OCO,4,1.0,HARD,4.0,84.051,0.1322834645669291,cool-down / aborted (>105% of run best)
FP1,OCO,5,1.0,HARD,5.0,78.947,0.0,kept
FP1,OCO,6,1.0,HARD,6.0,84.664,0.2086553323029366,cool-down / aborted (>105% of run best)
FP1,OCO,7,1.0,HARD,7.0,78.8,0.0693069306930693,kept
FP1,OCO,8,1.0,HARD,8.0,88.9,0.1283582089552238,cool-down / aborted (>105% of run best)
FP1,OCO,9,1.0,HARD,9.0,82.657,0.0515625,cool-down / aborted (>105% of run best)
FP1,OCO,10,1.0,HARD,10.0,77.867,0.0,kept
FP1,OCO,11,1.0,HARD,11.0,92.549,0.2236467236467236,cool-down / aborted (>105% of run best)
FP1,OCO,12,1.0,HARD,12.0,80.426,0.0,kept
FP1,OCO,13,1.0,HARD,13.0,77.703,0.6717948717948717,traffic (>30% of lap within 60 m of a car)
FP1,OCO,14,1.0,HARD,14.0,97.871,0.1126373626373626,cool-down / aborted (>105% of run best)
FP1,OCO,15,1.0,HARD,15.0,80.322,0.0,kept
FP1,OCO,16,1.0,HARD,16.0,77.769,0.8796610169491526,traffic (>30% of lap within 60 m of a car)
FP1,OCO,17,1.0,HARD,17.0,87.938,,no gap-to-car-ahead data
FP1,OCO,18,1.0,HARD,18.0,77.61,,yellow / SC / VSC / red flag
FP1,OCO,20,2.0,MEDIUM,1.0,103.057,0.1906614785992217,pit in/out lap
FP1,OCO,21,2.0,MEDIUM,2.0,81.865,0.0,short run (<5 clean laps)
FP1,OCO,22,2.0,MEDIUM,3.0,77.092,0.0226086956521739,short run (<5 clean laps)
FP1,OCO,23,2.0,MEDIUM,4.0,76.435,0.0,short run (<5 clean laps)
FP1,OCO,24,2.0,MEDIUM,5.0,103.848,0.4280155642023346,traffic (>30% of lap within 60 m of a car)
FP1,OCO,25,2.0,MEDIUM,6.0,80.379,0.0,yellow / SC / VSC / red flag
FP1,OCO,26,2.0,MEDIUM,7.0,76.333,0.0891938250428816,short run (<5 clean laps)
FP1,OCO,27,2.0,MEDIUM,8.0,96.052,0.1070460704607046,lap deleted (track limits)
FP1,OCO,29,3.0,MEDIUM,9.0,97.407,0.4731774415405777,pit in/out lap
FP1,OCO,30,3.0,MEDIUM,10.0,144.726,0.3339350180505415,yellow / SC / VSC / red flag
FP1,PER,1,1.0,MEDIUM,1.0,101.299,,pit in/out lap
FP1,PER,2,1.0,MEDIUM,2.0,83.003,,no gap-to-car-ahead data
FP1,PER,3,1.0,MEDIUM,3.0,80.034,0.8838709677419355,traffic (>30% of lap within 60 m of a car)
FP1,PER,4,1.0,MEDIUM,4.0,90.302,0.5770348837209303,traffic (>30% of lap within 60 m of a car)
FP1,PER,5,1.0,MEDIUM,5.0,77.717,0.0,short run (<5 clean laps)
FP1,PER,7,2.0,MEDIUM,7.0,86.614,0.0,pit in/out lap
FP1,PER,8,2.0,MEDIUM,8.0,79.192,0.2122719734660033,kept
FP1,PER,9,2.0,MEDIUM,9.0,77.419,0.0,kept
FP1,PER,10,2.0,MEDIUM,10.0,77.295,0.1017241379310344,kept
FP1,PER,11,2.0,MEDIUM,11.0,81.587,0.1055194805194805,cool-down / aborted (>105% of run best)
FP1,PER,12,2.0,MEDIUM,12.0,102.863,0.0397946084724005,cool-down / aborted (>105% of run best)
FP1,PER,13,2.0,MEDIUM,13.0,142.376,0.0205223880597014,pit in/out lap
FP1,PER,14,3.0,MEDIUM,14.0,90.576,0.004341534008683,pit in/out lap
FP1,PER,15,3.0,MEDIUM,15.0,77.337,0.0101522842639593,yellow / SC / VSC / red flag
FP1,PER,16,3.0,MEDIUM,16.0,95.535,0.0,yellow / SC / VSC / red flag
FP1,PER,17,3.0,MEDIUM,17.0,76.966,0.0,short run (<5 clean laps)
FP1,PER,19,4.0,SOFT,1.0,90.018,0.1125925925925925,pit in/out lap
FP1,PER,20,4.0,SOFT,2.0,94.014,0.1654978962131837,lap deleted (track limits)
FP1,PER,21,4.0,SOFT,3.0,99.102,0.0709504685408299,short run (<5 clean laps)
FP1,PER,22,4.0,SOFT,4.0,76.621,0.1781305114638448,short run (<5 clean laps)
FP1,PER,23,4.0,SOFT,5.0,99.828,0.2624020887728459,yellow / SC / VSC / red flag
FP1,PER,24,4.0,SOFT,6.0,76.17,0.0556492411467116,short run (<5 clean laps)
FP1,PER,26,5.0,SOFT,7.0,104.387,0.3905249679897567,pit in/out lap
FP1,PER,27,5.0,SOFT,8.0,122.658,0.1,short run (<5 clean laps)
FP1,PIA,1,1.0,HARD,1.0,106.498,0.0669144981412639,pit in/out lap
FP1,PIA,2,1.0,HARD,2.0,80.995,0.6386687797147385,traffic (>30% of lap within 60 m of a car)
FP1,PIA,3,1.0,HARD,3.0,78.409,0.1603305785123966,short run (<5 clean laps)
FP1,PIA,4,1.0,HARD,4.0,76.931,0.3144876325088339,traffic (>30% of lap within 60 m of a car)
FP1,PIA,5,1.0,HARD,5.0,128.501,0.1944444444444444,pit in/out lap
FP1,PIA,6,2.0,HARD,6.0,106.004,0.1330049261083744,pit in/out lap
FP1,PIA,7,2.0,HARD,7.0,77.36,0.2439862542955326,kept
FP1,PIA,8,2.0,HARD,8.0,94.174,0.081043956043956,cool-down / aborted (>105% of run best)
FP1,PIA,9,2.0,HARD,9.0,76.996,0.1222030981067125,kept
FP1,PIA,10,2.0,HARD,10.0,76.664,0.1139896373056994,kept
FP1,PIA,11,2.0,HARD,11.0,95.222,0.1434482758620689,cool-down / aborted (>105% of run best)
FP1,PIA,12,2.0,HARD,12.0,76.457,0.0753064798598949,kept
FP1,PIA,13,2.0,HARD,13.0,122.058,0.2554347826086957,pit in/out lap
FP1,PIA,15,4.0,MEDIUM,1.0,91.499,0.0,pit in/out lap
FP1,PIA,16,4.0,MEDIUM,2.0,86.77,0.0,short run (<5 clean laps)
FP1,PIA,17,4.0,MEDIUM,3.0,75.892,0.006861063464837,short run (<5 clean laps)
FP1,PIA,19,5.0,MEDIUM,5.0,99.943,0.039787798408488,pit in/out lap
FP1,PIA,20,5.0,MEDIUM,6.0,100.252,0.1181102362204724,short run (<5 clean laps)
FP1,PIA,21,5.0,MEDIUM,7.0,91.753,0.1364942528735632,short run (<5 clean laps)
FP1,PIA,22,5.0,MEDIUM,8.0,76.224,0.2738301559792028,short run (<5 clean laps)
FP1,PIA,23,5.0,MEDIUM,9.0,98.47,0.0,short run (<5 clean laps)
FP1,PIA,24,5.0,MEDIUM,10.0,80.755,0.1914556962025316,yellow / SC / VSC / red flag
FP1,PIA,25,5.0,MEDIUM,11.0,75.565,0.3350785340314136,traffic (>30% of lap within 60 m of a car)
FP1,PIA,27,6.0,HARD,15.0,108.304,0.322139303482587,pit in/out lap
FP1,PIA,28,6.0,HARD,16.0,137.853,0.2613636363636363,short run (<5 clean laps)
FP1,RUS,1,1.0,HARD,1.0,96.198,0.0193370165745856,pit in/out lap
FP1,RUS,2,1.0,HARD,2.0,84.699,0.0363636363636363,cool-down / aborted (>105% of run best)
FP1,RUS,3,1.0,HARD,3.0,78.985,0.0,kept
FP1,RUS,4,1.0,HARD,4.0,100.433,0.081225033288948,cool-down / aborted (>105% of run best)
FP1,RUS,5,1.0,HARD,5.0,84.062,0.0331230283911671,cool-down / aborted (>105% of run best)
FP1,RUS,6,1.0,HARD,6.0,77.484,0.2445561139028475,kept
FP1,RUS,7,1.0,HARD,7.0,97.923,0.081190798376184,lap deleted (track limits)
FP1,RUS,8,1.0,HARD,8.0,85.172,0.2777777777777778,cool-down / aborted (>105% of run best)
FP1,RUS,10,2.0,MEDIUM,1.0,89.782,0.2653958944281525,pit in/out lap
FP1,RUS,11,2.0,MEDIUM,2.0,83.727,0.0251968503937007,yellow / SC / VSC / red flag
FP1,RUS,12,2.0,MEDIUM,3.0,76.714,0.2352941176470588,kept
FP1,RUS,13,2.0,MEDIUM,4.0,97.85,0.0,cool-down / aborted (>105% of run best)
FP1,RUS,14,2.0,MEDIUM,5.0,95.496,0.0097357440890125,yellow / SC / VSC / red flag
FP1,RUS,15,2.0,MEDIUM,6.0,75.619,0.0,kept
FP1,RUS,16,2.0,MEDIUM,7.0,98.529,0.0,cool-down / aborted (>105% of run best)
FP1,RUS,17,2.0,MEDIUM,8.0,75.008,0.0,kept
FP1,RUS,19,3.0,MEDIUM,10.0,101.086,0.1822985468956406,pit in/out lap
FP1,RUS,20,3.0,MEDIUM,11.0,92.653,0.2,short run (<5 clean laps)
FP1,RUS,21,3.0,MEDIUM,12.0,88.203,0.3303030303030303,traffic (>30% of lap within 60 m of a car)
FP1,RUS,22,3.0,MEDIUM,13.0,85.174,0.0,short run (<5 clean laps)
FP1,RUS,23,3.0,MEDIUM,14.0,74.983,0.0562613430127041,short run (<5 clean laps)
FP1,RUS,24,3.0,MEDIUM,15.0,111.115,0.0140845070422535,lap deleted (track limits)
FP1,RUS,25,3.0,MEDIUM,16.0,94.356,0.0277777777777777,short run (<5 clean laps)
FP1,RUS,27,4.0,MEDIUM,17.0,92.501,0.0,pit in/out lap
FP1,RUS,28,4.0,MEDIUM,18.0,128.597,0.0165460186142709,short run (<5 clean laps)
FP1,SAI,1,1.0,HARD,1.0,96.131,0.0,pit in/out lap
FP1,SAI,2,1.0,HARD,2.0,84.178,0.0,short run (<5 clean laps)
FP1,SAI,3,1.0,HARD,3.0,82.339,0.0,short run (<5 clean laps)
FP1,SAI,4,1.0,HARD,4.0,80.942,0.0,lap deleted (track limits)
FP1,SAI,5,1.0,HARD,5.0,81.987,0.2987220447284345,short run (<5 clean laps)
FP1,SAI,6,1.0,HARD,6.0,78.022,0.1956882255389718,short run (<5 clean laps)
FP1,SAI,8,2.0,HARD,8.0,101.262,0.0,pit in/out lap
FP1,SAI,9,2.0,HARD,9.0,81.331,0.0967213114754098,cool-down / aborted (>105% of run best)
FP1,SAI,10,2.0,HARD,10.0,81.803,0.2609400324149108,cool-down / aborted (>105% of run best)
FP1,SAI,11,2.0,HARD,11.0,85.408,0.2222222222222222,lap deleted (track limits)
FP1,SAI,12,2.0,HARD,12.0,83.703,0.0205047318611987,yellow / SC / VSC / red flag
FP1,SAI,13,2.0,HARD,13.0,85.163,0.0,lap deleted (track limits)
FP1,SAI,14,2.0,HARD,14.0,77.683,0.0918367346938775,kept
FP1,SAI,15,2.0,HARD,15.0,87.064,0.0,lap deleted (track limits)
FP1,SAI,16,2.0,HARD,16.0,77.656,0.01669449081803,kept
FP1,SAI,17,2.0,HARD,17.0,90.811,0.0,cool-down / aborted (>105% of run best)
FP1,SAI,18,2.0,HARD,18.0,76.884,0.0,kept
FP1,SAI,20,3.0,MEDIUM,1.0,93.378,0.0071736011477761,pit in/out lap
FP1,SAI,21,3.0,MEDIUM,2.0,81.072,0.0418679549114331,short run (<5 clean laps)
FP1,SAI,22,3.0,MEDIUM,3.0,80.304,0.0,lap deleted (track limits)
FP1,SAI,23,3.0,MEDIUM,4.0,82.786,0.0770465489566613,lap deleted (track limits)
FP1,SAI,24,3.0,MEDIUM,5.0,88.255,0.0,short run (<5 clean laps)
FP1,SAI,25,3.0,MEDIUM,6.0,76.041,0.1075837742504409,short run (<5 clean laps)
FP1,SAI,26,3.0,MEDIUM,7.0,104.831,0.2106567534076827,yellow / SC / VSC / red flag
FP1,SAI,27,3.0,MEDIUM,8.0,79.315,0.0,short run (<5 clean laps)
FP1,SAI,29,4.0,MEDIUM,9.0,97.462,0.4720327421555252,pit in/out lap
FP1,SAI,30,4.0,MEDIUM,10.0,130.479,0.2583926754832146,short run (<5 clean laps)
FP1,STR,2,2.0,MEDIUM,2.0,92.786,0.0,pit in/out lap
FP1,STR,3,2.0,MEDIUM,3.0,81.134,0.017799352750809,kept
FP1,STR,4,2.0,MEDIUM,4.0,79.443,0.0974789915966386,kept
FP1,STR,5,2.0,MEDIUM,5.0,78.707,0.1827242524916943,kept
FP1,STR,6,2.0,MEDIUM,6.0,78.29,0.0381426202321724,kept
FP1,STR,7,2.0,MEDIUM,7.0,92.572,0.0,cool-down / aborted (>105% of run best)
FP1,STR,8,2.0,MEDIUM,8.0,78.175,0.2261904761904762,kept
FP1,STR,9,2.0,MEDIUM,9.0,88.229,0.22473604826546,cool-down / aborted (>105% of run best)
FP1,STR,10,2.0,MEDIUM,10.0,104.78,0.2415094339622641,cool-down / aborted (>105% of run best)
FP1,STR,11,2.0,MEDIUM,11.0,86.394,0.1143292682926829,yellow / SC / VSC / red flag
FP1,STR,12,2.0,MEDIUM,12.0,77.556,0.0976027397260274,kept
FP1,STR,14,3.0,MEDIUM,1.0,92.735,0.4519368723098996,pit in/out lap
FP1,STR,15,3.0,MEDIUM,2.0,78.989,0.1996726677577741,yellow / SC / VSC / red flag
FP1,VER,1,1.0,HARD,1.0,96.109,0.4446002805049088,pit in/out lap
FP1,VER,2,1.0,HARD,2.0,80.68,0.0,short run (<5 clean laps)
FP1,VER,3,1.0,HARD,3.0,78.119,0.0,short run (<5 clean laps)
FP1,VER,4,1.0,HARD,4.0,77.353,0.5285234899328859,traffic (>30% of lap within 60 m of a car)
FP1,VER,5,1.0,HARD,5.0,76.473,,no gap-to-car-ahead data
FP1,VER,6,1.0,HARD,6.0,75.977,,no gap-to-car-ahead data
FP1,VER,7,1.0,HARD,7.0,81.36,,no gap-to-car-ahead data
FP1,VER,8,1.0,HARD,8.0,75.91,,no gap-to-car-ahead data
FP1,VER,9,1.0,HARD,9.0,108.282,0.5321992709599028,traffic (>30% of lap within 60 m of a car)
FP1,VER,10,1.0,HARD,10.0,76.198,,no gap-to-car-ahead data
FP1,VER,12,2.0,HARD,12.0,91.543,0.0923520923520923,pit in/out lap
FP1,VER,13,2.0,HARD,13.0,82.013,0.0,short run (<5 clean laps)
FP1,VER,14,2.0,HARD,14.0,75.926,0.0294117647058823,short run (<5 clean laps)
FP1,VER,15,2.0,HARD,15.0,81.725,0.0,yellow / SC / VSC / red flag
FP1,VER,17,3.0,MEDIUM,1.0,90.839,0.0,pit in/out lap
FP1,VER,18,3.0,MEDIUM,2.0,82.707,0.1996830427892234,cool-down / aborted (>105% of run best)
FP1,VER,19,3.0,MEDIUM,3.0,81.107,0.1020733652312599,cool-down / aborted (>105% of run best)
FP1,VER,20,3.0,MEDIUM,4.0,74.938,0.2003577817531306,kept
FP1,VER,21,3.0,MEDIUM,5.0,74.784,0.310405643738977,traffic (>30% of lap within 60 m of a car)
FP1,VER,22,3.0,MEDIUM,6.0,97.644,0.0562414266117969,cool-down / aborted (>105% of run best)
FP1,VER,23,3.0,MEDIUM,7.0,74.491,0.1420959147424511,yellow / SC / VSC / red flag
FP1,VER,24,3.0,MEDIUM,8.0,93.165,0.2583798882681564,cool-down / aborted (>105% of run best)
FP1,VER,25,3.0,MEDIUM,9.0,76.387,0.0782312925170068,kept
FP2,ALB,1,1.0,MEDIUM,1.0,100.84,0.3128205128205128,pit in/out lap
FP2,ALB,2,1.0,MEDIUM,2.0,85.26,0.2414860681114551,cool-down / aborted (>105% of run best)
FP2,ALB,3,1.0,MEDIUM,3.0,85.104,0.0469483568075117,lap deleted (track limits)
FP2,ALB,4,1.0,MEDIUM,4.0,78.165,0.0758620689655172,lap deleted (track limits)
FP2,ALB,5,1.0,MEDIUM,5.0,76.688,0.5184563758389261,traffic (>30% of lap within 60 m of a car)
FP2,ALB,6,1.0,MEDIUM,6.0,91.003,0.2992907801418439,cool-down / aborted (>105% of run best)
FP2,ALB,7,1.0,MEDIUM,7.0,76.222,0.010507880910683,kept
FP2,ALB,8,1.0,MEDIUM,8.0,90.739,0.0,yellow / SC / VSC / red flag
FP2,ALB,9,1.0,MEDIUM,9.0,99.725,0.0120805369127516,yellow / SC / VSC / red flag
FP2,ALB,10,1.0,MEDIUM,10.0,104.059,0.0,yellow / SC / VSC / red flag
FP2,ALB,11,1.0,MEDIUM,11.0,106.647,0.0062578222778473,yellow / SC / VSC / red flag
FP2,ALB,12,1.0,MEDIUM,12.0,81.077,0.0,cool-down / aborted (>105% of run best)
FP2,ALB,13,1.0,MEDIUM,13.0,81.785,0.0,cool-down / aborted (>105% of run best)
FP2,ALB,14,1.0,MEDIUM,14.0,75.483,0.0,kept
FP2,ALB,15,1.0,MEDIUM,15.0,84.07,0.0,cool-down / aborted (>105% of run best)
FP2,ALB,16,1.0,MEDIUM,16.0,75.345,0.0,kept
FP2,ALB,17,1.0,MEDIUM,17.0,111.273,0.5006150061500615,pit in/out lap
FP2,ALB,18,2.0,SOFT,1.0,88.557,,pit in/out lap
FP2,ALB,19,2.0,SOFT,2.0,81.176,,no gap-to-car-ahead data
FP2,ALB,20,2.0,SOFT,3.0,88.325,0.9,traffic (>30% of lap within 60 m of a car)
FP2,ALB,21,2.0,SOFT,4.0,82.133,,no gap-to-car-ahead data
FP2,ALB,22,2.0,SOFT,5.0,75.219,,no gap-to-car-ahead data
FP2,ALB,23,2.0,SOFT,6.0,92.007,0.5496296296296296,traffic (>30% of lap within 60 m of a car)
FP2,ALB,24,2.0,SOFT,7.0,74.6,,no gap-to-car-ahead data
FP2,ALB,25,2.0,SOFT,8.0,94.903,,no gap-to-car-ahead data
FP2,ALB,26,2.0,SOFT,9.0,85.454,,lap deleted (track limits)
FP2,ALB,27,2.0,SOFT,10.0,92.104,0.6723404255319149,traffic (>30% of lap within 60 m of a car)
FP2,ALB,28,2.0,SOFT,11.0,86.367,,no gap-to-car-ahead data
FP2,ALB,30,3.0,MEDIUM,18.0,94.015,0.1952580195258019,pit in/out lap
FP2,ALB,31,3.0,MEDIUM,19.0,79.901,,no gap-to-car-ahead data
FP2,ALB,32,3.0,MEDIUM,20.0,78.187,,no gap-to-car-ahead data
FP2,ALB,33,3.0,MEDIUM,21.0,78.255,,no gap-to-car-ahead data
FP2,ALB,35,4.0,SOFT,13.0,90.583,,pit in/out lap
FP2,ALB,36,4.0,SOFT,14.0,77.889,,lap deleted (track limits)
FP2,ALB,37,4.0,SOFT,15.0,135.714,0.5813953488372093,traffic (>30% of lap within 60 m of a car)
FP2,ALB,38,4.0,SOFT,16.0,121.21,1.0,traffic (>30% of lap within 60 m of a car)
FP2,ALO,1,1.0,SOFT,1.0,96.218,0.3383356070941337,pit in/out lap
FP2,ALO,2,1.0,SOFT,2.0,91.847,0.2614942528735632,cool-down / aborted (>105% of run best)
FP2,ALO,3,1.0,SOFT,3.0,77.673,0.1652470187393526,kept
FP2,ALO,4,1.0,SOFT,4.0,76.928,0.222027972027972,kept
FP2,ALO,5,1.0,SOFT,5.0,100.971,0.5416133162612036,traffic (>30% of lap within 60 m of a car)
FP2,ALO,6,1.0,SOFT,6.0,76.741,0.209106239460371,kept
FP2,ALO,7,1.0,SOFT,7.0,98.94,0.2973333333333333,cool-down / aborted (>105% of run best)
FP2,ALO,9,2.0,SOFT,9.0,94.367,0.0,pit in/out lap
FP2,ALO,10,2.0,SOFT,10.0,79.443,0.0,kept
FP2,ALO,11,2.0,SOFT,11.0,76.346,0.0,kept
FP2,ALO,12,2.0,SOFT,12.0,84.496,0.0,cool-down / aborted (>105% of run best)
FP2,ALO,13,2.0,SOFT,13.0,75.986,0.0360205831903945,kept
FP2,ALO,14,2.0,SOFT,14.0,97.175,0.0206611570247933,cool-down / aborted (>105% of run best)
FP2,ALO,16,3.0,SOFT,1.0,90.765,0.1934523809523809,pit in/out lap
FP2,ALO,17,3.0,SOFT,2.0,83.048,0.1582278481012658,cool-down / aborted (>105% of run best)
FP2,ALO,18,3.0,SOFT,3.0,84.419,0.2,cool-down / aborted (>105% of run best)
FP2,ALO,19,3.0,SOFT,4.0,75.457,0.0846286701208981,kept
FP2,ALO,20,3.0,SOFT,5.0,75.294,0.1346153846153846,kept
FP2,ALO,21,3.0,SOFT,6.0,95.479,0.0,cool-down / aborted (>105% of run best)
FP2,ALO,22,3.0,SOFT,7.0,81.073,0.0,cool-down / aborted (>105% of run best)
FP2,ALO,24,4.0,SOFT,9.0,94.456,0.2534246575342466,pit in/out lap
FP2,ALO,25,4.0,SOFT,10.0,80.309,0.0,short run (<5 clean laps)
FP2,ALO,27,5.0,SOFT,16.0,93.408,0.0272596843615494,pit in/out lap
FP2,ALO,28,5.0,SOFT,17.0,127.506,0.1585492227979274,short run (<5 clean laps)
FP2,ALO,29,5.0,SOFT,18.0,118.198,0.0449438202247191,short run (<5 clean laps)
FP2,ANT,1,1.0,MEDIUM,1.0,105.331,0.0,pit in/out lap
FP2,ANT,2,1.0,MEDIUM,2.0,83.316,0.0998415213946117,short run (<5 clean laps)
FP2,ANT,3,1.0,MEDIUM,3.0,75.673,0.4774305555555556,traffic (>30% of lap within 60 m of a car)
FP2,ANT,4,1.0,MEDIUM,4.0,93.707,0.1385281385281385,short run (<5 clean laps)
FP2,ANT,5,1.0,MEDIUM,5.0,74.208,0.1794425087108014,short run (<5 clean laps)
FP2,ANT,6,1.0,MEDIUM,6.0,115.035,0.4013528748590755,lap deleted (track limits)
FP2,ANT,7,1.0,MEDIUM,7.0,113.236,0.6990632318501171,pit in/out lap
FP2,ANT,8,2.0,MEDIUM,8.0,119.313,0.1149553571428571,pit in/out lap
FP2,ANT,9,2.0,MEDIUM,9.0,104.005,0.6607142857142857,yellow / SC / VSC / red flag
FP2,ANT,11,3.0,SOFT,1.0,86.963,0.2522658610271903,pit in/out lap
FP2,ANT,12,3.0,SOFT,2.0,82.912,0.0678513731825525,cool-down / aborted (>105% of run best)
FP2,ANT,13,3.0,SOFT,3.0,73.85,0.1893382352941176,kept
FP2,ANT,14,3.0,SOFT,4.0,91.618,0.1349325337331334,cool-down / aborted (>105% of run best)
FP2,ANT,15,3.0,SOFT,5.0,91.494,0.0,lap deleted (track limits)
FP2,ANT,16,3.0,SOFT,6.0,87.334,0.0488958990536277,cool-down / aborted (>105% of run best)
FP2,ANT,17,3.0,SOFT,7.0,73.752,0.1243432574430823,kept
FP2,ANT,18,3.0,SOFT,8.0,104.576,0.0481770833333333,cool-down / aborted (>105% of run best)
FP2,ANT,19,3.0,SOFT,9.0,73.554,0.0165745856353591,kept
FP2,ANT,20,3.0,SOFT,10.0,99.765,0.1639344262295081,cool-down / aborted (>105% of run best)
FP2,ANT,21,3.0,SOFT,11.0,80.538,0.032520325203252,lap deleted (track limits)
FP2,ANT,22,3.0,SOFT,12.0,100.025,0.0576671035386631,lap deleted (track limits)
FP2,ANT,23,3.0,SOFT,13.0,81.124,0.0726978998384491,lap deleted (track limits)
FP2,ANT,24,3.0,SOFT,14.0,99.844,0.1302631578947368,cool-down / aborted (>105% of run best)
FP2,ANT,25,3.0,SOFT,15.0,73.529,0.0,kept
FP2,ANT,27,4.0,SOFT,17.0,85.098,0.073170731707317,lap deleted (track limits)
FP2,ANT,28,4.0,SOFT,18.0,77.131,0.1162393162393162,short run (<5 clean laps)
FP2,ANT,29,4.0,SOFT,19.0,81.028,0.0157728706624605,short run (<5 clean laps)
FP2,ANT,31,5.0,SOFT,21.0,87.389,0.495398773006135,pit in/out lap
FP2,ANT,32,5.0,SOFT,22.0,80.054,0.6062091503267973,traffic (>30% of lap within 60 m of a car)
FP2,ANT,33,5.0,SOFT,23.0,142.189,0.1959334565619223,short run (<5 clean laps)
FP2,BEA,1,1.0,MEDIUM,2.0,102.853,0.0113636363636363,pit in/out lap
FP2,BEA,2,1.0,MEDIUM,3.0,87.191,0.0,cool-down / aborted (>105% of run best)
FP2,BEA,3,1.0,MEDIUM,4.0,76.632,0.0,kept
FP2,BEA,4,1.0,MEDIUM,5.0,75.716,0.1860465116279069,kept
FP2,BEA,5,1.0,MEDIUM,6.0,124.386,0.4303664921465968,lap deleted (track limits)
FP2,BEA,6,1.0,MEDIUM,7.0,85.575,0.2666666666666666,lap deleted (track limits)
FP2,BEA,7,1.0,MEDIUM,8.0,86.293,0.3676923076923077,lap deleted (track limits)
FP2,BEA,8,1.0,MEDIUM,9.0,75.599,0.131578947368421,yellow / SC / VSC / red flag
FP2,BEA,10,1.0,MEDIUM,11.0,97.697,0.0,yellow / SC / VSC / red flag
FP2,BEA,11,1.0,MEDIUM,12.0,82.163,0.0,yellow / SC / VSC / red flag
FP2,BEA,12,1.0,MEDIUM,13.0,80.043,0.0,cool-down / aborted (>105% of run best)
FP2,BEA,13,1.0,MEDIUM,14.0,75.24,0.0,kept
FP2,BEA,15,2.0,SOFT,1.0,90.519,0.6822995461422088,pit in/out lap
FP2,BEA,16,2.0,SOFT,2.0,80.733,0.0774526678141136,cool-down / aborted (>105% of run best)
FP2,BEA,17,2.0,SOFT,3.0,83.324,0.0639344262295081,lap deleted (track limits)
FP2,BEA,18,2.0,SOFT,4.0,74.555,0.021505376344086,kept
FP2,BEA,19,2.0,SOFT,5.0,115.257,0.193325661680092,lap deleted (track limits)
FP2,BEA,20,2.0,SOFT,6.0,83.217,0.1605960264900662,cool-down / aborted (>105% of run best)
FP2,BEA,21,2.0,SOFT,7.0,74.844,0.274822695035461,kept
FP2,BEA,22,2.0,SOFT,8.0,104.332,0.0310880829015544,cool-down / aborted (>105% of run best)
FP2,BEA,23,2.0,SOFT,9.0,80.807,0.0224358974358974,cool-down / aborted (>105% of run best)
FP2,BEA,24,2.0,SOFT,10.0,74.456,0.0586145648312611,kept
FP2,BEA,26,3.0,SOFT,12.0,87.543,0.0472560975609756,pit in/out lap
FP2,BEA,27,3.0,SOFT,13.0,77.356,0.0,kept
FP2,BEA,28,3.0,SOFT,14.0,78.219,0.17,kept
FP2,BEA,29,3.0,SOFT,15.0,82.356,0.0,cool-down / aborted (>105% of run best)
FP2,BEA,30,3.0,SOFT,16.0,76.957,0.0,kept
FP2,BEA,31,3.0,SOFT,17.0,77.324,0.0,kept
FP2,BEA,33,4.0,MEDIUM,16.0,90.126,0.0,pit in/out lap
FP2,BEA,34,4.0,MEDIUM,17.0,77.338,0.0,short run (<5 clean laps)
FP2,BEA,35,4.0,MEDIUM,18.0,132.595,0.166832174776564,short run (<5 clean laps)
FP2,BEA,36,4.0,MEDIUM,19.0,129.433,0.0,short run (<5 clean laps)
FP2,BOR,1,1.0,MEDIUM,1.0,98.2,0.0993288590604026,pit in/out lap
FP2,BOR,2,1.0,MEDIUM,2.0,80.653,0.0210355987055016,short run (<5 clean laps)
FP2,BOR,3,1.0,MEDIUM,3.0,77.865,0.09,lap deleted (track limits)
FP2,BOR,4,1.0,MEDIUM,4.0,96.758,0.3296551724137931,lap deleted (track limits)
FP2,BOR,5,1.0,MEDIUM,5.0,95.173,0.0281293952180028,short run (<5 clean laps)
FP2,BOR,6,1.0,MEDIUM,6.0,79.864,0.0,short run (<5 clean laps)
FP2,BOR,7,1.0,MEDIUM,7.0,75.967,0.1156462585034013,lap deleted (track limits)
FP2,BOR,8,1.0,MEDIUM,8.0,106.794,0.5409429280397022,traffic (>30% of lap within 60 m of a car)
FP2,BOR,9,1.0,MEDIUM,9.0,122.809,0.1111111111111111,pit in/out lap
FP2,BOR,10,2.0,MEDIUM,10.0,106.073,0.024906600249066,pit in/out lap
FP2,BOR,12,3.0,SOFT,1.0,107.469,0.0660024906600249,pit in/out lap
FP2,BOR,13,3.0,SOFT,2.0,78.84,0.1024305555555555,cool-down / aborted (>105% of run best)
FP2,BOR,14,3.0,SOFT,3.0,74.823,0.2363636363636363,kept
FP2,BOR,15,3.0,SOFT,4.0,80.717,0.0206896551724137,cool-down / aborted (>105% of run best)
FP2,BOR,16,3.0,SOFT,5.0,74.827,0.2003642987249544,kept
FP2,BOR,17,3.0,SOFT,6.0,101.806,0.1971465629053177,cool-down / aborted (>105% of run best)
FP2,BOR,18,3.0,SOFT,7.0,74.705,0.1349911190053286,kept
FP2,BOR,19,3.0,SOFT,8.0,86.631,0.0096153846153846,cool-down / aborted (>105% of run best)
FP2,BOR,20,3.0,SOFT,9.0,74.836,0.2642857142857143,kept
FP2,BOR,21,3.0,SOFT,10.0,105.18,0.0128534704370179,lap deleted (track limits)
FP2,BOR,22,3.0,SOFT,11.0,88.753,0.1510263929618768,lap deleted (track limits)
FP2,BOR,23,3.0,SOFT,12.0,74.359,0.026595744680851,kept
FP2,BOR,24,3.0,SOFT,13.0,104.665,0.4382022471910112,traffic (>30% of lap within 60 m of a car)
FP2,BOR,25,3.0,SOFT,14.0,79.477,0.0,cool-down / aborted (>105% of run best)
FP2,BOR,26,3.0,SOFT,15.0,79.026,0.3463497453310696,lap deleted (track limits)
FP2,BOR,28,4.0,MEDIUM,12.0,87.95,0.1308139534883721,pit in/out lap
FP2,BOR,29,4.0,MEDIUM,13.0,78.123,0.0202360876897133,lap deleted (track limits)
FP2,BOR,31,5.0,MEDIUM,15.0,91.054,0.7430249632892805,pit in/out lap
FP2,BOR,32,5.0,MEDIUM,16.0,78.794,0.0405405405405405,short run (<5 clean laps)
FP2,BOR,33,5.0,MEDIUM,17.0,134.789,0.1135029354207436,short run (<5 clean laps)
FP2,BOR,34,5.0,MEDIUM,18.0,124.35,0.0644468313641246,short run (<5 clean laps)
FP2,BOT,1,1.0,MEDIUM,1.0,108.01,0.5352449223416965,pit in/out lap
FP2,BOT,2,1.0,MEDIUM,2.0,79.834,0.3278145695364238,traffic (>30% of lap within 60 m of a car)
FP2,BOT,3,1.0,MEDIUM,3.0,77.674,0.0,lap deleted (track limits)
FP2,BOT,4,1.0,MEDIUM,4.0,92.802,0.1836734693877551,short run (<5 clean laps)
FP2,BOT,5,1.0,MEDIUM,5.0,86.483,0.2384500745156482,short run (<5 clean laps)
FP2,BOT,6,1.0,MEDIUM,6.0,77.404,0.2876254180602006,short run (<5 clean laps)
FP2,BOT,7,1.0,MEDIUM,7.0,97.675,0.5428571428571428,traffic (>30% of lap within 60 m of a car)
FP2,BOT,8,1.0,MEDIUM,8.0,77.111,0.144578313253012,yellow / SC / VSC / red flag
FP2,BOT,10,2.0,SOFT,1.0,86.244,0.0,pit in/out lap
FP2,BOT,11,2.0,SOFT,2.0,75.887,0.0,kept
FP2,BOT,12,2.0,SOFT,3.0,95.042,0.5592011412268189,traffic (>30% of lap within 60 m of a car)
FP2,BOT,13,2.0,SOFT,4.0,76.043,0.0219780219780219,kept
FP2,BOT,14,2.0,SOFT,5.0,95.55,0.1506456241032998,cool-down / aborted (>105% of run best)
FP2,BOT,15,2.0,SOFT,6.0,75.759,0.2006861063464837,kept
FP2,BOT,16,2.0,SOFT,7.0,99.812,0.0,lap deleted (track limits)
FP2,BOT,17,2.0,SOFT,8.0,91.466,0.0178041543026706,cool-down / aborted (>105% of run best)
FP2,BOT,18,2.0,SOFT,9.0,90.804,0.1664190193164933,cool-down / aborted (>105% of run best)
FP2,BOT,19,2.0,SOFT,10.0,76.047,0.1701388888888889,kept
FP2,BOT,21,3.0,SOFT,12.0,91.352,0.01620029455081,pit in/out lap
FP2,BOT,22,3.0,SOFT,13.0,79.69,0.1821192052980132,short run (<5 clean laps)
FP2,BOT,23,3.0,SOFT,14.0,93.342,0.3590462833099579,traffic (>30% of lap within 60 m of a car)
FP2,BOT,24,3.0,SOFT,15.0,79.733,0.04,short run (<5 clean laps)
FP2,BOT,25,3.0,SOFT,16.0,78.956,0.016260162601626,short run (<5 clean laps)
FP2,BOT,26,3.0,SOFT,17.0,79.746,0.1716666666666666,short run (<5 clean laps)
FP2,BOT,27,3.0,SOFT,18.0,79.559,0.6931637519872814,traffic (>30% of lap within 60 m of a car)
FP2,COL,1,1.0,MEDIUM,1.0,98.447,0.0,pit in/out lap
FP2,COL,2,1.0,MEDIUM,2.0,82.111,0.0,cool-down / aborted (>105% of run best)
FP2,COL,3,1.0,MEDIUM,3.0,76.701,0.0,kept
FP2,COL,4,1.0,MEDIUM,4.0,100.824,0.7241379310344828,traffic (>30% of lap within 60 m of a car)
FP2,COL,5,1.0,MEDIUM,5.0,76.14,0.0640138408304498,kept
FP2,COL,6,1.0,MEDIUM,6.0,90.045,0.0416666666666666,lap deleted (track limits)
FP2,COL,7,1.0,MEDIUM,7.0,75.864,0.0963855421686747,kept
FP2,COL,8,1.0,MEDIUM,8.0,108.091,0.1105710814094775,cool-down / aborted (>105% of run best)
FP2,COL,9,1.0,MEDIUM,9.0,100.946,0.0332446808510638,yellow / SC / VSC / red flag
FP2,COL,11,2.0,SOFT,1.0,93.9,0.0,lap deleted (track limits)
FP2,COL,12,2.0,SOFT,2.0,80.986,0.0102214650766609,cool-down / aborted (>105% of run best)
FP2,COL,13,2.0,SOFT,3.0,75.037,0.1279279279279279,kept
FP2,COL,14,2.0,SOFT,4.0,91.774,0.0,cool-down / aborted (>105% of run best)
FP2,COL,15,2.0,SOFT,5.0,74.758,0.0939226519337016,kept
FP2,COL,16,2.0,SOFT,6.0,113.577,0.0263761467889908,cool-down / aborted (>105% of run best)
FP2,COL,17,2.0,SOFT,7.0,85.701,0.094551282051282,cool-down / aborted (>105% of run best)
FP2,COL,18,2.0,SOFT,8.0,74.856,0.0,kept
FP2,COL,19,2.0,SOFT,9.0,94.553,0.0,cool-down / aborted (>105% of run best)
FP2,COL,21,3.0,MEDIUM,11.0,88.342,0.0,pit in/out lap
FP2,COL,22,3.0,MEDIUM,12.0,80.036,0.3403908794788273,traffic (>30% of lap within 60 m of a car)
FP2,COL,23,3.0,MEDIUM,13.0,78.031,0.0,short run (<5 clean laps)
FP2,COL,24,3.0,MEDIUM,14.0,78.391,0.2434210526315789,short run (<5 clean laps)
FP2,COL,25,3.0,MEDIUM,15.0,77.919,0.1841216216216216,short run (<5 clean laps)
FP2,COL,27,4.0,MEDIUM,17.0,86.05,0.2686335403726708,pit in/out lap
FP2,COL,28,4.0,MEDIUM,18.0,81.558,0.7548076923076923,lap deleted (track limits)
FP2,COL,29,4.0,MEDIUM,19.0,136.078,0.109284332688588,short run (<5 clean laps)
FP2,COL,30,4.0,MEDIUM,20.0,132.119,0.0389743589743589,short run (<5 clean laps)
FP2,GAS,1,1.0,MEDIUM,1.0,98.014,0.0,pit in/out lap
FP2,GAS,2,1.0,MEDIUM,2.0,90.871,0.0575539568345323,short run (<5 clean laps)
FP2,GAS,3,1.0,MEDIUM,3.0,77.994,0.1602671118530884,short run (<5 clean laps)
FP2,GAS,4,1.0,MEDIUM,4.0,91.657,0.310948905109489,traffic (>30% of lap within 60 m of a car)
FP2,GAS,5,1.0,MEDIUM,5.0,76.171,0.2017699115044247,short run (<5 clean laps)
FP2,GAS,6,1.0,MEDIUM,6.0,97.987,0.346002621231979,traffic (>30% of lap within 60 m of a car)
FP2,GAS,7,1.0,MEDIUM,7.0,76.748,0.0,short run (<5 clean laps)
FP2,GAS,8,1.0,MEDIUM,8.0,106.556,0.6248447204968944,traffic (>30% of lap within 60 m of a car)
FP2,GAS,10,2.0,SOFT,1.0,90.608,0.0,pit in/out lap
FP2,GAS,11,2.0,SOFT,2.0,80.248,0.0434056761268781,cool-down / aborted (>105% of run best)
FP2,GAS,12,2.0,SOFT,3.0,74.941,0.0871080139372822,kept
FP2,GAS,13,2.0,SOFT,4.0,94.206,0.0777934936350777,cool-down / aborted (>105% of run best)
FP2,GAS,14,2.0,SOFT,5.0,75.947,0.032258064516129,kept
FP2,GAS,15,2.0,SOFT,6.0,91.186,0.1954887218045112,cool-down / aborted (>105% of run best)
FP2,GAS,16,2.0,SOFT,7.0,74.497,0.0166975881261595,kept
FP2,GAS,17,2.0,SOFT,8.0,102.502,0.1827956989247312,cool-down / aborted (>105% of run best)
FP2,GAS,18,2.0,SOFT,9.0,103.136,0.2309644670050761,cool-down / aborted (>105% of run best)
FP2,GAS,19,2.0,SOFT,10.0,80.375,0.0,cool-down / aborted (>105% of run best)
FP2,GAS,20,2.0,SOFT,11.0,74.846,0.1186131386861313,kept
FP2,GAS,21,2.0,SOFT,12.0,93.419,0.1194244604316546,cool-down / aborted (>105% of run best)
FP2,GAS,22,2.0,SOFT,13.0,74.646,0.1721014492753623,kept
FP2,GAS,23,2.0,SOFT,14.0,88.818,0.0,lap deleted (track limits)
FP2,GAS,24,2.0,SOFT,15.0,74.886,0.0701754385964912,kept
FP2,GAS,26,3.0,MEDIUM,10.0,93.082,0.0,pit in/out lap
FP2,GAS,27,3.0,MEDIUM,11.0,78.613,0.0,kept
FP2,GAS,28,3.0,MEDIUM,12.0,77.684,0.0,kept
FP2,GAS,29,3.0,MEDIUM,13.0,81.71,0.0,cool-down / aborted (>105% of run best)
FP2,GAS,30,3.0,MEDIUM,14.0,77.926,0.074074074074074,kept
FP2,GAS,31,3.0,MEDIUM,15.0,77.297,0.0,kept
FP2,GAS,33,4.0,MEDIUM,17.0,111.801,0.0,pit in/out lap
FP2,GAS,34,4.0,MEDIUM,18.0,76.764,0.0,short run (<5 clean laps)
FP2,GAS,35,4.0,MEDIUM,19.0,119.88,0.1530054644808743,short run (<5 clean laps)
FP2,GAS,36,4.0,MEDIUM,20.0,131.091,0.0958762886597938,short run (<5 clean laps)
FP2,HAD,1,1.0,MEDIUM,1.0,107.893,0.4729729729729729,pit in/out lap
FP2,HAD,2,1.0,MEDIUM,2.0,113.378,0.806146572104019,yellow / SC / VSC / red flag
FP2,HAD,4,2.0,MEDIUM,4.0,89.767,0.0238450074515648,pit in/out lap
FP2,HAD,5,2.0,MEDIUM,5.0,80.873,0.0,short run (<5 clean laps)
FP2,HAD,6,2.0,MEDIUM,6.0,76.825,0.0698080279232111,short run (<5 clean laps)
FP2,HAD,7,2.0,MEDIUM,7.0,75.914,0.1162790697674418,short run (<5 clean laps)
FP2,HAD,8,2.0,MEDIUM,8.0,97.136,0.3352112676056338,traffic (>30% of lap within 60 m of a car)
FP2,HAD,9,2.0,MEDIUM,9.0,75.507,0.151183970856102,short run (<5 clean laps)
FP2,HAD,10,2.0,MEDIUM,10.0,101.409,0.3238095238095238,traffic (>30% of lap within 60 m of a car)
FP2,HAD,12,3.0,SOFT,1.0,90.627,0.014388489208633,pit in/out lap
FP2,HAD,13,3.0,SOFT,2.0,79.022,0.0764119601328903,cool-down / aborted (>105% of run best)
FP2,HAD,14,3.0,SOFT,3.0,75.064,0.3102836879432624,traffic (>30% of lap within 60 m of a car)
FP2,HAD,15,3.0,SOFT,4.0,93.266,0.0113960113960113,cool-down / aborted (>105% of run best)
FP2,HAD,16,3.0,SOFT,5.0,74.72,0.0786713286713286,kept
FP2,HAD,17,3.0,SOFT,6.0,74.087,0.0090415913200723,kept
FP2,HAD,18,3.0,SOFT,7.0,85.13,0.0124804992199688,cool-down / aborted (>105% of run best)
FP2,HAD,21,5.0,MEDIUM,13.0,85.634,0.0,pit in/out lap
FP2,HAD,22,5.0,MEDIUM,14.0,117.313,0.0830527497194163,short run (<5 clean laps)
FP2,HAD,23,5.0,MEDIUM,15.0,136.378,0.3336594911937378,traffic (>30% of lap within 60 m of a car)
FP2,HAM,1,1.0,MEDIUM,1.0,93.505,0.0,pit in/out lap
FP2,HAM,2,1.0,MEDIUM,2.0,88.478,0.0,cool-down / aborted (>105% of run best)
FP2,HAM,3,1.0,MEDIUM,3.0,74.306,0.0177619893428063,kept
FP2,HAM,4,1.0,MEDIUM,4.0,103.227,0.03515625,cool-down / aborted (>105% of run best)
FP2,HAM,5,1.0,MEDIUM,5.0,93.875,0.1396648044692737,cool-down / aborted (>105% of run best)
FP2,HAM,6,1.0,MEDIUM,6.0,88.535,0.0305232558139534,cool-down / aborted (>105% of run best)
FP2,HAM,7,1.0,MEDIUM,7.0,73.729,0.0142348754448398,kept
FP2,HAM,8,1.0,MEDIUM,8.0,108.299,0.0605326876513317,cool-down / aborted (>105% of run best)
FP2,HAM,9,1.0,MEDIUM,9.0,115.781,0.0348432055749128,yellow / SC / VSC / red flag
FP2,HAM,10,1.0,MEDIUM,10.0,107.517,0.1589242053789731,yellow / SC / VSC / red flag
FP2,HAM,11,1.0,MEDIUM,11.0,103.596,0.016774193548387,yellow / SC / VSC / red flag
FP2,HAM,12,1.0,MEDIUM,12.0,79.407,0.0,cool-down / aborted (>105% of run best)
FP2,HAM,13,1.0,MEDIUM,13.0,85.231,0.0,cool-down / aborted (>105% of run best)
FP2,HAM,14,1.0,MEDIUM,14.0,73.671,0.0,kept
FP2,HAM,15,1.0,MEDIUM,15.0,100.717,0.1516339869281045,cool-down / aborted (>105% of run best)
FP2,HAM,16,1.0,MEDIUM,16.0,95.107,0.1420534458509142,cool-down / aborted (>105% of run best)
FP2,HAM,17,1.0,MEDIUM,17.0,85.122,0.0142857142857142,cool-down / aborted (>105% of run best)
FP2,HAM,18,1.0,MEDIUM,18.0,73.549,0.0,kept
FP2,HAM,20,2.0,SOFT,1.0,93.906,0.6642441860465116,pit in/out lap
FP2,HAM,21,2.0,SOFT,2.0,80.149,0.0,cool-down / aborted (>105% of run best)
FP2,HAM,22,2.0,SOFT,3.0,73.026,0.0,kept
FP2,HAM,23,2.0,SOFT,4.0,110.719,0.1760479041916167,cool-down / aborted (>105% of run best)
FP2,HAM,24,2.0,SOFT,5.0,89.45,0.0,cool-down / aborted (>105% of run best)
FP2,HAM,25,2.0,SOFT,6.0,81.38,0.0,cool-down / aborted (>105% of run best)
FP2,HAM,26,2.0,SOFT,7.0,121.878,0.0949298813376483,pit in/out lap
FP2,HAM,27,3.0,SOFT,8.0,95.222,0.2208333333333333,pit in/out lap
FP2,HAM,28,3.0,SOFT,9.0,86.873,0.0885093167701863,short run (<5 clean laps)
FP2,HAM,29,3.0,SOFT,10.0,73.36,,no gap-to-car-ahead data
FP2,HAM,32,5.0,MEDIUM,21.0,93.683,0.8068669527896996,pit in/out lap
FP2,HAM,33,5.0,MEDIUM,22.0,77.926,0.0,short run (<5 clean laps)
FP2,HAM,34,5.0,MEDIUM,23.0,120.362,0.2686403508771929,short run (<5 clean laps)
FP2,HAM,35,5.0,MEDIUM,24.0,128.688,0.2715025906735751,short run (<5 clean laps)
FP2,HUL,1,1.0,MEDIUM,1.0,95.27,0.0259917920656634,pit in/out lap
FP2,HUL,2,1.0,MEDIUM,2.0,81.653,0.1081081081081081,cool-down / aborted (>105% of run best)
FP2,HUL,3,1.0,MEDIUM,3.0,86.666,0.0512820512820512,cool-down / aborted (>105% of run best)
FP2,HUL,4,1.0,MEDIUM,4.0,76.375,0.0523560209424083,kept
FP2,HUL,5,1.0,MEDIUM,5.0,87.869,0.0906298003072196,cool-down / aborted (>105% of run best)
FP2,HUL,6,1.0,MEDIUM,6.0,80.167,0.0,lap deleted (track limits)
FP2,HUL,7,1.0,MEDIUM,7.0,79.684,0.0974025974025974,kept
FP2,HUL,8,1.0,MEDIUM,8.0,93.989,0.1828410689170183,lap deleted (track limits)
FP2,HUL,9,1.0,MEDIUM,9.0,75.188,0.0,yellow / SC / VSC / red flag
FP2,HUL,11,2.0,SOFT,1.0,90.956,0.0,lap deleted (track limits)
FP2,HUL,12,2.0,SOFT,2.0,77.576,0.0974358974358974,kept
FP2,HUL,13,2.0,SOFT,3.0,74.094,0.073126142595978,kept
FP2,HUL,14,2.0,SOFT,4.0,96.376,0.0,cool-down / aborted (>105% of run best)
FP2,HUL,15,2.0,SOFT,5.0,80.556,0.1873935264054514,cool-down / aborted (>105% of run best)
FP2,HUL,16,2.0,SOFT,6.0,98.114,0.0307262569832402,cool-down / aborted (>105% of run best)
FP2,HUL,17,2.0,SOFT,7.0,74.953,0.053475935828877,kept
FP2,HUL,18,2.0,SOFT,8.0,94.815,0.2524137931034483,cool-down / aborted (>105% of run best)
FP2,HUL,19,2.0,SOFT,9.0,87.024,0.1287758346581876,cool-down / aborted (>105% of run best)
FP2,HUL,21,3.0,MEDIUM,11.0,88.133,0.0,pit in/out lap
FP2,HUL,22,3.0,MEDIUM,12.0,78.415,0.0153321976149914,kept
FP2,HUL,23,3.0,MEDIUM,13.0,79.504,0.4689075630252101,traffic (>30% of lap within 60 m of a car)
FP2,HUL,24,3.0,MEDIUM,14.0,76.822,0.0296167247386759,kept
FP2,HUL,25,3.0,MEDIUM,15.0,78.36,0.0,kept
FP2,HUL,26,3.0,MEDIUM,16.0,76.742,0.0633561643835616,kept
FP2,HUL,27,3.0,MEDIUM,17.0,76.639,0.0,kept
FP2,HUL,28,3.0,MEDIUM,18.0,76.717,0.0183946488294314,kept
FP2,HUL,29,3.0,MEDIUM,19.0,76.505,0.0,kept
FP2,HUL,31,4.0,MEDIUM,21.0,100.156,0.1171770972037283,pit in/out lap
FP2,HUL,32,4.0,MEDIUM,22.0,121.396,0.0,short run (<5 clean laps)
FP2,HUL,33,4.0,MEDIUM,23.0,128.75,0.4443298969072164,traffic (>30% of lap within 60 m of a car)
FP2,LAW,1,1.0,MEDIUM,1.0,99.15,0.0,pit in/out lap
FP2,LAW,2,1.0,MEDIUM,2.0,88.35,0.0,cool-down / aborted (>105% of run best)
FP2,LAW,3,1.0,MEDIUM,3.0,76.992,0.0,kept
FP2,LAW,4,1.0,MEDIUM,4.0,76.282,0.0693240901213171,kept
FP2,LAW,5,1.0,MEDIUM,5.0,91.591,0.2707423580786026,cool-down / aborted (>105% of run best)
FP2,LAW,6,1.0,MEDIUM,6.0,87.84,0.0250737463126843,cool-down / aborted (>105% of run best)
FP2,LAW,7,1.0,MEDIUM,7.0,76.0,0.0238095238095238,kept
FP2,LAW,8,1.0,MEDIUM,8.0,101.491,0.4028683181225554,traffic (>30% of lap within 60 m of a car)
FP2,LAW,9,1.0,MEDIUM,9.0,89.513,0.0568011958146487,yellow / SC / VSC / red flag
FP2,LAW,10,1.0,MEDIUM,10.0,127.614,0.0,yellow / SC / VSC / red flag
FP2,LAW,11,1.0,MEDIUM,11.0,98.455,0.0120967741935483,yellow / SC / VSC / red flag
FP2,LAW,12,1.0,MEDIUM,12.0,89.746,,yellow / SC / VSC / red flag
FP2,LAW,13,1.0,MEDIUM,13.0,78.791,,no gap-to-car-ahead data
FP2,LAW,14,1.0,MEDIUM,14.0,75.502,,no gap-to-car-ahead data
FP2,LAW,16,2.0,SOFT,1.0,94.279,0.0434782608695652,pit in/out lap
FP2,LAW,17,2.0,SOFT,2.0,85.923,0.232258064516129,cool-down / aborted (>105% of run best)
FP2,LAW,18,2.0,SOFT,3.0,75.635,0.0,kept
FP2,LAW,19,2.0,SOFT,4.0,97.156,0.2045760430686406,cool-down / aborted (>105% of run best)
FP2,LAW,20,2.0,SOFT,5.0,75.24,0.0,kept
FP2,LAW,21,2.0,SOFT,6.0,75.137,0.0919117647058823,kept
FP2,LAW,22,2.0,SOFT,7.0,100.39,0.1946308724832214,cool-down / aborted (>105% of run best)
FP2,LAW,23,2.0,SOFT,8.0,100.942,0.2490118577075099,cool-down / aborted (>105% of run best)
FP2,LAW,24,2.0,SOFT,9.0,90.669,0.3043478260869565,traffic (>30% of lap within 60 m of a car)
FP2,LAW,25,2.0,SOFT,10.0,75.201,0.0,kept
FP2,LAW,26,2.0,SOFT,11.0,83.686,0.0,cool-down / aborted (>105% of run best)
FP2,LAW,27,2.0,SOFT,12.0,74.785,0.0975609756097561,kept
FP2,LAW,29,3.0,MEDIUM,16.0,86.268,0.0214723926380368,lap deleted (track limits)
FP2,LAW,30,3.0,MEDIUM,17.0,80.101,0.0,short run (<5 clean laps)
FP2,LAW,32,4.0,MEDIUM,19.0,87.414,0.0,pit in/out lap
FP2,LAW,33,4.0,MEDIUM,20.0,79.356,0.0,short run (<5 clean laps)
FP2,LAW,34,4.0,MEDIUM,21.0,139.806,0.0103383458646616,short run (<5 clean laps)
FP2,LAW,35,4.0,MEDIUM,22.0,132.837,0.0,short run (<5 clean laps)
FP2,LEC,1,1.0,MEDIUM,1.0,105.47,0.0,pit in/out lap
FP2,LEC,2,1.0,MEDIUM,2.0,77.024,0.0,kept
FP2,LEC,3,1.0,MEDIUM,3.0,74.24,0.0,kept
FP2,LEC,4,1.0,MEDIUM,4.0,99.705,0.107671601615074,cool-down / aborted (>105% of run best)
FP2,LEC,5,1.0,MEDIUM,5.0,74.192,0.1305114638447971,kept
FP2,LEC,6,1.0,MEDIUM,6.0,74.175,0.2994746059544658,kept
FP2,LEC,7,1.0,MEDIUM,7.0,100.874,0.0852713178294573,cool-down / aborted (>105% of run best)
FP2,LEC,8,1.0,MEDIUM,8.0,80.829,0.1031096563011456,cool-down / aborted (>105% of run best)
FP2,LEC,9,1.0,MEDIUM,9.0,104.745,0.0,yellow / SC / VSC / red flag
FP2,LEC,10,1.0,MEDIUM,10.0,104.078,0.0,yellow / SC / VSC / red flag
FP2,LEC,11,1.0,MEDIUM,11.0,101.083,0.1460234680573663,yellow / SC / VSC / red flag
FP2,LEC,12,1.0,MEDIUM,12.0,91.106,0.0,yellow / SC / VSC / red flag
FP2,LEC,13,1.0,MEDIUM,13.0,77.937,0.0,lap deleted (track limits)
FP2,LEC,14,1.0,MEDIUM,14.0,73.613,0.023508137432188,kept
FP2,LEC,15,1.0,MEDIUM,15.0,89.038,0.0,lap deleted (track limits)
FP2,LEC,17,2.0,SOFT,1.0,106.482,0.1761658031088082,pit in/out lap
FP2,LEC,18,2.0,SOFT,2.0,86.693,0.1385542168674698,cool-down / aborted (>105% of run best)
FP2,LEC,19,2.0,SOFT,3.0,77.955,0.1632653061224489,cool-down / aborted (>105% of run best)
FP2,LEC,20,2.0,SOFT,4.0,73.137,0.0764925373134328,kept
FP2,LEC,21,2.0,SOFT,5.0,99.904,0.1362397820163488,lap deleted (track limits)
FP2,LEC,22,2.0,SOFT,6.0,87.446,0.1195652173913043,cool-down / aborted (>105% of run best)
FP2,LEC,23,2.0,SOFT,7.0,115.635,0.3269230769230769,lap deleted (track limits)
FP2,LEC,24,2.0,SOFT,8.0,94.67,0.0496551724137931,cool-down / aborted (>105% of run best)
FP2,LEC,25,2.0,SOFT,9.0,79.443,0.0148026315789473,cool-down / aborted (>105% of run best)
FP2,LEC,26,2.0,SOFT,10.0,73.19,0.0,kept
FP2,LEC,27,2.0,SOFT,11.0,73.166,0.1038251366120218,kept
FP2,LEC,28,2.0,SOFT,12.0,102.713,0.1061598951507208,lap deleted (track limits)
FP2,LEC,29,2.0,SOFT,13.0,73.212,0.0,kept
FP2,LEC,32,4.0,MEDIUM,18.0,90.519,0.03125,pit in/out lap
FP2,LEC,33,4.0,MEDIUM,19.0,78.015,0.0,short run (<5 clean laps)
FP2,LEC,34,4.0,MEDIUM,20.0,130.867,0.1221221221221221,short run (<5 clean laps)
FP2,LEC,35,4.0,MEDIUM,21.0,123.002,0.2365826944140197,short run (<5 clean laps)
FP2,LIN,1,1.0,MEDIUM,1.0,96.992,0.0,pit in/out lap
FP2,LIN,2,1.0,MEDIUM,2.0,89.778,0.1376811594202898,lap deleted (track limits)
FP2,LIN,3,1.0,MEDIUM,3.0,77.346,0.0,kept
FP2,LIN,4,1.0,MEDIUM,4.0,76.858,0.1954624781849912,kept
FP2,LIN,5,1.0,MEDIUM,5.0,104.45,0.2243346007604562,cool-down / aborted (>105% of run best)
FP2,LIN,6,1.0,MEDIUM,6.0,76.174,0.3549488054607508,traffic (>30% of lap within 60 m of a car)
FP2,LIN,7,1.0,MEDIUM,7.0,103.218,0.247148288973384,cool-down / aborted (>105% of run best)
FP2,LIN,8,1.0,MEDIUM,8.0,86.318,0.1659056316590563,lap deleted (track limits)
FP2,LIN,9,1.0,MEDIUM,9.0,95.156,0.0824022346368715,yellow / SC / VSC / red flag
FP2,LIN,10,1.0,MEDIUM,10.0,124.426,0.0993589743589743,yellow / SC / VSC / red flag
FP2,LIN,11,1.0,MEDIUM,11.0,99.412,0.0079681274900398,yellow / SC / VSC / red flag
FP2,LIN,12,1.0,MEDIUM,12.0,89.545,0.0,yellow / SC / VSC / red flag
FP2,LIN,13,1.0,MEDIUM,13.0,78.654,0.0,kept
FP2,LIN,15,2.0,SOFT,1.0,90.604,0.1353383458646616,pit in/out lap
FP2,LIN,16,2.0,SOFT,2.0,75.714,0.0,kept
FP2,LIN,17,2.0,SOFT,3.0,74.748,0.0,kept
FP2,LIN,18,2.0,SOFT,4.0,101.586,0.1354309165526676,lap deleted (track limits)
FP2,LIN,19,2.0,SOFT,5.0,87.464,0.0383435582822085,cool-down / aborted (>105% of run best)
FP2,LIN,20,2.0,SOFT,6.0,78.3,0.0,kept
FP2,LIN,21,2.0,SOFT,7.0,91.549,0.0180451127819548,lap deleted (track limits)
FP2,LIN,22,2.0,SOFT,8.0,107.261,0.4260429835651074,traffic (>30% of lap within 60 m of a car)
FP2,LIN,23,2.0,SOFT,9.0,86.934,0.046583850931677,cool-down / aborted (>105% of run best)
FP2,LIN,24,2.0,SOFT,10.0,79.975,0.0,cool-down / aborted (>105% of run best)
FP2,LIN,25,2.0,SOFT,11.0,75.562,0.4791666666666667,traffic (>30% of lap within 60 m of a car)
FP2,LIN,26,2.0,SOFT,12.0,105.958,0.3325,traffic (>30% of lap within 60 m of a car)
FP2,LIN,27,2.0,SOFT,13.0,79.972,0.0,cool-down / aborted (>105% of run best)
FP2,LIN,28,2.0,SOFT,14.0,75.124,,no gap-to-car-ahead data
FP2,LIN,30,3.0,SOFT,16.0,90.682,0.3710144927536232,lap deleted (track limits)
FP2,LIN,31,3.0,SOFT,17.0,79.701,0.0,lap deleted (track limits)
FP2,LIN,33,4.0,SOFT,19.0,95.601,0.1022408963585434,pit in/out lap
FP2,LIN,34,4.0,SOFT,20.0,79.087,0.0,lap deleted (track limits)
FP2,LIN,35,4.0,SOFT,21.0,131.811,0.3156843156843157,traffic (>30% of lap within 60 m of a car)
FP2,LIN,36,4.0,SOFT,22.0,126.451,0.0383386581469648,short run (<5 clean laps)
FP2,NOR,1,1.0,MEDIUM,1.0,97.765,0.0,pit in/out lap
FP2,NOR,2,1.0,MEDIUM,2.0,77.011,0.0831918505942275,short run (<5 clean laps)
FP2,NOR,3,1.0,MEDIUM,3.0,75.559,0.3362676056338028,traffic (>30% of lap within 60 m of a car)
FP2,NOR,4,1.0,MEDIUM,4.0,106.824,0.631578947368421,traffic (>30% of lap within 60 m of a car)
FP2,NOR,5,1.0,MEDIUM,5.0,75.274,0.1041666666666666,short run (<5 clean laps)
FP2,NOR,6,1.0,MEDIUM,6.0,116.865,0.2326350606394708,pit in/out lap
FP2,NOR,7,2.0,MEDIUM,7.0,111.177,0.3119047619047619,pit in/out lap
FP2,OCO,1,1.0,MEDIUM,1.0,101.054,0.2805662805662806,pit in/out lap
FP2,OCO,2,1.0,MEDIUM,2.0,83.508,0.2940251572327044,cool-down / aborted (>105% of run best)
FP2,OCO,3,1.0,MEDIUM,3.0,77.771,0.3709401709401709,traffic (>30% of lap within 60 m of a car)
FP2,OCO,4,1.0,MEDIUM,4.0,76.55,0.3690685413005272,traffic (>30% of lap within 60 m of a car)
FP2,OCO,5,1.0,MEDIUM,5.0,108.827,0.5697258641239571,traffic (>30% of lap within 60 m of a car)
FP2,OCO,6,1.0,MEDIUM,6.0,76.434,0.2758037225042301,kept
FP2,OCO,7,1.0,MEDIUM,7.0,104.693,0.6906565656565656,traffic (>30% of lap within 60 m of a car)
FP2,OCO,8,1.0,MEDIUM,8.0,86.169,0.0,yellow / SC / VSC / red flag
FP2,OCO,9,1.0,MEDIUM,9.0,136.6,0.5352941176470588,yellow / SC / VSC / red flag
FP2,OCO,10,1.0,MEDIUM,10.0,98.434,0.5631720430107527,yellow / SC / VSC / red flag
FP2,OCO,11,1.0,MEDIUM,11.0,86.898,0.2802450229709035,yellow / SC / VSC / red flag
FP2,OCO,12,1.0,MEDIUM,12.0,79.014,0.059900166389351,kept
FP2,OCO,13,1.0,MEDIUM,13.0,75.933,0.0422535211267605,kept
FP2,OCO,14,1.0,MEDIUM,14.0,75.516,0.1713286713286713,kept
FP2,OCO,16,2.0,SOFT,1.0,90.964,0.0119760479041916,pit in/out lap
FP2,OCO,17,2.0,SOFT,2.0,80.691,0.079447322970639,cool-down / aborted (>105% of run best)
FP2,OCO,18,2.0,SOFT,3.0,79.879,0.0,cool-down / aborted (>105% of run best)
FP2,OCO,19,2.0,SOFT,4.0,75.111,0.0,kept
FP2,OCO,20,2.0,SOFT,5.0,91.708,0.2451420029895366,cool-down / aborted (>105% of run best)
FP2,OCO,21,2.0,SOFT,6.0,75.124,0.1254545454545454,kept
FP2,OCO,22,2.0,SOFT,7.0,85.774,0.0205047318611987,cool-down / aborted (>105% of run best)
FP2,OCO,23,2.0,SOFT,8.0,74.845,0.0575916230366492,kept
FP2,OCO,24,2.0,SOFT,9.0,90.801,0.0449927431059506,lap deleted (track limits)
FP2,OCO,25,2.0,SOFT,10.0,74.988,0.0,kept
FP2,OCO,27,3.0,MEDIUM,16.0,86.436,0.0151285930408472,pit in/out lap
FP2,OCO,28,3.0,MEDIUM,17.0,78.63,0.0585284280936454,short run (<5 clean laps)
FP2,OCO,29,3.0,MEDIUM,18.0,78.051,0.0,short run (<5 clean laps)
FP2,OCO,31,4.0,MEDIUM,20.0,91.074,0.2331378299120234,pit in/out lap
FP2,OCO,32,4.0,MEDIUM,21.0,78.561,0.2533783783783784,short run (<5 clean laps)
FP2,OCO,33,4.0,MEDIUM,22.0,140.287,0.1575984990619137,short run (<5 clean laps)
FP2,OCO,34,4.0,MEDIUM,23.0,124.089,0.3885898815931108,traffic (>30% of lap within 60 m of a car)
FP2,PER,1,1.0,MEDIUM,1.0,104.722,0.2157829839704069,pit in/out lap
FP2,PER,2,1.0,MEDIUM,2.0,78.38,0.4493243243243243,traffic (>30% of lap within 60 m of a car)
FP2,PER,3,1.0,MEDIUM,3.0,76.466,0.0,short run (<5 clean laps)
FP2,PER,4,1.0,MEDIUM,4.0,76.433,0.202127659574468,short run (<5 clean laps)
FP2,PER,5,1.0,MEDIUM,5.0,116.344,0.5690423162583519,lap deleted (track limits)
FP2,PER,6,1.0,MEDIUM,6.0,92.446,0.2352112676056338,short run (<5 clean laps)
FP2,PER,7,1.0,MEDIUM,7.0,100.56,0.6417322834645669,traffic (>30% of lap within 60 m of a car)
FP2,PER,8,1.0,MEDIUM,8.0,96.0,0.101813110181311,yellow / SC / VSC / red flag
FP2,PER,9,1.0,MEDIUM,9.0,125.695,0.8542766631467793,yellow / SC / VSC / red flag
FP2,PER,10,1.0,MEDIUM,10.0,103.538,0.6043256997455471,yellow / SC / VSC / red flag
FP2,PER,11,1.0,MEDIUM,11.0,87.567,0.528158295281583,yellow / SC / VSC / red flag
FP2,PER,12,1.0,MEDIUM,12.0,78.13,0.0184873949579831,lap deleted (track limits)
FP2,PER,13,1.0,MEDIUM,13.0,75.828,0.0231729055258467,short run (<5 clean laps)
FP2,PER,15,2.0,SOFT,1.0,94.247,0.0592485549132947,pit in/out lap
FP2,PER,16,2.0,SOFT,2.0,78.404,0.0,kept
FP2,PER,17,2.0,SOFT,3.0,75.116,0.0,kept
FP2,PER,18,2.0,SOFT,4.0,100.587,0.3224967490247074,traffic (>30% of lap within 60 m of a car)
FP2,PER,19,2.0,SOFT,5.0,80.067,0.0,cool-down / aborted (>105% of run best)
FP2,PER,20,2.0,SOFT,6.0,75.257,0.161524500907441,kept
FP2,PER,21,2.0,SOFT,7.0,94.571,0.203125,cool-down / aborted (>105% of run best)
FP2,PER,22,2.0,SOFT,8.0,88.922,0.1973094170403587,cool-down / aborted (>105% of run best)
FP2,PER,24,3.0,MEDIUM,15.0,108.301,0.0357583230579531,pit in/out lap
FP2,PER,25,4.0,SOFT,10.0,85.027,0.5208012326656395,pit in/out lap
FP2,PER,26,4.0,SOFT,11.0,78.275,0.0218855218855218,short run (<5 clean laps)
FP2,PER,27,4.0,SOFT,12.0,78.043,0.023489932885906,short run (<5 clean laps)
FP2,PER,28,4.0,SOFT,13.0,79.605,0.061056105610561,short run (<5 clean laps)
FP2,PER,29,4.0,SOFT,14.0,78.212,0.4194630872483221,traffic (>30% of lap within 60 m of a car)
FP2,PER,30,4.0,SOFT,15.0,79.076,0.2459546925566343,short run (<5 clean laps)
FP2,PIA,1,1.0,MEDIUM,1.0,101.635,0.07503234152652,lap deleted (track limits)
FP2,PIA,2,1.0,MEDIUM,2.0,90.607,0.2160583941605839,cool-down / aborted (>105% of run best)
FP2,PIA,3,1.0,MEDIUM,3.0,76.318,0.0865051903114186,kept
FP2,PIA,4,1.0,MEDIUM,4.0,104.104,0.029449423815621,cool-down / aborted (>105% of run best)
FP2,PIA,5,1.0,MEDIUM,5.0,75.108,0.0895008605851979,kept
FP2,PIA,6,1.0,MEDIUM,6.0,99.381,0.0223097112860892,cool-down / aborted (>105% of run best)
FP2,PIA,7,1.0,MEDIUM,7.0,74.707,0.1602112676056338,kept
FP2,PIA,9,2.0,SOFT,1.0,93.437,0.0,pit in/out lap
FP2,PIA,10,2.0,SOFT,2.0,83.682,0.0292682926829268,short run (<5 clean laps)
FP2,PIA,11,2.0,SOFT,3.0,117.673,0.0601851851851851,pit in/out lap
FP2,PIA,12,3.0,SOFT,4.0,90.641,0.0,pit in/out lap
FP2,PIA,13,3.0,SOFT,5.0,74.627,0.166358595194085,kept
FP2,PIA,14,3.0,SOFT,6.0,95.64,0.0191518467852257,cool-down / aborted (>105% of run best)
FP2,PIA,15,3.0,SOFT,7.0,74.088,0.1930783242258652,kept
FP2,PIA,16,3.0,SOFT,8.0,100.298,0.0,cool-down / aborted (>105% of run best)
FP2,PIA,17,3.0,SOFT,9.0,74.323,0.3303411131059246,traffic (>30% of lap within 60 m of a car)
FP2,PIA,18,3.0,SOFT,10.0,96.515,0.0619834710743801,cool-down / aborted (>105% of run best)
FP2,PIA,20,4.0,SOFT,12.0,91.168,0.1213017751479289,pit in/out lap
FP2,PIA,21,4.0,SOFT,13.0,78.852,0.2828618968386023,short run (<5 clean laps)
FP2,PIA,22,4.0,SOFT,14.0,82.737,0.4848484848484848,traffic (>30% of lap within 60 m of a car)
FP2,PIA,23,4.0,SOFT,15.0,77.952,0.0185185185185185,short run (<5 clean laps)
FP2,PIA,24,4.0,SOFT,16.0,77.182,0.0067681895093062,short run (<5 clean laps)
FP2,PIA,25,4.0,SOFT,17.0,79.806,0.5057471264367817,traffic (>30% of lap within 60 m of a car)
FP2,PIA,26,4.0,SOFT,18.0,80.635,0.7031746031746032,traffic (>30% of lap within 60 m of a car)
FP2,PIA,28,5.0,MEDIUM,9.0,92.848,0.1309352517985611,pit in/out lap
FP2,PIA,29,5.0,MEDIUM,10.0,133.347,0.0958498023715415,short run (<5 clean laps)
FP2,PIA,30,5.0,MEDIUM,11.0,139.371,0.0296367112810707,short run (<5 clean laps)
FP2,RUS,2,1.0,MEDIUM,2.0,82.176,,no gap-to-car-ahead data
FP2,RUS,3,1.0,MEDIUM,3.0,78.304,,no gap-to-car-ahead data
FP2,RUS,4,1.0,MEDIUM,4.0,75.281,,no gap-to-car-ahead data
FP2,RUS,5,1.0,MEDIUM,5.0,97.214,0.4590846047156727,traffic (>30% of lap within 60 m of a car)
FP2,RUS,6,1.0,MEDIUM,6.0,74.578,,no gap-to-car-ahead data
FP2,RUS,7,1.0,MEDIUM,7.0,114.821,0.5219347581552306,traffic (>30% of lap within 60 m of a car)
FP2,RUS,8,1.0,MEDIUM,8.0,96.614,0.1808219178082191,short run (<5 clean laps)
FP2,RUS,9,1.0,MEDIUM,9.0,76.027,0.0226086956521739,yellow / SC / VSC / red flag
FP2,RUS,12,2.0,SOFT,1.0,84.058,0.0,pit in/out lap
FP2,RUS,13,2.0,SOFT,2.0,79.492,0.0,cool-down / aborted (>105% of run best)
FP2,RUS,14,2.0,SOFT,3.0,77.299,0.0,cool-down / aborted (>105% of run best)
FP2,RUS,15,2.0,SOFT,4.0,101.066,0.0,cool-down / aborted (>105% of run best)
FP2,RUS,16,2.0,SOFT,5.0,73.515,0.0,kept
FP2,RUS,17,2.0,SOFT,6.0,109.067,0.1664564943253468,lap deleted (track limits)
FP2,RUS,18,2.0,SOFT,7.0,83.737,0.0,cool-down / aborted (>105% of run best)
FP2,RUS,19,2.0,SOFT,8.0,80.464,0.2268041237113402,cool-down / aborted (>105% of run best)
FP2,RUS,20,2.0,SOFT,9.0,73.628,0.0074074074074074,kept
FP2,RUS,21,2.0,SOFT,10.0,106.096,0.0583756345177665,lap deleted (track limits)
FP2,RUS,22,2.0,SOFT,11.0,96.472,0.0176630434782608,cool-down / aborted (>105% of run best)
FP2,RUS,23,2.0,SOFT,12.0,87.395,0.0,cool-down / aborted (>105% of run best)
FP2,RUS,24,2.0,SOFT,13.0,73.405,0.0897666068222621,kept
FP2,RUS,26,3.0,SOFT,15.0,95.99,0.0,pit in/out lap
FP2,RUS,27,3.0,SOFT,16.0,78.037,0.0,short run (<5 clean laps)
FP2,RUS,28,3.0,SOFT,17.0,76.274,0.0,short run (<5 clean laps)
FP2,RUS,29,3.0,SOFT,18.0,76.352,0.0909090909090909,short run (<5 clean laps)
FP2,RUS,30,3.0,SOFT,19.0,85.654,0.4726735598227474,yellow / SC / VSC / red flag
FP2,RUS,32,4.0,MEDIUM,21.0,92.092,0.0,pit in/out lap
FP2,RUS,33,4.0,MEDIUM,22.0,129.324,0.0572597137014314,short run (<5 clean laps)
FP2,RUS,34,4.0,MEDIUM,23.0,124.07,0.0,short run (<5 clean laps)
FP2,SAI,1,1.0,MEDIUM,1.0,93.08,0.0,pit in/out lap
FP2,SAI,2,1.0,MEDIUM,2.0,89.718,0.0,cool-down / aborted (>105% of run best)
FP2,SAI,3,1.0,MEDIUM,3.0,80.732,0.0164203612479474,cool-down / aborted (>105% of run best)
FP2,SAI,4,1.0,MEDIUM,4.0,76.575,0.3617391304347826,traffic (>30% of lap within 60 m of a car)
FP2,SAI,5,1.0,MEDIUM,5.0,75.763,0.1972789115646258,kept
FP2,SAI,6,1.0,MEDIUM,6.0,100.376,0.1329856584093872,cool-down / aborted (>105% of run best)
FP2,SAI,7,1.0,MEDIUM,7.0,104.256,0.1544303797468354,cool-down / aborted (>105% of run best)
FP2,SAI,8,1.0,MEDIUM,8.0,104.803,0.2296954314720812,yellow / SC / VSC / red flag
FP2,SAI,9,1.0,MEDIUM,9.0,119.43,0.1471571906354515,pit in/out lap
FP2,SAI,10,2.0,MEDIUM,10.0,103.76,0.2133838383838383,pit in/out lap
FP2,SAI,11,2.0,MEDIUM,11.0,84.579,0.0,lap deleted (track limits)
FP2,SAI,12,2.0,MEDIUM,12.0,79.299,0.0,short run (<5 clean laps)
FP2,SAI,13,2.0,MEDIUM,13.0,75.254,0.0,short run (<5 clean laps)
FP2,SAI,15,3.0,SOFT,1.0,106.856,0.0,pit in/out lap
FP2,SAI,16,3.0,SOFT,2.0,84.111,0.1205564142194745,short run (<5 clean laps)
FP2,SAI,17,3.0,SOFT,3.0,77.61,0.1418803418803418,lap deleted (track limits)
FP2,SAI,18,3.0,SOFT,4.0,74.512,0.1518518518518518,short run (<5 clean laps)
FP2,SAI,19,3.0,SOFT,5.0,97.845,0.0,lap deleted (track limits)
FP2,SAI,20,3.0,SOFT,6.0,87.144,0.164576802507837,short run (<5 clean laps)
FP2,SAI,21,3.0,SOFT,7.0,84.086,0.0,lap deleted (track limits)
FP2,SAI,22,3.0,SOFT,8.0,79.861,0.0360655737704918,lap deleted (track limits)
FP2,SAI,23,3.0,SOFT,9.0,82.204,0.0,short run (<5 clean laps)
FP2,SAI,24,3.0,SOFT,10.0,79.67,0.0,lap deleted (track limits)
FP2,SAI,25,3.0,SOFT,11.0,87.438,0.0,lap deleted (track limits)
FP2,SAI,27,4.0,SOFT,13.0,89.374,0.0131578947368421,pit in/out lap
FP2,SAI,28,4.0,SOFT,14.0,92.331,0.1974431818181818,short run (<5 clean laps)
FP2,SAI,29,4.0,SOFT,15.0,78.588,0.0,short run (<5 clean laps)
FP2,SAI,31,5.0,SOFT,17.0,92.837,0.3506493506493506,pit in/out lap
FP2,SAI,32,5.0,SOFT,18.0,118.983,0.5701657458563536,traffic (>30% of lap within 60 m of a car)
FP2,SAI,33,5.0,SOFT,19.0,124.428,0.0596379126730564,short run (<5 clean laps)
FP2,STR,1,1.0,SOFT,1.0,104.691,0.0337922403003754,pit in/out lap
FP2,STR,2,1.0,SOFT,2.0,82.444,0.2234548335974643,cool-down / aborted (>105% of run best)
FP2,STR,3,1.0,SOFT,3.0,77.875,0.3018867924528302,traffic (>30% of lap within 60 m of a car)
FP2,STR,4,1.0,SOFT,4.0,91.473,0.5087719298245614,traffic (>30% of lap within 60 m of a car)
FP2,STR,5,1.0,SOFT,5.0,77.734,0.2174629324546952,kept
FP2,STR,6,1.0,SOFT,6.0,81.865,0.3732057416267942,lap deleted (track limits)
FP2,STR,7,1.0,SOFT,7.0,76.857,0.0846286701208981,kept
FP2,STR,8,1.0,SOFT,8.0,103.088,0.094147582697201,yellow / SC / VSC / red flag
FP2,STR,9,1.0,SOFT,9.0,149.838,0.7339285714285714,yellow / SC / VSC / red flag
FP2,STR,10,1.0,SOFT,10.0,99.037,0.733957219251337,yellow / SC / VSC / red flag
FP2,STR,11,1.0,SOFT,11.0,84.888,0.0,yellow / SC / VSC / red flag
FP2,STR,12,1.0,SOFT,12.0,78.666,0.0,kept
FP2,STR,13,1.0,SOFT,13.0,77.048,0.0,kept
FP2,STR,14,1.0,SOFT,14.0,77.178,0.1252144082332761,kept
FP2,STR,16,2.0,SOFT,1.0,94.202,0.0979310344827586,pit in/out lap
FP2,STR,17,2.0,SOFT,2.0,83.089,0.05,cool-down / aborted (>105% of run best)
FP2,STR,18,2.0,SOFT,3.0,76.776,0.0440917107583774,kept
FP2,STR,19,2.0,SOFT,4.0,76.244,0.0297723292469352,kept
FP2,STR,20,2.0,SOFT,5.0,91.846,0.0,cool-down / aborted (>105% of run best)
FP2,STR,21,2.0,SOFT,6.0,76.174,0.1495652173913043,kept
FP2,STR,22,2.0,SOFT,7.0,84.599,0.0,cool-down / aborted (>105% of run best)
FP2,STR,23,2.0,SOFT,8.0,76.352,0.1487889273356401,kept
FP2,STR,24,2.0,SOFT,9.0,76.283,0.0153846153846153,kept
FP2,STR,25,2.0,SOFT,10.0,89.618,0.0,cool-down / aborted (>105% of run best)
FP2,STR,26,2.0,SOFT,11.0,77.424,0.0122591943957968,kept
FP2,VER,1,1.0,MEDIUM,1.0,90.99,0.2084548104956268,pit in/out lap
FP2,VER,2,1.0,MEDIUM,2.0,84.039,0.3744292237442922,traffic (>30% of lap within 60 m of a car)
FP2,VER,3,1.0,MEDIUM,3.0,75.933,0.0367775831873905,short run (<5 clean laps)
FP2,VER,4,1.0,MEDIUM,4.0,74.96,0.3979057591623036,traffic (>30% of lap within 60 m of a car)
FP2,VER,5,1.0,MEDIUM,5.0,99.584,0.5602165087956699,traffic (>30% of lap within 60 m of a car)
FP2,VER,6,1.0,MEDIUM,6.0,82.612,0.0815047021943573,short run (<5 clean laps)
FP2,VER,7,1.0,MEDIUM,7.0,74.008,0.7328646748681898,traffic (>30% of lap within 60 m of a car)
FP2,VER,8,1.0,MEDIUM,8.0,91.545,,no gap-to-car-ahead data
FP2,VER,9,1.0,MEDIUM,9.0,74.175,,no gap-to-car-ahead data
FP2,VER,11,2.0,SOFT,1.0,85.669,0.0,pit in/out lap
FP2,VER,12,2.0,SOFT,2.0,77.529,0.0170357751277683,cool-down / aborted (>105% of run best)
FP2,VER,13,2.0,SOFT,3.0,73.902,0.1749539594843462,kept
FP2,VER,14,2.0,SOFT,4.0,73.467,0.0,kept
FP2,VER,15,2.0,SOFT,5.0,100.628,0.0340599455040872,lap deleted (track limits)
FP2,VER,16,2.0,SOFT,6.0,85.399,0.0211038961038961,cool-down / aborted (>105% of run best)
FP2,VER,17,2.0,SOFT,7.0,73.5,0.0519480519480519,kept
FP2,VER,18,2.0,SOFT,8.0,80.66,0.0161290322580645,cool-down / aborted (>105% of run best)
FP2,VER,19,2.0,SOFT,9.0,73.194,0.0166666666666666,kept
FP2,VER,21,3.0,SOFT,11.0,87.053,0.0,pit in/out lap
FP2,VER,22,3.0,SOFT,12.0,77.705,0.3141891891891892,traffic (>30% of lap within 60 m of a car)
FP2,VER,23,3.0,SOFT,13.0,76.701,0.0,kept
FP2,VER,24,3.0,SOFT,14.0,76.439,0.0,kept
FP2,VER,25,3.0,SOFT,15.0,76.466,0.047787610619469,kept
FP2,VER,26,3.0,SOFT,16.0,76.469,0.0,kept
FP2,VER,27,3.0,SOFT,17.0,76.347,0.0699658703071672,kept
FP2,VER,28,3.0,SOFT,18.0,76.577,0.0,kept
FP2,VER,29,3.0,SOFT,19.0,76.91,0.0,kept
FP2,VER,30,3.0,SOFT,20.0,101.073,0.0545454545454545,pit in/out lap
FP2,VER,32,5.0,MEDIUM,12.0,87.232,0.0,pit in/out lap
FP2,VER,33,5.0,MEDIUM,13.0,132.641,0.3896103896103896,traffic (>30% of lap within 60 m of a car)
FP2,VER,34,5.0,MEDIUM,14.0,127.988,0.0218522372528616,short run (<5 clean laps)
FP3,ALB,1,1.0,SOFT,1.0,93.749,0.0,pit in/out lap
FP3,ALB,2,1.0,SOFT,2.0,81.37,0.2224025974025974,cool-down / aborted (>105% of run best)
FP3,ALB,3,1.0,SOFT,3.0,75.493,0.0321428571428571,kept
FP3,ALB,4,1.0,SOFT,4.0,99.976,0.0,cool-down / aborted (>105% of run best)
FP3,ALB,5,1.0,SOFT,5.0,75.245,0.1345132743362831,kept
FP3,ALB,6,1.0,SOFT,6.0,104.614,0.0112923462986198,cool-down / aborted (>105% of run best)
FP3,ALB,7,1.0,SOFT,7.0,86.625,0.0671755725190839,cool-down / aborted (>105% of run best)
FP3,ALB,8,1.0,SOFT,8.0,74.801,0.0246913580246913,kept
FP3,ALB,9,1.0,SOFT,9.0,99.085,0.0738255033557047,cool-down / aborted (>105% of run best)
FP3,ALB,10,1.0,SOFT,10.0,80.9,0.0349417637271214,cool-down / aborted (>105% of run best)
FP3,ALB,11,1.0,SOFT,11.0,105.682,0.0807453416149068,yellow / SC / VSC / red flag
FP3,ALB,12,1.0,SOFT,12.0,75.089,0.099644128113879,kept
FP3,ALB,13,1.0,SOFT,13.0,99.302,0.4312056737588652,traffic (>30% of lap within 60 m of a car)
FP3,ALB,14,1.0,SOFT,14.0,87.683,0.0,cool-down / aborted (>105% of run best)
FP3,ALB,15,1.0,SOFT,15.0,93.942,0.0,cool-down / aborted (>105% of run best)
FP3,ALB,17,2.0,SOFT,1.0,93.254,0.2164502164502164,pit in/out lap
FP3,ALB,18,2.0,SOFT,2.0,87.571,0.0150375939849624,short run (<5 clean laps)
FP3,ALB,20,3.0,SOFT,4.0,92.095,0.0,pit in/out lap
FP3,ALB,21,3.0,SOFT,5.0,79.229,0.0,short run (<5 clean laps)
FP3,ALB,22,3.0,SOFT,6.0,126.194,0.4919614147909968,lap deleted (track limits)
FP3,ALB,23,3.0,SOFT,7.0,118.67,0.0336225596529284,short run (<5 clean laps)
FP3,ALO,1,1.0,SOFT,1.0,89.244,0.0,pit in/out lap
FP3,ALO,2,1.0,SOFT,2.0,81.963,0.0,cool-down / aborted (>105% of run best)
FP3,ALO,3,1.0,SOFT,3.0,76.954,0.0,kept
FP3,ALO,4,1.0,SOFT,4.0,86.096,0.0,cool-down / aborted (>105% of run best)
FP3,ALO,5,1.0,SOFT,5.0,81.219,0.0,cool-down / aborted (>105% of run best)
FP3,ALO,6,1.0,SOFT,6.0,76.401,0.0,kept
FP3,ALO,7,1.0,SOFT,7.0,93.277,0.0439716312056737,cool-down / aborted (>105% of run best)
FP3,ALO,8,1.0,SOFT,8.0,83.731,0.0144,cool-down / aborted (>105% of run best)
FP3,ALO,9,1.0,SOFT,9.0,96.034,0.518005540166205,traffic (>30% of lap within 60 m of a car)
FP3,ALO,10,1.0,SOFT,10.0,76.412,0.0,kept
FP3,ALO,12,2.0,SOFT,12.0,89.459,0.2129221732745961,pit in/out lap
FP3,ALO,13,2.0,SOFT,13.0,88.641,0.4170403587443946,traffic (>30% of lap within 60 m of a car)
FP3,ALO,14,2.0,SOFT,14.0,76.529,0.0957642725598526,kept
FP3,ALO,15,2.0,SOFT,15.0,94.61,0.0,cool-down / aborted (>105% of run best)
FP3,ALO,16,2.0,SOFT,16.0,81.397,0.1362126245847176,cool-down / aborted (>105% of run best)
FP3,ALO,17,2.0,SOFT,17.0,85.656,0.0,cool-down / aborted (>105% of run best)
FP3,ALO,18,2.0,SOFT,18.0,76.219,0.0,kept
FP3,ALO,20,3.0,SOFT,1.0,86.881,0.0509745127436281,pit in/out lap
FP3,ALO,22,4.0,SOFT,3.0,92.111,0.0,pit in/out lap
FP3,ALO,23,4.0,SOFT,4.0,82.582,0.0,short run (<5 clean laps)
FP3,ALO,24,4.0,SOFT,5.0,75.567,0.0,short run (<5 clean laps)
FP3,ALO,25,4.0,SOFT,6.0,142.865,0.0146923783287419,short run (<5 clean laps)
FP3,ANT,1,1.0,SOFT,1.0,88.317,0.1645962732919254,pit in/out lap
FP3,ANT,2,1.0,SOFT,2.0,87.045,0.2694063926940639,short run (<5 clean laps)
FP3,ANT,3,1.0,SOFT,3.0,74.222,0.1115107913669064,short run (<5 clean laps)
FP3,ANT,4,1.0,SOFT,4.0,108.36,0.0485436893203883,short run (<5 clean laps)
FP3,ANT,5,1.0,SOFT,5.0,73.374,0.043557168784029,short run (<5 clean laps)
FP3,ANT,6,1.0,SOFT,6.0,114.981,0.2169919632606199,pit in/out lap
FP3,ANT,7,2.0,SOFT,7.0,87.04,0.0,pit in/out lap
FP3,ANT,8,2.0,SOFT,8.0,73.137,0.1792618629173989,short run (<5 clean laps)
FP3,ANT,9,2.0,SOFT,9.0,91.976,0.0,short run (<5 clean laps)
FP3,ANT,10,2.0,SOFT,10.0,77.027,0.2413793103448276,short run (<5 clean laps)
FP3,ANT,11,2.0,SOFT,11.0,89.982,0.007396449704142,yellow / SC / VSC / red flag
FP3,ANT,13,3.0,SOFT,1.0,84.298,0.018808777429467,pit in/out lap
FP3,ANT,14,3.0,SOFT,2.0,78.443,0.0,short run (<5 clean laps)
FP3,ANT,15,3.0,SOFT,3.0,72.72,0.0018248175182481,short run (<5 clean laps)
FP3,ANT,16,3.0,SOFT,4.0,95.385,0.0,short run (<5 clean laps)
FP3,ANT,17,3.0,SOFT,5.0,86.875,0.0,short run (<5 clean laps)
FP3,ANT,18,3.0,SOFT,6.0,72.935,0.0786713286713286,yellow / SC / VSC / red flag
FP3,ANT,20,4.0,SOFT,8.0,96.083,0.0659186535764375,pit in/out lap
FP3,ANT,21,4.0,SOFT,9.0,138.424,0.0500472143531633,short run (<5 clean laps)
FP3,BEA,1,1.0,SOFT,1.0,97.652,0.0,pit in/out lap
FP3,BEA,2,1.0,SOFT,2.0,88.439,0.4188790560471976,traffic (>30% of lap within 60 m of a car)
FP3,BEA,3,1.0,SOFT,3.0,76.024,0.0627240143369175,kept
FP3,BEA,4,1.0,SOFT,4.0,96.403,0.3887362637362637,traffic (>30% of lap within 60 m of a car)
FP3,BEA,5,1.0,SOFT,5.0,75.131,0.1134751773049645,kept
FP3,BEA,6,1.0,SOFT,6.0,98.292,0.0240963855421686,cool-down / aborted (>105% of run best)
FP3,BEA,7,1.0,SOFT,7.0,74.825,0.0262697022767075,kept
FP3,BEA,8,1.0,SOFT,8.0,96.044,0.0,cool-down / aborted (>105% of run best)
FP3,BEA,9,1.0,SOFT,9.0,74.943,0.2070175438596491,kept
FP3,BEA,10,1.0,SOFT,10.0,102.071,0.0860077021822849,cool-down / aborted (>105% of run best)
FP3,BEA,11,1.0,SOFT,11.0,75.085,0.1256732495511669,kept
FP3,BEA,13,2.0,SOFT,1.0,88.519,0.0,pit in/out lap
FP3,BEA,14,2.0,SOFT,2.0,79.698,0.0462046204620462,short run (<5 clean laps)
FP3,BEA,15,2.0,SOFT,3.0,74.487,0.1982300884955752,short run (<5 clean laps)
FP3,BEA,16,2.0,SOFT,4.0,103.833,0.1452442159383033,lap deleted (track limits)
FP3,BEA,17,2.0,SOFT,5.0,89.619,0.4970588235294118,traffic (>30% of lap within 60 m of a car)
FP3,BOR,1,1.0,SOFT,1.0,95.547,0.0,pit in/out lap
FP3,BOR,2,1.0,SOFT,2.0,81.824,0.0322061191626409,cool-down / aborted (>105% of run best)
FP3,BOR,3,1.0,SOFT,3.0,75.37,0.1294326241134751,kept
FP3,BOR,4,1.0,SOFT,4.0,98.783,0.0,cool-down / aborted (>105% of run best)
FP3,BOR,5,1.0,SOFT,5.0,85.32,0.166407465007776,cool-down / aborted (>105% of run best)
FP3,BOR,6,1.0,SOFT,6.0,75.075,0.0,kept
FP3,BOR,7,1.0,SOFT,7.0,108.868,0.1419902912621359,pit in/out lap
FP3,BOR,8,2.0,SOFT,8.0,89.743,0.0364963503649635,pit in/out lap
FP3,BOR,9,2.0,SOFT,9.0,74.781,0.0917266187050359,kept
FP3,BOR,10,2.0,SOFT,10.0,94.946,0.0619834710743801,lap deleted (track limits)
FP3,BOR,11,2.0,SOFT,11.0,74.129,0.078853046594982,kept
FP3,BOR,12,2.0,SOFT,12.0,102.389,0.0543337645536869,cool-down / aborted (>105% of run best)
FP3,BOR,13,2.0,SOFT,13.0,89.345,0.2020802377414561,cool-down / aborted (>105% of run best)
FP3,BOR,14,2.0,SOFT,14.0,75.029,0.0,kept
FP3,BOR,15,2.0,SOFT,15.0,95.87,0.0834492350486787,yellow / SC / VSC / red flag
FP3,BOR,16,2.0,SOFT,16.0,74.185,0.0,kept
FP3,BOR,18,3.0,SOFT,1.0,93.977,0.0709219858156028,pit in/out lap
FP3,BOR,19,3.0,SOFT,2.0,90.959,0.2449856733524355,lap deleted (track limits)
FP3,BOR,20,3.0,SOFT,3.0,76.376,0.2804878048780488,short run (<5 clean laps)
FP3,BOR,21,3.0,SOFT,4.0,73.82,0.0,short run (<5 clean laps)
FP3,BOR,23,4.0,SOFT,6.0,89.834,0.0,pit in/out lap
FP3,BOR,24,4.0,SOFT,7.0,88.102,0.0,lap deleted (track limits)
FP3,BOR,25,4.0,SOFT,8.0,74.639,0.0,short run (<5 clean laps)
FP3,BOR,26,4.0,SOFT,9.0,133.923,0.0205882352941176,short run (<5 clean laps)
FP3,BOT,1,1.0,SOFT,1.0,98.976,0.2013333333333333,pit in/out lap
FP3,BOT,2,1.0,SOFT,2.0,81.115,0.0,short run (<5 clean laps)
FP3,BOT,3,1.0,SOFT,3.0,77.706,0.0,short run (<5 clean laps)
FP3,BOT,5,2.0,SOFT,5.0,97.778,0.2947510094212651,pit in/out lap
FP3,BOT,6,2.0,SOFT,6.0,78.472,0.0168350168350168,kept
FP3,BOT,7,2.0,SOFT,7.0,76.434,0.1514629948364888,kept
FP3,BOT,8,2.0,SOFT,8.0,98.473,0.0241610738255033,cool-down / aborted (>105% of run best)
FP3,BOT,9,2.0,SOFT,9.0,76.083,0.0426621160409556,kept
FP3,BOT,10,2.0,SOFT,10.0,94.984,0.0920679886685552,cool-down / aborted (>105% of run best)
FP3,BOT,11,2.0,SOFT,11.0,76.391,0.4226086956521739,traffic (>30% of lap within 60 m of a car)
FP3,BOT,13,3.0,SOFT,1.0,91.004,0.0121212121212121,pit in/out lap
FP3,BOT,14,3.0,SOFT,2.0,83.706,0.4700315457413249,traffic (>30% of lap within 60 m of a car)
FP3,BOT,15,3.0,SOFT,3.0,75.451,0.0,short run (<5 clean laps)
FP3,BOT,16,3.0,SOFT,4.0,135.522,0.0629921259842519,short run (<5 clean laps)
FP3,COL,1,1.0,SOFT,1.0,100.883,0.4643799472295514,pit in/out lap
FP3,COL,2,1.0,SOFT,2.0,89.111,0.2352071005917159,lap deleted (track limits)
FP3,COL,3,1.0,SOFT,3.0,78.019,0.0268456375838926,kept
FP3,COL,4,1.0,SOFT,4.0,76.317,0.0247349823321554,kept
FP3,COL,5,1.0,SOFT,5.0,99.284,0.2298546895640686,cool-down / aborted (>105% of run best)
FP3,COL,6,1.0,SOFT,6.0,75.83,0.0,kept
FP3,COL,7,1.0,SOFT,7.0,103.642,0.090676883780332,cool-down / aborted (>105% of run best)
FP3,COL,8,1.0,SOFT,8.0,76.96,0.7105263157894737,traffic (>30% of lap within 60 m of a car)
FP3,COL,9,1.0,SOFT,9.0,98.882,0.1038107752956636,cool-down / aborted (>105% of run best)
FP3,COL,10,1.0,SOFT,10.0,75.182,0.0,kept
FP3,COL,11,1.0,SOFT,11.0,106.597,0.1186650185414091,cool-down / aborted (>105% of run best)
FP3,COL,12,1.0,SOFT,12.0,75.713,0.0,kept
FP3,COL,13,1.0,SOFT,13.0,94.466,0.1781767955801105,cool-down / aborted (>105% of run best)
FP3,COL,14,1.0,SOFT,14.0,75.466,0.0,kept
FP3,COL,15,1.0,SOFT,15.0,100.13,0.0,cool-down / aborted (>105% of run best)
FP3,COL,17,2.0,SOFT,1.0,90.997,0.0119581464872944,pit in/out lap
FP3,COL,18,2.0,SOFT,2.0,83.674,0.1126984126984127,short run (<5 clean laps)
FP3,COL,19,2.0,SOFT,3.0,75.179,0.0,short run (<5 clean laps)
FP3,COL,20,2.0,SOFT,4.0,119.73,0.3530066815144766,traffic (>30% of lap within 60 m of a car)
FP3,GAS,1,1.0,SOFT,1.0,91.851,0.2254335260115607,pit in/out lap
FP3,GAS,2,1.0,SOFT,2.0,91.372,0.2463126843657817,cool-down / aborted (>105% of run best)
FP3,GAS,3,1.0,SOFT,3.0,76.811,0.3079584775086505,traffic (>30% of lap within 60 m of a car)
FP3,GAS,4,1.0,SOFT,4.0,75.282,0.074074074074074,kept
FP3,GAS,5,1.0,SOFT,5.0,105.644,0.0,lap deleted (track limits)
FP3,GAS,6,1.0,SOFT,6.0,85.838,0.0167682926829268,cool-down / aborted (>105% of run best)
FP3,GAS,7,1.0,SOFT,7.0,74.522,0.0088809946714031,kept
FP3,GAS,8,1.0,SOFT,8.0,98.435,0.1306666666666666,cool-down / aborted (>105% of run best)
FP3,GAS,9,1.0,SOFT,9.0,74.737,0.0486486486486486,kept
FP3,GAS,10,1.0,SOFT,10.0,102.489,0.0179487179487179,cool-down / aborted (>105% of run best)
FP3,GAS,11,1.0,SOFT,11.0,74.48,0.0179533213644524,kept
FP3,GAS,12,1.0,SOFT,12.0,99.371,0.0427236315086782,cool-down / aborted (>105% of run best)
FP3,GAS,13,1.0,SOFT,13.0,86.608,0.4755351681957186,yellow / SC / VSC / red flag
FP3,GAS,14,1.0,SOFT,14.0,75.129,0.0,kept
FP3,GAS,16,2.0,SOFT,1.0,86.781,0.0,pit in/out lap
FP3,GAS,18,3.0,SOFT,3.0,91.239,0.0119225037257824,pit in/out lap
FP3,GAS,19,3.0,SOFT,4.0,82.817,0.2813504823151125,short run (<5 clean laps)
FP3,GAS,20,3.0,SOFT,5.0,75.093,0.0,short run (<5 clean laps)
FP3,GAS,21,3.0,SOFT,6.0,136.162,0.0117302052785923,short run (<5 clean laps)
FP3,HAD,1,1.0,SOFT,1.0,88.393,0.0162481536189069,pit in/out lap
FP3,HAD,2,1.0,SOFT,2.0,80.409,0.0,short run (<5 clean laps)
FP3,HAD,3,1.0,SOFT,3.0,74.793,0.0215439856373429,short run (<5 clean laps)
FP3,HAD,4,1.0,SOFT,4.0,74.613,0.0640569395017793,short run (<5 clean laps)
FP3,HAD,5,1.0,SOFT,5.0,116.437,0.2352272727272727,pit in/out lap
FP3,HAD,6,2.0,SOFT,6.0,90.448,0.0583090379008746,pit in/out lap
FP3,HAD,7,2.0,SOFT,7.0,74.404,0.1459074733096085,kept
FP3,HAD,8,2.0,SOFT,8.0,87.099,0.0633484162895927,cool-down / aborted (>105% of run best)
FP3,HAD,9,2.0,SOFT,9.0,74.233,0.1052631578947368,kept
FP3,HAD,10,2.0,SOFT,10.0,84.839,0.2938388625592417,cool-down / aborted (>105% of run best)
FP3,HAD,11,2.0,SOFT,11.0,75.992,0.0998248686514886,kept
FP3,HAD,12,2.0,SOFT,12.0,75.596,0.1045296167247386,kept
FP3,HAD,13,2.0,SOFT,13.0,81.225,0.7068403908794788,yellow / SC / VSC / red flag
FP3,HAD,14,2.0,SOFT,14.0,75.719,0.4766187050359712,traffic (>30% of lap within 60 m of a car)
FP3,HAD,16,3.0,SOFT,1.0,90.543,0.0,pit in/out lap
FP3,HAD,17,3.0,SOFT,2.0,82.051,0.0,short run (<5 clean laps)
FP3,HAD,18,3.0,SOFT,3.0,73.877,0.0,short run (<5 clean laps)
FP3,HAD,19,3.0,SOFT,4.0,106.398,0.1517067003792667,pit in/out lap
FP3,HAD,21,5.0,SOFT,6.0,92.193,0.0,pit in/out lap
FP3,HAD,22,5.0,SOFT,7.0,76.853,0.0,short run (<5 clean laps)
FP3,HAD,23,5.0,SOFT,8.0,73.96,0.0,short run (<5 clean laps)
FP3,HAD,24,5.0,SOFT,9.0,136.081,0.0491329479768786,short run (<5 clean laps)
FP3,HAM,1,1.0,SOFT,1.0,99.13,,pit in/out lap
FP3,HAM,2,1.0,SOFT,2.0,82.231,,no gap-to-car-ahead data
FP3,HAM,3,1.0,SOFT,3.0,75.246,,no gap-to-car-ahead data
FP3,HAM,4,1.0,SOFT,4.0,111.026,0.5216346153846154,lap deleted (track limits)
FP3,HAM,5,1.0,SOFT,5.0,84.178,0.0171073094867807,cool-down / aborted (>105% of run best)
FP3,HAM,6,1.0,SOFT,6.0,74.39,0.0,kept
FP3,HAM,7,1.0,SOFT,7.0,109.319,0.1825980392156862,cool-down / aborted (>105% of run best)
FP3,HAM,8,1.0,SOFT,8.0,96.551,0.1781767955801105,cool-down / aborted (>105% of run best)
FP3,HAM,9,1.0,SOFT,9.0,84.608,0.0,cool-down / aborted (>105% of run best)
FP3,HAM,10,1.0,SOFT,10.0,74.003,0.0,kept
FP3,HAM,11,1.0,SOFT,11.0,78.935,0.0,cool-down / aborted (>105% of run best)
FP3,HAM,12,1.0,SOFT,12.0,75.747,0.0913793103448275,kept
FP3,HAM,13,1.0,SOFT,13.0,75.422,0.1273996509598604,kept
FP3,HAM,14,1.0,SOFT,14.0,75.512,0.9601386481802426,traffic (>30% of lap within 60 m of a car)
FP3,HAM,15,1.0,SOFT,15.0,75.358,,no gap-to-car-ahead data
FP3,HAM,16,1.0,SOFT,16.0,75.61,,no gap-to-car-ahead data
FP3,HAM,17,1.0,SOFT,17.0,107.757,0.8483353884093712,pit in/out lap
FP3,HAM,18,2.0,SOFT,18.0,107.766,0.1795817958179582,pit in/out lap
FP3,HAM,19,2.0,SOFT,19.0,100.69,0.6719787516600265,lap deleted (track limits)
FP3,HAM,20,2.0,SOFT,20.0,80.104,,no gap-to-car-ahead data
FP3,HAM,22,3.0,SOFT,1.0,93.751,0.5424929178470255,pit in/out lap
FP3,HAM,23,3.0,SOFT,2.0,88.726,0.0989660265878877,short run (<5 clean laps)
FP3,HAM,24,3.0,SOFT,3.0,85.698,0.0201550387596899,short run (<5 clean laps)
FP3,HAM,25,3.0,SOFT,4.0,73.051,0.0,short run (<5 clean laps)
FP3,HAM,27,4.0,SOFT,6.0,93.959,0.6841359773371105,pit in/out lap
FP3,HAM,28,4.0,SOFT,7.0,88.328,0.0091047040971168,short run (<5 clean laps)
FP3,HAM,29,4.0,SOFT,8.0,124.339,0.0,short run (<5 clean laps)
FP3,HUL,1,1.0,SOFT,1.0,94.735,0.3628571428571429,lap deleted (track limits)
FP3,HUL,2,1.0,SOFT,2.0,83.117,0.1091772151898734,cool-down / aborted (>105% of run best)
FP3,HUL,3,1.0,SOFT,3.0,74.983,0.0,kept
FP3,HUL,4,1.0,SOFT,4.0,101.225,0.0701986754966887,cool-down / aborted (>105% of run best)
FP3,HUL,5,1.0,SOFT,5.0,74.653,0.0254083484573502,kept
FP3,HUL,6,1.0,SOFT,6.0,103.566,0.0,lap deleted (track limits)
FP3,HUL,7,1.0,SOFT,7.0,74.459,0.0851063829787234,kept
FP3,HUL,8,1.0,SOFT,8.0,106.224,0.0159705159705159,cool-down / aborted (>105% of run best)
FP3,HUL,9,1.0,SOFT,9.0,89.048,0.1080669710806697,cool-down / aborted (>105% of run best)
FP3,HUL,10,1.0,SOFT,10.0,74.826,0.0469565217391304,kept
FP3,HUL,12,2.0,SOFT,1.0,91.286,0.0,pit in/out lap
FP3,HUL,13,2.0,SOFT,2.0,82.005,0.0193548387096774,short run (<5 clean laps)
FP3,HUL,14,2.0,SOFT,3.0,74.218,0.0,short run (<5 clean laps)
FP3,HUL,15,2.0,SOFT,4.0,105.333,0.0129198966408268,short run (<5 clean laps)
FP3,HUL,16,2.0,SOFT,5.0,74.05,0.0862068965517241,yellow / SC / VSC / red flag
FP3,HUL,18,3.0,SOFT,7.0,90.792,0.0,pit in/out lap
FP3,HUL,19,3.0,SOFT,8.0,81.454,0.1270358306188925,short run (<5 clean laps)
FP3,HUL,20,3.0,SOFT,9.0,74.311,0.1906474820143885,short run (<5 clean laps)
FP3,HUL,21,3.0,SOFT,10.0,140.102,0.0501419110690633,short run (<5 clean laps)
FP3,LAW,1,1.0,SOFT,1.0,91.258,0.0,pit in/out lap
FP3,LAW,2,1.0,SOFT,2.0,77.223,0.0,short run (<5 clean laps)
FP3,LAW,3,1.0,SOFT,3.0,75.509,0.0,short run (<5 clean laps)
FP3,LAW,4,1.0,SOFT,4.0,92.31,0.0128022759601706,short run (<5 clean laps)
FP3,LAW,5,1.0,SOFT,5.0,75.479,0.0698080279232111,short run (<5 clean laps)
FP3,LAW,6,1.0,SOFT,6.0,115.742,0.246590909090909,pit in/out lap
FP3,LAW,7,2.0,SOFT,7.0,90.822,0.0,pit in/out lap
FP3,LAW,8,2.0,SOFT,8.0,74.975,0.1576086956521739,short run (<5 clean laps)
FP3,LAW,10,3.0,SOFT,10.0,93.908,0.1902097902097902,pit in/out lap
FP3,LAW,11,3.0,SOFT,11.0,86.596,0.1049382716049382,cool-down / aborted (>105% of run best)
FP3,LAW,12,3.0,SOFT,12.0,82.641,0.0575079872204472,cool-down / aborted (>105% of run best)
FP3,LAW,13,3.0,SOFT,13.0,74.587,0.0354609929078014,kept
FP3,LAW,14,3.0,SOFT,14.0,97.098,0.0568654646324549,cool-down / aborted (>105% of run best)
FP3,LAW,15,3.0,SOFT,15.0,82.711,0.0559105431309904,yellow / SC / VSC / red flag
FP3,LAW,16,3.0,SOFT,16.0,96.201,0.20109439124487,lap deleted (track limits)
FP3,LAW,17,3.0,SOFT,17.0,84.215,0.0,cool-down / aborted (>105% of run best)
FP3,LAW,18,3.0,SOFT,18.0,75.678,0.0,kept
FP3,LAW,19,3.0,SOFT,19.0,113.515,0.7488095238095238,pit in/out lap
FP3,LAW,20,4.0,SOFT,20.0,84.784,,pit in/out lap
FP3,LAW,21,4.0,SOFT,21.0,77.275,,no gap-to-car-ahead data
FP3,LAW,24,6.0,SOFT,2.0,90.686,0.0,pit in/out lap
FP3,LAW,25,6.0,SOFT,3.0,76.584,0.0,short run (<5 clean laps)
FP3,LAW,26,6.0,SOFT,4.0,130.298,0.0,short run (<5 clean laps)
FP3,LEC,1,1.0,SOFT,1.0,97.652,0.0,pit in/out lap
FP3,LEC,2,1.0,SOFT,2.0,83.184,0.0,cool-down / aborted (>105% of run best)
FP3,LEC,3,1.0,SOFT,3.0,75.184,0.0,kept
FP3,LEC,4,1.0,SOFT,4.0,81.509,0.7950819672131147,traffic (>30% of lap within 60 m of a car)
FP3,LEC,5,1.0,SOFT,5.0,76.505,,lap deleted (track limits)
FP3,LEC,6,1.0,SOFT,6.0,75.118,,no gap-to-car-ahead data
FP3,LEC,7,1.0,SOFT,7.0,76.759,,no gap-to-car-ahead data
FP3,LEC,8,1.0,SOFT,8.0,76.107,,no gap-to-car-ahead data
FP3,LEC,9,1.0,SOFT,9.0,106.541,0.2319391634980988,cool-down / aborted (>105% of run best)
FP3,LEC,10,1.0,SOFT,10.0,96.468,0.5193370165745856,traffic (>30% of lap within 60 m of a car)
FP3,LEC,11,1.0,SOFT,11.0,73.748,,no gap-to-car-ahead data
FP3,LEC,12,1.0,SOFT,12.0,110.466,0.3197604790419162,traffic (>30% of lap within 60 m of a car)
FP3,LEC,13,1.0,SOFT,13.0,73.981,,no gap-to-car-ahead data
FP3,LEC,14,1.0,SOFT,14.0,103.186,0.2503192848020434,cool-down / aborted (>105% of run best)
FP3,LEC,15,1.0,SOFT,15.0,73.355,0.0,kept
FP3,LEC,16,1.0,SOFT,16.0,104.849,0.2321204516938519,cool-down / aborted (>105% of run best)
FP3,LEC,17,1.0,SOFT,17.0,116.711,0.1492537313432835,pit in/out lap
FP3,LEC,18,2.0,SOFT,18.0,89.938,0.0380673499267935,pit in/out lap
FP3,LEC,19,2.0,SOFT,19.0,83.383,0.0,yellow / SC / VSC / red flag
FP3,LEC,20,2.0,SOFT,20.0,73.394,0.0,short run (<5 clean laps)
FP3,LEC,22,3.0,SOFT,1.0,89.495,0.0,pit in/out lap
FP3,LEC,23,3.0,SOFT,2.0,79.184,,no gap-to-car-ahead data
FP3,LEC,24,3.0,SOFT,3.0,75.901,,no gap-to-car-ahead data
FP3,LEC,25,3.0,SOFT,4.0,104.803,0.440721649484536,traffic (>30% of lap within 60 m of a car)
FP3,LEC,26,3.0,SOFT,5.0,73.047,,no gap-to-car-ahead data
FP3,LEC,28,4.0,SOFT,7.0,95.909,,pit in/out lap
FP3,LEC,29,4.0,SOFT,8.0,77.904,1.0,traffic (>30% of lap within 60 m of a car)
FP3,LEC,30,4.0,SOFT,9.0,75.313,,no gap-to-car-ahead data
FP3,LEC,31,4.0,SOFT,10.0,139.984,1.0,traffic (>30% of lap within 60 m of a car)
FP3,LIN,1,1.0,SOFT,1.0,102.213,0.0,pit in/out lap
FP3,LIN,2,1.0,SOFT,2.0,79.867,0.0,short run (<5 clean laps)
FP3,LIN,3,1.0,SOFT,3.0,75.57,0.0,short run (<5 clean laps)
FP3,LIN,4,1.0,SOFT,4.0,119.33,0.1167400881057268,pit in/out lap
FP3,LIN,5,2.0,SOFT,5.0,88.284,0.0,pit in/out lap
FP3,LIN,6,2.0,SOFT,6.0,75.21,0.2196428571428571,kept
FP3,LIN,7,2.0,SOFT,7.0,105.533,0.0890840652446675,cool-down / aborted (>105% of run best)
FP3,LIN,8,2.0,SOFT,8.0,93.346,0.0335664335664335,cool-down / aborted (>105% of run best)
FP3,LIN,9,2.0,SOFT,9.0,75.44,0.0,kept
FP3,LIN,10,2.0,SOFT,10.0,110.518,0.3136094674556213,lap deleted (track limits)
FP3,LIN,11,2.0,SOFT,11.0,106.457,0.1864197530864197,cool-down / aborted (>105% of run best)
FP3,LIN,13,3.0,SOFT,13.0,92.831,0.2263313609467455,pit in/out lap
FP3,LIN,14,3.0,SOFT,14.0,80.442,0.0068143100511073,short run (<5 clean laps)
FP3,LIN,15,3.0,SOFT,15.0,74.918,0.0,short run (<5 clean laps)
FP3,LIN,16,3.0,SOFT,16.0,107.245,0.1275510204081632,short run (<5 clean laps)
FP3,LIN,17,3.0,SOFT,17.0,75.316,0.0,short run (<5 clean laps)
FP3,LIN,20,5.0,SOFT,2.0,92.181,0.0,pit in/out lap
FP3,LIN,21,5.0,SOFT,3.0,79.905,0.0165289256198347,short run (<5 clean laps)
FP3,LIN,22,5.0,SOFT,4.0,75.281,0.0732142857142857,short run (<5 clean laps)
FP3,LIN,23,5.0,SOFT,5.0,146.988,0.052914798206278,short run (<5 clean laps)
FP3,NOR,1,1.0,SOFT,1.0,91.362,0.0,pit in/out lap
FP3,NOR,2,1.0,SOFT,2.0,79.04,0.0392798690671031,cool-down / aborted (>105% of run best)
FP3,NOR,3,1.0,SOFT,3.0,75.176,0.0,kept
FP3,NOR,4,1.0,SOFT,4.0,86.062,0.0,cool-down / aborted (>105% of run best)
FP3,NOR,5,1.0,SOFT,5.0,74.375,0.1572212065813528,kept
FP3,NOR,6,1.0,SOFT,6.0,98.464,0.3117408906882591,traffic (>30% of lap within 60 m of a car)
FP3,NOR,7,1.0,SOFT,7.0,74.174,0.0,kept
FP3,NOR,8,1.0,SOFT,8.0,117.602,0.1096196868008948,pit in/out lap
FP3,NOR,9,2.0,SOFT,9.0,90.645,0.0659824046920821,pit in/out lap
FP3,NOR,10,2.0,SOFT,10.0,78.754,0.0232558139534883,cool-down / aborted (>105% of run best)
FP3,NOR,11,2.0,SOFT,11.0,74.415,0.0,lap deleted (track limits)
FP3,NOR,12,2.0,SOFT,12.0,85.834,0.0,cool-down / aborted (>105% of run best)
FP3,NOR,13,2.0,SOFT,13.0,74.262,0.0413669064748201,kept
FP3,NOR,14,2.0,SOFT,14.0,88.925,0.0,cool-down / aborted (>105% of run best)
FP3,NOR,15,2.0,SOFT,15.0,74.006,0.0787119856887298,kept
FP3,NOR,17,3.0,SOFT,1.0,86.092,0.0,lap deleted (track limits)
FP3,NOR,18,3.0,SOFT,2.0,80.936,0.0231788079470198,short run (<5 clean laps)
FP3,NOR,19,3.0,SOFT,3.0,81.216,0.0211382113821138,lap deleted (track limits)
FP3,NOR,21,4.0,SOFT,5.0,103.141,0.2613195342820181,pit in/out lap
FP3,NOR,22,4.0,SOFT,6.0,76.256,0.2473309608540925,lap deleted (track limits)
FP3,NOR,23,4.0,SOFT,7.0,137.154,0.3557046979865771,traffic (>30% of lap within 60 m of a car)
FP3,OCO,1,1.0,SOFT,1.0,97.003,0.2122448979591836,pit in/out lap
FP3,OCO,2,1.0,SOFT,2.0,82.669,0.232114467408585,cool-down / aborted (>105% of run best)
FP3,OCO,3,1.0,SOFT,3.0,76.223,0.0897887323943662,kept
FP3,OCO,4,1.0,SOFT,4.0,92.774,0.5291607396870555,lap deleted (track limits)
FP3,OCO,5,1.0,SOFT,5.0,75.331,0.0125899280575539,kept
FP3,OCO,6,1.0,SOFT,6.0,104.782,0.5868187579214195,lap deleted (track limits)
FP3,OCO,7,1.0,SOFT,7.0,83.811,0.0159235668789808,cool-down / aborted (>105% of run best)
FP3,OCO,8,1.0,SOFT,8.0,74.864,0.0209059233449477,kept
FP3,OCO,9,1.0,SOFT,9.0,91.052,0.1332357247437774,cool-down / aborted (>105% of run best)
FP3,OCO,10,1.0,SOFT,10.0,74.613,0.1035087719298245,kept
FP3,OCO,11,1.0,SOFT,11.0,103.364,0.3567774936061381,traffic (>30% of lap within 60 m of a car)
FP3,OCO,12,1.0,SOFT,12.0,75.631,0.2678260869565217,kept
FP3,OCO,14,2.0,SOFT,1.0,91.386,0.0394736842105263,pit in/out lap
FP3,OCO,15,2.0,SOFT,2.0,81.824,0.0385232744783306,short run (<5 clean laps)
FP3,OCO,16,2.0,SOFT,3.0,74.584,0.0,short run (<5 clean laps)
FP3,OCO,17,2.0,SOFT,4.0,90.347,0.1069277108433734,short run (<5 clean laps)
FP3,OCO,18,2.0,SOFT,5.0,74.278,0.2091388400702987,short run (<5 clean laps)
FP3,OCO,20,3.0,SOFT,7.0,91.345,0.0675477239353891,pit in/out lap
FP3,OCO,21,3.0,SOFT,8.0,86.447,0.1136712749615975,short run (<5 clean laps)
FP3,OCO,22,3.0,SOFT,9.0,76.316,0.0,short run (<5 clean laps)
FP3,OCO,23,3.0,SOFT,10.0,138.552,0.3137440758293839,traffic (>30% of lap within 60 m of a car)
FP3,PER,1,1.0,SOFT,11.0,92.064,0.0,pit in/out lap
FP3,PER,2,1.0,SOFT,12.0,83.413,0.0,short run (<5 clean laps)
FP3,PER,4,2.0,SOFT,14.0,89.814,0.0491803278688524,pit in/out lap
FP3,PER,5,2.0,SOFT,15.0,82.894,0.3440514469453376,traffic (>30% of lap within 60 m of a car)
FP3,PER,6,2.0,SOFT,16.0,75.755,0.0193661971830985,short run (<5 clean laps)
FP3,PER,8,3.0,SOFT,1.0,85.201,0.0301109350237717,pit in/out lap
FP3,PER,9,3.0,SOFT,2.0,77.663,0.0153061224489795,kept
FP3,PER,10,3.0,SOFT,3.0,75.355,0.1851851851851851,kept
FP3,PER,11,3.0,SOFT,4.0,108.105,0.009685230024213,cool-down / aborted (>105% of run best)
FP3,PER,12,3.0,SOFT,5.0,93.711,0.2832369942196532,cool-down / aborted (>105% of run best)
FP3,PER,13,3.0,SOFT,6.0,83.246,0.0726698262243285,cool-down / aborted (>105% of run best)
FP3,PER,15,4.0,SOFT,1.0,144.276,0.0245775729646697,pit in/out lap
FP3,PER,16,4.0,SOFT,2.0,78.597,0.1072026800670016,short run (<5 clean laps)
FP3,PER,17,4.0,SOFT,3.0,74.945,0.1113074204946996,short run (<5 clean laps)
FP3,PER,18,4.0,SOFT,4.0,136.379,0.21751968503937,lap deleted (track limits)
FP3,PIA,1,1.0,SOFT,1.0,98.236,0.1074829931972789,pit in/out lap
FP3,PIA,2,1.0,SOFT,2.0,91.143,0.0452554744525547,cool-down / aborted (>105% of run best)
FP3,PIA,3,1.0,SOFT,3.0,75.328,0.242530755711775,kept
FP3,PIA,4,1.0,SOFT,4.0,89.889,0.0625909752547307,cool-down / aborted (>105% of run best)
FP3,PIA,5,1.0,SOFT,5.0,73.945,0.0232142857142857,kept
FP3,PIA,6,1.0,SOFT,6.0,88.369,0.0343283582089552,cool-down / aborted (>105% of run best)
FP3,PIA,7,1.0,SOFT,7.0,74.103,0.1600719424460431,kept
FP3,PIA,8,1.0,SOFT,8.0,98.556,0.0559254327563249,cool-down / aborted (>105% of run best)
FP3,PIA,9,1.0,SOFT,9.0,74.246,0.2079566003616636,kept
FP3,PIA,10,1.0,SOFT,10.0,135.729,0.3382642998027613,pit in/out lap
FP3,PIA,11,2.0,SOFT,11.0,99.0,0.1118508655126498,pit in/out lap
FP3,PIA,12,2.0,SOFT,12.0,74.04,0.0670391061452514,short run (<5 clean laps)
FP3,PIA,13,2.0,SOFT,13.0,101.29,0.2550607287449393,lap deleted (track limits)
FP3,PIA,14,2.0,SOFT,14.0,73.698,0.0292504570383912,short run (<5 clean laps)
FP3,PIA,17,4.0,SOFT,2.0,107.003,0.0174346201743462,pit in/out lap
FP3,PIA,18,4.0,SOFT,3.0,83.725,0.2946859903381642,short run (<5 clean laps)
FP3,PIA,19,4.0,SOFT,4.0,139.14,0.4565217391304347,traffic (>30% of lap within 60 m of a car)
FP3,RUS,1,1.0,SOFT,1.0,88.464,0.0432835820895522,pit in/out lap
FP3,RUS,2,1.0,SOFT,2.0,83.752,0.0,cool-down / aborted (>105% of run best)
FP3,RUS,3,1.0,SOFT,3.0,73.902,0.0787119856887298,kept
FP3,RUS,4,1.0,SOFT,4.0,117.515,0.0442678774120317,cool-down / aborted (>105% of run best)
FP3,RUS,5,1.0,SOFT,5.0,95.113,0.3570451436388508,lap deleted (track limits)
FP3,RUS,6,1.0,SOFT,6.0,80.1,0.0,cool-down / aborted (>105% of run best)
FP3,RUS,7,1.0,SOFT,7.0,73.483,0.2196428571428571,kept
FP3,RUS,8,1.0,SOFT,8.0,110.329,0.0712560386473429,cool-down / aborted (>105% of run best)
FP3,RUS,9,1.0,SOFT,9.0,73.656,0.2402826855123674,kept
FP3,RUS,11,2.0,SOFT,11.0,89.07,0.1372262773722627,pit in/out lap
FP3,RUS,12,2.0,SOFT,12.0,76.762,0.172231985940246,short run (<5 clean laps)
FP3,RUS,14,3.0,SOFT,1.0,84.63,0.0250391236306729,pit in/out lap
FP3,RUS,15,3.0,SOFT,2.0,83.619,0.1297468354430379,short run (<5 clean laps)
FP3,RUS,16,3.0,SOFT,3.0,85.394,0.0,short run (<5 clean laps)
FP3,RUS,17,3.0,SOFT,4.0,75.726,0.0,short run (<5 clean laps)
FP3,RUS,18,3.0,SOFT,5.0,115.563,0.0149769585253456,short run (<5 clean laps)
FP3,RUS,20,4.0,SOFT,7.0,91.115,0.1542940320232896,pit in/out lap
FP3,RUS,21,4.0,SOFT,8.0,76.825,0.0,short run (<5 clean laps)
FP3,RUS,22,4.0,SOFT,9.0,133.043,0.2439516129032258,short run (<5 clean laps)
FP3,SAI,1,1.0,SOFT,1.0,91.275,0.0,pit in/out lap
FP3,SAI,2,1.0,SOFT,2.0,88.403,0.0222551928783382,cool-down / aborted (>105% of run best)
FP3,SAI,3,1.0,SOFT,3.0,79.087,0.0221843003412969,cool-down / aborted (>105% of run best)
FP3,SAI,4,1.0,SOFT,4.0,75.386,0.2070796460176991,kept
FP3,SAI,5,1.0,SOFT,5.0,104.347,0.2091836734693877,lap deleted (track limits)
FP3,SAI,6,1.0,SOFT,6.0,91.324,0.0374639769452449,cool-down / aborted (>105% of run best)
FP3,SAI,7,1.0,SOFT,7.0,74.798,0.0,kept
FP3,SAI,8,1.0,SOFT,8.0,104.179,0.1590330788804071,lap deleted (track limits)
FP3,SAI,9,1.0,SOFT,9.0,94.21,0.0252808988764044,cool-down / aborted (>105% of run best)
FP3,SAI,10,1.0,SOFT,10.0,86.695,0.0409090909090909,lap deleted (track limits)
FP3,SAI,11,1.0,SOFT,11.0,75.138,0.0,kept
FP3,SAI,12,1.0,SOFT,12.0,102.889,0.3195876288659793,lap deleted (track limits)
FP3,SAI,13,1.0,SOFT,13.0,75.107,0.0429338103756708,yellow / SC / VSC / red flag
FP3,SAI,14,1.0,SOFT,14.0,104.095,0.1121019108280254,lap deleted (track limits)
FP3,SAI,15,1.0,SOFT,15.0,87.9,0.0158730158730158,lap deleted (track limits)
FP3,SAI,16,1.0,SOFT,16.0,74.932,0.0,kept
FP3,SAI,18,2.0,SOFT,1.0,95.305,0.0204359673024523,pit in/out lap
FP3,SAI,19,2.0,SOFT,2.0,82.08,0.0873146622734761,short run (<5 clean laps)
FP3,SAI,20,2.0,SOFT,3.0,83.502,0.0615141955835962,short run (<5 clean laps)
FP3,SAI,22,3.0,SOFT,5.0,93.984,0.0,pit in/out lap
FP3,SAI,23,3.0,SOFT,6.0,79.006,0.0,short run (<5 clean laps)
FP3,SAI,24,3.0,SOFT,7.0,74.336,0.0,short run (<5 clean laps)
FP3,SAI,25,3.0,SOFT,8.0,127.271,0.0300207039337474,short run (<5 clean laps)
FP3,STR,1,1.0,SOFT,1.0,94.714,0.0298719772403982,pit in/out lap
FP3,STR,2,1.0,SOFT,2.0,88.066,0.0,cool-down / aborted (>105% of run best)
FP3,STR,3,1.0,SOFT,3.0,77.774,0.0,kept
FP3,STR,4,1.0,SOFT,4.0,77.729,0.0896785109983079,kept
FP3,STR,5,1.0,SOFT,5.0,104.677,0.1785268414481897,cool-down / aborted (>105% of run best)
FP3,STR,6,1.0,SOFT,6.0,77.334,0.1581632653061224,kept
FP3,STR,7,1.0,SOFT,7.0,95.981,0.1222222222222222,cool-down / aborted (>105% of run best)
FP3,STR,9,2.0,SOFT,9.0,93.839,0.0949008498583569,pit in/out lap
FP3,STR,10,2.0,SOFT,10.0,77.226,0.0945945945945946,short run (<5 clean laps)
FP3,STR,11,2.0,SOFT,11.0,94.469,0.180281690140845,short run (<5 clean laps)
FP3,STR,12,2.0,SOFT,12.0,99.835,0.0426666666666666,lap deleted (track limits)
FP3,STR,14,3.0,SOFT,1.0,87.922,0.0,pit in/out lap
FP3,STR,15,3.0,SOFT,2.0,83.06,0.0,short run (<5 clean laps)
FP3,STR,16,3.0,SOFT,3.0,76.355,0.0,short run (<5 clean laps)
FP3,STR,17,3.0,SOFT,4.0,94.625,0.0215827338129496,short run (<5 clean laps)
FP3,STR,18,3.0,SOFT,5.0,75.921,0.0241379310344827,short run (<5 clean laps)
FP3,STR,20,4.0,SOFT,7.0,94.238,0.0213068181818181,pit in/out lap
FP3,STR,21,4.0,SOFT,8.0,80.042,0.0,short run (<5 clean laps)
FP3,VER,1,1.0,SOFT,1.0,88.612,0.1377777777777777,pit in/out lap
FP3,VER,2,1.0,SOFT,2.0,80.373,0.0,short run (<5 clean laps)
FP3,VER,3,1.0,SOFT,3.0,74.509,0.0930232558139534,short run (<5 clean laps)
FP3,VER,4,1.0,SOFT,4.0,74.524,0.1982142857142857,short run (<5 clean laps)
FP3,VER,6,2.0,SOFT,6.0,88.959,0.0,pit in/out lap
FP3,VER,7,2.0,SOFT,7.0,83.52,0.251993620414673,cool-down / aborted (>105% of run best)
FP3,VER,8,2.0,SOFT,8.0,73.98,0.1446428571428571,kept
FP3,VER,9,2.0,SOFT,9.0,88.187,0.0502283105022831,yellow / SC / VSC / red flag
FP3,VER,10,2.0,SOFT,10.0,73.969,0.046594982078853,kept
FP3,VER,11,2.0,SOFT,11.0,87.123,0.045886075949367,cool-down / aborted (>105% of run best)
FP3,VER,12,2.0,SOFT,12.0,91.283,0.043026706231454,cool-down / aborted (>105% of run best)
FP3,VER,13,2.0,SOFT,13.0,73.909,0.0,kept
FP3,VER,15,3.0,SOFT,1.0,89.77,0.1819505094614265,pit in/out lap
FP3,VER,16,3.0,SOFT,2.0,85.303,0.2863924050632911,short run (<5 clean laps)
FP3,VER,17,3.0,SOFT,3.0,73.662,0.1375,short run (<5 clean laps)
FP3,VER,19,4.0,SOFT,5.0,96.035,0.2405594405594405,pit in/out lap
FP3,VER,20,4.0,SOFT,6.0,78.976,0.135,short run (<5 clean laps)
FP3,VER,21,4.0,SOFT,7.0,73.683,0.1183970856102003,short run (<5 clean laps)
FP3,VER,22,4.0,SOFT,8.0,137.716,0.1763584366062917,short run (<5 clean laps)
