scenario_id,driver,lap,to_compound,set_status,mode,plan,n_stops_cf,elapsed_delta_median_s,elapsed_delta_q10_s,elapsed_delta_q90_s,probability_of_gain,tyre_delta_mean_s,pit_delta_mean_s,in_support,free_stop,stop_lap_status,compile_ms
monza_alb_lap2_to_soft_new_fixed_context,ALB,2,SOFT,new,fixed_context,M-S-S,2,-55.467268,-78.338585,-37.797892,1.000000,-50.051271,-6.904430,False,True,YELLOW,66.319791
monza_alb_lap2_to_medium_new_fixed_context,ALB,2,MEDIUM,new,fixed_context,M-M-S,2,-22.697037,-35.640323,-9.405359,0.990000,-15.865363,-6.778857,True,True,YELLOW,0.752500
monza_alb_lap2_to_hard_new_fixed_context,ALB,2,HARD,new,fixed_context,M-H-S,2,-6.562338,-10.286447,-2.686769,0.986000,0.000000,-6.472685,True,True,YELLOW,0.667583
monza_alb_lap3_to_soft_new_fixed_context,ALB,3,SOFT,new,fixed_context,M-H-S-S,3,-56.473666,-78.620355,-39.661360,1.000000,-51.004813,-6.904430,False,True,RED,0.573459
monza_alb_lap3_to_medium_new_fixed_context,ALB,3,MEDIUM,new,fixed_context,M-H-M-S,3,-23.765126,-36.635350,-10.523871,0.992000,-16.934419,-6.778857,True,True,RED,0.552959
monza_alb_lap3_to_hard_new_fixed_context,ALB,3,HARD,new,fixed_context,M-H-H-S,3,-6.562338,-10.286447,-2.686769,0.986000,0.000000,-6.472685,True,True,RED,0.524125
monza_alb_lap4_to_soft_new_fixed_context,ALB,4,SOFT,new,fixed_context,M-H-S-S,3,-57.643510,-78.869493,-41.358432,1.000000,-51.958356,-6.904430,False,True,RED,0.532000
monza_alb_lap4_to_medium_new_fixed_context,ALB,4,MEDIUM,new,fixed_context,M-H-M-S,3,-24.884679,-37.693172,-11.499034,0.996000,-18.003475,-6.778857,True,True,RED,0.520667
monza_alb_lap4_to_hard_new_fixed_context,ALB,4,HARD,new,fixed_context,M-H-H-S,3,-7.459745,-11.227188,-3.720391,0.992000,-0.900875,-6.472685,True,True,RED,0.520000
monza_alb_lap5_to_soft_new_fixed_context,ALB,5,SOFT,new,fixed_context,M-H-S-S,3,-58.847545,-79.332095,-42.893168,1.000000,-52.911899,-6.904430,False,True,RED,0.512500
monza_alb_lap5_to_medium_new_fixed_context,ALB,5,MEDIUM,new,fixed_context,M-H-M-S,3,-25.976479,-38.757893,-12.709713,0.998000,-19.072531,-6.778857,True,True,RED,0.509750
monza_alb_lap5_to_hard_new_fixed_context,ALB,5,HARD,new,fixed_context,M-H-H-S,3,-8.343951,-12.069363,-4.688506,0.994000,-1.801750,-6.472685,True,True,RED,0.520167
monza_alb_lap6_to_soft_new_fixed_context,ALB,6,SOFT,new,fixed_context,M-H-S-S,3,-36.315531,-57.377314,-19.653438,0.996000,-52.434272,14.970045,False,False,YELLOW,0.514333
monza_alb_lap6_to_medium_new_fixed_context,ALB,6,MEDIUM,new,fixed_context,M-H-M-S,3,-4.599922,-18.512458,9.930458,0.636000,-19.516122,15.265962,True,False,YELLOW,0.506750
monza_alb_lap6_to_hard_new_fixed_context,ALB,6,HARD,new,fixed_context,M-H-H-S,3,12.658321,5.867371,19.799558,0.010000,-2.610228,15.397253,True,False,YELLOW,0.507875
monza_alb_lap7_to_soft_new_fixed_context,ALB,7,SOFT,new,fixed_context,M-H-S-S,3,-35.966502,-56.137745,-19.808387,0.996000,-51.909096,14.970045,False,False,GREEN,0.502667
monza_alb_lap7_to_medium_new_fixed_context,ALB,7,MEDIUM,new,fixed_context,M-H-M-S,3,-5.004186,-18.652457,9.236844,0.652000,-19.909202,15.265962,True,False,GREEN,0.498958
monza_alb_lap7_to_hard_new_fixed_context,ALB,7,HARD,new,fixed_context,M-H-H-S,3,11.912796,5.190721,19.019618,0.018000,-3.372507,15.397253,True,False,GREEN,0.505333
monza_alb_lap8_to_soft_new_fixed_context,ALB,8,SOFT,new,fixed_context,M-H-S-S,3,-35.486963,-54.828966,-19.821568,0.996000,-51.336370,14.970045,False,False,GREEN,0.506000
monza_alb_lap8_to_medium_new_fixed_context,ALB,8,MEDIUM,new,fixed_context,M-H-M-S,3,-5.359953,-18.600653,8.598783,0.666000,-20.251770,15.265962,True,False,GREEN,0.509583
monza_alb_lap8_to_hard_new_fixed_context,ALB,8,HARD,new,fixed_context,M-H-H-S,3,11.182762,4.560919,18.283642,0.024000,-4.088587,15.397253,True,False,GREEN,0.506417
monza_alb_lap9_to_soft_new_fixed_context,ALB,9,SOFT,new,fixed_context,M-H-S-S,3,-34.861521,-53.912089,-19.944416,0.998000,-50.716096,14.970045,False,False,GREEN,0.511542
monza_alb_lap9_to_medium_new_fixed_context,ALB,9,MEDIUM,new,fixed_context,M-H-M-S,3,-5.691721,-18.599088,7.994323,0.678000,-20.543828,15.265962,True,False,GREEN,0.496791
monza_alb_lap9_to_hard_new_fixed_context,ALB,9,HARD,new,fixed_context,M-H-H-S,3,10.525887,3.869445,17.552554,0.034000,-4.758468,15.397253,True,False,GREEN,0.500042
monza_alb_lap10_to_soft_new_fixed_context,ALB,10,SOFT,new,fixed_context,M-H-S-S,3,-34.265200,-52.550354,-19.762016,0.998000,-50.048272,14.970045,False,False,GREEN,0.490666
monza_alb_lap10_to_medium_new_fixed_context,ALB,10,MEDIUM,new,fixed_context,M-H-M-S,3,-6.081950,-18.507722,7.427678,0.694000,-20.785374,15.265962,True,False,GREEN,0.477041
monza_alb_lap10_to_hard_new_fixed_context,ALB,10,HARD,new,fixed_context,M-H-H-S,3,9.893095,3.216023,16.972211,0.040000,-5.382151,15.397253,True,False,GREEN,0.514541
monza_alb_lap11_to_soft_new_fixed_context,ALB,11,SOFT,new,fixed_context,M-H-S-S,3,-33.587039,-50.995681,-19.515358,0.998000,-49.332899,14.970045,False,False,GREEN,0.478083
monza_alb_lap11_to_medium_new_fixed_context,ALB,11,MEDIUM,new,fixed_context,M-H-M-S,3,-6.237898,-18.209224,6.908933,0.702000,-20.976410,15.265962,True,False,GREEN,0.476375
monza_alb_lap11_to_hard_new_fixed_context,ALB,11,HARD,new,fixed_context,M-H-H-S,3,9.316900,2.599136,16.422611,0.048000,-5.959635,15.397253,True,False,GREEN,0.475583
monza_alb_lap12_to_soft_new_fixed_context,ALB,12,SOFT,new,fixed_context,M-H-S-S,3,-32.905545,-49.366325,-19.304753,0.998000,-48.569977,14.970045,False,False,GREEN,0.477500
monza_alb_lap12_to_medium_new_fixed_context,ALB,12,MEDIUM,new,fixed_context,M-H-M-S,3,-6.348949,-18.148374,6.495527,0.716000,-21.116934,15.265962,True,False,GREEN,0.498958
monza_alb_lap12_to_hard_new_fixed_context,ALB,12,HARD,new,fixed_context,M-H-H-S,3,8.778099,2.068982,15.862784,0.050000,-6.490920,15.397253,True,False,GREEN,0.496583
monza_alb_lap13_to_soft_new_fixed_context,ALB,13,SOFT,new,fixed_context,M-H-S-S,3,-32.276227,-47.760110,-19.088830,0.998000,-47.759506,14.970045,False,False,GREEN,0.492542
monza_alb_lap13_to_medium_new_fixed_context,ALB,13,MEDIUM,new,fixed_context,M-H-M-S,3,-6.542958,-18.065941,6.081892,0.732000,-21.206948,15.265962,True,False,GREEN,0.492375
monza_alb_lap13_to_hard_new_fixed_context,ALB,13,HARD,new,fixed_context,M-H-H-S,3,8.293802,1.541247,15.367744,0.064000,-6.976007,15.397253,True,False,GREEN,0.493542
monza_alb_lap14_to_soft_new_fixed_context,ALB,14,SOFT,new,fixed_context,M-H-S-S,3,-31.307367,-46.364318,-18.535514,0.998000,-46.901486,14.970045,False,False,GREEN,0.495792
monza_alb_lap14_to_medium_new_fixed_context,ALB,14,MEDIUM,new,fixed_context,M-H-M-S,3,-6.491979,-18.003815,5.739311,0.738000,-21.246450,15.265962,True,False,GREEN,0.489667
monza_alb_lap14_to_hard_new_fixed_context,ALB,14,HARD,new,fixed_context,M-H-H-S,3,7.840989,1.047267,14.931593,0.074000,-7.414895,15.397253,True,False,GREEN,0.497667
monza_alb_lap15_to_soft_new_fixed_context,ALB,15,SOFT,new,fixed_context,M-H-S-S,3,-30.380771,-44.894065,-17.863348,0.998000,-45.995916,14.970045,False,False,GREEN,0.493375
monza_alb_lap15_to_medium_new_fixed_context,ALB,15,MEDIUM,new,fixed_context,M-H-M-S,3,-6.409961,-17.867294,5.445485,0.742000,-21.235441,15.265962,True,False,GREEN,0.495292
monza_alb_lap15_to_hard_new_fixed_context,ALB,15,HARD,new,fixed_context,M-H-H-S,3,7.470529,0.626159,14.530626,0.082000,-7.807584,15.397253,True,False,GREEN,0.494167
monza_alb_lap16_to_soft_new_fixed_context,ALB,16,SOFT,new,fixed_context,M-H-S-S,3,-29.469529,-43.758018,-17.065343,0.996000,-45.042798,14.970045,False,False,GREEN,0.497750
monza_alb_lap16_to_medium_new_fixed_context,ALB,16,MEDIUM,new,fixed_context,M-H-M-S,3,-6.302084,-17.596676,5.151946,0.750000,-21.173922,15.265962,True,False,GREEN,0.490167
monza_alb_lap16_to_hard_new_fixed_context,ALB,16,HARD,new,fixed_context,M-H-H-S,3,7.108561,0.250330,14.274812,0.096000,-8.154074,15.397253,True,False,GREEN,0.489750
monza_alb_lap17_to_soft_new_fixed_context,ALB,17,SOFT,new,fixed_context,M-H-S-S,3,-28.566626,-42.504343,-16.563646,0.998000,-44.042130,14.970045,False,False,GREEN,0.491250
monza_alb_lap17_to_medium_new_fixed_context,ALB,17,MEDIUM,new,fixed_context,M-H-M-S,3,-6.197880,-17.193648,5.037042,0.754000,-21.061891,15.265962,True,False,GREEN,0.492875
monza_alb_lap17_to_hard_new_fixed_context,ALB,17,HARD,new,fixed_context,M-H-H-S,3,6.845745,-0.086665,14.048986,0.104000,-8.454366,15.397253,True,False,GREEN,0.494334
monza_alb_lap18_to_soft_new_fixed_context,ALB,18,SOFT,new,fixed_context,M-H-S-S,3,-27.552683,-41.013036,-16.207616,0.998000,-42.993913,14.970045,False,False,GREEN,0.488541
monza_alb_lap18_to_medium_new_fixed_context,ALB,18,MEDIUM,new,fixed_context,M-H-M-S,3,-5.973670,-16.747080,5.047074,0.748000,-20.899349,15.265962,True,False,GREEN,0.489084
monza_alb_lap18_to_hard_new_fixed_context,ALB,18,HARD,new,fixed_context,M-H-H-S,3,6.618075,-0.349681,13.857902,0.118000,-8.708459,15.397253,True,False,GREEN,0.487500
monza_alb_lap19_to_soft_new_fixed_context,ALB,19,SOFT,new,fixed_context,M-H-S-S,3,-26.457792,-39.564609,-15.468813,0.998000,-41.898146,14.970045,False,False,GREEN,0.473375
monza_alb_lap19_to_medium_new_fixed_context,ALB,19,MEDIUM,new,fixed_context,M-H-M-S,3,-5.817939,-16.220790,5.021815,0.742000,-20.686296,15.265962,True,False,GREEN,0.469416
monza_alb_lap19_to_hard_new_fixed_context,ALB,19,HARD,new,fixed_context,M-H-H-S,3,6.450173,-0.561099,13.701560,0.126000,-8.916353,15.397253,True,False,GREEN,0.476125
monza_alb_lap20_to_soft_new_fixed_context,ALB,20,SOFT,new,fixed_context,M-H-S-S,3,-25.259213,-37.956198,-14.697631,0.998000,-40.754831,14.970045,False,False,GREEN,0.478542
monza_alb_lap20_to_medium_new_fixed_context,ALB,20,MEDIUM,new,fixed_context,M-H-M-S,3,-5.550657,-15.871589,5.052624,0.732000,-20.422732,15.265962,True,False,GREEN,0.468125
monza_alb_lap20_to_hard_new_fixed_context,ALB,20,HARD,new,fixed_context,M-H-H-S,3,6.307952,-0.729824,13.577850,0.142000,-9.078049,15.397253,True,False,GREEN,0.472708
monza_alb_lap21_to_soft_new_fixed_context,ALB,21,SOFT,new,fixed_context,M-H-S-S,3,-24.145401,-36.291970,-13.632290,0.998000,-39.563966,14.970045,True,False,GREEN,0.493875
monza_alb_lap21_to_medium_new_fixed_context,ALB,21,MEDIUM,new,fixed_context,M-H-M-S,3,-5.155648,-15.213796,5.168686,0.718000,-20.108657,15.265962,True,False,GREEN,0.496500
monza_alb_lap21_to_hard_new_fixed_context,ALB,21,HARD,new,fixed_context,M-H-H-S,3,6.198672,-0.850341,13.469420,0.148000,-9.193545,15.397253,True,False,GREEN,0.488000
monza_alb_lap22_to_soft_new_fixed_context,ALB,22,SOFT,new,fixed_context,M-H-S-S,3,-22.872935,-34.728123,-12.534666,0.996000,-38.325553,14.970045,True,False,GREEN,0.484875
monza_alb_lap22_to_medium_new_fixed_context,ALB,22,MEDIUM,new,fixed_context,M-H-M-S,3,-4.699989,-14.525500,5.427242,0.706000,-19.744071,15.265962,True,False,GREEN,0.486708
monza_alb_lap22_to_hard_new_fixed_context,ALB,22,HARD,new,fixed_context,M-H-H-S,3,6.133104,-0.922651,13.388579,0.152000,-9.262843,15.397253,True,False,GREEN,0.493375
monza_alb_lap23_to_soft_new_fixed_context,ALB,23,SOFT,new,fixed_context,M-H-S-S,3,-21.572074,-33.413481,-11.499750,0.996000,-37.039590,14.970045,True,False,GREEN,0.507500
monza_alb_lap23_to_medium_new_fixed_context,ALB,23,MEDIUM,new,fixed_context,M-H-M-S,3,-4.224933,-13.805191,5.812093,0.682000,-19.328974,15.265962,True,False,GREEN,0.520750
monza_alb_lap23_to_hard_new_fixed_context,ALB,23,HARD,new,fixed_context,M-H-H-S,3,6.111248,-0.946755,13.361632,0.152000,-9.285943,15.397253,True,False,GREEN,0.507834
monza_alb_lap24_to_soft_new_fixed_context,ALB,24,SOFT,new,fixed_context,M-H-S-S,3,-19.923125,-31.008936,-10.559718,0.996000,-35.706078,15.231706,True,False,GREEN,0.487375
monza_alb_lap24_to_medium_new_fixed_context,ALB,24,MEDIUM,new,fixed_context,M-H-M-S,3,-3.384992,-12.961041,6.271403,0.656000,-18.863366,15.464836,True,False,GREEN,0.503416
monza_alb_lap24_to_hard_new_fixed_context,ALB,24,HARD,new,fixed_context,M-H-H-S,3,6.189114,-1.023997,13.101831,0.138000,-9.262843,15.443041,True,False,GREEN,0.495333
monza_alb_lap25_to_soft_new_fixed_context,ALB,25,SOFT,new,fixed_context,M-H-S-S,3,-18.430205,-28.866100,-9.231751,0.996000,-34.325016,15.348794,True,False,GREEN,0.486750
monza_alb_lap25_to_medium_new_fixed_context,ALB,25,MEDIUM,new,fixed_context,M-H-M-S,3,-2.891734,-12.109128,6.461242,0.648000,-18.347246,15.411581,True,False,GREEN,0.486500
monza_alb_lap25_to_hard_new_fixed_context,ALB,25,HARD,new,fixed_context,M-H-H-S,3,6.406106,-0.782393,13.214109,0.134000,-9.193545,15.564667,True,False,GREEN,0.534750
monza_alb_lap26_to_soft_new_fixed_context,ALB,26,SOFT,new,fixed_context,M-H-S-S,3,-24.815796,-34.076345,-15.875386,1.000000,-32.896406,7.916798,True,False,GREEN,0.506292
monza_alb_lap26_to_medium_new_fixed_context,ALB,26,MEDIUM,new,fixed_context,M-H-M-S,3,-9.749484,-17.980252,-1.511446,0.940000,-17.780616,8.042371,True,False,GREEN,0.511250
monza_alb_lap26_to_hard_new_fixed_context,ALB,26,HARD,new,fixed_context,M-H-H-S,3,-0.667424,-6.928555,5.270044,0.552000,-9.078049,8.348543,True,False,GREEN,0.503583
monza_alb_lap27_to_soft_new_fixed_context,ALB,27,SOFT,new,fixed_context,M-H-S-S,3,-26.795770,-36.302510,-17.709695,1.000000,-33.336502,6.255811,True,False,VSC,0.511083
monza_alb_lap27_to_medium_new_fixed_context,ALB,27,MEDIUM,new,fixed_context,M-H-M-S,3,-11.840932,-19.853763,-3.709981,0.972000,-18.274026,6.551728,True,False,VSC,0.496208
monza_alb_lap27_to_hard_new_fixed_context,ALB,27,HARD,new,fixed_context,M-H-H-S,3,-2.730681,-8.702659,2.969171,0.706000,-9.493837,6.683019,True,False,VSC,0.575667
monza_alb_lap28_to_soft_new_fixed_context,ALB,28,SOFT,new,fixed_context,M-H-S-S,3,-20.181988,-30.070578,-10.657405,0.998000,-33.776599,13.426147,True,False,VSC,0.527583
monza_alb_lap28_to_medium_new_fixed_context,ALB,28,MEDIUM,new,fixed_context,M-H-M-S,3,-5.205091,-13.998412,4.209868,0.752000,-18.767437,13.722064,True,False,VSC,0.493875
monza_alb_lap28_to_hard_new_fixed_context,ALB,28,HARD,new,fixed_context,M-H-H-S,3,3.953795,-3.015422,10.790680,0.250000,-9.909626,13.853355,True,False,VSC,0.481791
monza_alb_lap29_to_soft_new_fixed_context,ALB,29,SOFT,new,fixed_context,M-H-S-S,3,-16.611708,-26.173920,-7.693151,0.992000,-32.254241,15.185917,True,False,GREEN,0.469375
monza_alb_lap29_to_medium_new_fixed_context,ALB,29,MEDIUM,new,fixed_context,M-H-M-S,3,-2.757885,-11.616712,6.321278,0.644000,-18.104097,15.419047,True,False,GREEN,0.470167
monza_alb_lap29_to_hard_new_fixed_context,ALB,29,HARD,new,fixed_context,M-H-H-S,3,5.672724,-1.398626,12.841543,0.172000,-9.701731,15.397253,True,False,GREEN,0.467000
monza_alb_lap30_to_soft_new_fixed_context,ALB,30,SOFT,new,fixed_context,M-H-S-S,3,-15.089566,-24.385233,-6.348477,0.986000,-30.684333,15.185917,True,False,GREEN,0.475000
monza_alb_lap30_to_medium_new_fixed_context,ALB,30,MEDIUM,new,fixed_context,M-H-M-S,3,-2.062550,-10.598071,6.911450,0.606000,-17.390246,15.419047,True,False,GREEN,0.494166
monza_alb_lap30_to_hard_new_fixed_context,ALB,30,HARD,new,fixed_context,M-H-H-S,3,5.958255,-1.124742,13.159883,0.160000,-9.447638,15.397253,True,False,GREEN,0.484875
monza_alb_lap31_to_soft_new_fixed_context,ALB,31,SOFT,new,fixed_context,M-H-S-S,3,-13.613627,-22.507328,-4.948741,0.980000,-29.066877,15.185917,True,False,GREEN,0.495083
monza_alb_lap31_to_medium_new_fixed_context,ALB,31,MEDIUM,new,fixed_context,M-H-M-S,3,-1.175316,-9.606567,7.545056,0.566000,-16.625884,15.419047,True,False,GREEN,0.489166
monza_alb_lap31_to_hard_new_fixed_context,ALB,31,HARD,new,fixed_context,M-H-H-S,3,6.242384,-0.802134,13.521822,0.146000,-9.147347,15.397253,True,False,GREEN,0.485917
monza_alb_lap32_to_soft_new_fixed_context,ALB,32,SOFT,new,fixed_context,M-H-S-S,3,-12.022142,-20.749934,-3.542461,0.964000,-27.401871,15.185917,True,False,GREEN,0.491917
monza_alb_lap32_to_medium_new_fixed_context,ALB,32,MEDIUM,new,fixed_context,M-H-M-S,3,-0.420564,-8.549824,8.223236,0.522000,-15.811010,15.419047,True,False,GREEN,0.492959
monza_alb_lap32_to_hard_new_fixed_context,ALB,32,HARD,new,fixed_context,M-H-H-S,3,6.547541,-0.445323,13.788417,0.118000,-8.800856,15.397253,True,False,GREEN,0.487250
monza_alb_lap33_to_soft_new_fixed_context,ALB,33,SOFT,new,fixed_context,M-H-S-S,3,-10.260621,-18.857753,-1.997166,0.950000,-25.689316,15.185917,True,False,GREEN,0.488333
monza_alb_lap33_to_medium_new_fixed_context,ALB,33,MEDIUM,new,fixed_context,M-H-M-S,3,0.451680,-7.504096,8.897035,0.478000,-14.945626,15.419047,True,False,GREEN,0.485959
monza_alb_lap33_to_hard_new_fixed_context,ALB,33,HARD,new,fixed_context,M-H-H-S,3,6.885302,-0.038843,14.083728,0.104000,-8.408167,15.397253,True,False,GREEN,0.486292
monza_alb_lap34_to_soft_new_fixed_context,ALB,34,SOFT,new,fixed_context,M-H-S-S,3,-8.527721,-16.817967,-0.601305,0.916000,-23.929211,15.185917,True,False,GREEN,0.486208
monza_alb_lap34_to_medium_new_fixed_context,ALB,34,MEDIUM,new,fixed_context,M-H-M-S,3,1.390069,-6.426561,9.596821,0.430000,-14.029731,15.419047,True,False,GREEN,0.483833
monza_alb_lap34_to_hard_new_fixed_context,ALB,34,HARD,new,fixed_context,M-H-H-S,3,7.292113,0.454808,14.413783,0.086000,-7.969279,15.397253,True,False,GREEN,0.485209
monza_alb_lap35_to_soft_new_fixed_context,ALB,35,SOFT,new,fixed_context,M-H-S-S,3,-6.742048,-14.803134,1.243196,0.860000,-22.121558,15.185917,True,False,GREEN,0.483709
monza_alb_lap35_to_medium_new_fixed_context,ALB,35,MEDIUM,new,fixed_context,M-H-M-S,3,2.357158,-5.270671,10.402917,0.366000,-13.063324,15.419047,True,False,GREEN,0.488000
monza_alb_lap35_to_hard_new_fixed_context,ALB,35,HARD,new,fixed_context,M-H-H-S,3,7.776659,0.972500,14.849132,0.076000,-7.484193,15.397253,True,False,GREEN,0.484084
monza_alb_lap36_to_soft_new_fixed_context,ALB,36,SOFT,new,fixed_context,M-H-S,2,-25.037518,-30.602286,-20.327990,1.000000,-18.799367,-6.472685,True,False,GREEN,0.487834
monza_alb_lap36_to_medium_new_fixed_context,ALB,36,MEDIUM,new,fixed_context,M-H-M,2,-11.812736,-16.963472,-6.413078,0.996000,-5.505279,-6.239555,True,False,GREEN,0.487792
monza_alb_lap36_to_hard_new_fixed_context,ALB,36,HARD,new,fixed_context,M-H-H,2,-3.807106,-7.821389,0.286283,0.886000,2.437328,-6.261350,True,False,GREEN,0.484458
monza_alb_lap37_to_soft_new_fixed_context,ALB,37,SOFT,new,fixed_context,M-H-S,2,-23.271881,-28.414813,-18.780546,1.000000,-17.043314,-6.472685,True,False,GREEN,0.482792
monza_alb_lap37_to_medium_new_fixed_context,ALB,37,MEDIUM,new,fixed_context,M-H-M,2,-10.902916,-15.850158,-5.791605,0.994000,-4.602321,-6.239555,True,False,GREEN,0.482250
monza_alb_lap37_to_hard_new_fixed_context,ALB,37,HARD,new,fixed_context,M-H-H,2,-3.385470,-7.366893,0.712293,0.866000,2.876216,-6.261350,True,False,GREEN,0.482084
monza_alb_lap38_to_soft_new_fixed_context,ALB,38,SOFT,new,fixed_context,M-H-S,2,-21.458309,-26.312237,-17.084977,1.000000,-15.239712,-6.472685,True,False,GREEN,0.485708
monza_alb_lap38_to_medium_new_fixed_context,ALB,38,MEDIUM,new,fixed_context,M-H-M,2,-9.949887,-14.673065,-5.030722,0.992000,-3.648851,-6.239555,True,False,GREEN,0.485083
monza_alb_lap38_to_hard_new_fixed_context,ALB,38,HARD,new,fixed_context,M-H-H,2,-2.911618,-6.796743,1.109803,0.826000,3.361303,-6.261350,True,False,GREEN,1.408167
monza_alb_lap39_to_soft_new_fixed_context,ALB,39,SOFT,new,fixed_context,M-H-S,2,-19.681423,-24.142115,-15.342184,1.000000,-13.388560,-6.472685,True,False,GREEN,0.944000
monza_alb_lap39_to_medium_new_fixed_context,ALB,39,MEDIUM,new,fixed_context,M-H-M,2,-8.888262,-13.524920,-4.387480,0.988000,-2.644871,-6.239555,True,False,GREEN,0.802250
monza_alb_lap39_to_hard_new_fixed_context,ALB,39,HARD,new,fixed_context,M-H-H,2,-2.411868,-6.221554,1.663877,0.778000,3.892588,-6.261350,True,False,GREEN,0.552083
monza_alb_lap40_to_soft_new_fixed_context,ALB,40,SOFT,new,fixed_context,M-H-S,2,-17.848672,-22.163565,-13.739888,1.000000,-11.489860,-6.472685,True,False,GREEN,0.513125
monza_alb_lap40_to_medium_new_fixed_context,ALB,40,MEDIUM,new,fixed_context,M-H-M,2,-7.843641,-12.212451,-3.577371,0.988000,-1.590379,-6.239555,True,False,GREEN,0.498959
monza_alb_lap40_to_hard_new_fixed_context,ALB,40,HARD,new,fixed_context,M-H-H,2,-1.799286,-5.676704,2.135433,0.720000,4.470072,-6.261350,True,False,GREEN,0.492167
monza_alb_lap41_to_soft_new_fixed_context,ALB,41,SOFT,new,fixed_context,M-H-S,2,-15.898191,-20.006082,-11.970250,1.000000,-9.543610,-6.472685,True,False,GREEN,0.501500
monza_alb_lap41_to_medium_new_fixed_context,ALB,41,MEDIUM,new,fixed_context,M-H-M,2,-6.735288,-10.828179,-2.623196,0.978000,-0.485377,-6.239555,True,False,GREEN,0.497291
monza_alb_lap41_to_hard_new_fixed_context,ALB,41,HARD,new,fixed_context,M-H-H,2,-1.184576,-5.015199,2.745560,0.644000,5.093755,-6.261350,True,False,GREEN,0.536458
monza_alb_lap42_to_soft_new_fixed_context,ALB,42,SOFT,new,fixed_context,M-H-S,2,-14.011980,-17.847159,-10.084651,1.000000,-7.549812,-6.472685,True,False,GREEN,0.560708
monza_alb_lap42_to_medium_new_fixed_context,ALB,42,MEDIUM,new,fixed_context,M-H-M,2,-5.649626,-9.405133,-1.494686,0.956000,0.670137,-6.239555,True,False,GREEN,0.690625
monza_alb_lap42_to_hard_new_fixed_context,ALB,42,HARD,new,fixed_context,M-H-H,2,-0.524220,-4.359003,3.405960,0.566000,5.763636,-6.261350,True,False,GREEN,0.631750
monza_alb_lap43_to_soft_new_fixed_context,ALB,43,SOFT,new,fixed_context,M-H-S,2,-12.114632,-15.800589,-8.068121,1.000000,-5.508464,-6.472685,True,False,GREEN,0.558333
monza_alb_lap43_to_medium_new_fixed_context,ALB,43,MEDIUM,new,fixed_context,M-H-M,2,-4.476141,-7.949109,-0.516951,0.914000,1.876161,-6.239555,True,False,GREEN,0.523333
monza_alb_lap43_to_hard_new_fixed_context,ALB,43,HARD,new,fixed_context,M-H-H,2,0.177745,-3.680156,4.057997,0.470000,6.479716,-6.261350,True,False,GREEN,0.509000
monza_alb_lap44_to_soft_new_fixed_context,ALB,44,SOFT,new,fixed_context,M-H-S,2,-10.021738,-13.688516,-6.075894,1.000000,-3.419567,-6.472685,True,False,GREEN,0.534750
monza_alb_lap44_to_medium_new_fixed_context,ALB,44,MEDIUM,new,fixed_context,M-H-M,2,-3.188519,-6.653747,0.691007,0.846000,3.132697,-6.239555,True,False,GREEN,0.850125
monza_alb_lap44_to_hard_new_fixed_context,ALB,44,HARD,new,fixed_context,M-H-H,2,0.979756,-2.875768,4.739897,0.380000,7.241995,-6.261350,True,False,GREEN,0.637708
monza_alb_lap45_to_soft_new_fixed_context,ALB,45,SOFT,new,fixed_context,M-H-S,2,-7.906236,-11.531228,-3.940961,0.994000,-1.283120,-6.472685,True,False,GREEN,0.582333
monza_alb_lap45_to_medium_new_fixed_context,ALB,45,MEDIUM,new,fixed_context,M-H-M,2,-1.874360,-5.264084,1.948680,0.722000,4.439744,-6.239555,True,False,GREEN,0.594666
monza_alb_lap45_to_hard_new_fixed_context,ALB,45,HARD,new,fixed_context,M-H-H,2,1.827652,-1.993584,5.487804,0.276000,8.050473,-6.261350,True,False,GREEN,0.518750
monza_alb_lap46_to_soft_new_fixed_context,ALB,46,SOFT,new,fixed_context,M-H-S,2,-6.562338,-10.286447,-2.686769,0.986000,0.000000,-6.472685,True,False,GREEN,0.439417
monza_alb_lap46_to_medium_new_fixed_context,ALB,46,MEDIUM,new,fixed_context,M-H-M,2,-1.387867,-4.836958,2.320906,0.678000,4.896426,-6.239555,True,False,GREEN,0.439167
monza_alb_lap46_to_hard_new_fixed_context,ALB,46,HARD,new,fixed_context,M-H-H,2,1.784966,-2.045804,5.446525,0.280000,8.004274,-6.261350,True,False,GREEN,0.435042
monza_alb_lap47_to_soft_new_fixed_context,ALB,47,SOFT,new,fixed_context,M-H-S,2,-3.350523,-7.221895,0.457392,0.866000,3.132420,-6.472685,True,False,GREEN,0.457792
monza_alb_lap47_to_medium_new_fixed_context,ALB,47,MEDIUM,new,fixed_context,M-H-M,2,0.857092,-2.519213,4.647183,0.384000,7.205370,-6.239555,True,False,GREEN,0.455792
monza_alb_lap47_to_hard_new_fixed_context,ALB,47,HARD,new,fixed_context,M-H-H,2,3.604234,-0.303567,7.248353,0.132000,9.806024,-6.261350,True,False,GREEN,0.456500
monza_alb_lap48_to_soft_new_fixed_context,ALB,48,SOFT,new,fixed_context,M-H-S,2,-0.935293,-4.984294,2.757900,0.628000,5.411513,-6.472685,True,False,GREEN,0.453667
monza_alb_lap48_to_medium_new_fixed_context,ALB,48,MEDIUM,new,fixed_context,M-H-M,2,2.385086,-1.105317,6.116762,0.180000,8.663950,-6.239555,True,False,GREEN,0.458334
monza_alb_lap48_to_hard_new_fixed_context,ALB,48,HARD,new,fixed_context,M-H-H,2,4.541438,0.667141,8.245408,0.060000,10.753098,-6.261350,True,False,GREEN,0.450208
monza_alb_lap49_to_soft_new_fixed_context,ALB,49,SOFT,new,fixed_context,M-H-S,2,1.440581,-2.791628,5.202585,0.340000,7.738156,-6.472685,True,False,GREEN,0.451334
monza_alb_lap49_to_medium_new_fixed_context,ALB,49,MEDIUM,new,fixed_context,M-H-M,2,3.867827,0.293088,7.622381,0.084000,10.173041,-6.239555,True,False,GREEN,0.448834
monza_alb_lap49_to_hard_new_fixed_context,ALB,49,HARD,new,fixed_context,M-H-H,2,5.545112,1.580553,9.328400,0.036000,11.746371,-6.261350,True,False,GREEN,0.448167
monza_alb_lap50_to_soft_new_fixed_context,ALB,50,SOFT,new,fixed_context,M-H-S,2,4.037799,-0.115308,7.706185,0.108000,10.112349,-6.211024,True,False,GREEN,0.465250
monza_alb_lap50_to_medium_new_fixed_context,ALB,50,MEDIUM,new,fixed_context,M-H-M,2,5.808397,2.054408,9.595261,0.028000,11.732643,-6.040681,True,False,GREEN,0.480833
monza_alb_lap50_to_hard_new_fixed_context,ALB,50,HARD,new,fixed_context,M-H-H,2,6.645521,2.670652,10.649506,0.012000,12.785842,-6.215561,True,False,GREEN,0.555292
monza_alb_lap51_to_soft_new_fixed_context,ALB,51,SOFT,new,fixed_context,M-H-S,2,6.669814,2.549988,10.298970,0.022000,12.534090,-6.093935,True,False,GREEN,0.734041
monza_alb_lap51_to_medium_new_fixed_context,ALB,51,MEDIUM,new,fixed_context,M-H-M,2,7.425343,3.411547,11.169435,0.010000,13.342756,-6.093935,True,False,GREEN,0.623916
monza_alb_lap51_to_hard_new_fixed_context,ALB,51,HARD,new,fixed_context,M-H-H,2,7.922245,3.875191,11.776503,0.008000,13.871512,-6.093935,True,False,GREEN,0.576208
monza_alo_lap2_to_soft_new_fixed_context,ALO,2,SOFT,new,fixed_context,H-S,1,0.000000,0.000000,0.000000,0.000000,0.000000,0.000000,True,True,YELLOW,3.058750
monza_alo_lap2_to_medium_new_fixed_context,ALO,2,MEDIUM,new,fixed_context,H-M,1,15.306657,10.361905,21.129614,0.000000,15.609268,0.062787,True,True,YELLOW,0.506708
monza_alo_lap2_to_hard_new_fixed_context,ALO,2,HARD,new,fixed_context,H-H,1,24.335793,18.936587,29.603529,0.000000,24.240265,0.215872,True,True,YELLOW,0.477291
monza_alo_lap3_to_soft_new_fixed_context,ALO,3,SOFT,new,fixed_context,H-S-S,2,0.000000,0.000000,0.000000,0.000000,0.000000,0.000000,True,True,RED,0.456375
monza_alo_lap3_to_medium_new_fixed_context,ALO,3,MEDIUM,new,fixed_context,H-S-M,2,14.803936,9.931484,20.641603,0.000000,15.115818,0.062787,True,True,RED,0.472750
monza_alo_lap3_to_hard_new_fixed_context,ALO,3,HARD,new,fixed_context,H-S-H,2,23.871914,18.485977,29.179252,0.000000,23.823953,0.215872,True,True,RED,0.463167
monza_alo_lap4_to_soft_new_fixed_context,ALO,4,SOFT,new,fixed_context,H-S-S,2,-0.445054,-0.755293,-0.099254,0.946000,-0.440133,0.000000,True,True,RED,0.467209
monza_alo_lap4_to_medium_new_fixed_context,ALO,4,MEDIUM,new,fixed_context,H-S-M,2,14.348645,9.488180,20.106924,0.000000,14.622369,0.062787,True,True,RED,0.457042
monza_alo_lap4_to_hard_new_fixed_context,ALO,4,HARD,new,fixed_context,H-S-H,2,23.452482,18.112620,28.811365,0.000000,23.407642,0.215872,True,True,RED,0.452417
monza_alo_lap5_to_soft_new_fixed_context,ALO,5,SOFT,new,fixed_context,H-S-S,2,-0.890108,-1.510586,-0.198509,0.946000,-0.880267,0.000000,True,True,RED,0.615000
monza_alo_lap5_to_medium_new_fixed_context,ALO,5,MEDIUM,new,fixed_context,H-S-M,2,13.879938,9.047590,19.564297,0.000000,14.128919,0.062787,True,True,RED,0.602125
monza_alo_lap5_to_hard_new_fixed_context,ALO,5,HARD,new,fixed_context,H-S-H,2,22.992410,17.762233,28.411501,0.000000,22.991330,0.215872,True,True,RED,0.754750
monza_alo_lap6_to_soft_new_fixed_context,ALO,6,SOFT,new,fixed_context,H-S-S,2,20.542066,16.462906,24.132457,0.000000,-1.222592,21.658602,True,False,YELLOW,0.554458
monza_alo_lap6_to_medium_new_fixed_context,ALO,6,MEDIUM,new,fixed_context,H-S-M,2,34.584432,28.837438,40.514533,0.000000,12.927573,21.891733,True,False,YELLOW,0.516000
monza_alo_lap6_to_hard_new_fixed_context,ALO,6,HARD,new,fixed_context,H-S-H,2,43.184605,36.842802,49.257555,0.000000,21.334053,21.869938,True,False,YELLOW,0.485666
monza_alo_lap7_to_soft_new_fixed_context,ALO,7,SOFT,new,fixed_context,H-S-S,2,20.286195,16.107393,23.891556,0.000000,-1.516015,21.658602,True,False,GREEN,0.476416
monza_alo_lap7_to_medium_new_fixed_context,ALO,7,MEDIUM,new,fixed_context,H-S-M,2,33.496728,27.841611,39.238457,0.000000,11.778092,21.891733,True,False,GREEN,0.474083
monza_alo_lap7_to_hard_new_fixed_context,ALO,7,HARD,new,fixed_context,H-S-H,2,41.680932,35.536137,47.519597,0.000000,19.724357,21.869938,True,False,GREEN,0.486708
monza_alo_lap8_to_soft_new_fixed_context,ALO,8,SOFT,new,fixed_context,H-S-S,2,19.964076,15.807887,23.709890,0.000000,-1.760533,21.658602,True,False,GREEN,0.478625
monza_alo_lap8_to_medium_new_fixed_context,ALO,8,MEDIUM,new,fixed_context,H-S-M,2,32.414819,26.901950,38.034898,0.000000,10.680476,21.891733,True,False,GREEN,0.488875
monza_alo_lap8_to_hard_new_fixed_context,ALO,8,HARD,new,fixed_context,H-S-H,2,40.137669,34.133645,45.836580,0.000000,18.162241,21.869938,True,False,GREEN,0.485917
monza_alo_lap9_to_soft_new_fixed_context,ALO,9,SOFT,new,fixed_context,H-S-S,2,19.774500,15.489984,23.516163,0.000000,-1.956148,21.658602,True,False,GREEN,0.473833
monza_alo_lap9_to_medium_new_fixed_context,ALO,9,MEDIUM,new,fixed_context,H-S-M,2,31.357558,26.037810,36.868236,0.000000,9.634727,21.891733,True,False,GREEN,0.476292
monza_alo_lap9_to_hard_new_fixed_context,ALO,9,HARD,new,fixed_context,H-S-H,2,38.634912,32.833066,44.124051,0.000000,16.647705,21.869938,True,False,GREEN,0.471250
monza_alo_lap10_to_soft_new_fixed_context,ALO,10,SOFT,new,fixed_context,H-S-S,2,19.613394,15.302952,23.376017,0.000000,-2.102859,21.658602,True,False,GREEN,0.467834
monza_alo_lap10_to_medium_new_fixed_context,ALO,10,MEDIUM,new,fixed_context,H-S-M,2,30.417654,25.175904,35.704741,0.000000,8.640843,21.891733,True,False,GREEN,0.479375
monza_alo_lap10_to_hard_new_fixed_context,ALO,10,HARD,new,fixed_context,H-S-H,2,37.227110,31.503634,42.423932,0.000000,15.180750,21.869938,True,False,GREEN,0.469000
monza_alo_lap11_to_soft_new_fixed_context,ALO,11,SOFT,new,fixed_context,H-S-S,2,19.511255,15.185816,23.305997,0.000000,-2.200666,21.658602,True,False,GREEN,0.472500
monza_alo_lap11_to_medium_new_fixed_context,ALO,11,MEDIUM,new,fixed_context,H-S-M,2,29.463425,24.439003,34.574399,0.000000,7.698825,21.891733,True,False,GREEN,0.468417
monza_alo_lap11_to_hard_new_fixed_context,ALO,11,HARD,new,fixed_context,H-S-H,2,35.798350,30.303128,40.764829,0.000000,13.761374,21.869938,True,False,GREEN,0.463750
monza_alo_lap12_to_soft_new_fixed_context,ALO,12,SOFT,new,fixed_context,H-S-S,2,19.457701,15.130972,23.276714,0.000000,-2.249570,21.658602,True,False,GREEN,0.516250
monza_alo_lap12_to_medium_new_fixed_context,ALO,12,MEDIUM,new,fixed_context,H-S-M,2,28.503053,23.936695,33.654546,0.000000,6.808673,21.891733,True,False,GREEN,0.697166
monza_alo_lap12_to_hard_new_fixed_context,ALO,12,HARD,new,fixed_context,H-S-H,2,34.395978,29.225318,39.232213,0.000000,12.389579,21.869938,True,False,GREEN,0.516500
monza_alo_lap13_to_soft_new_fixed_context,ALO,13,SOFT,new,fixed_context,H-S-S,2,19.457701,15.130972,23.276714,0.000000,-2.249570,21.658602,True,False,GREEN,0.491167
monza_alo_lap13_to_medium_new_fixed_context,ALO,13,MEDIUM,new,fixed_context,H-S-M,2,27.596600,23.321760,32.624848,0.000000,5.970386,21.891733,True,False,GREEN,0.475875
monza_alo_lap13_to_hard_new_fixed_context,ALO,13,HARD,new,fixed_context,H-S-H,2,33.056249,28.148807,37.659143,0.000000,11.065365,21.869938,True,False,GREEN,0.469875
monza_alo_lap14_to_soft_new_fixed_context,ALO,14,SOFT,new,fixed_context,H-S-S,2,19.511255,15.185816,23.305997,0.000000,-2.200666,21.658602,True,False,GREEN,0.466250
monza_alo_lap14_to_medium_new_fixed_context,ALO,14,MEDIUM,new,fixed_context,H-S-M,2,26.826019,22.789493,31.608916,0.000000,5.183965,21.891733,True,False,GREEN,0.489542
monza_alo_lap14_to_hard_new_fixed_context,ALO,14,HARD,new,fixed_context,H-S-H,2,31.710209,27.048785,36.215034,0.000000,9.788730,21.869938,True,False,GREEN,0.464916
monza_alo_lap15_to_soft_new_fixed_context,ALO,15,SOFT,new,fixed_context,H-S-S,2,19.613394,15.302952,23.376017,0.000000,-2.102859,21.658602,True,False,GREEN,0.466166
monza_alo_lap15_to_medium_new_fixed_context,ALO,15,MEDIUM,new,fixed_context,H-S-M,2,26.059364,22.258111,30.665959,0.000000,4.449410,21.891733,True,False,GREEN,0.454541
monza_alo_lap15_to_hard_new_fixed_context,ALO,15,HARD,new,fixed_context,H-S-H,2,30.442144,26.002104,34.923440,0.000000,8.559676,21.869938,True,False,GREEN,0.488750
monza_alo_lap16_to_soft_new_fixed_context,ALO,16,SOFT,new,fixed_context,H-S-S,2,19.774500,15.489984,23.516163,0.000000,-1.956148,21.658602,True,False,GREEN,0.476292
monza_alo_lap16_to_medium_new_fixed_context,ALO,16,MEDIUM,new,fixed_context,H-S-M,2,25.292085,21.698931,29.868528,0.000000,3.766720,21.891733,True,False,GREEN,0.482791
monza_alo_lap16_to_hard_new_fixed_context,ALO,16,HARD,new,fixed_context,H-S-H,2,29.277059,25.017810,33.531586,0.000000,7.378202,21.869938,True,False,GREEN,0.468792
monza_alo_lap17_to_soft_new_fixed_context,ALO,17,SOFT,new,fixed_context,H-S-S,2,19.964076,15.807887,23.709890,0.000000,-1.760533,21.658602,True,False,GREEN,0.474083
monza_alo_lap17_to_medium_new_fixed_context,ALO,17,MEDIUM,new,fixed_context,H-S-M,2,24.659467,21.260552,28.997540,0.000000,3.135896,21.891733,True,False,GREEN,0.468250
monza_alo_lap17_to_hard_new_fixed_context,ALO,17,HARD,new,fixed_context,H-S-H,2,28.122090,24.040890,32.112298,0.000000,6.244309,21.869938,True,False,GREEN,0.463833
monza_alo_lap18_to_soft_new_fixed_context,ALO,18,SOFT,new,fixed_context,H-S-S,2,20.286195,16.107393,23.891556,0.000000,-1.516015,21.658602,True,False,GREEN,0.467291
monza_alo_lap18_to_medium_new_fixed_context,ALO,18,MEDIUM,new,fixed_context,H-S-M,2,24.209821,20.874076,28.206291,0.000000,2.556938,21.891733,True,False,GREEN,0.469750
monza_alo_lap18_to_hard_new_fixed_context,ALO,18,HARD,new,fixed_context,H-S-H,2,27.018279,23.052120,30.925032,0.000000,5.157996,21.869938,True,False,GREEN,0.468916
monza_alo_lap19_to_soft_new_fixed_context,ALO,19,SOFT,new,fixed_context,H-S-S,2,20.542066,16.462906,24.132457,0.000000,-1.222592,21.658602,True,False,GREEN,0.464875
monza_alo_lap19_to_medium_new_fixed_context,ALO,19,MEDIUM,new,fixed_context,H-S-M,2,23.810512,20.429072,27.638995,0.000000,2.029846,21.891733,True,False,GREEN,0.463834
monza_alo_lap19_to_hard_new_fixed_context,ALO,19,HARD,new,fixed_context,H-S-H,2,25.973103,22.216005,29.743022,0.000000,4.119263,21.869938,True,False,GREEN,0.462250
monza_alo_lap20_to_soft_new_fixed_context,ALO,20,SOFT,new,fixed_context,H-S-S,2,20.747746,16.905672,24.486178,0.000000,-0.880267,21.658602,True,False,GREEN,0.459375
monza_alo_lap20_to_medium_new_fixed_context,ALO,20,MEDIUM,new,fixed_context,H-S-M,2,23.351090,20.055336,27.040300,0.000000,1.554619,21.891733,True,False,GREEN,0.459917
monza_alo_lap20_to_hard_new_fixed_context,ALO,20,HARD,new,fixed_context,H-S-H,2,25.007875,21.364696,28.650889,0.000000,3.128110,21.869938,True,False,GREEN,0.464625
monza_alo_lap21_to_soft_new_fixed_context,ALO,21,SOFT,new,fixed_context,H-S-S,2,21.428337,17.798755,24.964315,0.000000,-0.489037,21.920263,True,False,GREEN,0.487709
monza_alo_lap21_to_medium_new_fixed_context,ALO,21,MEDIUM,new,fixed_context,H-S-M,2,23.176305,19.809293,26.595422,0.000000,1.131258,22.090607,True,False,GREEN,0.588542
monza_alo_lap21_to_hard_new_fixed_context,ALO,21,HARD,new,fixed_context,H-S-H,2,24.147674,20.724812,27.835294,0.000000,2.184537,21.915726,True,False,GREEN,0.561625
monza_alo_lap22_to_soft_new_fixed_context,ALO,22,SOFT,new,fixed_context,H-S-S,2,21.880183,18.522785,25.444473,0.000000,-0.048904,22.037352,True,False,GREEN,0.529458
monza_alo_lap22_to_medium_new_fixed_context,ALO,22,MEDIUM,new,fixed_context,H-S-M,2,22.704750,19.411459,26.332959,0.000000,0.759763,22.037352,True,False,GREEN,0.532167
monza_alo_lap22_to_hard_new_fixed_context,ALO,22,HARD,new,fixed_context,H-S-H,2,23.191775,19.788768,26.928435,0.000000,1.288545,22.037352,True,False,GREEN,0.492792
monza_ant_lap2_to_soft_new_fixed_context,ANT,2,SOFT,new,fixed_context,H-S-M-M,3,-6.160762,-8.230759,-3.951951,1.000000,0.000000,-6.153972,True,True,YELLOW,2.838791
monza_ant_lap2_to_medium_new_fixed_context,ANT,2,MEDIUM,new,fixed_context,H-M-M-M,3,-6.160762,-8.230759,-3.951951,1.000000,0.000000,-6.153972,True,True,YELLOW,0.517792
monza_ant_lap2_to_hard_new_fixed_context,ANT,2,HARD,new,fixed_context,H-H-M-M,3,-6.160762,-8.230759,-3.951951,1.000000,0.000000,-6.153972,True,True,YELLOW,0.555875
monza_ant_lap3_to_soft_new_fixed_context,ANT,3,SOFT,new,fixed_context,H-S-M,2,-24.495561,-32.153199,-18.080045,1.000000,-18.758459,-6.216759,True,True,RED,0.484292
monza_ant_lap3_to_medium_new_fixed_context,ANT,3,MEDIUM,new,fixed_context,H-M-M,2,-6.160762,-8.230759,-3.951951,1.000000,0.000000,-6.153972,True,True,RED,0.476541
monza_ant_lap3_to_hard_new_fixed_context,ANT,3,HARD,new,fixed_context,H-H-M,2,4.531192,-3.257706,11.043566,0.210000,10.302225,-6.000886,True,True,RED,0.510416
monza_ant_lap4_to_soft_new_fixed_context,ANT,4,SOFT,new,fixed_context,H-M-S-M,3,-25.149186,-32.467550,-18.721399,1.000000,-19.296365,-6.216759,True,True,RED,0.517583
monza_ant_lap4_to_medium_new_fixed_context,ANT,4,MEDIUM,new,fixed_context,H-M-M-M,3,-6.752425,-8.883090,-4.592842,1.000000,-0.614422,-6.153972,True,True,RED,0.490709
monza_ant_lap4_to_hard_new_fixed_context,ANT,4,HARD,new,fixed_context,H-M-H-M,3,3.995385,-3.741972,10.434786,0.232000,9.793379,-6.000886,True,True,RED,0.490750
monza_ant_lap5_to_soft_new_fixed_context,ANT,5,SOFT,new,fixed_context,H-M-S-M,3,-25.752905,-32.596618,-19.391212,1.000000,-19.834272,-6.216759,True,True,RED,0.489792
monza_ant_lap5_to_medium_new_fixed_context,ANT,5,MEDIUM,new,fixed_context,H-M-M-M,3,-7.361176,-9.494650,-5.221769,1.000000,-1.228844,-6.153972,True,True,RED,0.505000
monza_ant_lap5_to_hard_new_fixed_context,ANT,5,HARD,new,fixed_context,H-M-H-M,3,3.462960,-4.227495,9.804617,0.272000,9.284532,-6.000886,True,True,RED,0.500250
monza_ant_lap6_to_soft_new_fixed_context,ANT,6,SOFT,new,fixed_context,H-M-S-M,3,-3.990821,-12.080083,4.182916,0.728000,-19.482689,15.504630,True,False,YELLOW,0.508458
monza_ant_lap6_to_medium_new_fixed_context,ANT,6,MEDIUM,new,fixed_context,H-M-M-M,3,13.968051,8.393492,19.583081,0.004000,-1.759481,15.737760,True,False,YELLOW,0.492583
monza_ant_lap6_to_hard_new_fixed_context,ANT,6,HARD,new,fixed_context,H-M-H-M,3,24.327421,15.130917,32.337217,0.002000,8.326403,15.715966,True,False,YELLOW,0.537333
monza_ant_lap7_to_soft_new_fixed_context,ANT,7,SOFT,new,fixed_context,H-M-S-M,3,-3.675585,-11.258748,4.327572,0.716000,-19.078727,15.504630,True,False,GREEN,0.494875
monza_ant_lap7_to_medium_new_fixed_context,ANT,7,MEDIUM,new,fixed_context,H-M-M-M,3,13.495698,7.888508,19.096145,0.006000,-2.234261,15.737760,True,False,GREEN,0.520167
monza_ant_lap7_to_hard_new_fixed_context,ANT,7,HARD,new,fixed_context,H-M-H-M,3,23.440102,14.420440,31.166126,0.002000,7.419331,15.715966,True,False,GREEN,0.476167
monza_ant_lap8_to_soft_new_fixed_context,ANT,8,SOFT,new,fixed_context,H-M-S-M,3,-3.172650,-10.528946,4.746133,0.694000,-18.622387,15.504630,True,False,GREEN,0.472750
monza_ant_lap8_to_medium_new_fixed_context,ANT,8,MEDIUM,new,fixed_context,H-M-M-M,3,13.085559,7.528325,18.651991,0.006000,-2.653185,15.737760,True,False,GREEN,0.475417
monza_ant_lap8_to_hard_new_fixed_context,ANT,8,HARD,new,fixed_context,H-M-H-M,3,22.461189,13.856059,30.047517,0.002000,6.563316,15.715966,True,False,GREEN,0.499459
monza_ant_lap9_to_soft_new_fixed_context,ANT,9,SOFT,new,fixed_context,H-M-S-M,3,-2.724526,-9.907440,5.204415,0.678000,-18.113668,15.504630,True,False,GREEN,0.496000
monza_ant_lap9_to_medium_new_fixed_context,ANT,9,MEDIUM,new,fixed_context,H-M-M-M,3,12.723935,7.152893,18.333653,0.006000,-3.016252,15.737760,True,False,GREEN,0.494917
monza_ant_lap9_to_hard_new_fixed_context,ANT,9,HARD,new,fixed_context,H-M-H-M,3,21.572259,13.381687,29.104405,0.002000,5.758360,15.715966,True,False,GREEN,0.490333
monza_ant_lap10_to_soft_new_fixed_context,ANT,10,SOFT,new,fixed_context,H-M-S-M,3,-2.055508,-8.991745,5.523965,0.650000,-17.552571,15.504630,True,False,GREEN,0.497417
monza_ant_lap10_to_medium_new_fixed_context,ANT,10,MEDIUM,new,fixed_context,H-M-M-M,3,12.430406,6.818504,18.036852,0.006000,-3.323463,15.737760,True,False,GREEN,0.493958
monza_ant_lap10_to_hard_new_fixed_context,ANT,10,HARD,new,fixed_context,H-M-H-M,3,20.770888,12.847153,28.232582,0.002000,5.004461,15.715966,True,False,GREEN,0.497334
monza_ant_lap11_to_soft_new_fixed_context,ANT,11,SOFT,new,fixed_context,H-M-S-M,3,-1.422357,-8.269746,5.828089,0.600000,-16.939095,15.504630,True,False,GREEN,0.493791
monza_ant_lap11_to_medium_new_fixed_context,ANT,11,MEDIUM,new,fixed_context,H-M-M-M,3,12.183520,6.550581,17.790212,0.006000,-3.574818,15.737760,True,False,GREEN,0.492208
monza_ant_lap11_to_hard_new_fixed_context,ANT,11,HARD,new,fixed_context,H-M-H-M,3,19.977152,12.463799,27.250916,0.002000,4.301620,15.715966,True,False,GREEN,0.495084
monza_ant_lap12_to_soft_new_fixed_context,ANT,12,SOFT,new,fixed_context,H-M-S-M,3,-0.849981,-7.277147,6.231039,0.560000,-16.273241,15.504630,True,False,GREEN,0.474875
monza_ant_lap12_to_medium_new_fixed_context,ANT,12,MEDIUM,new,fixed_context,H-M-M-M,3,11.988976,6.376182,17.597478,0.006000,-3.770315,15.737760,True,False,GREEN,0.469625
monza_ant_lap12_to_hard_new_fixed_context,ANT,12,HARD,new,fixed_context,H-M-H-M,3,19.307905,12.142902,26.431274,0.002000,3.649836,15.715966,True,False,GREEN,0.466458
monza_ant_lap13_to_soft_new_fixed_context,ANT,13,SOFT,new,fixed_context,H-M-S-M,3,-0.145255,-6.505575,6.804153,0.512000,-15.555008,15.504630,True,False,GREEN,0.466500
monza_ant_lap13_to_medium_new_fixed_context,ANT,13,MEDIUM,new,fixed_context,H-M-M-M,3,11.848795,6.242623,17.459117,0.006000,-3.909957,15.737760,True,False,GREEN,0.492833
monza_ant_lap13_to_hard_new_fixed_context,ANT,13,HARD,new,fixed_context,H-M-H-M,3,18.679288,11.794042,25.711858,0.002000,3.049110,15.715966,True,False,GREEN,0.487708
monza_ant_lap14_to_soft_new_fixed_context,ANT,14,SOFT,new,fixed_context,H-M-S-M,3,0.678984,-5.555279,7.348560,0.434000,-14.784396,15.504630,True,False,GREEN,0.496042
monza_ant_lap14_to_medium_new_fixed_context,ANT,14,MEDIUM,new,fixed_context,H-M-M-M,3,11.764686,6.146164,17.376100,0.006000,-3.993742,15.737760,True,False,GREEN,0.492666
monza_ant_lap14_to_hard_new_fixed_context,ANT,14,HARD,new,fixed_context,H-M-H-M,3,18.165299,11.371443,25.083352,0.004000,2.499442,15.715966,True,False,GREEN,0.482167
monza_ant_lap15_to_soft_new_fixed_context,ANT,15,SOFT,new,fixed_context,H-M-S-M,3,1.447482,-4.490308,7.953319,0.384000,-13.961406,15.504630,True,False,GREEN,0.481667
monza_ant_lap15_to_medium_new_fixed_context,ANT,15,MEDIUM,new,fixed_context,H-M-M-M,3,11.736650,6.113780,17.348427,0.006000,-4.021670,15.737760,True,False,GREEN,0.492583
monza_ant_lap15_to_hard_new_fixed_context,ANT,15,HARD,new,fixed_context,H-M-H-M,3,17.649594,11.141508,24.358100,0.004000,2.000831,15.715966,True,False,GREEN,0.689666
monza_ant_lap16_to_soft_new_fixed_context,ANT,16,SOFT,new,fixed_context,H-M-S-M,3,2.350852,-3.650299,8.836567,0.312000,-13.086038,15.504630,True,False,GREEN,0.546792
monza_ant_lap16_to_medium_new_fixed_context,ANT,16,MEDIUM,new,fixed_context,H-M-M-M,3,11.764686,6.146164,17.376100,0.006000,-3.993742,15.737760,True,False,GREEN,0.516875
monza_ant_lap16_to_hard_new_fixed_context,ANT,16,HARD,new,fixed_context,H-M-H-M,3,17.260759,10.789484,23.804272,0.004000,1.553278,15.715966,True,False,GREEN,0.500792
monza_ant_lap17_to_soft_new_fixed_context,ANT,17,SOFT,new,fixed_context,H-M-S-M,3,3.365163,-2.584851,9.651193,0.242000,-12.158291,15.504630,True,False,GREEN,0.503042
monza_ant_lap17_to_medium_new_fixed_context,ANT,17,MEDIUM,new,fixed_context,H-M-M-M,3,11.848795,6.242623,17.459117,0.006000,-3.909957,15.737760,True,False,GREEN,0.493167
monza_ant_lap17_to_hard_new_fixed_context,ANT,17,HARD,new,fixed_context,H-M-H-M,3,16.770875,10.476822,23.426551,0.004000,1.156783,15.715966,True,False,GREEN,0.549875
monza_ant_lap18_to_soft_new_fixed_context,ANT,18,SOFT,new,fixed_context,H-M-S,2,-22.396040,-37.390621,-10.157421,0.984000,-25.773871,2.264344,False,False,GREEN,0.511541
monza_ant_lap18_to_medium_new_fixed_context,ANT,18,MEDIUM,new,fixed_context,H-M-M,2,5.507991,1.971504,9.022394,0.032000,2.932468,2.560261,True,False,GREEN,0.516250
monza_ant_lap18_to_hard_new_fixed_context,ANT,18,HARD,new,fixed_context,H-M-H,2,20.745637,8.491323,29.891410,0.004000,17.601189,2.691552,True,False,GREEN,0.500500
monza_ant_lap19_to_soft_new_fixed_context,ANT,19,SOFT,new,fixed_context,H-M-S,2,-22.007860,-36.344413,-10.147192,0.990000,-25.328173,2.264344,False,False,GREEN,0.503916
monza_ant_lap19_to_medium_new_fixed_context,ANT,19,MEDIUM,new,fixed_context,H-M-M,2,5.001163,1.502931,8.527487,0.040000,2.457687,2.560261,True,False,GREEN,0.503291
monza_ant_lap19_to_hard_new_fixed_context,ANT,19,HARD,new,fixed_context,H-M-H,2,19.859937,7.967024,28.862211,0.004000,16.751704,2.691552,True,False,GREEN,0.503500
monza_ant_lap20_to_soft_new_fixed_context,ANT,20,SOFT,new,fixed_context,H-M-S,2,-21.626059,-35.217481,-10.276568,0.990000,-24.830097,2.264344,False,False,GREEN,0.500334
monza_ant_lap20_to_medium_new_fixed_context,ANT,20,MEDIUM,new,fixed_context,H-M-M,2,4.592243,1.041497,8.168522,0.052000,2.038763,2.560261,True,False,GREEN,0.500125
monza_ant_lap20_to_hard_new_fixed_context,ANT,20,HARD,new,fixed_context,H-M-H,2,19.027476,7.445985,27.895993,0.004000,15.953276,2.691552,True,False,GREEN,0.501417
monza_ant_lap21_to_soft_new_fixed_context,ANT,21,SOFT,new,fixed_context,H-M-S,2,-21.186759,-34.077588,-10.218133,0.992000,-24.279643,2.264344,False,False,GREEN,0.498292
monza_ant_lap21_to_medium_new_fixed_context,ANT,21,MEDIUM,new,fixed_context,H-M-M,2,4.199164,0.643097,7.808944,0.066000,1.675696,2.560261,True,False,GREEN,0.496834
monza_ant_lap21_to_hard_new_fixed_context,ANT,21,HARD,new,fixed_context,H-M-H,2,18.228047,7.000694,26.902783,0.004000,15.205906,2.691552,True,False,GREEN,0.496458
monza_ant_lap22_to_soft_new_fixed_context,ANT,22,SOFT,new,fixed_context,H-M-S,2,-20.747845,-32.809125,-10.099377,0.994000,-23.676810,2.264344,False,False,GREEN,0.507458
monza_ant_lap22_to_medium_new_fixed_context,ANT,22,MEDIUM,new,fixed_context,H-M-M,2,3.913974,0.303193,7.459517,0.092000,1.368485,2.560261,True,False,GREEN,0.500042
monza_ant_lap22_to_hard_new_fixed_context,ANT,22,HARD,new,fixed_context,H-M-H,2,17.449107,6.608531,25.935052,0.004000,14.509594,2.691552,True,False,GREEN,0.491167
monza_ant_lap23_to_soft_new_fixed_context,ANT,23,SOFT,new,fixed_context,H-M-S,2,-20.128890,-31.601861,-10.046088,0.994000,-23.021598,2.264344,False,False,GREEN,0.488917
monza_ant_lap23_to_medium_new_fixed_context,ANT,23,MEDIUM,new,fixed_context,H-M-M,2,3.676506,0.050948,7.173621,0.094000,1.117131,2.560261,True,False,GREEN,0.491708
monza_ant_lap23_to_hard_new_fixed_context,ANT,23,HARD,new,fixed_context,H-M-H,2,16.834007,6.271582,24.999144,0.004000,13.864339,2.691552,True,False,GREEN,0.487708
monza_ant_lap24_to_soft_new_fixed_context,ANT,24,SOFT,new,fixed_context,H-M-S,2,-19.523348,-30.466677,-9.565421,0.994000,-22.314008,2.264344,False,False,GREEN,0.488500
monza_ant_lap24_to_medium_new_fixed_context,ANT,24,MEDIUM,new,fixed_context,H-M-M,2,3.475128,-0.123009,6.997952,0.104000,0.921633,2.560261,True,False,GREEN,0.488709
monza_ant_lap24_to_hard_new_fixed_context,ANT,24,HARD,new,fixed_context,H-M-H,2,16.193833,6.002716,24.108118,0.004000,13.270142,2.691552,True,False,GREEN,0.503500
monza_ant_lap25_to_soft_new_fixed_context,ANT,25,SOFT,new,fixed_context,H-M-S,2,-18.464698,-28.896739,-9.438033,0.992000,-21.554040,2.526005,False,False,GREEN,0.491083
monza_ant_lap25_to_medium_new_fixed_context,ANT,25,MEDIUM,new,fixed_context,H-M-M,2,3.538472,0.003957,7.127692,0.100000,0.781991,2.759135,True,False,GREEN,0.489750
monza_ant_lap25_to_hard_new_fixed_context,ANT,25,HARD,new,fixed_context,H-M-H,2,15.781750,6.033393,23.367397,0.006000,12.727002,2.737341,True,False,GREEN,0.484875
monza_ant_lap26_to_soft_new_fixed_context,ANT,26,SOFT,new,fixed_context,H-M-S,2,-17.643640,-27.361931,-8.925405,0.992000,-20.741692,2.643094,False,False,GREEN,0.483083
monza_ant_lap26_to_medium_new_fixed_context,ANT,26,MEDIUM,new,fixed_context,H-M-M,2,3.244880,-0.056289,6.951647,0.104000,0.698207,2.705881,True,False,GREEN,0.490542
monza_ant_lap26_to_hard_new_fixed_context,ANT,26,HARD,new,fixed_context,H-M-H,2,15.405497,6.065195,23.068917,0.006000,12.234920,2.858966,True,False,GREEN,0.482875
monza_ant_lap27_to_soft_new_fixed_context,ANT,27,SOFT,new,fixed_context,H-M-S,2,-24.068537,-33.014252,-16.370992,1.000000,-19.876967,-4.788902,False,False,GREEN,0.480666
monza_ant_lap27_to_medium_new_fixed_context,ANT,27,MEDIUM,new,fixed_context,H-M-M,2,-4.067936,-6.284672,-1.646829,0.976000,0.670278,-4.663329,True,False,GREEN,0.481708
monza_ant_lap27_to_hard_new_fixed_context,ANT,27,HARD,new,fixed_context,H-M-H,2,7.667380,-0.638750,14.473706,0.118000,11.793896,-4.357158,True,False,GREEN,0.484000
monza_ant_lap28_to_soft_new_fixed_context,ANT,28,SOFT,new,fixed_context,H-M-S,2,-26.549045,-35.092905,-19.011283,1.000000,-20.463774,-6.449889,True,False,VSC,0.491125
monza_ant_lap28_to_medium_new_fixed_context,ANT,28,MEDIUM,new,fixed_context,H-M-M,2,-6.160762,-8.230759,-3.951951,1.000000,0.000000,-6.153972,True,False,VSC,0.478541
monza_ant_lap28_to_hard_new_fixed_context,ANT,28,HARD,new,fixed_context,H-M-H,2,5.384240,-3.116189,12.061412,0.190000,11.238791,-6.022681,True,False,VSC,0.511416
monza_ant_lap29_to_soft_new_fixed_context,ANT,29,SOFT,new,fixed_context,H-M-S,2,-20.063596,-28.448225,-11.617659,1.000000,-21.050580,0.720446,True,False,VSC,0.520417
monza_ant_lap29_to_medium_new_fixed_context,ANT,29,MEDIUM,new,fixed_context,H-M-M,2,0.323287,-2.907408,3.577086,0.448000,-0.670278,1.016363,True,False,VSC,0.816584
monza_ant_lap29_to_hard_new_fixed_context,ANT,29,HARD,new,fixed_context,H-M-H,2,12.003960,3.087169,19.018985,0.028000,10.683686,1.147654,True,False,VSC,0.675542
monza_ant_lap30_to_soft_new_fixed_context,ANT,30,SOFT,new,fixed_context,H-M-S,2,-17.427504,-25.721487,-10.148699,0.998000,-20.077620,2.327131,True,False,GREEN,0.526500
monza_ant_lap30_to_medium_new_fixed_context,ANT,30,MEDIUM,new,fixed_context,H-M-M,2,1.951719,-1.502277,5.471771,0.240000,-0.586494,2.560261,True,False,GREEN,0.480709
monza_ant_lap30_to_hard_new_fixed_context,ANT,30,HARD,new,fixed_context,H-M-H,2,13.125051,4.598706,20.043041,0.010000,10.349576,2.538466,True,False,GREEN,0.472541
monza_ant_lap31_to_soft_new_fixed_context,ANT,31,SOFT,new,fixed_context,H-M-S,2,-16.462782,-24.226939,-9.512252,0.998000,-19.052280,2.327131,True,False,GREEN,0.466625
monza_ant_lap31_to_medium_new_fixed_context,ANT,31,MEDIUM,new,fixed_context,H-M-M,2,2.091478,-1.352160,5.610292,0.222000,-0.446852,2.560261,True,False,GREEN,0.462041
monza_ant_lap31_to_hard_new_fixed_context,ANT,31,HARD,new,fixed_context,H-M-H,2,12.914559,4.720959,19.572038,0.008000,10.066523,2.538466,True,False,GREEN,0.463458
monza_ant_lap32_to_soft_new_fixed_context,ANT,32,SOFT,new,fixed_context,H-M-S,2,-15.432551,-22.747084,-8.672547,0.998000,-17.974562,2.327131,True,False,GREEN,0.466458
monza_ant_lap32_to_medium_new_fixed_context,ANT,32,MEDIUM,new,fixed_context,H-M-M,2,2.289853,-1.153100,5.823754,0.194000,-0.251354,2.560261,True,False,GREEN,0.465333
monza_ant_lap32_to_hard_new_fixed_context,ANT,32,HARD,new,fixed_context,H-M-H,2,12.708153,4.628306,19.125286,0.008000,9.834529,2.538466,True,False,GREEN,0.459333
monza_ant_lap33_to_soft_new_fixed_context,ANT,33,SOFT,new,fixed_context,H-M-S,2,-14.333063,-21.286945,-7.779606,0.998000,-16.844466,2.327131,True,False,GREEN,0.462291
monza_ant_lap33_to_medium_new_fixed_context,ANT,33,MEDIUM,new,fixed_context,H-M-M,2,2.545656,-0.929278,6.087067,0.172000,-0.000000,2.560261,True,False,GREEN,0.455333
monza_ant_lap33_to_hard_new_fixed_context,ANT,33,HARD,new,fixed_context,H-M-H,2,12.526026,4.808285,18.599888,0.008000,9.653592,2.538466,True,False,GREEN,0.459167
monza_ant_lap34_to_soft_new_fixed_context,ANT,34,SOFT,new,fixed_context,H-M-S,2,-13.171073,-19.759582,-6.876754,0.996000,-15.661991,2.327131,True,False,GREEN,0.452833
monza_ant_lap34_to_medium_new_fixed_context,ANT,34,MEDIUM,new,fixed_context,H-M-M,2,2.856447,-0.660521,6.407094,0.142000,0.307211,2.560261,True,False,GREEN,0.458125
monza_ant_lap34_to_hard_new_fixed_context,ANT,34,HARD,new,fixed_context,H-M-H,2,12.406376,5.088319,18.258178,0.008000,9.523712,2.538466,True,False,GREEN,0.458167
monza_ant_lap35_to_soft_new_fixed_context,ANT,35,SOFT,new,fixed_context,H-M-S,2,-11.988573,-18.246356,-5.997269,0.990000,-14.427137,2.327131,True,False,GREEN,0.452250
monza_ant_lap35_to_medium_new_fixed_context,ANT,35,MEDIUM,new,fixed_context,H-M-M,2,3.228629,-0.342900,6.776542,0.118000,0.670278,2.560261,True,False,GREEN,0.451125
monza_ant_lap35_to_hard_new_fixed_context,ANT,35,HARD,new,fixed_context,H-M-H,2,12.291482,5.246389,17.950104,0.008000,9.444891,2.538466,True,False,GREEN,0.864875
monza_ant_lap36_to_soft_new_fixed_context,ANT,36,SOFT,new,fixed_context,H-M-S,2,-10.816939,-16.689145,-4.832813,0.988000,-13.139905,2.327131,True,False,GREEN,0.642666
monza_ant_lap36_to_medium_new_fixed_context,ANT,36,MEDIUM,new,fixed_context,H-M-M,2,3.648011,0.025728,7.145559,0.100000,1.089202,2.560261,True,False,GREEN,0.529750
monza_ant_lap36_to_hard_new_fixed_context,ANT,36,HARD,new,fixed_context,H-M-H,2,12.248519,5.500646,17.763933,0.008000,9.417126,2.538466,True,False,GREEN,0.525042
monza_ant_lap37_to_soft_new_fixed_context,ANT,37,SOFT,new,fixed_context,H-M-S,2,-9.554838,-15.026058,-3.651437,0.982000,-11.800295,2.327131,True,False,GREEN,0.504833
monza_ant_lap37_to_medium_new_fixed_context,ANT,37,MEDIUM,new,fixed_context,H-M-M,2,4.085476,0.521079,7.681880,0.076000,1.563983,2.560261,True,False,GREEN,0.492584
monza_ant_lap37_to_hard_new_fixed_context,ANT,37,HARD,new,fixed_context,H-M-H,2,12.226844,5.762503,17.633430,0.004000,9.440420,2.538466,True,False,GREEN,0.480584
monza_ant_lap38_to_soft_new_fixed_context,ANT,38,SOFT,new,fixed_context,H-M-S,2,-8.257746,-13.339616,-2.623289,0.968000,-10.408305,2.327131,True,False,GREEN,0.488209
monza_ant_lap38_to_medium_new_fixed_context,ANT,38,MEDIUM,new,fixed_context,H-M-M,2,4.651101,1.103021,8.220978,0.052000,2.094620,2.560261,True,False,GREEN,0.476000
monza_ant_lap38_to_hard_new_fixed_context,ANT,38,HARD,new,fixed_context,H-M-H,2,12.230799,6.155905,17.524999,0.004000,9.514771,2.538466,True,False,GREEN,0.482250
monza_ant_lap39_to_soft_new_fixed_context,ANT,39,SOFT,new,fixed_context,H-M-M-S,3,-0.529090,-6.906253,6.414493,0.542000,-15.946003,15.504630,True,False,GREEN,0.475375
monza_ant_lap39_to_medium_new_fixed_context,ANT,39,MEDIUM,new,fixed_context,H-M-M-M,3,11.478677,5.845781,17.071704,0.006000,-4.300952,15.737760,True,False,GREEN,0.478375
monza_ant_lap39_to_hard_new_fixed_context,ANT,39,HARD,new,fixed_context,H-M-M-H,3,18.303543,11.377110,25.292187,0.004000,2.658114,15.715966,True,False,GREEN,0.490333
monza_ant_lap40_to_soft_new_fixed_context,ANT,40,SOFT,new,fixed_context,H-M-M-S,3,0.325406,-5.944188,7.043864,0.468000,-15.147464,15.504630,True,False,GREEN,0.469666
monza_ant_lap40_to_medium_new_fixed_context,ANT,40,MEDIUM,new,fixed_context,H-M-M-M,3,11.428063,5.788186,17.016370,0.008000,-4.356809,15.737760,True,False,GREEN,0.469625
monza_ant_lap40_to_hard_new_fixed_context,ANT,40,HARD,new,fixed_context,H-M-M-H,3,17.837687,10.968838,24.700056,0.004000,2.136374,15.715966,True,False,GREEN,0.481750
monza_ant_lap41_to_soft_new_fixed_context,ANT,41,SOFT,new,fixed_context,H-M-M-S,3,1.092127,-4.835849,7.631667,0.412000,-14.296546,15.504630,True,False,GREEN,0.499500
monza_ant_lap41_to_medium_new_fixed_context,ANT,41,MEDIUM,new,fixed_context,H-M-M-M,3,11.428063,5.788186,17.016370,0.008000,-4.356809,15.737760,True,False,GREEN,0.499708
monza_ant_lap41_to_hard_new_fixed_context,ANT,41,HARD,new,fixed_context,H-M-M-H,3,17.315342,10.843694,24.020319,0.004000,1.665692,15.715966,True,False,GREEN,0.485500
monza_ant_lap42_to_soft_new_fixed_context,ANT,42,SOFT,new,fixed_context,H-M-M-S,3,2.026716,-3.916921,8.550762,0.340000,-13.393249,15.504630,True,False,GREEN,0.499833
monza_ant_lap42_to_medium_new_fixed_context,ANT,42,MEDIUM,new,fixed_context,H-M-M-M,3,11.478677,5.845781,17.071704,0.006000,-4.300952,15.737760,True,False,GREEN,0.492250
monza_ant_lap42_to_hard_new_fixed_context,ANT,42,HARD,new,fixed_context,H-M-M-H,3,16.953126,10.502851,23.497745,0.004000,1.246067,15.715966,True,False,GREEN,0.483166
monza_ant_lap43_to_soft_new_fixed_context,ANT,43,SOFT,new,fixed_context,H-M-M-S,3,3.062742,-2.855083,9.401085,0.262000,-12.437573,15.504630,True,False,GREEN,0.483000
monza_ant_lap43_to_medium_new_fixed_context,ANT,43,MEDIUM,new,fixed_context,H-M-M-M,3,11.576112,5.948653,17.182393,0.006000,-4.189239,15.737760,True,False,GREEN,0.484708
monza_ant_lap43_to_hard_new_fixed_context,ANT,43,HARD,new,fixed_context,H-M-M-H,3,16.511439,10.211527,23.143101,0.004000,0.877500,15.715966,True,False,GREEN,0.483458
monza_ant_lap44_to_soft_new_fixed_context,ANT,44,SOFT,new,fixed_context,H-M-M-S,3,4.113723,-1.795015,10.431626,0.190000,-11.429520,15.504630,True,False,GREEN,0.495917
monza_ant_lap44_to_medium_new_fixed_context,ANT,44,MEDIUM,new,fixed_context,H-M-M-M,3,11.736650,6.113780,17.348427,0.006000,-4.021670,15.737760,True,False,GREEN,0.485208
monza_ant_lap44_to_hard_new_fixed_context,ANT,44,HARD,new,fixed_context,H-M-M-H,3,16.108161,9.984445,22.691905,0.004000,0.559991,15.715966,True,False,GREEN,0.481500
monza_ant_lap45_to_soft_new_fixed_context,ANT,45,SOFT,new,fixed_context,H-M-M-S,3,5.248133,-0.486467,11.357173,0.124000,-10.369087,15.504630,True,False,GREEN,0.484250
monza_ant_lap45_to_medium_new_fixed_context,ANT,45,MEDIUM,new,fixed_context,H-M-M-M,3,11.960940,6.353204,17.569806,0.006000,-3.798244,15.737760,True,False,GREEN,0.477791
monza_ant_lap45_to_hard_new_fixed_context,ANT,45,HARD,new,fixed_context,H-M-M-H,3,15.918055,9.686333,22.333824,0.004000,0.293539,15.715966,True,False,GREEN,0.480375
monza_ant_lap46_to_soft_new_fixed_context,ANT,46,SOFT,new,fixed_context,H-M-M-S,3,6.369820,0.675454,12.320415,0.084000,-9.256276,15.504630,True,False,GREEN,0.474000
monza_ant_lap46_to_medium_new_fixed_context,ANT,46,MEDIUM,new,fixed_context,H-M-M-M,3,12.238384,6.610120,17.845021,0.006000,-3.518961,15.737760,True,False,GREEN,0.479333
monza_ant_lap46_to_hard_new_fixed_context,ANT,46,HARD,new,fixed_context,H-M-M-H,3,15.844852,9.774193,21.953879,0.004000,0.078145,15.715966,True,False,GREEN,0.477583
monza_ant_lap47_to_soft_new_fixed_context,ANT,47,SOFT,new,fixed_context,H-M-M-S,3,7.577385,1.901555,13.258079,0.052000,-8.091087,15.504630,True,False,GREEN,0.501250
monza_ant_lap47_to_medium_new_fixed_context,ANT,47,MEDIUM,new,fixed_context,H-M-M-M,3,12.561034,6.969519,18.173875,0.006000,-3.183822,15.737760,True,False,GREEN,0.479375
monza_ant_lap47_to_hard_new_fixed_context,ANT,47,HARD,new,fixed_context,H-M-M-H,3,15.717348,9.760034,21.663406,0.004000,-0.086192,15.715966,True,False,GREEN,0.478500
monza_ant_lap48_to_soft_new_fixed_context,ANT,48,SOFT,new,fixed_context,H-M-M-S,3,8.781071,3.134299,14.283293,0.040000,-6.873519,15.504630,True,False,GREEN,0.487458
monza_ant_lap48_to_medium_new_fixed_context,ANT,48,MEDIUM,new,fixed_context,H-M-M-M,3,12.948486,7.385435,18.529553,0.006000,-2.792826,15.737760,True,False,GREEN,0.483667
monza_ant_lap48_to_hard_new_fixed_context,ANT,48,HARD,new,fixed_context,H-M-M-H,3,15.626154,9.737748,21.417168,0.004000,-0.199471,15.715966,True,False,GREEN,0.480417
monza_ant_lap49_to_soft_new_fixed_context,ANT,49,SOFT,new,fixed_context,H-M-M-S,3,10.082138,4.447066,15.476801,0.018000,-5.603572,15.504630,True,False,GREEN,0.471667
monza_ant_lap49_to_medium_new_fixed_context,ANT,49,MEDIUM,new,fixed_context,H-M-M-M,3,13.385502,7.794547,18.968034,0.006000,-2.345974,15.737760,True,False,GREEN,0.487208
monza_ant_lap49_to_hard_new_fixed_context,ANT,49,HARD,new,fixed_context,H-M-M-H,3,15.523379,9.668566,21.191733,0.004000,-0.261692,15.715966,True,False,GREEN,0.475917
monza_ant_lap50_to_soft_new_fixed_context,ANT,50,SOFT,new,fixed_context,H-M-M-S,3,11.310729,5.675558,16.734665,0.010000,-4.281247,15.504630,True,False,GREEN,0.475375
monza_ant_lap50_to_medium_new_fixed_context,ANT,50,MEDIUM,new,fixed_context,H-M-M-M,3,13.887882,8.303292,19.505843,0.004000,-1.843265,15.737760,True,False,GREEN,0.475375
monza_ant_lap50_to_hard_new_fixed_context,ANT,50,HARD,new,fixed_context,H-M-M-H,3,15.444099,9.646944,21.245953,0.004000,-0.272855,15.715966,True,False,GREEN,0.473125
monza_ant_lap51_to_soft_new_fixed_context,ANT,51,SOFT,new,fixed_context,H-M-M-S,3,12.927870,7.207413,18.201974,0.006000,-2.906543,15.766291,True,False,GREEN,0.474709
monza_ant_lap51_to_medium_new_fixed_context,ANT,51,MEDIUM,new,fixed_context,H-M-M-M,3,14.645662,9.121925,20.139860,0.002000,-1.284700,15.936635,True,False,GREEN,0.471500
monza_ant_lap51_to_hard_new_fixed_context,ANT,51,HARD,new,fixed_context,H-M-M-H,3,15.491210,9.995397,21.282210,0.002000,-0.232961,15.761754,True,False,GREEN,0.469875
monza_ant_lap52_to_soft_new_fixed_context,ANT,52,SOFT,new,fixed_context,H-M-M-S,3,14.329183,8.918417,20.045974,0.004000,-1.479461,15.883380,True,False,GREEN,0.472833
monza_ant_lap52_to_medium_new_fixed_context,ANT,52,MEDIUM,new,fixed_context,H-M-M-M,3,15.077300,9.771736,20.813780,0.002000,-0.670278,15.883380,True,False,GREEN,0.471208
monza_ant_lap52_to_hard_new_fixed_context,ANT,52,HARD,new,fixed_context,H-M-M-H,3,15.612764,10.100623,21.352050,0.002000,-0.142009,15.883380,True,False,GREEN,0.469333
monza_bea_lap2_to_soft_new_fixed_context,BEA,2,SOFT,new,fixed_context,S-S-H,2,0.000000,0.000000,0.000000,0.000000,0.000000,0.000000,True,True,GREEN,3.067208
monza_bea_lap2_to_medium_new_fixed_context,BEA,2,MEDIUM,new,fixed_context,S-M-H,2,0.000000,0.000000,0.000000,0.000000,0.000000,0.000000,True,True,GREEN,0.523791
monza_bea_lap2_to_hard_new_fixed_context,BEA,2,HARD,new,fixed_context,S-H-H,2,0.000000,0.000000,0.000000,0.000000,0.000000,0.000000,True,True,GREEN,0.485166
monza_bea_lap3_to_soft_new_fixed_context,BEA,3,SOFT,new,fixed_context,S-S,1,-52.343084,-80.121905,-30.316970,0.998000,-52.995927,-0.431745,False,True,RED,0.515875
monza_bea_lap3_to_medium_new_fixed_context,BEA,3,MEDIUM,new,fixed_context,S-M,1,-13.465555,-28.489491,1.911507,0.866000,-13.125854,-0.306172,True,True,RED,0.498208
monza_bea_lap3_to_hard_new_fixed_context,BEA,3,HARD,new,fixed_context,S-H,1,0.000000,0.000000,0.000000,0.000000,0.000000,0.000000,True,True,RED,0.493209
monza_bea_lap4_to_soft_new_fixed_context,BEA,4,SOFT,new,fixed_context,S-H-S,2,-53.586162,-80.591184,-32.222164,0.998000,-54.096104,-0.431745,False,True,RED,0.504292
monza_bea_lap4_to_medium_new_fixed_context,BEA,4,MEDIUM,new,fixed_context,S-H-M,2,-14.665533,-29.743439,0.665137,0.882000,-14.359311,-0.306172,True,True,RED,0.513042
monza_bea_lap4_to_hard_new_fixed_context,BEA,4,HARD,new,fixed_context,S-H-H,2,-0.839969,-1.045452,-0.626605,1.000000,-0.832802,0.000000,True,True,RED,0.507500
monza_bea_lap5_to_soft_new_fixed_context,BEA,5,SOFT,new,fixed_context,S-H-S,2,-54.702449,-80.599015,-33.707091,1.000000,-55.196281,-0.431745,False,True,RED,0.504833
monza_bea_lap5_to_medium_new_fixed_context,BEA,5,MEDIUM,new,fixed_context,S-H-M,2,-15.795430,-30.903901,-0.786524,0.916000,-15.592767,-0.306172,True,True,RED,0.512708
monza_bea_lap5_to_hard_new_fixed_context,BEA,5,HARD,new,fixed_context,S-H-H,2,-1.679937,-2.090903,-1.253209,1.000000,-1.665604,0.000000,True,True,RED,0.505875
monza_bea_lap6_to_soft_new_fixed_context,BEA,6,SOFT,new,fixed_context,S-H-S,2,-33.444665,-60.548775,-12.871408,0.976000,-56.296457,21.226857,False,False,MISSING,0.496916
monza_bea_lap6_to_medium_new_fixed_context,BEA,6,MEDIUM,new,fixed_context,S-H-M,2,4.694987,-10.210294,20.186705,0.344000,-16.826224,21.585561,True,False,MISSING,0.513834
monza_bea_lap6_to_hard_new_fixed_context,BEA,6,HARD,new,fixed_context,S-H-H,2,19.303015,15.699922,22.980431,0.000000,-2.498406,21.869938,True,False,MISSING,0.490792
monza_bea_lap7_to_soft_new_fixed_context,BEA,7,SOFT,new,fixed_context,S-H-S,2,-33.042900,-59.290850,-13.453531,0.976000,-55.983835,21.442730,False,False,GREEN,0.515000
monza_bea_lap7_to_medium_new_fixed_context,BEA,7,MEDIUM,new,fixed_context,S-H-M,2,4.401984,-10.229575,18.835813,0.348000,-17.452586,21.738647,True,False,GREEN,0.497875
monza_bea_lap7_to_hard_new_fixed_context,BEA,7,HARD,new,fixed_context,S-H-H,2,18.596582,14.847434,22.279391,0.000000,-3.257181,21.869938,True,False,GREEN,0.519959
monza_bea_lap8_to_soft_new_fixed_context,BEA,8,SOFT,new,fixed_context,S-H-S,2,-32.793135,-57.906063,-13.951955,0.982000,-55.628258,21.442730,False,False,GREEN,0.507041
monza_bea_lap8_to_medium_new_fixed_context,BEA,8,MEDIUM,new,fixed_context,S-H-M,2,3.835426,-10.468330,17.908732,0.376000,-18.033032,21.738647,True,False,GREEN,0.510417
monza_bea_lap8_to_hard_new_fixed_context,BEA,8,HARD,new,fixed_context,S-H-H,2,17.870055,14.044037,21.545813,0.000000,-3.978943,21.869938,True,False,GREEN,0.489042
monza_bea_lap9_to_soft_new_fixed_context,BEA,9,SOFT,new,fixed_context,S-H-S,2,-32.564008,-56.499857,-14.568585,0.982000,-55.229725,21.442730,False,False,GREEN,0.501584
monza_bea_lap9_to_medium_new_fixed_context,BEA,9,MEDIUM,new,fixed_context,S-H-M,2,3.302796,-10.866406,17.032868,0.388000,-18.567560,21.738647,True,False,GREEN,0.517958
monza_bea_lap9_to_hard_new_fixed_context,BEA,9,HARD,new,fixed_context,S-H-H,2,17.195403,13.329396,20.949636,0.000000,-4.663691,21.869938,True,False,GREEN,0.585291
monza_bea_lap10_to_soft_new_fixed_context,BEA,10,SOFT,new,fixed_context,S-H-S,2,-32.300020,-54.998268,-14.819873,0.982000,-54.788237,21.442730,False,False,GREEN,0.493583
monza_bea_lap10_to_medium_new_fixed_context,BEA,10,MEDIUM,new,fixed_context,S-H-M,2,2.862342,-11.098744,16.359865,0.400000,-19.056172,21.738647,True,False,GREEN,0.488375
monza_bea_lap10_to_hard_new_fixed_context,BEA,10,HARD,new,fixed_context,S-H-H,2,16.547455,12.607050,20.392327,0.000000,-5.311426,21.869938,True,False,GREEN,0.481041
monza_bea_lap11_to_soft_new_fixed_context,BEA,11,SOFT,new,fixed_context,S-H-S,2,-31.867872,-53.480704,-14.996068,0.984000,-54.303795,21.442730,False,False,GREEN,0.491416
monza_bea_lap11_to_medium_new_fixed_context,BEA,11,MEDIUM,new,fixed_context,S-H-M,2,2.349712,-11.113518,15.695121,0.410000,-19.498867,21.738647,True,False,GREEN,0.480459
monza_bea_lap11_to_hard_new_fixed_context,BEA,11,HARD,new,fixed_context,S-H-H,2,15.970816,11.974149,19.899164,0.000000,-5.922148,21.869938,True,False,GREEN,0.486917
monza_bea_lap12_to_soft_new_fixed_context,BEA,12,SOFT,new,fixed_context,S-H-S,2,-31.458194,-51.993347,-15.180128,0.988000,-53.776397,21.442730,False,False,GREEN,0.479167
monza_bea_lap12_to_medium_new_fixed_context,BEA,12,MEDIUM,new,fixed_context,S-H-M,2,1.980300,-11.279864,15.064216,0.428000,-19.895645,21.738647,True,False,GREEN,0.491416
monza_bea_lap12_to_hard_new_fixed_context,BEA,12,HARD,new,fixed_context,S-H-H,2,15.443194,11.272042,19.342947,0.000000,-6.495856,21.869938,True,False,GREEN,0.480833
monza_bea_lap13_to_soft_new_fixed_context,BEA,13,SOFT,new,fixed_context,S-H-S,2,-30.942169,-50.759673,-15.001838,0.992000,-53.206044,21.442730,False,False,GREEN,0.478833
monza_bea_lap13_to_medium_new_fixed_context,BEA,13,MEDIUM,new,fixed_context,S-H-M,2,1.588548,-11.394424,14.484202,0.442000,-20.246506,21.738647,True,False,GREEN,0.478375
monza_bea_lap13_to_hard_new_fixed_context,BEA,13,HARD,new,fixed_context,S-H-H,2,14.896045,10.719643,18.777685,0.000000,-7.032551,21.869938,True,False,GREEN,0.481375
monza_bea_lap14_to_soft_new_fixed_context,BEA,14,SOFT,new,fixed_context,S-H-S,2,-30.288838,-49.578258,-15.028094,0.992000,-52.592736,21.442730,False,False,GREEN,0.478208
monza_bea_lap14_to_medium_new_fixed_context,BEA,14,MEDIUM,new,fixed_context,S-H-M,2,1.228360,-11.445063,13.964921,0.452000,-20.551450,21.738647,True,False,GREEN,0.477167
monza_bea_lap14_to_hard_new_fixed_context,BEA,14,HARD,new,fixed_context,S-H-H,2,14.398485,10.205340,18.329237,0.000000,-7.532232,21.869938,True,False,GREEN,0.477292
monza_bea_lap15_to_soft_new_fixed_context,BEA,15,SOFT,new,fixed_context,S-H-S,2,-29.689015,-48.296843,-14.982757,0.998000,-51.936473,21.442730,False,False,GREEN,0.478584
monza_bea_lap15_to_medium_new_fixed_context,BEA,15,MEDIUM,new,fixed_context,S-H-M,2,0.936934,-11.211013,13.421177,0.458000,-20.810477,21.738647,True,False,GREEN,0.475708
monza_bea_lap15_to_hard_new_fixed_context,BEA,15,HARD,new,fixed_context,S-H-H,2,13.900585,9.685413,17.902966,0.000000,-7.994900,21.869938,True,False,GREEN,0.484708
monza_bea_lap16_to_soft_new_fixed_context,BEA,16,SOFT,new,fixed_context,S-H-S,2,-29.120701,-46.972180,-14.928392,0.998000,-51.237255,21.442730,False,False,GREEN,0.482167
monza_bea_lap16_to_medium_new_fixed_context,BEA,16,MEDIUM,new,fixed_context,S-H-M,2,0.696400,-10.976559,12.955980,0.464000,-21.023587,21.738647,True,False,GREEN,0.478833
monza_bea_lap16_to_hard_new_fixed_context,BEA,16,HARD,new,fixed_context,S-H-H,2,13.493425,9.217991,17.551114,0.000000,-8.420554,21.869938,True,False,GREEN,0.476458
monza_bea_lap17_to_soft_new_fixed_context,BEA,17,SOFT,new,fixed_context,S-H-S,2,-28.449794,-45.429826,-14.903641,0.998000,-50.495082,21.442730,False,False,GREEN,0.476083
monza_bea_lap17_to_medium_new_fixed_context,BEA,17,MEDIUM,new,fixed_context,S-H-M,2,0.574796,-10.853317,12.486489,0.468000,-21.190781,21.738647,True,False,GREEN,0.478250
monza_bea_lap17_to_hard_new_fixed_context,BEA,17,HARD,new,fixed_context,S-H-H,2,13.083168,8.808843,17.237930,0.000000,-8.809195,21.869938,True,False,GREEN,0.485500
monza_bea_lap18_to_soft_new_fixed_context,BEA,18,SOFT,new,fixed_context,S-H-S,2,-27.748243,-43.959842,-14.786371,0.998000,-49.709953,21.442730,False,False,GREEN,0.494041
monza_bea_lap18_to_medium_new_fixed_context,BEA,18,MEDIUM,new,fixed_context,S-H-M,2,0.492925,-10.687145,12.045089,0.470000,-21.312058,21.738647,True,False,GREEN,0.473500
monza_bea_lap18_to_hard_new_fixed_context,BEA,18,HARD,new,fixed_context,S-H-H,2,12.725006,8.383829,16.901555,0.000000,-9.160823,21.869938,True,False,GREEN,0.480333
monza_bea_lap19_to_soft_new_fixed_context,BEA,19,SOFT,new,fixed_context,S-H-S,2,-26.973272,-42.653866,-14.399667,0.998000,-48.881870,21.442730,False,False,GREEN,0.482708
monza_bea_lap19_to_medium_new_fixed_context,BEA,19,MEDIUM,new,fixed_context,S-H-M,2,0.480186,-10.487834,11.704910,0.474000,-21.387417,21.738647,True,False,GREEN,0.473500
monza_bea_lap19_to_hard_new_fixed_context,BEA,19,HARD,new,fixed_context,S-H-H,2,12.405074,8.047172,16.630609,0.000000,-9.475437,21.869938,True,False,GREEN,0.478875
monza_bea_lap20_to_soft_new_fixed_context,BEA,20,SOFT,new,fixed_context,S-H-S,2,-26.192202,-41.243764,-14.046042,0.998000,-48.010832,21.442730,False,False,GREEN,0.476000
monza_bea_lap20_to_medium_new_fixed_context,BEA,20,MEDIUM,new,fixed_context,S-H-M,2,0.472576,-10.359974,11.405304,0.474000,-21.416860,21.738647,True,False,GREEN,0.474000
monza_bea_lap20_to_hard_new_fixed_context,BEA,20,HARD,new,fixed_context,S-H-H,2,12.141402,7.758110,16.382213,0.002000,-9.753037,21.869938,True,False,GREEN,0.512625
monza_bea_lap21_to_soft_new_fixed_context,BEA,21,SOFT,new,fixed_context,S-H-S,2,-25.373851,-39.878581,-13.652704,0.998000,-47.096838,21.442730,False,False,GREEN,0.474458
monza_bea_lap21_to_medium_new_fixed_context,BEA,21,MEDIUM,new,fixed_context,S-H-M,2,0.476751,-10.182823,11.146271,0.476000,-21.400387,21.738647,True,False,GREEN,0.471875
monza_bea_lap21_to_hard_new_fixed_context,BEA,21,HARD,new,fixed_context,S-H-H,2,11.921451,7.497591,16.171114,0.002000,-9.993625,21.869938,True,False,GREEN,0.474709
monza_bea_lap22_to_soft_new_fixed_context,BEA,22,SOFT,new,fixed_context,S-H-S,2,-24.352796,-38.342920,-13.201434,0.998000,-46.139889,21.442730,False,False,GREEN,0.471667
monza_bea_lap22_to_medium_new_fixed_context,BEA,22,MEDIUM,new,fixed_context,S-H-M,2,0.473668,-9.694577,10.927811,0.472000,-21.337996,21.738647,True,False,GREEN,0.472125
monza_bea_lap22_to_hard_new_fixed_context,BEA,22,HARD,new,fixed_context,S-H-H,2,11.710393,7.284416,15.993588,0.002000,-10.197198,21.869938,True,False,GREEN,0.473917
monza_bea_lap23_to_soft_new_fixed_context,BEA,23,SOFT,new,fixed_context,S-H-S,2,-23.324693,-36.701384,-12.613903,0.998000,-45.139986,21.442730,False,False,GREEN,0.472542
monza_bea_lap23_to_medium_new_fixed_context,BEA,23,MEDIUM,new,fixed_context,S-H-M,2,0.558206,-9.340836,10.749923,0.470000,-21.229688,21.738647,True,False,GREEN,0.469041
monza_bea_lap23_to_hard_new_fixed_context,BEA,23,HARD,new,fixed_context,S-H-H,2,11.551898,7.104310,15.848340,0.002000,-10.363759,21.869938,True,False,GREEN,0.480583
monza_bea_lap24_to_soft_new_fixed_context,BEA,24,SOFT,new,fixed_context,S-H-S,2,-21.882441,-34.186899,-11.730804,0.998000,-44.097127,21.704391,False,False,GREEN,0.472459
monza_bea_lap24_to_medium_new_fixed_context,BEA,24,MEDIUM,new,fixed_context,S-H-M,2,0.898288,-8.642544,10.664606,0.448000,-21.075464,21.937521,True,False,GREEN,0.471000
monza_bea_lap24_to_hard_new_fixed_context,BEA,24,HARD,new,fixed_context,S-H-H,2,11.580027,7.139777,15.743556,0.002000,-10.493306,21.915726,True,False,GREEN,0.474834
monza_bea_lap25_to_soft_new_fixed_context,BEA,25,SOFT,new,fixed_context,S-H-S,2,-20.967659,-32.496588,-11.011560,0.998000,-43.011313,21.821480,False,False,GREEN,0.469625
monza_bea_lap25_to_medium_new_fixed_context,BEA,25,MEDIUM,new,fixed_context,S-H-M,2,0.962020,-8.393049,10.479106,0.432000,-20.875322,21.884266,True,False,GREEN,0.466834
monza_bea_lap25_to_hard_new_fixed_context,BEA,25,HARD,new,fixed_context,S-H-H,2,11.549816,7.201959,15.616512,0.002000,-10.585839,22.037352,True,False,GREEN,0.471250
monza_bea_lap26_to_soft_new_fixed_context,BEA,26,SOFT,new,fixed_context,S-H-S,2,-27.123878,-38.534908,-17.531840,1.000000,-41.882544,14.389483,False,False,GREEN,0.470084
monza_bea_lap26_to_medium_new_fixed_context,BEA,26,MEDIUM,new,fixed_context,S-H-M,2,-6.149742,-14.572734,2.599275,0.802000,-20.629264,14.515057,True,False,GREEN,0.471500
monza_bea_lap26_to_hard_new_fixed_context,BEA,26,HARD,new,fixed_context,S-H-H,2,4.225594,0.581277,7.519000,0.062000,-10.641360,14.821228,True,False,GREEN,0.470916
monza_bea_lap27_to_soft_new_fixed_context,BEA,27,SOFT,new,fixed_context,S-H-S,2,-29.556696,-40.416944,-19.926125,1.000000,-42.493753,12.728497,False,False,VSC,0.470041
monza_bea_lap27_to_medium_new_fixed_context,BEA,27,MEDIUM,new,fixed_context,S-H-M,2,-8.383682,-16.817511,0.692145,0.888000,-21.314518,13.024414,True,False,VSC,0.469792
monza_bea_lap27_to_hard_new_fixed_context,BEA,27,HARD,new,fixed_context,S-H-H,2,2.032340,-1.539774,5.499596,0.216000,-11.104027,13.155705,True,False,VSC,0.470666
monza_bea_lap28_to_soft_new_fixed_context,BEA,28,SOFT,new,fixed_context,S-H-S,2,-22.643776,-33.845569,-13.271874,1.000000,-43.104963,19.898832,True,False,VSC,0.472417
monza_bea_lap28_to_medium_new_fixed_context,BEA,28,MEDIUM,new,fixed_context,S-H-M,2,-1.691257,-10.682849,7.409121,0.612000,-21.999772,20.194749,True,False,VSC,0.468834
monza_bea_lap28_to_hard_new_fixed_context,BEA,28,HARD,new,fixed_context,S-H-H,2,8.878305,4.342928,13.011918,0.004000,-11.566695,20.326040,True,False,VSC,0.469084
monza_bea_lap29_to_soft_new_fixed_context,BEA,29,SOFT,new,fixed_context,S-H-S,2,-19.837391,-29.805797,-11.070140,0.998000,-41.896225,21.658602,True,False,GREEN,0.469292
monza_bea_lap29_to_medium_new_fixed_context,BEA,29,MEDIUM,new,fixed_context,S-H-M,2,0.264683,-8.521805,9.169923,0.482000,-21.670783,21.891733,True,False,GREEN,0.478459
monza_bea_lap29_to_hard_new_fixed_context,BEA,29,HARD,new,fixed_context,S-H-H,2,10.470285,5.633672,14.738532,0.002000,-11.548188,21.869938,True,False,GREEN,0.469959
monza_bea_lap30_to_soft_new_fixed_context,BEA,30,SOFT,new,fixed_context,S-H-S,2,-18.645162,-28.083395,-10.169499,0.998000,-40.644533,21.658602,True,False,GREEN,0.466875
monza_bea_lap30_to_medium_new_fixed_context,BEA,30,MEDIUM,new,fixed_context,S-H-M,2,0.630621,-7.900488,9.340210,0.460000,-21.295878,21.891733,True,False,GREEN,0.474958
monza_bea_lap30_to_hard_new_fixed_context,BEA,30,HARD,new,fixed_context,S-H-H,2,10.514780,5.698918,14.789828,0.002000,-11.492668,21.869938,True,False,GREEN,0.467500
monza_bea_lap31_to_soft_new_fixed_context,BEA,31,SOFT,new,fixed_context,S-H-S,2,-17.366828,-26.294645,-9.240507,0.998000,-39.349885,21.658602,True,False,GREEN,0.469958
monza_bea_lap31_to_medium_new_fixed_context,BEA,31,MEDIUM,new,fixed_context,S-H-M,2,1.049707,-7.238763,9.522662,0.428000,-20.875056,21.891733,True,False,GREEN,0.467417
monza_bea_lap31_to_hard_new_fixed_context,BEA,31,HARD,new,fixed_context,S-H-H,2,10.596461,5.823967,14.880095,0.002000,-11.400135,21.869938,True,False,GREEN,0.465666
monza_bea_lap32_to_soft_new_fixed_context,BEA,32,SOFT,new,fixed_context,S-H-S,2,-16.100814,-24.555848,-8.201793,0.996000,-38.012282,21.658602,True,False,GREEN,0.489125
monza_bea_lap32_to_medium_new_fixed_context,BEA,32,MEDIUM,new,fixed_context,S-H-M,2,1.501757,-6.465689,9.748179,0.396000,-20.408317,21.891733,True,False,GREEN,0.470042
monza_bea_lap32_to_hard_new_fixed_context,BEA,32,HARD,new,fixed_context,S-H-H,2,10.725128,5.971575,15.012917,0.002000,-11.270588,21.869938,True,False,GREEN,0.474042
monza_bea_lap33_to_soft_new_fixed_context,BEA,33,SOFT,new,fixed_context,S-H-S,2,-14.847002,-22.788787,-7.399417,0.996000,-36.631724,21.658602,True,False,GREEN,0.464250
monza_bea_lap33_to_medium_new_fixed_context,BEA,33,MEDIUM,new,fixed_context,S-H-M,2,2.059917,-5.681800,9.904395,0.364000,-19.895661,21.891733,True,False,GREEN,0.476000
monza_bea_lap33_to_hard_new_fixed_context,BEA,33,HARD,new,fixed_context,S-H-H,2,10.874241,6.143699,15.183689,0.002000,-11.104027,21.869938,True,False,GREEN,0.483708
monza_bea_lap34_to_soft_new_fixed_context,BEA,34,SOFT,new,fixed_context,S-H-S,2,-13.517734,-21.055113,-6.337501,0.994000,-35.208211,21.658602,True,False,GREEN,0.484833
monza_bea_lap34_to_medium_new_fixed_context,BEA,34,MEDIUM,new,fixed_context,S-H-M,2,2.595736,-4.800583,10.104001,0.344000,-19.337088,21.891733,True,False,GREEN,0.466083
monza_bea_lap34_to_hard_new_fixed_context,BEA,34,HARD,new,fixed_context,S-H-H,2,11.050464,6.396174,15.370156,0.002000,-10.900454,21.869938,True,False,GREEN,0.484000
monza_bea_lap35_to_soft_new_fixed_context,BEA,35,SOFT,new,fixed_context,S-H-S,2,-12.004854,-19.278957,-5.096468,0.992000,-33.741743,21.658602,True,False,GREEN,0.474416
monza_bea_lap35_to_medium_new_fixed_context,BEA,35,MEDIUM,new,fixed_context,S-H-M,2,3.287485,-3.872610,10.450814,0.306000,-18.732598,21.891733,True,False,GREEN,0.491459
monza_bea_lap35_to_hard_new_fixed_context,BEA,35,HARD,new,fixed_context,S-H-H,2,11.259398,6.710577,15.585878,0.002000,-10.659866,21.869938,True,False,GREEN,0.487542
monza_bea_lap36_to_soft_new_fixed_context,BEA,36,SOFT,new,fixed_context,S-H-S,2,-10.464380,-17.303481,-3.894456,0.990000,-32.232320,21.658602,True,False,GREEN,0.479291
monza_bea_lap36_to_medium_new_fixed_context,BEA,36,MEDIUM,new,fixed_context,S-H-M,2,3.967050,-3.001227,10.819826,0.254000,-18.082192,21.891733,True,False,GREEN,0.463167
monza_bea_lap36_to_hard_new_fixed_context,BEA,36,HARD,new,fixed_context,S-H-H,2,11.532455,7.080384,15.832201,0.002000,-10.382266,21.869938,True,False,GREEN,0.486208
monza_bea_lap37_to_soft_new_fixed_context,BEA,37,SOFT,new,fixed_context,S-H-S,2,-8.917269,-15.549775,-2.607043,0.962000,-30.679942,21.658602,True,False,GREEN,0.487417
monza_bea_lap37_to_medium_new_fixed_context,BEA,37,MEDIUM,new,fixed_context,S-H-M,2,4.685161,-2.062418,11.282147,0.208000,-17.385868,21.891733,True,False,GREEN,0.474500
monza_bea_lap37_to_hard_new_fixed_context,BEA,37,HARD,new,fixed_context,S-H-H,2,11.841613,7.424498,16.106559,0.002000,-10.067651,21.869938,True,False,GREEN,0.468959
monza_bea_lap38_to_soft_new_fixed_context,BEA,38,SOFT,new,fixed_context,S-H-S,2,-7.302485,-13.596214,-1.333915,0.934000,-29.084609,21.658602,True,False,GREEN,0.515750
monza_bea_lap38_to_medium_new_fixed_context,BEA,38,MEDIUM,new,fixed_context,S-H-M,2,5.472648,-1.002216,11.775712,0.150000,-16.643628,21.891733,True,False,GREEN,0.515292
monza_bea_lap38_to_hard_new_fixed_context,BEA,38,HARD,new,fixed_context,S-H-H,2,12.180143,7.796537,16.415126,0.002000,-9.716024,21.869938,True,False,GREEN,0.516750
monza_bea_lap39_to_soft_new_fixed_context,BEA,39,SOFT,new,fixed_context,S-H-S,2,-5.546449,-11.742605,0.045322,0.892000,-27.446321,21.658602,True,False,GREEN,0.478542
monza_bea_lap39_to_medium_new_fixed_context,BEA,39,MEDIUM,new,fixed_context,S-H-M,2,6.206224,0.084910,12.268320,0.098000,-15.855471,21.891733,True,False,GREEN,0.477000
monza_bea_lap39_to_hard_new_fixed_context,BEA,39,HARD,new,fixed_context,S-H-H,2,12.552112,8.205191,16.754303,0.000000,-9.327383,21.869938,True,False,GREEN,0.461042
monza_bea_lap40_to_soft_new_fixed_context,BEA,40,SOFT,new,fixed_context,S-H-S,2,-3.979253,-9.848448,1.454290,0.834000,-25.765077,21.658602,True,False,GREEN,0.460166
monza_bea_lap40_to_medium_new_fixed_context,BEA,40,MEDIUM,new,fixed_context,S-H-M,2,6.996498,1.211910,12.849941,0.060000,-15.021397,21.891733,True,False,GREEN,0.465917
monza_bea_lap40_to_hard_new_fixed_context,BEA,40,HARD,new,fixed_context,S-H-H,2,12.989066,8.707295,17.127563,0.000000,-8.901729,21.869938,True,False,GREEN,0.458959
monza_bea_lap41_to_soft_new_fixed_context,BEA,41,SOFT,new,fixed_context,S-H-S,2,-2.312200,-7.863824,2.848677,0.696000,-24.040879,21.658602,True,False,GREEN,0.464333
monza_bea_lap41_to_medium_new_fixed_context,BEA,41,MEDIUM,new,fixed_context,S-H-M,2,7.829398,2.300648,13.384953,0.030000,-14.141406,21.891733,True,False,GREEN,0.466125
monza_bea_lap41_to_hard_new_fixed_context,BEA,41,HARD,new,fixed_context,S-H-H,2,13.474214,9.198340,17.535238,0.000000,-8.439061,21.869938,True,False,GREEN,0.458958
monza_bea_lap42_to_soft_new_fixed_context,BEA,42,SOFT,new,fixed_context,S-H-S,2,-0.460562,-5.770405,4.533407,0.538000,-22.273725,21.658602,True,False,GREEN,0.464834
monza_bea_lap42_to_medium_new_fixed_context,BEA,42,MEDIUM,new,fixed_context,S-H-M,2,8.754846,3.520638,13.939018,0.012000,-13.215498,21.891733,True,False,GREEN,0.461708
monza_bea_lap42_to_hard_new_fixed_context,BEA,42,HARD,new,fixed_context,S-H-H,2,13.964075,9.737207,17.953983,0.000000,-7.939380,21.869938,True,False,GREEN,0.456833
monza_bea_lap43_to_soft_new_fixed_context,BEA,43,SOFT,new,fixed_context,S-H-S,2,1.415275,-3.783992,6.186477,0.366000,-20.463616,21.658602,True,False,GREEN,0.462291
monza_bea_lap43_to_medium_new_fixed_context,BEA,43,MEDIUM,new,fixed_context,S-H-M,2,9.607366,4.666082,14.568910,0.002000,-12.243673,21.891733,True,False,GREEN,0.456750
monza_bea_lap43_to_hard_new_fixed_context,BEA,43,HARD,new,fixed_context,S-H-H,2,14.535832,10.341016,18.448798,0.000000,-7.402685,21.869938,True,False,GREEN,0.462125
monza_bea_lap44_to_soft_new_fixed_context,BEA,44,SOFT,new,fixed_context,S-H-S,2,3.257233,-1.674236,7.676023,0.232000,-18.610553,21.658602,True,False,GREEN,0.467917
monza_bea_lap44_to_medium_new_fixed_context,BEA,44,MEDIUM,new,fixed_context,S-H-M,2,10.613890,5.907368,15.387166,0.002000,-11.225932,21.891733,True,False,GREEN,0.486541
monza_bea_lap44_to_hard_new_fixed_context,BEA,44,HARD,new,fixed_context,S-H-H,2,15.085088,10.929173,18.980446,0.000000,-6.828977,21.869938,True,False,GREEN,0.458917
monza_bea_lap45_to_soft_new_fixed_context,BEA,45,SOFT,new,fixed_context,S-H-S,2,5.121643,0.522637,9.376936,0.084000,-16.714534,21.658602,True,False,GREEN,0.456583
monza_bea_lap45_to_medium_new_fixed_context,BEA,45,MEDIUM,new,fixed_context,S-H-M,2,11.696917,7.180854,16.173186,0.000000,-10.162274,21.891733,True,False,GREEN,0.455625
monza_bea_lap45_to_hard_new_fixed_context,BEA,45,HARD,new,fixed_context,S-H-H,2,15.723620,11.594193,19.624991,0.000000,-6.218255,21.869938,True,False,GREEN,0.486583
monza_bea_lap46_to_soft_new_fixed_context,BEA,46,SOFT,new,fixed_context,S-H-S,2,7.040243,2.595638,11.183284,0.026000,-14.775560,21.658602,True,False,GREEN,0.464958
monza_bea_lap46_to_medium_new_fixed_context,BEA,46,MEDIUM,new,fixed_context,S-H-M,2,12.852722,8.601089,17.157261,0.000000,-9.052699,21.891733,True,False,GREEN,0.456958
monza_bea_lap46_to_hard_new_fixed_context,BEA,46,HARD,new,fixed_context,S-H-H,2,16.307204,12.352260,20.161563,0.000000,-5.570520,21.869938,True,False,GREEN,0.465167
monza_bea_lap47_to_soft_new_fixed_context,BEA,47,SOFT,new,fixed_context,S-H-S,2,9.091068,4.649389,13.023587,0.004000,-12.793631,21.658602,True,False,GREEN,0.467209
monza_bea_lap47_to_medium_new_fixed_context,BEA,47,MEDIUM,new,fixed_context,S-H-M,2,14.056799,9.964888,18.191393,0.000000,-7.897206,21.891733,True,False,GREEN,0.468792
monza_bea_lap47_to_hard_new_fixed_context,BEA,47,HARD,new,fixed_context,S-H-H,2,16.972425,13.101436,20.771925,0.000000,-4.885772,21.869938,True,False,GREEN,0.457125
monza_bea_lap48_to_soft_new_fixed_context,BEA,48,SOFT,new,fixed_context,S-H-S,2,11.002128,6.836551,14.962041,0.002000,-10.768747,21.658602,True,False,GREEN,0.456500
monza_bea_lap48_to_medium_new_fixed_context,BEA,48,MEDIUM,new,fixed_context,S-H-M,2,15.274076,11.344261,19.154486,0.000000,-6.695798,21.891733,True,False,GREEN,0.457416
monza_bea_lap48_to_hard_new_fixed_context,BEA,48,HARD,new,fixed_context,S-H-H,2,17.685832,13.885399,21.400191,0.000000,-4.164010,21.869938,True,False,GREEN,0.459375
monza_bea_lap49_to_soft_new_fixed_context,BEA,49,SOFT,new,fixed_context,S-H-S,2,13.013290,8.971564,16.862841,0.000000,-8.700908,21.658602,True,False,GREEN,0.454750
monza_bea_lap49_to_medium_new_fixed_context,BEA,49,MEDIUM,new,fixed_context,S-H-M,2,16.528112,12.765097,20.149979,0.000000,-5.448472,21.891733,True,False,GREEN,0.455166
monza_bea_lap49_to_hard_new_fixed_context,BEA,49,HARD,new,fixed_context,S-H-H,2,18.445290,14.706799,22.140454,0.000000,-3.405235,21.869938,True,False,GREEN,0.457584
monza_bea_lap50_to_soft_new_fixed_context,BEA,50,SOFT,new,fixed_context,S-H-S,2,15.035999,11.238696,18.831137,0.000000,-6.590113,21.658602,True,False,GREEN,0.454542
monza_bea_lap50_to_medium_new_fixed_context,BEA,50,MEDIUM,new,fixed_context,S-H-M,2,17.720996,14.188580,21.318397,0.000000,-4.155229,21.891733,True,False,GREEN,0.454792
monza_bea_lap50_to_hard_new_fixed_context,BEA,50,HARD,new,fixed_context,S-H-H,2,19.181387,15.584364,22.877989,0.000000,-2.609446,21.869938,True,False,GREEN,0.453459
monza_bea_lap51_to_soft_new_fixed_context,BEA,51,SOFT,new,fixed_context,S-H-S,2,17.460105,13.930041,20.928502,0.000000,-4.436364,21.920263,True,False,GREEN,0.453042
monza_bea_lap51_to_medium_new_fixed_context,BEA,51,MEDIUM,new,fixed_context,S-H-M,2,19.285443,15.892573,22.749032,0.000000,-2.816070,22.090607,True,False,GREEN,0.453042
monza_bea_lap51_to_hard_new_fixed_context,BEA,51,HARD,new,fixed_context,S-H-H,2,20.041264,16.760246,23.749852,0.000000,-1.776644,21.915726,True,False,GREEN,0.453875
monza_bea_lap52_to_soft_new_fixed_context,BEA,52,SOFT,new,fixed_context,S-H-S,2,19.688943,16.383189,23.142974,0.000000,-2.239660,22.037352,True,False,GREEN,0.451875
monza_bea_lap52_to_medium_new_fixed_context,BEA,52,MEDIUM,new,fixed_context,S-H-M,2,20.480877,17.275762,24.041576,0.000000,-1.430993,22.037352,True,False,GREEN,0.454791
monza_bea_lap52_to_hard_new_fixed_context,BEA,52,HARD,new,fixed_context,S-H-H,2,20.984776,17.683043,24.509210,0.000000,-0.906829,22.037352,True,False,GREEN,0.450041
monza_bor_lap2_to_soft_new_fixed_context,BOR,2,SOFT,new,fixed_context,S-S-M,2,0.000000,0.000000,0.000000,0.000000,0.000000,0.000000,True,True,GREEN,2.750708
monza_bor_lap2_to_medium_new_fixed_context,BOR,2,MEDIUM,new,fixed_context,S-M-M,2,0.000000,0.000000,0.000000,0.000000,0.000000,0.000000,True,True,GREEN,0.495125
monza_bor_lap2_to_hard_new_fixed_context,BOR,2,HARD,new,fixed_context,S-H-M,2,0.000000,0.000000,0.000000,0.000000,0.000000,0.000000,True,True,GREEN,0.478500
monza_bor_lap3_to_soft_new_fixed_context,BOR,3,SOFT,new,fixed_context,S-S,1,-38.689280,-66.660287,-14.976863,0.984000,-39.666013,-0.125573,False,True,RED,0.496125
monza_bor_lap3_to_medium_new_fixed_context,BOR,3,MEDIUM,new,fixed_context,S-M,1,0.000000,0.000000,0.000000,0.000000,0.000000,0.000000,True,True,RED,0.460208
monza_bor_lap3_to_hard_new_fixed_context,BOR,3,HARD,new,fixed_context,S-H,1,20.616704,5.243476,35.489931,0.046000,20.305656,0.306172,True,True,RED,0.494416
monza_bor_lap4_to_soft_new_fixed_context,BOR,4,SOFT,new,fixed_context,S-M-S,2,-39.906942,-66.894375,-16.961614,0.988000,-40.790642,-0.125573,False,True,RED,0.492875
monza_bor_lap4_to_medium_new_fixed_context,BOR,4,MEDIUM,new,fixed_context,S-M-M,2,-1.227799,-1.431507,-1.027102,1.000000,-1.222557,0.000000,True,True,RED,0.493209
monza_bor_lap4_to_hard_new_fixed_context,BOR,4,HARD,new,fixed_context,S-M-H,2,19.641223,4.332789,34.337915,0.060000,19.241653,0.306172,True,True,RED,0.485667
monza_bor_lap5_to_soft_new_fixed_context,BOR,5,SOFT,new,fixed_context,S-M-S,2,-40.929247,-67.028565,-18.654035,0.992000,-41.915271,-0.125573,False,True,RED,0.487417
monza_bor_lap5_to_medium_new_fixed_context,BOR,5,MEDIUM,new,fixed_context,S-M-M,2,-2.455597,-2.863013,-2.054204,1.000000,-2.445114,0.000000,True,True,RED,0.485458
monza_bor_lap5_to_hard_new_fixed_context,BOR,5,HARD,new,fixed_context,S-M-H,2,18.610781,3.400350,33.271499,0.062000,18.177650,0.306172,True,True,RED,0.497917
monza_bor_lap6_to_soft_new_fixed_context,BOR,6,SOFT,new,fixed_context,S-M-S,2,-18.878796,-44.507383,1.831504,0.872000,-42.154464,21.595816,False,False,YELLOW,0.486041
monza_bor_lap6_to_medium_new_fixed_context,BOR,6,MEDIUM,new,fixed_context,S-M-M,2,18.221020,14.786783,21.824216,0.000000,-3.587939,21.891733,True,False,YELLOW,0.487000
monza_bor_lap6_to_hard_new_fixed_context,BOR,6,HARD,new,fixed_context,S-M-H,2,38.868191,22.362878,52.931564,0.000000,16.660311,22.023024,True,False,YELLOW,0.479375
monza_bor_lap7_to_soft_new_fixed_context,BOR,7,SOFT,new,fixed_context,S-M-S,2,-19.083300,-43.771836,0.890694,0.886000,-42.342630,21.595816,False,False,GREEN,0.493500
monza_bor_lap7_to_medium_new_fixed_context,BOR,7,MEDIUM,new,fixed_context,S-M-M,2,17.134542,13.651465,20.827697,0.000000,-4.677609,21.891733,True,False,GREEN,0.495750
monza_bor_lap7_to_hard_new_fixed_context,BOR,7,HARD,new,fixed_context,S-M-H,2,37.374006,20.975502,51.129650,0.000000,15.192679,22.023024,True,False,GREEN,0.484583
monza_bor_lap8_to_soft_new_fixed_context,BOR,8,SOFT,new,fixed_context,S-M-S,2,-19.320291,-43.072297,0.110454,0.894000,-42.479771,21.595816,False,False,GREEN,0.483125
monza_bor_lap8_to_medium_new_fixed_context,BOR,8,MEDIUM,new,fixed_context,S-M-M,2,16.086553,12.588620,19.929892,0.000000,-5.714125,21.891733,True,False,GREEN,0.485458
monza_bor_lap8_to_hard_new_fixed_context,BOR,8,HARD,new,fixed_context,S-M-H,2,36.007477,19.782753,49.455089,0.002000,13.774756,22.023024,True,False,GREEN,0.480708
monza_bor_lap9_to_soft_new_fixed_context,BOR,9,SOFT,new,fixed_context,S-M-S,2,-19.488598,-42.525717,-0.708063,0.912000,-42.565887,21.595816,False,False,GREEN,0.483458
monza_bor_lap9_to_medium_new_fixed_context,BOR,9,MEDIUM,new,fixed_context,S-M-M,2,15.146906,11.607057,18.990311,0.000000,-6.697486,21.891733,True,False,GREEN,0.478625
monza_bor_lap9_to_hard_new_fixed_context,BOR,9,HARD,new,fixed_context,S-M-H,2,34.757355,18.907829,47.704257,0.002000,12.406541,22.023024,True,False,GREEN,0.477833
monza_bor_lap10_to_soft_new_fixed_context,BOR,10,SOFT,new,fixed_context,S-M-S,2,-19.605109,-41.734455,-1.503358,0.916000,-42.600976,21.595816,False,False,GREEN,0.481917
monza_bor_lap10_to_medium_new_fixed_context,BOR,10,MEDIUM,new,fixed_context,S-M-M,2,14.214970,10.718524,18.125856,0.000000,-7.627692,21.891733,True,False,GREEN,0.497000
monza_bor_lap10_to_hard_new_fixed_context,BOR,10,HARD,new,fixed_context,S-M-H,2,33.354343,18.109034,46.012295,0.002000,11.088033,22.023024,True,False,GREEN,0.479166
monza_bor_lap11_to_soft_new_fixed_context,BOR,11,SOFT,new,fixed_context,S-M-S,2,-19.660682,-40.990268,-2.261521,0.928000,-42.585040,21.595816,False,False,GREEN,0.480292
monza_bor_lap11_to_medium_new_fixed_context,BOR,11,MEDIUM,new,fixed_context,S-M-M,2,13.369491,9.804663,17.382056,0.000000,-8.504744,21.891733,True,False,GREEN,0.480833
monza_bor_lap11_to_hard_new_fixed_context,BOR,11,HARD,new,fixed_context,S-M-H,2,32.108903,17.132773,44.460246,0.002000,9.819233,22.023024,True,False,GREEN,0.477583
monza_bor_lap12_to_soft_new_fixed_context,BOR,12,SOFT,new,fixed_context,S-M-S,2,-19.673097,-40.129953,-2.970368,0.938000,-42.518077,21.595816,False,False,GREEN,0.485375
monza_bor_lap12_to_medium_new_fixed_context,BOR,12,MEDIUM,new,fixed_context,S-M-M,2,12.553483,8.948694,16.587170,0.000000,-9.328641,21.891733,True,False,GREEN,0.481541
monza_bor_lap12_to_hard_new_fixed_context,BOR,12,HARD,new,fixed_context,S-M-H,2,30.831337,16.207118,42.935649,0.002000,8.600141,22.023024,True,False,GREEN,0.484042
monza_bor_lap13_to_soft_new_fixed_context,BOR,13,SOFT,new,fixed_context,S-M-S,2,-19.454982,-39.156394,-3.652782,0.942000,-42.400090,21.595816,False,False,GREEN,0.483166
monza_bor_lap13_to_medium_new_fixed_context,BOR,13,MEDIUM,new,fixed_context,S-M-M,2,11.822627,8.133773,15.843873,0.000000,-10.099384,21.891733,True,False,GREEN,0.482000
monza_bor_lap13_to_hard_new_fixed_context,BOR,13,HARD,new,fixed_context,S-M-H,2,29.636293,15.295972,41.391859,0.002000,7.430757,22.023024,True,False,GREEN,0.477209
monza_bor_lap14_to_soft_new_fixed_context,BOR,14,SOFT,new,fixed_context,S-M-S,2,-19.499909,-38.311269,-4.128078,0.946000,-42.231076,21.595816,False,False,GREEN,0.488667
monza_bor_lap14_to_medium_new_fixed_context,BOR,14,MEDIUM,new,fixed_context,S-M-M,2,11.094664,7.323076,15.227100,0.000000,-10.816971,21.891733,True,False,GREEN,0.488875
monza_bor_lap14_to_hard_new_fixed_context,BOR,14,HARD,new,fixed_context,S-M-H,2,28.530973,14.720832,39.874709,0.002000,6.311080,22.023024,True,False,GREEN,0.488167
monza_bor_lap15_to_soft_new_fixed_context,BOR,15,SOFT,new,fixed_context,S-M-S,2,-19.232418,-37.360431,-4.613633,0.948000,-42.011036,21.595816,False,False,GREEN,0.475417
monza_bor_lap15_to_medium_new_fixed_context,BOR,15,MEDIUM,new,fixed_context,S-M-M,2,10.391955,6.567493,14.596519,0.002000,-11.481404,21.891733,True,False,GREEN,0.476292
monza_bor_lap15_to_hard_new_fixed_context,BOR,15,HARD,new,fixed_context,S-M-H,2,27.489895,13.973945,38.524151,0.002000,5.241112,22.023024,True,False,GREEN,0.479292
monza_bor_lap16_to_soft_new_fixed_context,BOR,16,SOFT,new,fixed_context,S-M-S,2,-18.955012,-36.445946,-4.892605,0.950000,-41.739971,21.595816,False,False,GREEN,0.475959
monza_bor_lap16_to_medium_new_fixed_context,BOR,16,MEDIUM,new,fixed_context,S-M-M,2,9.787721,5.850136,14.027088,0.004000,-12.092683,21.891733,True,False,GREEN,0.478709
monza_bor_lap16_to_hard_new_fixed_context,BOR,16,HARD,new,fixed_context,S-M-H,2,26.464853,13.380221,37.276861,0.002000,4.220851,22.023024,True,False,GREEN,0.475083
monza_bor_lap17_to_soft_new_fixed_context,BOR,17,SOFT,new,fixed_context,S-M-S,2,-18.816241,-35.349078,-4.942728,0.954000,-41.417880,21.595816,False,False,GREEN,0.475292
monza_bor_lap17_to_medium_new_fixed_context,BOR,17,MEDIUM,new,fixed_context,S-M-M,2,9.219459,5.196394,13.453950,0.008000,-12.650807,21.891733,True,False,GREEN,0.476125
monza_bor_lap17_to_hard_new_fixed_context,BOR,17,HARD,new,fixed_context,S-M-H,2,25.508767,12.631693,36.012658,0.002000,3.250298,22.023024,True,False,GREEN,0.476500
monza_bor_lap18_to_soft_new_fixed_context,BOR,18,SOFT,new,fixed_context,S-M-S,2,-18.556104,-34.258396,-5.273266,0.956000,-41.044763,21.595816,False,False,GREEN,0.477958
monza_bor_lap18_to_medium_new_fixed_context,BOR,18,MEDIUM,new,fixed_context,S-M-M,2,8.740303,4.608761,12.940576,0.008000,-13.155776,21.891733,True,False,GREEN,0.481958
monza_bor_lap18_to_hard_new_fixed_context,BOR,18,HARD,new,fixed_context,S-M-H,2,24.632061,11.972693,34.778600,0.002000,2.329453,22.023024,True,False,GREEN,0.472208
monza_bor_lap19_to_soft_new_fixed_context,BOR,19,SOFT,new,fixed_context,S-M-S,2,-18.359318,-33.170023,-5.256539,0.960000,-40.620621,21.595816,False,False,GREEN,0.471542
monza_bor_lap19_to_medium_new_fixed_context,BOR,19,MEDIUM,new,fixed_context,S-M-M,2,8.287339,4.142622,12.529250,0.010000,-13.607590,21.891733,True,False,GREEN,0.474208
monza_bor_lap19_to_hard_new_fixed_context,BOR,19,HARD,new,fixed_context,S-M-H,2,23.739814,11.498533,33.719915,0.002000,1.458316,22.023024,True,False,GREEN,0.470834
monza_bor_lap20_to_soft_new_fixed_context,BOR,20,SOFT,new,fixed_context,S-M-S,2,-17.919379,-32.109839,-5.445634,0.960000,-40.145452,21.595816,False,False,GREEN,0.481334
monza_bor_lap20_to_medium_new_fixed_context,BOR,20,MEDIUM,new,fixed_context,S-M-M,2,7.891063,3.737924,12.159281,0.014000,-14.006250,21.891733,True,False,GREEN,0.474250
monza_bor_lap20_to_hard_new_fixed_context,BOR,20,HARD,new,fixed_context,S-M-H,2,22.874729,11.134027,32.655044,0.002000,0.636887,22.023024,True,False,GREEN,0.480083
monza_bor_lap21_to_soft_new_fixed_context,BOR,21,SOFT,new,fixed_context,S-M-S,2,-17.486987,-31.033035,-5.533989,0.968000,-39.619258,21.595816,False,False,GREEN,0.477125
monza_bor_lap21_to_medium_new_fixed_context,BOR,21,MEDIUM,new,fixed_context,S-M-M,2,7.517924,3.322573,11.829611,0.014000,-14.351756,21.891733,True,False,GREEN,0.471458
monza_bor_lap21_to_hard_new_fixed_context,BOR,21,HARD,new,fixed_context,S-M-H,2,22.104691,10.742201,31.606569,0.002000,-0.134835,22.023024,True,False,GREEN,0.469417
monza_bor_lap22_to_soft_new_fixed_context,BOR,22,SOFT,new,fixed_context,S-M-S,2,-17.084094,-29.718955,-5.538768,0.968000,-39.042038,21.595816,False,False,GREEN,0.474750
monza_bor_lap22_to_medium_new_fixed_context,BOR,22,MEDIUM,new,fixed_context,S-M-M,2,7.206223,2.973147,11.559298,0.020000,-14.644106,21.891733,True,False,GREEN,0.474709
monza_bor_lap22_to_hard_new_fixed_context,BOR,22,HARD,new,fixed_context,S-M-H,2,21.404014,10.310321,30.624174,0.002000,-0.856849,22.023024,True,False,GREEN,0.469542
monza_bor_lap23_to_soft_new_fixed_context,BOR,23,SOFT,new,fixed_context,S-M-S,2,-16.575274,-28.384721,-5.476111,0.968000,-38.413792,21.595816,False,False,GREEN,0.474375
monza_bor_lap23_to_medium_new_fixed_context,BOR,23,MEDIUM,new,fixed_context,S-M-M,2,6.963993,2.711699,11.295355,0.022000,-14.883302,21.891733,True,False,GREEN,0.473625
monza_bor_lap23_to_hard_new_fixed_context,BOR,23,HARD,new,fixed_context,S-M-H,2,20.687141,9.930222,29.770256,0.002000,-1.529155,22.023024,True,False,GREEN,0.470375
monza_bor_lap24_to_soft_new_fixed_context,BOR,24,SOFT,new,fixed_context,S-M-S,2,-15.460674,-27.384910,-4.996937,0.964000,-37.734521,21.857477,False,False,GREEN,0.473208
monza_bor_lap24_to_medium_new_fixed_context,BOR,24,MEDIUM,new,fixed_context,S-M-M,2,7.042105,2.781684,11.454048,0.016000,-15.069343,22.090607,True,False,GREEN,0.471917
monza_bor_lap24_to_hard_new_fixed_context,BOR,24,HARD,new,fixed_context,S-M-H,2,20.121968,9.768974,28.814837,0.002000,-2.151753,22.068812,True,False,GREEN,0.471250
monza_bor_lap25_to_soft_new_fixed_context,BOR,25,SOFT,new,fixed_context,S-M-S,2,-14.435435,-25.655829,-4.672168,0.962000,-37.004223,21.974566,False,False,GREEN,0.469625
monza_bor_lap25_to_medium_new_fixed_context,BOR,25,MEDIUM,new,fixed_context,S-M-M,2,6.850714,2.766079,11.128435,0.022000,-15.202230,22.037352,True,False,GREEN,0.469625
monza_bor_lap25_to_hard_new_fixed_context,BOR,25,HARD,new,fixed_context,S-M-H,2,19.583620,9.574047,28.043796,0.002000,-2.724643,22.190438,True,False,GREEN,0.465833
monza_bor_lap26_to_soft_new_fixed_context,BOR,26,SOFT,new,fixed_context,S-M-S,2,-21.326677,-31.341913,-11.784024,0.998000,-36.222900,14.542569,False,False,GREEN,0.475042
monza_bor_lap26_to_medium_new_fixed_context,BOR,26,MEDIUM,new,fixed_context,S-M-M,2,-0.602138,-3.901559,2.824680,0.584000,-15.281962,14.668143,True,False,GREEN,0.474459
monza_bor_lap26_to_hard_new_fixed_context,BOR,26,HARD,new,fixed_context,S-M-H,2,11.813950,2.536036,19.891010,0.050000,-3.247825,14.974314,True,False,GREEN,0.468542
monza_bor_lap27_to_soft_new_fixed_context,BOR,27,SOFT,new,fixed_context,S-M-S,2,-23.762547,-33.607014,-14.440471,1.000000,-36.834112,12.881583,False,False,VSC,0.467750
monza_bor_lap27_to_medium_new_fixed_context,BOR,27,MEDIUM,new,fixed_context,S-M-M,2,-2.704256,-6.130357,0.601133,0.866000,-15.946395,13.177499,True,False,VSC,0.468333
monza_bor_lap27_to_hard_new_fixed_context,BOR,27,HARD,new,fixed_context,S-M-H,2,9.548436,0.260395,17.778963,0.096000,-3.826088,13.308791,True,False,VSC,0.481375
monza_bor_lap28_to_soft_new_fixed_context,BOR,28,SOFT,new,fixed_context,S-M-S,2,-17.250323,-26.738806,-8.539549,0.988000,-37.445323,20.051918,True,False,VSC,0.466208
monza_bor_lap28_to_medium_new_fixed_context,BOR,28,MEDIUM,new,fixed_context,S-M-M,2,3.736784,-0.514525,8.001961,0.126000,-16.610828,20.347835,True,False,VSC,0.472125
monza_bor_lap28_to_hard_new_fixed_context,BOR,28,HARD,new,fixed_context,S-M-H,2,16.273288,6.493158,24.640323,0.004000,-4.404351,20.479126,True,False,VSC,0.467833
monza_bor_lap29_to_soft_new_fixed_context,BOR,29,SOFT,new,fixed_context,S-M-S,2,-14.701005,-23.915772,-6.062653,0.970000,-36.559820,21.658602,True,False,GREEN,0.468000
monza_bor_lap29_to_medium_new_fixed_context,BOR,29,MEDIUM,new,fixed_context,S-M-M,2,5.236319,0.965932,9.819884,0.054000,-16.584251,21.891733,True,False,GREEN,0.467041
monza_bor_lap29_to_hard_new_fixed_context,BOR,29,HARD,new,fixed_context,S-M-H,2,17.228273,7.848420,25.249913,0.004000,-4.824670,21.869938,True,False,GREEN,0.466667
monza_bor_lap30_to_soft_new_fixed_context,BOR,30,SOFT,new,fixed_context,S-M-S,2,-13.859359,-22.416557,-5.591175,0.970000,-35.623290,21.658602,True,False,GREEN,0.466834
monza_bor_lap30_to_medium_new_fixed_context,BOR,30,MEDIUM,new,fixed_context,S-M-M,2,5.321730,1.040042,9.907731,0.054000,-16.504519,21.891733,True,False,GREEN,0.469417
monza_bor_lap30_to_hard_new_fixed_context,BOR,30,HARD,new,fixed_context,S-M-H,2,16.910434,7.863379,24.630166,0.004000,-5.195283,21.869938,True,False,GREEN,0.464916
monza_bor_lap31_to_soft_new_fixed_context,BOR,31,SOFT,new,fixed_context,S-M-S,2,-12.872837,-21.136781,-5.109178,0.968000,-34.635735,21.658602,True,False,GREEN,0.464333
monza_bor_lap31_to_medium_new_fixed_context,BOR,31,MEDIUM,new,fixed_context,S-M-M,2,5.448986,1.163558,10.054143,0.048000,-16.371632,21.891733,True,False,GREEN,0.465709
monza_bor_lap31_to_hard_new_fixed_context,BOR,31,HARD,new,fixed_context,S-M-H,2,16.522725,7.856115,24.082770,0.004000,-5.516187,21.869938,True,False,GREEN,0.475334
monza_bor_lap32_to_soft_new_fixed_context,BOR,32,SOFT,new,fixed_context,S-M-S,2,-11.893817,-19.694576,-4.341171,0.966000,-33.597154,21.658602,True,False,GREEN,0.464083
monza_bor_lap32_to_medium_new_fixed_context,BOR,32,MEDIUM,new,fixed_context,S-M-M,2,5.629800,1.382496,10.225658,0.046000,-16.185591,21.891733,True,False,GREEN,0.465250
monza_bor_lap32_to_hard_new_fixed_context,BOR,32,HARD,new,fixed_context,S-M-H,2,16.219777,7.892384,23.596173,0.004000,-5.787383,21.869938,True,False,GREEN,0.464291
monza_bor_lap33_to_soft_new_fixed_context,BOR,33,SOFT,new,fixed_context,S-M-S,2,-10.852460,-18.328020,-3.592166,0.962000,-32.507548,21.658602,True,False,GREEN,0.463917
monza_bor_lap33_to_medium_new_fixed_context,BOR,33,MEDIUM,new,fixed_context,S-M-M,2,5.850187,1.637596,10.419324,0.038000,-15.946395,21.891733,True,False,GREEN,0.468750
monza_bor_lap33_to_hard_new_fixed_context,BOR,33,HARD,new,fixed_context,S-M-H,2,15.999912,7.922995,23.093028,0.004000,-6.008872,21.869938,True,False,GREEN,0.462083
monza_bor_lap34_to_soft_new_fixed_context,BOR,34,SOFT,new,fixed_context,S-M-S,2,-9.692499,-16.769122,-2.860715,0.956000,-31.366915,21.658602,True,False,GREEN,0.464833
monza_bor_lap34_to_medium_new_fixed_context,BOR,34,MEDIUM,new,fixed_context,S-M-M,2,6.164991,1.930786,10.649571,0.038000,-15.654044,21.891733,True,False,GREEN,0.465500
monza_bor_lap34_to_hard_new_fixed_context,BOR,34,HARD,new,fixed_context,S-M-H,2,15.845745,7.985157,22.664802,0.002000,-6.180653,21.869938,True,False,GREEN,0.467208
monza_bor_lap35_to_soft_new_fixed_context,BOR,35,SOFT,new,fixed_context,S-M-S,2,-8.504300,-15.179467,-2.078024,0.946000,-30.175257,21.658602,True,False,GREEN,0.465875
monza_bor_lap35_to_medium_new_fixed_context,BOR,35,MEDIUM,new,fixed_context,S-M-M,2,6.508156,2.280372,10.938656,0.028000,-15.308539,21.891733,True,False,GREEN,0.472541
monza_bor_lap35_to_hard_new_fixed_context,BOR,35,HARD,new,fixed_context,S-M-H,2,15.654832,8.107406,22.210378,0.002000,-6.302726,21.869938,True,False,GREEN,0.466667
monza_bor_lap36_to_soft_new_fixed_context,BOR,36,SOFT,new,fixed_context,S-M-S,2,-7.364947,-13.508559,-1.078608,0.940000,-28.932573,21.658602,True,False,GREEN,0.465334
monza_bor_lap36_to_medium_new_fixed_context,BOR,36,MEDIUM,new,fixed_context,S-M-M,2,6.938706,2.684460,11.267902,0.022000,-14.909879,21.891733,True,False,GREEN,0.462917
monza_bor_lap36_to_hard_new_fixed_context,BOR,36,HARD,new,fixed_context,S-M-H,2,15.608035,8.318785,21.778400,0.002000,-6.375091,21.869938,True,False,GREEN,0.461000
monza_bor_lap37_to_soft_new_fixed_context,BOR,37,SOFT,new,fixed_context,S-M-S,2,-6.041373,-12.006329,-0.112136,0.902000,-27.638863,21.658602,True,False,GREEN,0.461500
monza_bor_lap37_to_medium_new_fixed_context,BOR,37,MEDIUM,new,fixed_context,S-M-M,2,7.400177,3.195509,11.723893,0.014000,-14.458065,21.891733,True,False,GREEN,0.464834
monza_bor_lap37_to_hard_new_fixed_context,BOR,37,HARD,new,fixed_context,S-M-H,2,15.545163,8.522448,21.525298,0.002000,-6.397748,21.869938,True,False,GREEN,0.462417
monza_bor_lap38_to_soft_new_fixed_context,BOR,38,SOFT,new,fixed_context,S-M-S,2,-4.675676,-10.280967,0.895229,0.842000,-26.294128,21.658602,True,False,GREEN,0.461291
monza_bor_lap38_to_medium_new_fixed_context,BOR,38,MEDIUM,new,fixed_context,S-M-M,2,7.943030,3.802330,12.213639,0.014000,-13.953096,21.891733,True,False,GREEN,0.467292
monza_bor_lap38_to_hard_new_fixed_context,BOR,38,HARD,new,fixed_context,S-M-H,2,15.585989,8.765380,21.399600,0.002000,-6.370698,21.869938,True,False,GREEN,0.478542
monza_bor_lap39_to_soft_new_fixed_context,BOR,39,SOFT,new,fixed_context,S-M-S,2,-3.239598,-8.716909,2.157103,0.772000,-24.898366,21.658602,True,False,GREEN,0.457584
monza_bor_lap39_to_medium_new_fixed_context,BOR,39,MEDIUM,new,fixed_context,S-M-M,2,8.505404,4.348955,12.718836,0.008000,-13.394972,21.891733,True,False,GREEN,0.467583
monza_bor_lap39_to_hard_new_fixed_context,BOR,39,HARD,new,fixed_context,S-M-H,2,15.748420,9.192747,21.205201,0.002000,-6.293939,21.869938,True,False,GREEN,0.456458
monza_bor_lap40_to_soft_new_fixed_context,BOR,40,SOFT,new,fixed_context,S-M-S,2,-1.737387,-6.995758,3.236984,0.670000,-23.451579,21.658602,True,False,GREEN,0.476416
monza_bor_lap40_to_medium_new_fixed_context,BOR,40,MEDIUM,new,fixed_context,S-M-M,2,9.085880,5.041494,13.318203,0.008000,-12.783693,21.891733,True,False,GREEN,0.475750
monza_bor_lap40_to_hard_new_fixed_context,BOR,40,HARD,new,fixed_context,S-M-H,2,15.890918,9.462707,21.051465,0.002000,-6.167473,21.869938,True,False,GREEN,0.477750
monza_bor_lap41_to_soft_new_fixed_context,BOR,41,SOFT,new,fixed_context,S-M-S,2,-0.355785,-5.231842,4.557937,0.526000,-21.953766,21.658602,True,False,GREEN,0.457292
monza_bor_lap41_to_medium_new_fixed_context,BOR,41,MEDIUM,new,fixed_context,S-M-M,2,9.765055,5.818766,13.999598,0.006000,-12.119260,21.891733,True,False,GREEN,0.465208
monza_bor_lap41_to_hard_new_fixed_context,BOR,41,HARD,new,fixed_context,S-M-H,2,16.089327,10.041277,21.134428,0.002000,-5.991299,21.869938,True,False,GREEN,0.457667
monza_bor_lap42_to_soft_new_fixed_context,BOR,42,SOFT,new,fixed_context,S-M-S,2,1.186525,-3.476850,5.915142,0.378000,-20.404927,21.658602,True,False,GREEN,0.465875
monza_bor_lap42_to_medium_new_fixed_context,BOR,42,MEDIUM,new,fixed_context,S-M-M,2,10.463429,6.659706,14.671935,0.002000,-11.401672,21.891733,True,False,GREEN,0.478958
monza_bor_lap42_to_hard_new_fixed_context,BOR,42,HARD,new,fixed_context,S-M-H,2,16.329101,10.557611,21.161071,0.002000,-5.765417,21.869938,True,False,GREEN,0.487042
monza_bor_lap43_to_soft_new_fixed_context,BOR,43,SOFT,new,fixed_context,S-M-S,2,2.843658,-1.739340,7.507427,0.194000,-18.805063,21.658602,True,False,GREEN,0.461917
monza_bor_lap43_to_medium_new_fixed_context,BOR,43,MEDIUM,new,fixed_context,S-M-M,2,11.287672,7.524598,15.393990,0.000000,-10.630930,21.891733,True,False,GREEN,0.493333
monza_bor_lap43_to_hard_new_fixed_context,BOR,43,HARD,new,fixed_context,S-M-H,2,16.555818,11.094319,21.160296,0.000000,-5.489827,21.869938,True,False,GREEN,0.510250
monza_bor_lap44_to_soft_new_fixed_context,BOR,44,SOFT,new,fixed_context,S-M-S,2,4.453308,0.067276,9.051713,0.096000,-17.154173,21.658602,True,False,GREEN,0.537250
monza_bor_lap44_to_medium_new_fixed_context,BOR,44,MEDIUM,new,fixed_context,S-M-M,2,12.079756,8.444410,16.101010,0.000000,-9.807033,21.891733,True,False,GREEN,0.491333
monza_bor_lap44_to_hard_new_fixed_context,BOR,44,HARD,new,fixed_context,S-M-H,2,16.860071,11.628777,21.413400,0.000000,-5.164530,21.869938,True,False,GREEN,0.457666
monza_bor_lap45_to_soft_new_fixed_context,BOR,45,SOFT,new,fixed_context,S-M-S,2,6.184009,1.943968,10.467191,0.036000,-15.452257,21.658602,True,False,GREEN,0.454792
monza_bor_lap45_to_medium_new_fixed_context,BOR,45,MEDIUM,new,fixed_context,S-M-M,2,12.974379,9.400949,17.014218,0.000000,-8.929981,21.891733,True,False,GREEN,0.456709
monza_bor_lap45_to_hard_new_fixed_context,BOR,45,HARD,new,fixed_context,S-M-H,2,17.218180,12.193470,21.588412,0.000000,-4.789525,21.869938,True,False,GREEN,0.456750
monza_bor_lap46_to_soft_new_fixed_context,BOR,46,SOFT,new,fixed_context,S-M-S,2,7.897599,3.848150,12.102626,0.012000,-13.699315,21.658602,True,False,GREEN,0.458125
monza_bor_lap46_to_medium_new_fixed_context,BOR,46,MEDIUM,new,fixed_context,S-M-M,2,13.851245,10.329482,17.813819,0.000000,-7.999775,21.891733,True,False,GREEN,0.455459
monza_bor_lap46_to_hard_new_fixed_context,BOR,46,HARD,new,fixed_context,S-M-H,2,17.648110,12.970897,21.824521,0.000000,-4.364811,21.869938,True,False,GREEN,0.455917
monza_bor_lap47_to_soft_new_fixed_context,BOR,47,SOFT,new,fixed_context,S-M-S,2,9.654049,5.813294,13.821228,0.006000,-11.895347,21.658602,True,False,GREEN,0.454792
monza_bor_lap47_to_medium_new_fixed_context,BOR,47,MEDIUM,new,fixed_context,S-M-M,2,14.827035,11.299858,18.683174,0.000000,-7.016414,21.891733,True,False,GREEN,0.455292
monza_bor_lap47_to_hard_new_fixed_context,BOR,47,HARD,new,fixed_context,S-M-H,2,18.135719,13.706618,22.172122,0.000000,-3.890390,21.869938,True,False,GREEN,0.454500
monza_bor_lap48_to_soft_new_fixed_context,BOR,48,SOFT,new,fixed_context,S-M-S,2,11.597700,7.674493,15.591832,0.004000,-10.040354,21.658602,True,False,GREEN,0.455667
monza_bor_lap48_to_medium_new_fixed_context,BOR,48,MEDIUM,new,fixed_context,S-M-M,2,15.832513,12.346090,19.705658,0.000000,-5.979898,21.891733,True,False,GREEN,0.465541
monza_bor_lap48_to_hard_new_fixed_context,BOR,48,HARD,new,fixed_context,S-M-H,2,18.619466,14.481181,22.491590,0.000000,-3.366262,21.869938,True,False,GREEN,0.458541
monza_bor_lap49_to_soft_new_fixed_context,BOR,49,SOFT,new,fixed_context,S-M-S,2,13.595324,9.667375,17.392552,0.002000,-8.134335,21.658602,True,False,GREEN,0.461667
monza_bor_lap49_to_medium_new_fixed_context,BOR,49,MEDIUM,new,fixed_context,S-M-M,2,16.925201,13.421867,20.644292,0.000000,-4.890228,21.891733,True,False,GREEN,0.456250
monza_bor_lap49_to_hard_new_fixed_context,BOR,49,HARD,new,fixed_context,S-M-H,2,19.013838,15.306863,22.903777,0.000000,-2.792425,21.869938,True,False,GREEN,0.452167
monza_bor_lap50_to_soft_new_fixed_context,BOR,50,SOFT,new,fixed_context,S-M-S,2,15.610102,11.715652,19.323369,0.000000,-6.177290,21.658602,True,False,GREEN,0.453542
monza_bor_lap50_to_medium_new_fixed_context,BOR,50,MEDIUM,new,fixed_context,S-M-M,2,18.055270,14.615418,21.672300,0.000000,-3.747403,21.891733,True,False,GREEN,0.453375
monza_bor_lap50_to_hard_new_fixed_context,BOR,50,HARD,new,fixed_context,S-M-H,2,19.552253,15.910372,23.500813,0.000000,-2.168880,21.869938,True,False,GREEN,0.458417
monza_bor_lap51_to_soft_new_fixed_context,BOR,51,SOFT,new,fixed_context,S-M-S,2,17.741756,14.036687,21.373339,0.000000,-4.169219,21.920263,True,False,GREEN,0.473958
monza_bor_lap51_to_medium_new_fixed_context,BOR,51,MEDIUM,new,fixed_context,S-M-M,2,19.583805,16.105720,22.934311,0.000000,-2.551423,22.090607,True,False,GREEN,0.466083
monza_bor_lap51_to_hard_new_fixed_context,BOR,51,HARD,new,fixed_context,S-M-H,2,20.300995,16.942185,24.230835,0.000000,-1.495628,21.915726,True,False,GREEN,0.477250
monza_bor_lap52_to_soft_new_fixed_context,BOR,52,SOFT,new,fixed_context,S-M-S,2,19.789771,16.400452,23.425632,0.000000,-2.110122,22.037352,True,False,GREEN,0.478833
monza_bor_lap52_to_medium_new_fixed_context,BOR,52,MEDIUM,new,fixed_context,S-M-M,2,20.628664,17.234217,24.181505,0.000000,-1.302289,22.037352,True,False,GREEN,0.482417
monza_bor_lap52_to_hard_new_fixed_context,BOR,52,HARD,new,fixed_context,S-M-H,2,21.172834,17.669436,24.786280,0.000000,-0.772668,22.037352,True,False,GREEN,0.486750
monza_bot_lap2_to_soft_new_fixed_context,BOT,2,SOFT,new,fixed_context,S-S-S,2,-24.535808,-36.872176,-14.454159,1.000000,-6.499252,-19.071422,True,True,YELLOW,2.857708
monza_bot_lap2_to_medium_new_fixed_context,BOT,2,MEDIUM,new,fixed_context,S-M-S,2,-19.089318,-21.577208,-16.383847,1.000000,0.000000,-19.008636,True,True,YELLOW,0.527167
monza_bot_lap2_to_hard_new_fixed_context,BOT,2,HARD,new,fixed_context,S-H-S,2,-8.233284,-15.241138,-1.771023,0.948000,10.590727,-18.855550,True,True,YELLOW,0.529584
monza_bot_lap3_to_soft_new_fixed_context,BOT,3,SOFT,new,fixed_context,S-M-S-S,3,-25.835851,-37.607029,-16.402518,1.000000,-7.772260,-19.071422,True,True,RED,0.524459
monza_bot_lap3_to_medium_new_fixed_context,BOT,3,MEDIUM,new,fixed_context,S-M-M-S,3,-19.089318,-21.577208,-16.383847,1.000000,0.000000,-19.008636,True,True,RED,0.510875
monza_bot_lap3_to_hard_new_fixed_context,BOT,3,HARD,new,fixed_context,S-M-H-S,3,-8.720876,-15.648139,-2.258230,0.960000,10.105164,-18.855550,True,True,RED,0.509917
monza_bot_lap4_to_soft_new_fixed_context,BOT,4,SOFT,new,fixed_context,S-M-S-S,3,-27.222660,-38.300880,-18.249282,1.000000,-9.045268,-19.071422,True,True,RED,0.495708
monza_bot_lap4_to_medium_new_fixed_context,BOT,4,MEDIUM,new,fixed_context,S-M-M-S,3,-19.618219,-22.133573,-16.985934,1.000000,-0.569351,-19.008636,True,True,RED,0.492334
monza_bot_lap4_to_hard_new_fixed_context,BOT,4,HARD,new,fixed_context,S-M-H-S,3,-9.187374,-16.097970,-2.796107,0.962000,9.619602,-18.855550,True,True,RED,0.492583
monza_bot_lap5_to_soft_new_fixed_context,BOT,5,SOFT,new,fixed_context,S-M-S-S,3,-28.668915,-38.931979,-20.161425,1.000000,-10.318276,-19.071422,True,True,RED,0.488459
monza_bot_lap5_to_medium_new_fixed_context,BOT,5,MEDIUM,new,fixed_context,S-M-M-S,3,-20.201802,-22.683614,-17.618002,1.000000,-1.138703,-19.008636,True,True,RED,0.486500
monza_bot_lap5_to_hard_new_fixed_context,BOT,5,HARD,new,fixed_context,S-M-H-S,3,-9.667790,-16.537402,-3.286607,0.966000,9.134040,-18.855550,True,True,RED,0.482500
monza_bot_lap6_to_soft_new_fixed_context,BOT,6,SOFT,new,fixed_context,S-M-S-S,3,-7.868881,-18.574203,2.073205,0.848000,-10.677132,2.649967,True,False,YELLOW,0.485458
monza_bot_lap6_to_medium_new_fixed_context,BOT,6,MEDIUM,new,fixed_context,S-M-M-S,3,1.257270,-4.209615,6.843178,0.378000,-1.599606,2.883097,True,False,YELLOW,0.487083
monza_bot_lap6_to_hard_new_fixed_context,BOT,6,HARD,new,fixed_context,S-M-H-S,3,11.297848,2.687583,18.866225,0.042000,8.223858,2.861302,True,False,YELLOW,0.507917
monza_bot_lap7_to_soft_new_fixed_context,BOT,7,SOFT,new,fixed_context,S-M-S-S,3,-8.188752,-18.157659,1.415885,0.868000,-10.948256,2.649967,True,False,GREEN,0.492041
monza_bot_lap7_to_medium_new_fixed_context,BOT,7,MEDIUM,new,fixed_context,S-M-M-S,3,0.822905,-4.636706,6.449021,0.428000,-2.006286,2.883097,True,False,GREEN,0.507125
monza_bot_lap7_to_hard_new_fixed_context,BOT,7,HARD,new,fixed_context,S-M-H-S,3,10.568118,2.000717,17.940531,0.060000,7.363909,2.861302,True,False,GREEN,0.485084
monza_bot_lap8_to_soft_new_fixed_context,BOT,8,SOFT,new,fixed_context,S-M-S-S,3,-8.416223,-17.775008,0.908877,0.880000,-11.131648,2.649967,True,False,GREEN,0.499375
monza_bot_lap8_to_medium_new_fixed_context,BOT,8,MEDIUM,new,fixed_context,S-M-M-S,3,0.449151,-5.002550,6.104948,0.456000,-2.358742,2.883097,True,False,GREEN,0.485000
monza_bot_lap8_to_hard_new_fixed_context,BOT,8,HARD,new,fixed_context,S-M-H-S,3,9.751959,1.324836,17.022769,0.070000,6.554195,2.861302,True,False,GREEN,0.485250
monza_bot_lap9_to_soft_new_fixed_context,BOT,9,SOFT,new,fixed_context,S-M-S-S,3,-8.444016,-17.489547,0.581653,0.894000,-11.227310,2.649967,True,False,GREEN,0.483250
monza_bot_lap9_to_medium_new_fixed_context,BOT,9,MEDIUM,new,fixed_context,S-M-M-S,3,0.148047,-5.263872,5.813809,0.484000,-2.656973,2.883097,True,False,GREEN,0.490167
monza_bot_lap9_to_hard_new_fixed_context,BOT,9,HARD,new,fixed_context,S-M-H-S,3,9.033674,0.728398,15.973918,0.084000,5.794715,2.861302,True,False,GREEN,0.484167
monza_bot_lap10_to_soft_new_fixed_context,BOT,10,SOFT,new,fixed_context,S-M-S-S,3,-8.563497,-16.774515,0.211105,0.896000,-11.235240,2.649967,True,False,GREEN,0.487875
monza_bot_lap10_to_medium_new_fixed_context,BOT,10,MEDIUM,new,fixed_context,S-M-M-S,3,-0.085458,-5.506693,5.574059,0.508000,-2.900981,2.883097,True,False,GREEN,0.486542
monza_bot_lap10_to_hard_new_fixed_context,BOT,10,HARD,new,fixed_context,S-M-H-S,3,8.298462,0.310310,15.262841,0.092000,5.085469,2.861302,True,False,GREEN,0.484250
monza_bot_lap11_to_soft_new_fixed_context,BOT,11,SOFT,new,fixed_context,S-M-S-S,3,-8.424572,-16.081522,-0.294236,0.908000,-11.155438,2.649967,True,False,GREEN,0.482333
monza_bot_lap11_to_medium_new_fixed_context,BOT,11,MEDIUM,new,fixed_context,S-M-M-S,3,-0.282084,-5.719277,5.384391,0.522000,-3.090765,2.883097,True,False,GREEN,0.484208
monza_bot_lap11_to_hard_new_fixed_context,BOT,11,HARD,new,fixed_context,S-M-H-S,3,7.523415,-0.166046,14.558840,0.106000,4.426457,2.861302,True,False,GREEN,0.482250
monza_bot_lap12_to_soft_new_fixed_context,BOT,12,SOFT,new,fixed_context,S-M-S-S,3,-8.189888,-15.755533,-0.603115,0.914000,-10.987905,2.649967,True,False,GREEN,0.482791
monza_bot_lap12_to_medium_new_fixed_context,BOT,12,MEDIUM,new,fixed_context,S-M-M-S,3,-0.425570,-5.877347,5.243497,0.528000,-3.226325,2.883097,True,False,GREEN,0.502708
monza_bot_lap12_to_hard_new_fixed_context,BOT,12,HARD,new,fixed_context,S-M-H-S,3,6.929700,-0.644897,13.668092,0.122000,3.817678,2.861302,True,False,GREEN,0.480917
monza_bot_lap13_to_soft_new_fixed_context,BOT,13,SOFT,new,fixed_context,S-M-S-S,3,-8.114190,-15.267099,-0.542947,0.918000,-10.732641,2.649967,True,False,GREEN,0.486958
monza_bot_lap13_to_medium_new_fixed_context,BOT,13,MEDIUM,new,fixed_context,S-M-M-S,3,-0.511737,-5.972189,5.148193,0.548000,-3.307661,2.883097,True,False,GREEN,0.486625
monza_bot_lap13_to_hard_new_fixed_context,BOT,13,HARD,new,fixed_context,S-M-H-S,3,6.496738,-0.950642,12.900446,0.132000,3.259134,2.861302,True,False,GREEN,0.480667
monza_bot_lap14_to_soft_new_fixed_context,BOT,14,SOFT,new,fixed_context,S-M-S-S,3,-7.788104,-14.715799,-0.569081,0.914000,-10.389645,2.649967,True,False,GREEN,0.485667
monza_bot_lap14_to_medium_new_fixed_context,BOT,14,MEDIUM,new,fixed_context,S-M-M-S,3,-0.540189,-6.003803,5.116426,0.550000,-3.334773,2.883097,True,False,GREEN,0.483125
monza_bot_lap14_to_hard_new_fixed_context,BOT,14,HARD,new,fixed_context,S-M-H-S,3,5.967413,-1.225480,12.306923,0.140000,2.750824,2.861302,True,False,GREEN,0.481583
monza_bot_lap15_to_soft_new_fixed_context,BOT,15,SOFT,new,fixed_context,S-M-S-S,3,-7.357891,-14.069062,-0.439603,0.908000,-9.958918,2.649967,True,False,GREEN,0.481875
monza_bot_lap15_to_medium_new_fixed_context,BOT,15,MEDIUM,new,fixed_context,S-M-M-S,3,-0.511737,-5.972189,5.148193,0.548000,-3.307661,2.883097,True,False,GREEN,0.485791
monza_bot_lap15_to_hard_new_fixed_context,BOT,15,HARD,new,fixed_context,S-M-H-S,3,5.501713,-1.489926,11.790605,0.150000,2.292748,2.861302,True,False,GREEN,0.480500
monza_bot_lap16_to_soft_new_fixed_context,BOT,16,SOFT,new,fixed_context,S-M-S-S,3,-6.832147,-13.370330,-0.036835,0.902000,-9.440460,2.649967,True,False,GREEN,0.481500
monza_bot_lap16_to_medium_new_fixed_context,BOT,16,MEDIUM,new,fixed_context,S-M-M-S,3,-0.425570,-5.877347,5.243497,0.528000,-3.226325,2.883097,True,False,GREEN,0.480791
monza_bot_lap16_to_hard_new_fixed_context,BOT,16,HARD,new,fixed_context,S-M-H-S,3,5.093577,-1.707344,11.279130,0.174000,1.884905,2.861302,True,False,GREEN,0.485709
monza_bot_lap17_to_soft_new_fixed_context,BOT,17,SOFT,new,fixed_context,S-M-S,2,-4.566364,-15.978139,4.431791,0.736000,5.108198,-10.294402,False,False,GREEN,0.498083
monza_bot_lap17_to_medium_new_fixed_context,BOT,17,MEDIUM,new,fixed_context,S-M-M,2,1.130794,-9.134121,13.954554,0.460000,11.657464,-9.998485,True,False,GREEN,0.493209
monza_bot_lap17_to_hard_new_fixed_context,BOT,17,HARD,new,fixed_context,S-M-H,2,16.794060,4.499533,28.589366,0.040000,26.425396,-9.867194,True,False,GREEN,0.486292
monza_bot_lap18_to_soft_new_fixed_context,BOT,18,SOFT,new,fixed_context,S-M-S,2,-5.338326,-15.568979,3.023884,0.800000,4.407872,-10.294402,False,False,GREEN,0.490125
monza_bot_lap18_to_medium_new_fixed_context,BOT,18,MEDIUM,new,fixed_context,S-M-M,2,0.692246,-9.584918,13.486147,0.480000,11.223673,-9.998485,True,False,GREEN,0.486667
monza_bot_lap18_to_hard_new_fixed_context,BOT,18,HARD,new,fixed_context,S-M-H,2,15.904886,3.869329,27.505100,0.046000,25.586215,-9.867194,True,False,GREEN,0.488125
monza_bot_lap19_to_soft_new_fixed_context,BOT,19,SOFT,new,fixed_context,S-M-S,2,-6.088129,-15.101831,1.585981,0.862000,3.795278,-10.294402,False,False,GREEN,0.491041
monza_bot_lap19_to_medium_new_fixed_context,BOT,19,MEDIUM,new,fixed_context,S-M-M,2,0.347380,-9.998619,13.073568,0.490000,10.844105,-9.998485,True,False,GREEN,0.488667
monza_bot_lap19_to_hard_new_fixed_context,BOT,19,HARD,new,fixed_context,S-M-H,2,14.991290,3.219589,26.924687,0.056000,24.797269,-9.867194,True,False,GREEN,0.487500
monza_bot_lap20_to_soft_new_fixed_context,BOT,20,SOFT,new,fixed_context,S-M-S,2,-6.764802,-14.714318,0.383699,0.890000,3.270415,-10.294402,False,False,GREEN,0.494500
monza_bot_lap20_to_medium_new_fixed_context,BOT,20,MEDIUM,new,fixed_context,S-M-M,2,0.023639,-10.330789,12.718899,0.498000,10.518761,-9.998485,True,False,GREEN,0.488958
monza_bot_lap20_to_hard_new_fixed_context,BOT,20,HARD,new,fixed_context,S-M-H,2,14.197797,2.792933,25.997321,0.060000,24.058556,-9.867194,True,False,GREEN,0.484750
monza_bot_lap21_to_soft_new_fixed_context,BOT,21,SOFT,new,fixed_context,S-M-S,2,-7.156710,-14.363203,-0.838859,0.932000,2.833284,-10.294402,False,False,GREEN,0.502583
monza_bot_lap21_to_medium_new_fixed_context,BOT,21,MEDIUM,new,fixed_context,S-M-M,2,-0.246145,-10.589031,12.406277,0.512000,10.247642,-9.998485,True,False,GREEN,0.487708
monza_bot_lap21_to_hard_new_fixed_context,BOT,21,HARD,new,fixed_context,S-M-H,2,13.339137,2.127736,25.204646,0.066000,23.370078,-9.867194,True,False,GREEN,0.492875
monza_bot_lap22_to_soft_new_fixed_context,BOT,22,SOFT,new,fixed_context,S-M-S,2,-7.605772,-13.875894,-1.928165,0.958000,2.483884,-10.294402,False,False,GREEN,0.490125
monza_bot_lap22_to_medium_new_fixed_context,BOT,22,MEDIUM,new,fixed_context,S-M-M,2,-0.477407,-10.795626,12.172321,0.518000,10.030746,-9.998485,True,False,GREEN,0.487542
monza_bot_lap22_to_hard_new_fixed_context,BOT,22,HARD,new,fixed_context,S-M-H,2,12.723374,1.698570,24.402184,0.066000,22.731833,-9.867194,True,False,GREEN,0.485375
monza_bot_lap23_to_soft_new_fixed_context,BOT,23,SOFT,new,fixed_context,S-M-S,2,-8.010122,-13.265913,-2.767756,0.974000,2.222215,-10.294402,False,False,GREEN,0.487625
monza_bot_lap23_to_medium_new_fixed_context,BOT,23,MEDIUM,new,fixed_context,S-M-M,2,-0.655833,-10.950571,11.996854,0.522000,9.868074,-9.998485,True,False,GREEN,0.492417
monza_bot_lap23_to_hard_new_fixed_context,BOT,23,HARD,new,fixed_context,S-M-H,2,12.072530,1.324837,23.800464,0.070000,22.143822,-9.867194,True,False,GREEN,0.487334
monza_bot_lap24_to_soft_new_fixed_context,BOT,24,SOFT,new,fixed_context,S-M-S,2,-8.090553,-12.386978,-3.568034,0.988000,2.048278,-10.032741,False,False,GREEN,0.488875
monza_bot_lap24_to_medium_new_fixed_context,BOT,24,MEDIUM,new,fixed_context,S-M-M,2,-0.644145,-10.822801,11.965686,0.520000,9.759626,-9.799611,True,False,GREEN,0.486167
monza_bot_lap24_to_hard_new_fixed_context,BOT,24,HARD,new,fixed_context,S-M-H,2,11.634604,0.767114,23.806041,0.076000,21.606045,-9.821406,True,False,GREEN,0.497250
monza_bot_lap25_to_soft_new_fixed_context,BOT,25,SOFT,new,fixed_context,S-M-S,2,-7.959044,-11.672511,-3.842857,0.992000,1.962073,-9.915652,False,False,GREEN,0.499333
monza_bot_lap25_to_medium_new_fixed_context,BOT,25,MEDIUM,new,fixed_context,S-M-M,2,-0.680601,-10.954306,11.789778,0.528000,9.705402,-9.852866,True,False,GREEN,0.487792
monza_bot_lap25_to_hard_new_fixed_context,BOT,25,HARD,new,fixed_context,S-M-H,2,11.180309,0.579842,23.059433,0.082000,21.118503,-9.699780,True,False,GREEN,0.487458
monza_bot_lap26_to_soft_new_fixed_context,BOT,26,SOFT,new,fixed_context,S-M-S,2,-15.425342,-17.970407,-12.391034,1.000000,1.963598,-17.347649,True,False,GREEN,0.491250
monza_bot_lap26_to_medium_new_fixed_context,BOT,26,MEDIUM,new,fixed_context,S-M-M,2,-8.151329,-18.458391,4.476284,0.786000,9.705402,-17.222075,True,False,GREEN,0.488917
monza_bot_lap26_to_hard_new_fixed_context,BOT,26,HARD,new,fixed_context,S-M-H,2,3.335958,-6.744508,15.137708,0.346000,20.681194,-16.915904,True,False,GREEN,0.486708
monza_bot_lap27_to_soft_new_fixed_context,BOT,27,SOFT,new,fixed_context,S-M-S,2,-19.089318,-21.577208,-16.383847,1.000000,0.000000,-19.008636,True,False,VSC,0.463583
monza_bot_lap27_to_medium_new_fixed_context,BOT,27,MEDIUM,new,fixed_context,S-M-M,2,-10.830818,-21.467749,1.784679,0.862000,8.512475,-18.712719,True,False,VSC,0.487208
monza_bot_lap27_to_hard_new_fixed_context,BOT,27,HARD,new,fixed_context,S-M-H,2,0.683189,-9.039658,12.315879,0.472000,19.580036,-18.581427,True,False,VSC,0.478708
monza_bot_lap28_to_soft_new_fixed_context,BOT,28,SOFT,new,fixed_context,S-M-S,2,-12.593821,-16.390113,-9.152482,1.000000,-0.824895,-11.838300,True,False,VSC,0.491833
monza_bot_lap28_to_medium_new_fixed_context,BOT,28,MEDIUM,new,fixed_context,S-M-M,2,-3.671533,-13.926585,8.961888,0.648000,8.458251,-11.542383,True,False,VSC,0.491167
monza_bot_lap28_to_hard_new_fixed_context,BOT,28,HARD,new,fixed_context,S-M-H,2,7.803038,-2.365689,19.852548,0.194000,19.617581,-11.411092,True,False,VSC,0.493625
monza_bot_lap29_to_soft_new_fixed_context,BOT,29,SOFT,new,fixed_context,S-M-S,2,-10.921785,-14.803621,-7.032712,1.000000,-0.681414,-10.231616,True,False,GREEN,0.490250
monza_bot_lap29_to_medium_new_fixed_context,BOT,29,MEDIUM,new,fixed_context,S-M-M,2,-2.063007,-12.217218,10.593118,0.572000,8.566699,-9.998485,True,False,GREEN,0.488334
monza_bot_lap29_to_hard_new_fixed_context,BOT,29,HARD,new,fixed_context,S-M-H,2,9.202053,-1.397094,21.018788,0.148000,19.284731,-10.020280,True,False,GREEN,0.490750
monza_bot_lap30_to_soft_new_fixed_context,BOT,30,SOFT,new,fixed_context,S-M-S,2,-10.817294,-14.883571,-6.460101,1.000000,-0.450202,-10.231616,True,False,GREEN,0.490417
monza_bot_lap30_to_medium_new_fixed_context,BOT,30,MEDIUM,new,fixed_context,S-M-M,2,-1.898521,-12.080922,10.768585,0.564000,8.729371,-9.998485,True,False,GREEN,0.488208
monza_bot_lap30_to_hard_new_fixed_context,BOT,30,HARD,new,fixed_context,S-M-H,2,8.673597,-1.608908,20.823426,0.158000,19.002114,-10.020280,True,False,GREEN,0.488708
monza_bot_lap31_to_soft_new_fixed_context,BOT,31,SOFT,new,fixed_context,S-M-S,2,-10.533424,-14.895679,-5.650788,0.996000,-0.131258,-10.231616,True,False,GREEN,0.492125
monza_bot_lap31_to_medium_new_fixed_context,BOT,31,MEDIUM,new,fixed_context,S-M-M,2,-1.666911,-11.891910,11.002541,0.552000,8.946267,-9.998485,True,False,GREEN,0.487667
monza_bot_lap31_to_hard_new_fixed_context,BOT,31,HARD,new,fixed_context,S-M-H,2,8.517358,-1.784890,20.572408,0.158000,18.769731,-10.020280,True,False,GREEN,0.488458
monza_bot_lap32_to_soft_new_fixed_context,BOT,32,SOFT,new,fixed_context,S-M-S,2,-10.211096,-15.095272,-4.717183,0.990000,0.275417,-10.231616,True,False,GREEN,0.491917
monza_bot_lap32_to_medium_new_fixed_context,BOT,32,MEDIUM,new,fixed_context,S-M-M,2,-1.369535,-11.606543,11.294986,0.542000,9.217387,-9.998485,True,False,GREEN,0.487417
monza_bot_lap32_to_hard_new_fixed_context,BOT,32,HARD,new,fixed_context,S-M-H,2,8.212690,-1.939772,20.333449,0.168000,18.587582,-10.020280,True,False,GREEN,0.488375
monza_bot_lap33_to_soft_new_fixed_context,BOT,33,SOFT,new,fixed_context,S-M-S,2,-9.788216,-14.974999,-3.611078,0.982000,0.769824,-10.231616,True,False,GREEN,0.487875
monza_bot_lap33_to_medium_new_fixed_context,BOT,33,MEDIUM,new,fixed_context,S-M-M,2,-1.012684,-11.261598,11.645920,0.530000,9.542730,-9.998485,True,False,GREEN,0.484625
monza_bot_lap33_to_hard_new_fixed_context,BOT,33,HARD,new,fixed_context,S-M-H,2,8.039643,-2.264249,20.264411,0.174000,18.455667,-10.020280,True,False,GREEN,0.491209
monza_bot_lap34_to_soft_new_fixed_context,BOT,34,SOFT,new,fixed_context,S-M-S,2,-9.135071,-14.886447,-2.532612,0.978000,1.351962,-10.231616,True,False,GREEN,0.495292
monza_bot_lap34_to_medium_new_fixed_context,BOT,34,MEDIUM,new,fixed_context,S-M-M,2,-0.596358,-10.898923,12.055343,0.520000,9.922298,-9.998485,True,False,GREEN,0.484666
monza_bot_lap34_to_hard_new_fixed_context,BOT,34,HARD,new,fixed_context,S-M-H,2,7.896925,-2.290204,20.125026,0.174000,18.373986,-10.020280,True,False,GREEN,0.486084
monza_bot_lap35_to_soft_new_fixed_context,BOT,35,SOFT,new,fixed_context,S-M-S,2,-8.512715,-14.564871,-1.324004,0.946000,2.021831,-10.231616,True,False,GREEN,0.489458
monza_bot_lap35_to_medium_new_fixed_context,BOT,35,MEDIUM,new,fixed_context,S-M-M,2,-0.138231,-10.485734,12.527137,0.510000,10.356089,-9.998485,True,False,GREEN,0.485500
monza_bot_lap35_to_hard_new_fixed_context,BOT,35,HARD,new,fixed_context,S-M-H,2,7.981457,-2.341066,20.214299,0.170000,18.342539,-10.020280,True,False,GREEN,0.484167
monza_bot_lap36_to_soft_new_fixed_context,BOT,36,SOFT,new,fixed_context,S-M-S,2,-7.670566,-14.287506,-0.110552,0.904000,2.779432,-10.231616,True,False,GREEN,0.488083
monza_bot_lap36_to_medium_new_fixed_context,BOT,36,MEDIUM,new,fixed_context,S-M-M,2,0.347380,-9.998619,13.073568,0.490000,10.844105,-9.998485,True,False,GREEN,0.484292
monza_bot_lap36_to_hard_new_fixed_context,BOT,36,HARD,new,fixed_context,S-M-H,2,8.153003,-2.382473,20.245991,0.168000,18.361326,-10.020280,True,False,GREEN,0.487667
monza_bot_lap37_to_soft_new_fixed_context,BOT,37,SOFT,new,fixed_context,S-M-S,2,-6.746145,-13.942138,1.341610,0.840000,3.624764,-10.231616,True,False,GREEN,0.489792
monza_bot_lap37_to_medium_new_fixed_context,BOT,37,MEDIUM,new,fixed_context,S-M-M,2,0.848905,-9.407080,13.662966,0.474000,11.386344,-9.998485,True,False,GREEN,0.485208
monza_bot_lap37_to_hard_new_fixed_context,BOT,37,HARD,new,fixed_context,S-M-H,2,8.353601,-2.066413,20.315599,0.168000,18.430348,-10.020280,True,False,GREEN,0.485416
monza_bot_lap38_to_soft_new_fixed_context,BOT,38,SOFT,new,fixed_context,S-M-S-S,3,-5.699430,-13.577335,1.289059,0.844000,-8.668578,2.649967,True,False,GREEN,0.475167
monza_bot_lap38_to_medium_new_fixed_context,BOT,38,MEDIUM,new,fixed_context,S-M-S-M,3,1.645812,-8.039490,11.682481,0.422000,-1.243597,2.883097,True,False,GREEN,0.471542
monza_bot_lap38_to_hard_new_fixed_context,BOT,38,HARD,new,fixed_context,S-M-S-H,3,8.215238,-1.615993,17.917713,0.148000,5.323197,2.861302,True,False,GREEN,0.472791
monza_bot_lap39_to_soft_new_fixed_context,BOT,39,SOFT,new,fixed_context,S-M-S-S,3,-5.777256,-13.661565,1.247876,0.846000,-8.729197,2.649967,True,False,GREEN,0.473250
monza_bot_lap39_to_medium_new_fixed_context,BOT,39,MEDIUM,new,fixed_context,S-M-S-M,3,1.222628,-7.928599,10.766759,0.440000,-1.674324,2.883097,True,False,GREEN,0.473625
monza_bot_lap39_to_hard_new_fixed_context,BOT,39,HARD,new,fixed_context,S-M-S-H,3,7.372786,-2.231760,16.562546,0.178000,4.411272,2.861302,True,False,GREEN,0.470166
monza_bot_lap40_to_soft_new_fixed_context,BOT,40,SOFT,new,fixed_context,S-M-S-S,3,-5.699430,-13.577335,1.289059,0.844000,-8.668578,2.649967,True,False,GREEN,0.472417
monza_bot_lap40_to_medium_new_fixed_context,BOT,40,MEDIUM,new,fixed_context,S-M-S-M,3,0.806481,-7.816406,10.007273,0.446000,-2.017320,2.883097,True,False,GREEN,0.468917
monza_bot_lap40_to_hard_new_fixed_context,BOT,40,HARD,new,fixed_context,S-M-S-H,3,6.575796,-2.666203,15.420462,0.190000,3.583088,2.861302,True,False,GREEN,0.471208
monza_bot_lap41_to_soft_new_fixed_context,BOT,41,SOFT,new,fixed_context,S-M-S-S,3,-5.509637,-13.332974,1.423101,0.834000,-8.486720,2.649967,True,False,GREEN,0.470166
monza_bot_lap41_to_medium_new_fixed_context,BOT,41,MEDIUM,new,fixed_context,S-M-S-M,3,0.627965,-7.686422,9.323723,0.462000,-2.272584,2.883097,True,False,GREEN,0.480375
monza_bot_lap41_to_hard_new_fixed_context,BOT,41,HARD,new,fixed_context,S-M-S-H,3,5.739459,-2.982751,14.162513,0.212000,2.838646,2.861302,True,False,GREEN,0.467833
monza_bot_lap42_to_soft_new_fixed_context,BOT,42,SOFT,new,fixed_context,S-M-S-S,3,-5.181107,-13.078664,1.623244,0.814000,-8.183622,2.649967,True,False,GREEN,0.468250
monza_bot_lap42_to_medium_new_fixed_context,BOT,42,MEDIUM,new,fixed_context,S-M-S-M,3,0.416755,-7.525931,8.586730,0.476000,-2.440117,2.883097,True,False,GREEN,0.469000
monza_bot_lap42_to_hard_new_fixed_context,BOT,42,HARD,new,fixed_context,S-M-S-H,3,5.121620,-3.262077,13.214840,0.228000,2.177945,2.861302,True,False,GREEN,0.467542
monza_bot_lap43_to_soft_new_fixed_context,BOT,43,SOFT,new,fixed_context,S-M-S-S,3,-4.768685,-12.588643,1.871057,0.790000,-7.759286,2.649967,True,False,GREEN,0.468042
monza_bot_lap43_to_medium_new_fixed_context,BOT,43,MEDIUM,new,fixed_context,S-M-S-M,3,0.261484,-7.213402,7.979011,0.480000,-2.519919,2.883097,True,False,GREEN,0.467667
monza_bot_lap43_to_hard_new_fixed_context,BOT,43,HARD,new,fixed_context,S-M-S-H,3,4.509251,-3.448770,12.408157,0.238000,1.600985,2.861302,True,False,GREEN,0.464667
monza_bot_lap44_to_soft_new_fixed_context,BOT,44,SOFT,new,fixed_context,S-M-S-S,3,-4.260401,-11.818640,2.269894,0.768000,-7.213712,2.649967,True,False,GREEN,0.468375
monza_bot_lap44_to_medium_new_fixed_context,BOT,44,MEDIUM,new,fixed_context,S-M-S-M,3,0.384978,-6.916088,7.680806,0.484000,-2.511989,2.883097,True,False,GREEN,0.465084
monza_bot_lap44_to_hard_new_fixed_context,BOT,44,HARD,new,fixed_context,S-M-S-H,3,4.000507,-3.688166,11.426313,0.252000,1.107767,2.861302,True,False,GREEN,0.466542
monza_bot_lap45_to_soft_new_fixed_context,BOT,45,SOFT,new,fixed_context,S-M-S-S,3,-3.617684,-11.009382,2.690882,0.738000,-6.546898,2.649967,True,False,GREEN,0.469750
monza_bot_lap45_to_medium_new_fixed_context,BOT,45,MEDIUM,new,fixed_context,S-M-S-M,3,0.247202,-6.525899,7.345224,0.484000,-2.416327,2.883097,True,False,GREEN,0.466708
monza_bot_lap45_to_hard_new_fixed_context,BOT,45,HARD,new,fixed_context,S-M-S-H,3,3.568121,-3.602963,10.431804,0.274000,0.698290,2.861302,True,False,GREEN,0.464041
monza_bot_lap46_to_soft_new_fixed_context,BOT,46,SOFT,new,fixed_context,S-M-S-S,3,-2.871974,-10.114716,3.288385,0.688000,-5.758845,2.649967,True,False,GREEN,0.468875
monza_bot_lap46_to_medium_new_fixed_context,BOT,46,MEDIUM,new,fixed_context,S-M-S-M,3,0.436043,-5.904571,7.194765,0.464000,-2.232935,2.883097,True,False,GREEN,0.465916
monza_bot_lap46_to_hard_new_fixed_context,BOT,46,HARD,new,fixed_context,S-M-S-H,3,3.319466,-3.478049,9.513803,0.276000,0.372555,2.861302,True,False,GREEN,0.476833
monza_bot_lap47_to_soft_new_fixed_context,BOT,47,SOFT,new,fixed_context,S-M-S-S,3,-1.930880,-9.046140,3.971443,0.630000,-4.849554,2.649967,True,False,GREEN,0.466000
monza_bot_lap47_to_medium_new_fixed_context,BOT,47,MEDIUM,new,fixed_context,S-M-S-M,3,0.738509,-5.527875,7.158558,0.432000,-1.961811,2.883097,True,False,GREEN,0.465250
monza_bot_lap47_to_hard_new_fixed_context,BOT,47,HARD,new,fixed_context,S-M-S-H,3,2.995520,-3.415242,9.064536,0.282000,0.130561,2.861302,True,False,GREEN,0.464416
monza_bot_lap48_to_soft_new_fixed_context,BOT,48,SOFT,new,fixed_context,S-M-S-S,3,-0.777172,-7.827287,5.021871,0.574000,-3.819024,2.649967,True,False,GREEN,0.464417
monza_bot_lap48_to_medium_new_fixed_context,BOT,48,MEDIUM,new,fixed_context,S-M-S-M,3,1.085770,-4.871931,7.268518,0.410000,-1.602955,2.883097,True,False,GREEN,0.463375
monza_bot_lap48_to_hard_new_fixed_context,BOT,48,HARD,new,fixed_context,S-M-S-H,3,2.940798,-3.113587,8.976985,0.278000,-0.027691,2.861302,True,False,GREEN,0.478875
monza_bot_lap49_to_soft_new_fixed_context,BOT,49,SOFT,new,fixed_context,S-M-S-S,3,0.370019,-6.083518,5.910413,0.474000,-2.667255,2.911628,True,False,GREEN,0.466708
monza_bot_lap49_to_medium_new_fixed_context,BOT,49,MEDIUM,new,fixed_context,S-M-S-M,3,1.957769,-4.184766,7.632853,0.348000,-1.156368,3.081972,True,False,GREEN,0.467667
monza_bot_lap49_to_hard_new_fixed_context,BOT,49,HARD,new,fixed_context,S-M-S-H,3,2.983226,-2.989248,8.729081,0.278000,-0.102202,2.907091,True,False,GREEN,0.466000
monza_bot_lap50_to_soft_new_fixed_context,BOT,50,SOFT,new,fixed_context,S-M-S-S,3,1.678449,-4.208834,7.370018,0.360000,-1.394247,3.028717,True,False,GREEN,0.465333
monza_bot_lap50_to_medium_new_fixed_context,BOT,50,MEDIUM,new,fixed_context,S-M-S-M,3,2.384464,-3.384186,7.997180,0.310000,-0.622050,3.028717,True,False,GREEN,0.465292
monza_bot_lap50_to_hard_new_fixed_context,BOT,50,HARD,new,fixed_context,S-M-S-H,3,3.018562,-2.820215,8.634650,0.258000,-0.092972,3.028717,True,False,GREEN,0.465458
monza_col_lap2_to_soft_new_fixed_context,COL,2,SOFT,new,fixed_context,M-S-H,2,0.000000,0.000000,0.000000,0.000000,0.000000,0.000000,True,True,GREEN,2.694125
monza_col_lap2_to_medium_new_fixed_context,COL,2,MEDIUM,new,fixed_context,M-M-H,2,0.000000,0.000000,0.000000,0.000000,0.000000,0.000000,True,True,GREEN,0.486833
monza_col_lap2_to_hard_new_fixed_context,COL,2,HARD,new,fixed_context,M-H-H,2,0.000000,0.000000,0.000000,0.000000,0.000000,0.000000,True,True,GREEN,0.474166
monza_col_lap3_to_soft_new_fixed_context,COL,3,SOFT,new,fixed_context,M-S,1,-59.381356,-87.091235,-36.913399,1.000000,-60.130530,-0.431745,False,True,RED,0.495167
monza_col_lap3_to_medium_new_fixed_context,COL,3,MEDIUM,new,fixed_context,M-M,1,-20.626889,-35.346204,-5.653666,0.962000,-20.260364,-0.306172,True,True,RED,0.491792
monza_col_lap3_to_hard_new_fixed_context,COL,3,HARD,new,fixed_context,M-H,1,0.000000,0.000000,0.000000,0.000000,0.000000,0.000000,True,True,RED,0.459750
monza_col_lap4_to_soft_new_fixed_context,COL,4,SOFT,new,fixed_context,M-H-S,2,-60.506615,-87.285165,-39.129683,1.000000,-61.230757,-0.431745,False,True,RED,0.487500
monza_col_lap4_to_medium_new_fixed_context,COL,4,MEDIUM,new,fixed_context,M-H-M,2,-21.768021,-36.553076,-7.015368,0.972000,-21.493874,-0.306172,True,True,RED,0.488083
monza_col_lap4_to_hard_new_fixed_context,COL,4,HARD,new,fixed_context,M-H-H,2,-1.102353,-1.284120,-0.913616,1.000000,-1.096014,0.000000,True,True,RED,0.486459
monza_col_lap5_to_soft_new_fixed_context,COL,5,SOFT,new,fixed_context,M-H-S,2,-61.906887,-87.490464,-41.274147,1.000000,-62.330984,-0.431745,False,True,RED,0.485500
monza_col_lap5_to_medium_new_fixed_context,COL,5,MEDIUM,new,fixed_context,M-H-M,2,-22.862274,-37.754136,-8.262767,0.984000,-22.727385,-0.306172,True,True,RED,0.487625
monza_col_lap5_to_hard_new_fixed_context,COL,5,HARD,new,fixed_context,M-H-H,2,-2.204707,-2.568240,-1.827231,1.000000,-2.192028,0.000000,True,True,RED,0.487250
monza_col_lap6_to_soft_new_fixed_context,COL,6,SOFT,new,fixed_context,M-H-S,2,-40.288113,-67.171719,-19.686864,0.990000,-63.431211,21.226857,False,False,MISSING,0.488750
monza_col_lap6_to_medium_new_fixed_context,COL,6,MEDIUM,new,fixed_context,M-H-M,2,-2.444208,-17.088510,13.044715,0.584000,-23.960896,21.585561,True,False,MISSING,0.486042
monza_col_lap6_to_hard_new_fixed_context,COL,6,HARD,new,fixed_context,M-H-H,2,18.503788,14.925568,22.168464,0.000000,-3.288042,21.869938,True,False,MISSING,0.488458
monza_col_lap7_to_soft_new_fixed_context,COL,7,SOFT,new,fixed_context,M-H-S,2,-39.941110,-65.611540,-20.811285,0.996000,-63.095243,21.442730,False,False,GREEN,0.484917
monza_col_lap7_to_medium_new_fixed_context,COL,7,MEDIUM,new,fixed_context,M-H-M,2,-2.706819,-17.269364,11.895337,0.598000,-24.563915,21.738647,True,False,GREEN,0.486292
monza_col_lap7_to_hard_new_fixed_context,COL,7,HARD,new,fixed_context,M-H-H,2,17.541058,13.858539,21.217379,0.000000,-4.286633,21.869938,True,False,GREEN,0.482917
monza_col_lap8_to_soft_new_fixed_context,COL,8,SOFT,new,fixed_context,M-H-S,2,-39.579740,-64.287543,-21.250959,0.998000,-62.710469,21.442730,False,False,GREEN,0.480666
monza_col_lap8_to_medium_new_fixed_context,COL,8,MEDIUM,new,fixed_context,M-H-M,2,-3.331149,-17.414051,10.989327,0.624000,-25.115167,21.738647,True,False,GREEN,0.482750
monza_col_lap8_to_hard_new_fixed_context,COL,8,HARD,new,fixed_context,M-H-H,2,16.623093,12.841635,20.310743,0.000000,-5.236511,21.869938,True,False,GREEN,0.480250
monza_col_lap9_to_soft_new_fixed_context,COL,9,SOFT,new,fixed_context,M-H-S,2,-39.304949,-63.286937,-21.586640,0.998000,-62.276889,21.442730,False,False,GREEN,0.479708
monza_col_lap9_to_medium_new_fixed_context,COL,9,MEDIUM,new,fixed_context,M-H-M,2,-3.799663,-17.615725,10.129124,0.648000,-25.614652,21.738647,True,False,GREEN,0.477417
monza_col_lap9_to_hard_new_fixed_context,COL,9,HARD,new,fixed_context,M-H-H,2,15.714312,11.903867,19.418297,0.000000,-6.137678,21.869938,True,False,GREEN,0.481666
monza_col_lap10_to_soft_new_fixed_context,COL,10,SOFT,new,fixed_context,M-H-S,2,-39.219931,-62.380590,-21.857813,0.998000,-61.794505,21.442730,False,False,GREEN,0.696500
monza_col_lap10_to_medium_new_fixed_context,COL,10,MEDIUM,new,fixed_context,M-H-M,2,-4.268599,-17.705698,9.284119,0.670000,-26.062370,21.738647,True,False,GREEN,0.507166
monza_col_lap10_to_hard_new_fixed_context,COL,10,HARD,new,fixed_context,M-H-H,2,14.866556,11.002949,18.631761,0.000000,-6.990134,21.869938,True,False,GREEN,0.499417
monza_col_lap11_to_soft_new_fixed_context,COL,11,SOFT,new,fixed_context,M-H-S,2,-38.931440,-60.985356,-22.057471,0.998000,-61.263315,21.442730,False,False,GREEN,0.491042
monza_col_lap11_to_medium_new_fixed_context,COL,11,MEDIUM,new,fixed_context,M-H-M,2,-4.715600,-17.795601,8.514577,0.690000,-26.458320,21.738647,True,False,GREEN,0.488291
monza_col_lap11_to_hard_new_fixed_context,COL,11,HARD,new,fixed_context,M-H-H,2,14.066726,10.143055,17.897162,0.000000,-7.793877,21.869938,True,False,GREEN,0.489708
monza_col_lap12_to_soft_new_fixed_context,COL,12,SOFT,new,fixed_context,M-H-S,2,-38.369636,-59.465496,-22.124157,0.998000,-60.683319,21.442730,False,False,GREEN,0.484750
monza_col_lap12_to_medium_new_fixed_context,COL,12,MEDIUM,new,fixed_context,M-H-M,2,-5.104353,-17.845487,7.773214,0.698000,-26.802504,21.738647,True,False,GREEN,0.477417
monza_col_lap12_to_hard_new_fixed_context,COL,12,HARD,new,fixed_context,M-H-H,2,13.332660,9.387551,17.251784,0.000000,-8.548909,21.869938,True,False,GREEN,0.479917
monza_col_lap13_to_soft_new_fixed_context,COL,13,SOFT,new,fixed_context,M-H-S,2,-37.783141,-57.870108,-22.053377,0.998000,-60.054519,21.442730,False,False,GREEN,0.480125
monza_col_lap13_to_medium_new_fixed_context,COL,13,MEDIUM,new,fixed_context,M-H-M,2,-5.274980,-17.839840,7.371194,0.702000,-27.094920,21.738647,True,False,GREEN,0.475833
monza_col_lap13_to_hard_new_fixed_context,COL,13,HARD,new,fixed_context,M-H-H,2,12.686815,8.556111,16.588177,0.000000,-9.255229,21.869938,True,False,GREEN,0.479917
monza_col_lap14_to_soft_new_fixed_context,COL,14,SOFT,new,fixed_context,M-H-S,2,-37.164100,-56.378954,-22.048657,0.998000,-59.376912,21.442730,False,False,GREEN,0.480791
monza_col_lap14_to_medium_new_fixed_context,COL,14,MEDIUM,new,fixed_context,M-H-M,2,-5.456335,-17.771513,6.891907,0.716000,-27.335569,21.738647,True,False,GREEN,0.478333
monza_col_lap14_to_hard_new_fixed_context,COL,14,HARD,new,fixed_context,M-H-H,2,12.013427,7.850173,15.906746,0.002000,-9.912838,21.869938,True,False,GREEN,0.479250
monza_col_lap15_to_soft_new_fixed_context,COL,15,SOFT,new,fixed_context,M-H-S,2,-36.448265,-54.837354,-21.901869,0.998000,-58.650501,21.442730,False,False,GREEN,0.483709
monza_col_lap15_to_medium_new_fixed_context,COL,15,MEDIUM,new,fixed_context,M-H-M,2,-5.630939,-17.663721,6.440371,0.734000,-27.524450,21.738647,True,False,GREEN,0.478500
monza_col_lap15_to_hard_new_fixed_context,COL,15,HARD,new,fixed_context,M-H-H,2,11.407426,7.229574,15.290246,0.002000,-10.521734,21.869938,True,False,GREEN,0.478000
monza_col_lap16_to_soft_new_fixed_context,COL,16,SOFT,new,fixed_context,M-H-S,2,-35.795000,-53.425867,-21.757247,0.998000,-57.875284,21.442730,False,False,GREEN,0.482833
monza_col_lap16_to_medium_new_fixed_context,COL,16,MEDIUM,new,fixed_context,M-H-M,2,-5.792998,-17.471460,5.797054,0.740000,-27.661565,21.738647,True,False,GREEN,0.475917
monza_col_lap16_to_hard_new_fixed_context,COL,16,HARD,new,fixed_context,M-H-H,2,10.852596,6.659265,14.773750,0.002000,-11.081919,21.869938,True,False,GREEN,0.476292
monza_col_lap17_to_soft_new_fixed_context,COL,17,SOFT,new,fixed_context,M-H-S,2,-35.056066,-51.958815,-21.541970,0.998000,-57.051262,21.442730,False,False,GREEN,0.475666
monza_col_lap17_to_medium_new_fixed_context,COL,17,MEDIUM,new,fixed_context,M-H-M,2,-5.946664,-17.277058,5.454469,0.740000,-27.746912,21.738647,True,False,GREEN,0.478208
monza_col_lap17_to_hard_new_fixed_context,COL,17,HARD,new,fixed_context,M-H-H,2,10.327929,6.109340,14.288054,0.002000,-11.593393,21.869938,True,False,GREEN,0.476625
monza_col_lap18_to_soft_new_fixed_context,COL,18,SOFT,new,fixed_context,M-H-S,2,-34.241905,-50.187586,-21.271545,0.998000,-56.178434,21.442730,False,False,GREEN,0.476959
monza_col_lap18_to_medium_new_fixed_context,COL,18,MEDIUM,new,fixed_context,M-H-M,2,-5.966374,-17.036144,5.210247,0.742000,-27.780492,21.738647,True,False,GREEN,0.478250
monza_col_lap18_to_hard_new_fixed_context,COL,18,HARD,new,fixed_context,M-H-H,2,9.852339,5.606570,13.850520,0.002000,-12.056154,21.869938,True,False,GREEN,0.477500
monza_col_lap19_to_soft_new_fixed_context,COL,19,SOFT,new,fixed_context,M-H-S,2,-33.381636,-48.655345,-20.889381,1.000000,-55.256801,21.442730,False,False,GREEN,0.473667
monza_col_lap19_to_medium_new_fixed_context,COL,19,MEDIUM,new,fixed_context,M-H-M,2,-5.886457,-16.763350,4.910165,0.750000,-27.762305,21.738647,True,False,GREEN,0.486292
monza_col_lap19_to_hard_new_fixed_context,COL,19,HARD,new,fixed_context,M-H-H,2,9.445249,5.171212,13.489106,0.002000,-12.470204,21.869938,True,False,GREEN,0.477958
monza_col_lap20_to_soft_new_fixed_context,COL,20,SOFT,new,fixed_context,M-H-S,2,-32.375555,-47.169548,-20.454868,1.000000,-54.286363,21.442730,False,False,GREEN,0.476500
monza_col_lap20_to_medium_new_fixed_context,COL,20,MEDIUM,new,fixed_context,M-H-M,2,-5.800912,-16.548067,4.674028,0.756000,-27.692350,21.738647,True,False,GREEN,0.477167
monza_col_lap20_to_hard_new_fixed_context,COL,20,HARD,new,fixed_context,M-H-H,2,9.068440,4.792105,13.165004,0.004000,-12.835542,21.869938,True,False,GREEN,0.478041
monza_col_lap21_to_soft_new_fixed_context,COL,21,SOFT,new,fixed_context,M-H-S,2,-31.368239,-45.673538,-19.911062,1.000000,-53.267120,21.442730,False,False,GREEN,0.486041
monza_col_lap21_to_medium_new_fixed_context,COL,21,MEDIUM,new,fixed_context,M-H-M,2,-5.668450,-16.282745,4.533150,0.758000,-27.570629,21.738647,True,False,GREEN,0.475208
monza_col_lap21_to_hard_new_fixed_context,COL,21,HARD,new,fixed_context,M-H-H,2,8.737163,4.463531,12.889425,0.006000,-13.152168,21.869938,True,False,GREEN,0.480208
monza_col_lap22_to_soft_new_fixed_context,COL,22,SOFT,new,fixed_context,M-H-S,2,-30.400601,-43.960964,-19.385366,1.000000,-52.199071,21.442730,False,False,GREEN,0.466083
monza_col_lap22_to_medium_new_fixed_context,COL,22,MEDIUM,new,fixed_context,M-H-M,2,-5.477911,-15.854433,4.406689,0.758000,-27.397140,21.738647,True,False,GREEN,0.482208
monza_col_lap22_to_hard_new_fixed_context,COL,22,HARD,new,fixed_context,M-H-H,2,8.471092,4.153177,12.620953,0.006000,-13.420083,21.869938,True,False,GREEN,0.459500
monza_col_lap23_to_soft_new_fixed_context,COL,23,SOFT,new,fixed_context,M-H-S,2,-29.338082,-42.217683,-18.737969,1.000000,-51.082216,21.442730,False,False,GREEN,0.470792
monza_col_lap23_to_medium_new_fixed_context,COL,23,MEDIUM,new,fixed_context,M-H-M,2,-5.261646,-15.205545,4.319123,0.760000,-27.171884,21.738647,True,False,GREEN,0.453167
monza_col_lap23_to_hard_new_fixed_context,COL,23,HARD,new,fixed_context,M-H-H,2,8.246286,3.904836,12.423901,0.010000,-13.639285,21.869938,True,False,GREEN,0.472875
monza_col_lap24_to_soft_new_fixed_context,COL,24,SOFT,new,fixed_context,M-H-S,2,-27.704390,-39.761902,-17.709488,1.000000,-49.916556,21.704391,False,False,GREEN,0.501792
monza_col_lap24_to_medium_new_fixed_context,COL,24,MEDIUM,new,fixed_context,M-H-M,2,-4.833885,-14.327517,4.792090,0.746000,-26.894861,21.937521,True,False,GREEN,0.497750
monza_col_lap24_to_hard_new_fixed_context,COL,24,HARD,new,fixed_context,M-H-H,2,8.215820,3.940420,12.313283,0.006000,-13.809776,21.915726,True,False,GREEN,0.507334
monza_col_lap25_to_soft_new_fixed_context,COL,25,SOFT,new,fixed_context,M-H-S,2,-26.491153,-37.941569,-16.839474,1.000000,-48.702091,21.821480,False,False,GREEN,0.484250
monza_col_lap25_to_medium_new_fixed_context,COL,25,MEDIUM,new,fixed_context,M-H-M,2,-4.606461,-13.880477,4.562985,0.740000,-26.566070,21.884266,True,False,GREEN,0.478792
monza_col_lap25_to_hard_new_fixed_context,COL,25,HARD,new,fixed_context,M-H-H,2,8.244049,3.865438,12.118616,0.006000,-13.931556,22.037352,True,False,GREEN,0.492792
monza_col_lap26_to_soft_new_fixed_context,COL,26,SOFT,new,fixed_context,M-H-S,2,-32.726844,-43.752530,-23.357724,1.000000,-47.438821,14.389483,False,False,GREEN,0.514416
monza_col_lap26_to_medium_new_fixed_context,COL,26,MEDIUM,new,fixed_context,M-H-M,2,-11.589142,-20.099450,-2.884185,0.952000,-26.185513,14.515057,True,False,GREEN,0.543500
monza_col_lap26_to_hard_new_fixed_context,COL,26,HARD,new,fixed_context,M-H-H,2,0.767573,-2.449512,3.938514,0.368000,-14.004623,14.821228,True,False,GREEN,0.510791
monza_col_lap27_to_soft_new_fixed_context,COL,27,SOFT,new,fixed_context,M-H-S,2,-35.140144,-45.505605,-25.824413,1.000000,-48.050058,12.728497,False,False,VSC,0.469750
monza_col_lap27_to_medium_new_fixed_context,COL,27,MEDIUM,new,fixed_context,M-H-M,2,-13.912400,-22.304903,-5.044285,0.984000,-26.870796,13.024414,True,False,VSC,0.466541
monza_col_lap27_to_hard_new_fixed_context,COL,27,HARD,new,fixed_context,M-H-H,2,-1.487818,-4.634258,1.782503,0.722000,-14.613520,13.155705,True,False,VSC,0.472291
monza_col_lap28_to_soft_new_fixed_context,COL,28,SOFT,new,fixed_context,M-H-S,2,-28.264168,-39.240390,-19.147763,1.000000,-48.661296,19.898832,True,False,VSC,0.470083
monza_col_lap28_to_medium_new_fixed_context,COL,28,MEDIUM,new,fixed_context,M-H-M,2,-7.234184,-16.067164,1.649551,0.860000,-27.556080,20.194749,True,False,VSC,0.473208
monza_col_lap28_to_hard_new_fixed_context,COL,28,HARD,new,fixed_context,M-H-H,2,5.156792,0.875276,9.246276,0.052000,-15.222417,20.326040,True,False,VSC,0.467000
monza_col_lap29_to_soft_new_fixed_context,COL,29,SOFT,new,fixed_context,M-H-S,2,-25.289598,-34.966078,-16.826531,1.000000,-47.300508,21.658602,True,False,GREEN,0.467375
monza_col_lap29_to_medium_new_fixed_context,COL,29,MEDIUM,new,fixed_context,M-H-M,2,-5.276142,-13.776386,3.596550,0.776000,-27.075043,21.891733,True,False,GREEN,0.468167
monza_col_lap29_to_hard_new_fixed_context,COL,29,HARD,new,fixed_context,M-H-H,2,6.711444,2.282080,10.995044,0.022000,-15.198061,21.869938,True,False,GREEN,0.467084
monza_col_lap30_to_soft_new_fixed_context,COL,30,SOFT,new,fixed_context,M-H-S,2,-24.007470,-33.032042,-15.832290,1.000000,-45.890915,21.658602,True,False,GREEN,0.462750
monza_col_lap30_to_medium_new_fixed_context,COL,30,MEDIUM,new,fixed_context,M-H-M,2,-4.678823,-12.996301,3.829357,0.766000,-26.542239,21.891733,True,False,GREEN,0.465542
monza_col_lap30_to_hard_new_fixed_context,COL,30,HARD,new,fixed_context,M-H-H,2,6.779325,2.359142,11.061827,0.022000,-15.124993,21.869938,True,False,GREEN,0.463209
monza_col_lap31_to_soft_new_fixed_context,COL,31,SOFT,new,fixed_context,M-H-S,2,-22.476792,-31.074690,-14.528747,1.000000,-44.432517,21.658602,True,False,GREEN,0.479042
monza_col_lap31_to_medium_new_fixed_context,COL,31,MEDIUM,new,fixed_context,M-H-M,2,-4.064001,-12.131690,4.091215,0.746000,-25.957668,21.891733,True,False,GREEN,0.474292
monza_col_lap31_to_hard_new_fixed_context,COL,31,HARD,new,fixed_context,M-H-H,2,6.904434,2.487577,11.173133,0.022000,-15.003214,21.869938,True,False,GREEN,0.465916
monza_col_lap32_to_soft_new_fixed_context,COL,32,SOFT,new,fixed_context,M-H-S,2,-20.963275,-29.190220,-13.352747,1.000000,-42.925313,21.658602,True,False,GREEN,0.463750
monza_col_lap32_to_medium_new_fixed_context,COL,32,MEDIUM,new,fixed_context,M-H-M,2,-3.423938,-11.216225,4.510438,0.714000,-25.321330,21.891733,True,False,GREEN,0.465750
monza_col_lap32_to_hard_new_fixed_context,COL,32,HARD,new,fixed_context,M-H-H,2,7.078478,2.657443,11.328962,0.020000,-14.832723,21.869938,True,False,GREEN,0.467583
monza_col_lap33_to_soft_new_fixed_context,COL,33,SOFT,new,fixed_context,M-H-S,2,-19.458256,-27.309411,-12.100867,1.000000,-41.369304,21.658602,True,False,GREEN,0.468000
monza_col_lap33_to_medium_new_fixed_context,COL,33,MEDIUM,new,fixed_context,M-H-M,2,-2.645143,-10.251536,4.963551,0.692000,-24.633225,21.891733,True,False,GREEN,0.468209
monza_col_lap33_to_hard_new_fixed_context,COL,33,HARD,new,fixed_context,M-H-H,2,7.287436,2.894976,11.529312,0.018000,-14.613520,21.869938,True,False,GREEN,0.471917
monza_col_lap34_to_soft_new_fixed_context,COL,34,SOFT,new,fixed_context,M-H-S,2,-17.861153,-25.427571,-10.912305,1.000000,-39.764490,21.658602,True,False,GREEN,0.464958
monza_col_lap34_to_medium_new_fixed_context,COL,34,MEDIUM,new,fixed_context,M-H-M,2,-1.895984,-9.253467,5.448878,0.632000,-23.893352,21.891733,True,False,GREEN,0.464792
monza_col_lap34_to_hard_new_fixed_context,COL,34,HARD,new,fixed_context,M-H-H,2,7.550452,3.169772,11.774315,0.012000,-14.345605,21.869938,True,False,GREEN,0.469000
monza_col_lap35_to_soft_new_fixed_context,COL,35,SOFT,new,fixed_context,M-H-S,2,-16.247626,-23.373981,-9.629898,1.000000,-38.110870,21.658602,True,False,GREEN,0.468167
monza_col_lap35_to_medium_new_fixed_context,COL,35,MEDIUM,new,fixed_context,M-H-M,2,-1.063747,-8.195224,5.943562,0.582000,-23.101712,21.891733,True,False,GREEN,0.464625
monza_col_lap35_to_hard_new_fixed_context,COL,35,HARD,new,fixed_context,M-H-H,2,7.848600,3.496720,12.068230,0.012000,-14.028979,21.869938,True,False,GREEN,0.464333
monza_col_lap36_to_soft_new_fixed_context,COL,36,SOFT,new,fixed_context,M-H-S,2,-14.521540,-21.217138,-8.174019,1.000000,-36.408445,21.658602,True,False,GREEN,0.471167
monza_col_lap36_to_medium_new_fixed_context,COL,36,MEDIUM,new,fixed_context,M-H-M,2,-0.187311,-7.022791,6.560533,0.522000,-22.258305,21.891733,True,False,GREEN,0.465333
monza_col_lap36_to_hard_new_fixed_context,COL,36,HARD,new,fixed_context,M-H-H,2,8.221308,3.879197,12.401441,0.010000,-13.663641,21.869938,True,False,GREEN,0.465625
monza_col_lap37_to_soft_new_fixed_context,COL,37,SOFT,new,fixed_context,M-H-S,2,-12.774605,-19.152116,-6.709022,0.996000,-34.657215,21.658602,True,False,GREEN,0.472667
monza_col_lap37_to_medium_new_fixed_context,COL,37,MEDIUM,new,fixed_context,M-H-M,2,0.643128,-5.846190,7.265109,0.450000,-21.363131,21.891733,True,False,GREEN,0.464167
monza_col_lap37_to_hard_new_fixed_context,COL,37,HARD,new,fixed_context,M-H-H,2,8.641449,4.358239,12.780055,0.006000,-13.249591,21.869938,True,False,GREEN,0.467125
monza_col_lap38_to_soft_new_fixed_context,COL,38,SOFT,new,fixed_context,M-H-S,2,-11.008116,-17.160444,-5.167483,0.996000,-32.857179,21.658602,True,False,GREEN,0.463458
monza_col_lap38_to_medium_new_fixed_context,COL,38,MEDIUM,new,fixed_context,M-H-M,2,1.633134,-4.633979,7.891594,0.366000,-20.416189,21.891733,True,False,GREEN,0.465125
monza_col_lap38_to_hard_new_fixed_context,COL,38,HARD,new,fixed_context,M-H-H,2,9.120137,4.842566,13.209577,0.004000,-12.786830,21.869938,True,False,GREEN,0.464916
monza_col_lap39_to_soft_new_fixed_context,COL,39,SOFT,new,fixed_context,M-H-S,2,-9.072072,-15.031313,-3.491663,0.988000,-31.008338,21.658602,True,False,GREEN,0.463334
monza_col_lap39_to_medium_new_fixed_context,COL,39,MEDIUM,new,fixed_context,M-H-M,2,2.622806,-3.411800,8.566209,0.302000,-19.417480,21.891733,True,False,GREEN,0.489541
monza_col_lap39_to_hard_new_fixed_context,COL,39,HARD,new,fixed_context,M-H-H,2,9.635254,5.375759,13.643267,0.002000,-12.275357,21.869938,True,False,GREEN,0.471125
monza_col_lap40_to_soft_new_fixed_context,COL,40,SOFT,new,fixed_context,M-H-S,2,-7.212100,-12.958735,-1.881946,0.964000,-29.110692,21.658602,True,False,GREEN,0.462000
monza_col_lap40_to_medium_new_fixed_context,COL,40,MEDIUM,new,fixed_context,M-H-M,2,3.633706,-2.083810,9.324335,0.226000,-18.367004,21.891733,True,False,GREEN,0.462000
monza_col_lap40_to_hard_new_fixed_context,COL,40,HARD,new,fixed_context,M-H-H,2,10.198275,5.972942,14.172913,0.002000,-11.715172,21.869938,True,False,GREEN,0.463167
monza_col_lap41_to_soft_new_fixed_context,COL,41,SOFT,new,fixed_context,M-H-S,2,-5.364322,-10.834040,-0.358146,0.904000,-27.164240,21.658602,True,False,GREEN,0.461750
monza_col_lap41_to_medium_new_fixed_context,COL,41,MEDIUM,new,fixed_context,M-H-M,2,4.720188,-0.753063,10.138300,0.150000,-17.264761,21.891733,True,False,GREEN,0.459583
monza_col_lap41_to_hard_new_fixed_context,COL,41,HARD,new,fixed_context,M-H-H,2,10.826815,6.634014,14.748616,0.002000,-11.106275,21.869938,True,False,GREEN,0.460833
monza_col_lap42_to_soft_new_fixed_context,COL,42,SOFT,new,fixed_context,M-H-S,2,-3.332545,-8.630776,1.485718,0.814000,-25.168983,21.658602,True,False,GREEN,0.470750
monza_col_lap42_to_medium_new_fixed_context,COL,42,MEDIUM,new,fixed_context,M-H-M,2,5.805640,0.604448,10.930648,0.074000,-16.110751,21.891733,True,False,GREEN,0.459250
monza_col_lap42_to_hard_new_fixed_context,COL,42,HARD,new,fixed_context,M-H-H,2,11.478558,7.303805,15.362917,0.002000,-10.448667,21.869938,True,False,GREEN,0.460042
monza_col_lap43_to_soft_new_fixed_context,COL,43,SOFT,new,fixed_context,M-H-S,2,-1.309780,-6.251208,3.314804,0.634000,-23.124920,21.658602,True,False,GREEN,0.459708
monza_col_lap43_to_medium_new_fixed_context,COL,43,MEDIUM,new,fixed_context,M-H-M,2,6.961207,2.035839,11.872000,0.026000,-14.904973,21.891733,True,False,GREEN,0.463833
monza_col_lap43_to_hard_new_fixed_context,COL,43,HARD,new,fixed_context,M-H-H,2,12.194370,8.024017,16.090626,0.000000,-9.742347,21.869938,True,False,GREEN,0.461875
monza_col_lap44_to_soft_new_fixed_context,COL,44,SOFT,new,fixed_context,M-H-S,2,0.829349,-3.873625,5.207397,0.422000,-21.032052,21.658602,True,False,GREEN,0.474292
monza_col_lap44_to_medium_new_fixed_context,COL,44,MEDIUM,new,fixed_context,M-H-M,2,8.144705,3.572106,12.898600,0.006000,-13.647428,21.891733,True,False,GREEN,0.458083
monza_col_lap44_to_hard_new_fixed_context,COL,44,HARD,new,fixed_context,M-H-H,2,12.923421,8.882671,16.845067,0.000000,-8.987315,21.869938,True,False,GREEN,0.458791
monza_col_lap45_to_soft_new_fixed_context,COL,45,SOFT,new,fixed_context,M-H-S,2,2.951285,-1.519944,7.246500,0.246000,-18.890379,21.658602,True,False,GREEN,0.458792
monza_col_lap45_to_medium_new_fixed_context,COL,45,MEDIUM,new,fixed_context,M-H-M,2,9.537335,5.127630,13.965988,0.002000,-12.338116,21.891733,True,False,GREEN,0.454208
monza_col_lap45_to_hard_new_fixed_context,COL,45,HARD,new,fixed_context,M-H-H,2,13.685756,9.732124,17.532047,0.000000,-8.183571,21.869938,True,False,GREEN,0.458833
monza_col_lap46_to_soft_new_fixed_context,COL,46,SOFT,new,fixed_context,M-H-S,2,5.149660,0.726619,9.293501,0.064000,-16.699900,21.658602,True,False,GREEN,0.461084
monza_col_lap46_to_medium_new_fixed_context,COL,46,MEDIUM,new,fixed_context,M-H-M,2,10.939553,6.701185,15.120483,0.000000,-10.977037,21.891733,True,False,GREEN,0.458042
monza_col_lap46_to_hard_new_fixed_context,COL,46,HARD,new,fixed_context,M-H-H,2,14.522916,10.654660,18.330584,0.000000,-7.331116,21.869938,True,False,GREEN,0.456459
monza_col_lap47_to_soft_new_fixed_context,COL,47,SOFT,new,fixed_context,M-H-S,2,7.378583,3.027351,11.334712,0.022000,-14.460616,21.658602,True,False,GREEN,0.455333
monza_col_lap47_to_medium_new_fixed_context,COL,47,MEDIUM,new,fixed_context,M-H-M,2,12.405853,8.426608,16.436673,0.000000,-9.564190,21.891733,True,False,GREEN,0.458333
monza_col_lap47_to_hard_new_fixed_context,COL,47,HARD,new,fixed_context,M-H-H,2,15.425785,11.593542,19.167898,0.000000,-6.429949,21.869938,True,False,GREEN,0.458666
monza_col_lap48_to_soft_new_fixed_context,COL,48,SOFT,new,fixed_context,M-H-S,2,9.572892,5.521802,13.530826,0.004000,-12.172527,21.658602,True,False,GREEN,0.455167
monza_col_lap48_to_medium_new_fixed_context,COL,48,MEDIUM,new,fixed_context,M-H-M,2,13.857049,10.023221,17.668245,0.000000,-8.099577,21.891733,True,False,GREEN,0.457458
monza_col_lap48_to_hard_new_fixed_context,COL,48,HARD,new,fixed_context,M-H-H,2,16.393002,12.576883,20.034237,0.000000,-5.480070,21.869938,True,False,GREEN,0.455583
monza_col_lap49_to_soft_new_fixed_context,COL,49,SOFT,new,fixed_context,M-H-S,2,11.827932,7.908737,15.655555,0.000000,-9.835632,21.658602,True,False,GREEN,0.457958
monza_col_lap49_to_medium_new_fixed_context,COL,49,MEDIUM,new,fixed_context,M-H-M,2,15.328511,11.677658,18.970870,0.000000,-6.583196,21.891733,True,False,GREEN,0.457625
monza_col_lap49_to_hard_new_fixed_context,COL,49,HARD,new,fixed_context,M-H-H,2,17.332401,13.642481,21.020301,0.000000,-4.481479,21.869938,True,False,GREEN,0.454791
monza_col_lap50_to_soft_new_fixed_context,COL,50,SOFT,new,fixed_context,M-H-S,2,14.158994,10.411341,18.041134,0.000000,-7.449932,21.658602,True,False,GREEN,0.462500
monza_col_lap50_to_medium_new_fixed_context,COL,50,MEDIUM,new,fixed_context,M-H-M,2,16.866556,13.369241,20.449453,0.000000,-5.015048,21.891733,True,False,GREEN,0.458958
monza_col_lap50_to_hard_new_fixed_context,COL,50,HARD,new,fixed_context,M-H-H,2,18.362493,14.787150,22.029935,0.000000,-3.434177,21.869938,True,False,GREEN,0.458667
monza_col_lap51_to_soft_new_fixed_context,COL,51,SOFT,new,fixed_context,M-H-S,2,16.876664,13.366944,20.357423,0.000000,-5.015427,21.920263,True,False,GREEN,0.468041
monza_col_lap51_to_medium_new_fixed_context,COL,51,MEDIUM,new,fixed_context,M-H-M,2,18.680452,15.315897,22.149394,0.000000,-3.395132,22.090607,True,False,GREEN,0.478875
monza_col_lap51_to_hard_new_fixed_context,COL,51,HARD,new,fixed_context,M-H-H,2,19.477351,16.228268,23.213910,0.000000,-2.338163,21.915726,True,False,GREEN,0.453792
monza_col_lap52_to_soft_new_fixed_context,COL,52,SOFT,new,fixed_context,M-H-S,2,19.395587,16.061542,22.867614,0.000000,-2.532116,22.037352,True,False,GREEN,0.490875
monza_col_lap52_to_medium_new_fixed_context,COL,52,MEDIUM,new,fixed_context,M-H-M,2,20.179575,16.992853,23.760447,0.000000,-1.723450,22.037352,True,False,GREEN,0.476750
monza_col_lap52_to_hard_new_fixed_context,COL,52,HARD,new,fixed_context,M-H-H,2,20.710189,17.399334,24.222540,0.000000,-1.193437,22.037352,True,False,GREEN,0.464042
monza_gas_lap2_to_soft_new_fixed_context,GAS,2,SOFT,new,fixed_context,M-S-H,2,0.000000,0.000000,0.000000,0.000000,0.000000,0.000000,True,True,GREEN,2.768458
monza_gas_lap2_to_medium_new_fixed_context,GAS,2,MEDIUM,new,fixed_context,M-M-H,2,0.000000,0.000000,0.000000,0.000000,0.000000,0.000000,True,True,GREEN,0.492708
monza_gas_lap2_to_hard_new_fixed_context,GAS,2,HARD,new,fixed_context,M-H-H,2,0.000000,0.000000,0.000000,0.000000,0.000000,0.000000,True,True,GREEN,0.494000
monza_gas_lap3_to_soft_new_fixed_context,GAS,3,SOFT,new,fixed_context,M-S,1,-62.441400,-89.268653,-40.952439,1.000000,-63.224274,-0.431745,False,True,RED,0.569750
monza_gas_lap3_to_medium_new_fixed_context,GAS,3,MEDIUM,new,fixed_context,M-M,1,-23.624591,-38.311302,-8.889988,0.984000,-23.359570,-0.306172,True,True,RED,0.563750
monza_gas_lap3_to_hard_new_fixed_context,GAS,3,HARD,new,fixed_context,M-H,1,0.000000,0.000000,0.000000,0.000000,0.000000,0.000000,True,True,RED,0.462292
monza_gas_lap4_to_soft_new_fixed_context,GAS,4,SOFT,new,fixed_context,M-H-S,2,-63.735148,-89.411346,-43.163445,1.000000,-64.324752,-0.431745,False,True,RED,0.485166
monza_gas_lap4_to_medium_new_fixed_context,GAS,4,MEDIUM,new,fixed_context,M-H-M,2,-24.745544,-39.513792,-10.196095,0.988000,-24.593349,-0.306172,True,True,RED,0.486500
monza_gas_lap4_to_hard_new_fixed_context,GAS,4,HARD,new,fixed_context,M-H-H,2,-1.216739,-1.393947,-1.032735,1.000000,-1.210559,0.000000,True,True,RED,0.489209
monza_gas_lap5_to_soft_new_fixed_context,GAS,5,SOFT,new,fixed_context,M-H-S,2,-65.152592,-89.636602,-44.865645,1.000000,-65.425230,-0.431745,False,True,RED,0.485875
monza_gas_lap5_to_medium_new_fixed_context,GAS,5,MEDIUM,new,fixed_context,M-H-M,2,-25.843288,-40.716282,-11.482639,0.996000,-25.827127,-0.306172,True,True,RED,0.484791
monza_gas_lap5_to_hard_new_fixed_context,GAS,5,HARD,new,fixed_context,M-H-H,2,-2.433478,-2.787894,-2.065470,1.000000,-2.421118,0.000000,True,True,RED,0.481542
monza_gas_lap6_to_soft_new_fixed_context,GAS,6,SOFT,new,fixed_context,M-H-S,2,-43.507949,-69.548352,-23.700978,0.998000,-66.525708,21.226857,False,False,MISSING,0.495708
monza_gas_lap6_to_medium_new_fixed_context,GAS,6,MEDIUM,new,fixed_context,M-H-M,2,-5.482707,-20.112675,9.830395,0.694000,-27.060906,21.585561,True,False,MISSING,0.486708
monza_gas_lap6_to_hard_new_fixed_context,GAS,6,HARD,new,fixed_context,M-H-H,2,18.161610,14.589415,21.820537,0.000000,-3.631677,21.869938,True,False,MISSING,0.495250
monza_gas_lap7_to_soft_new_fixed_context,GAS,7,SOFT,new,fixed_context,M-H-S,2,-42.973658,-67.668962,-24.403180,0.998000,-66.179809,21.442730,False,False,GREEN,0.485625
monza_gas_lap7_to_medium_new_fixed_context,GAS,7,MEDIUM,new,fixed_context,M-H-M,2,-5.792772,-20.300787,8.709442,0.706000,-27.654011,21.738647,True,False,GREEN,0.482084
monza_gas_lap7_to_hard_new_fixed_context,GAS,7,HARD,new,fixed_context,M-H-H,2,17.093852,13.428742,20.774703,0.000000,-4.734630,21.869938,True,False,GREEN,0.481250
monza_gas_lap8_to_soft_new_fixed_context,GAS,8,SOFT,new,fixed_context,M-H-S,2,-42.705491,-66.700173,-24.792314,0.998000,-65.782553,21.442730,False,False,GREEN,0.480375
monza_gas_lap8_to_medium_new_fixed_context,GAS,8,MEDIUM,new,fixed_context,M-H-M,2,-6.411458,-20.451722,7.938180,0.724000,-28.192798,21.738647,True,False,GREEN,0.480417
monza_gas_lap8_to_hard_new_fixed_context,GAS,8,HARD,new,fixed_context,M-H-H,2,16.066171,12.320386,19.763111,0.000000,-5.783781,21.869938,True,False,GREEN,0.486250
monza_gas_lap9_to_soft_new_fixed_context,GAS,9,SOFT,new,fixed_context,M-H-S,2,-42.542607,-65.838749,-25.194559,0.998000,-65.333941,21.442730,False,False,GREEN,0.479375
monza_gas_lap9_to_medium_new_fixed_context,GAS,9,MEDIUM,new,fixed_context,M-H-M,2,-6.845430,-20.584173,7.175639,0.740000,-28.677267,21.738647,True,False,GREEN,0.474417
monza_gas_lap9_to_hard_new_fixed_context,GAS,9,HARD,new,fixed_context,M-H-H,2,15.065534,11.242425,18.754794,0.000000,-6.779130,21.869938,True,False,GREEN,0.478459
monza_gas_lap10_to_soft_new_fixed_context,GAS,10,SOFT,new,fixed_context,M-H-S,2,-42.426489,-64.904107,-25.418518,0.998000,-64.833972,21.442730,False,False,GREEN,0.484250
monza_gas_lap10_to_medium_new_fixed_context,GAS,10,MEDIUM,new,fixed_context,M-H-M,2,-7.302811,-20.583432,6.336545,0.754000,-29.107416,21.738647,True,False,GREEN,0.491417
monza_gas_lap10_to_hard_new_fixed_context,GAS,10,HARD,new,fixed_context,M-H-H,2,14.144180,10.278294,17.905963,0.000000,-7.720675,21.869938,True,False,GREEN,0.477375
monza_gas_lap11_to_soft_new_fixed_context,GAS,11,SOFT,new,fixed_context,M-H-S,2,-41.981227,-63.439426,-25.516875,0.998000,-64.282647,21.442730,False,False,GREEN,0.477250
monza_gas_lap11_to_medium_new_fixed_context,GAS,11,MEDIUM,new,fixed_context,M-H-M,2,-7.784110,-20.618190,5.572485,0.768000,-29.483247,21.738647,True,False,GREEN,0.477625
monza_gas_lap11_to_hard_new_fixed_context,GAS,11,HARD,new,fixed_context,M-H-H,2,13.257661,9.361820,17.070482,0.000000,-8.608419,21.869938,True,False,GREEN,0.473583
monza_gas_lap12_to_soft_new_fixed_context,GAS,12,SOFT,new,fixed_context,M-H-S,2,-41.432940,-61.895460,-25.531341,0.998000,-63.679966,21.442730,False,False,GREEN,0.472750
monza_gas_lap12_to_medium_new_fixed_context,GAS,12,MEDIUM,new,fixed_context,M-H-M,2,-8.050911,-20.715835,4.868176,0.784000,-29.804760,21.738647,True,False,GREEN,0.471291
monza_gas_lap12_to_hard_new_fixed_context,GAS,12,HARD,new,fixed_context,M-H-H,2,12.436055,8.483701,16.302496,0.000000,-9.442359,21.869938,True,False,GREEN,0.475750
monza_gas_lap13_to_soft_new_fixed_context,GAS,13,SOFT,new,fixed_context,M-H-S,2,-40.785438,-60.401274,-25.533830,1.000000,-63.025928,21.442730,False,False,GREEN,0.472000
monza_gas_lap13_to_medium_new_fixed_context,GAS,13,MEDIUM,new,fixed_context,M-H-M,2,-8.291512,-20.749380,4.283679,0.798000,-30.071954,21.738647,True,False,GREEN,0.480709
monza_gas_lap13_to_hard_new_fixed_context,GAS,13,HARD,new,fixed_context,M-H-H,2,11.693389,7.642235,15.611358,0.002000,-10.222497,21.869938,True,False,GREEN,0.486458
monza_gas_lap14_to_soft_new_fixed_context,GAS,14,SOFT,new,fixed_context,M-H-S,2,-40.119806,-58.849857,-25.449552,1.000000,-62.320534,21.442730,False,False,GREEN,0.472792
monza_gas_lap14_to_medium_new_fixed_context,GAS,14,MEDIUM,new,fixed_context,M-H-M,2,-8.462538,-20.701034,3.950927,0.802000,-30.284829,21.738647,True,False,GREEN,0.472959
monza_gas_lap14_to_hard_new_fixed_context,GAS,14,HARD,new,fixed_context,M-H-H,2,10.990223,6.819068,14.889980,0.002000,-10.948832,21.869938,True,False,GREEN,0.476416
monza_gas_lap15_to_soft_new_fixed_context,GAS,15,SOFT,new,fixed_context,M-H-S,2,-39.495965,-57.389367,-25.208626,1.000000,-61.563783,21.442730,False,False,GREEN,0.474584
monza_gas_lap15_to_medium_new_fixed_context,GAS,15,MEDIUM,new,fixed_context,M-H-M,2,-8.579877,-20.598516,3.505721,0.818000,-30.443386,21.738647,True,False,GREEN,0.483917
monza_gas_lap15_to_hard_new_fixed_context,GAS,15,HARD,new,fixed_context,M-H-H,2,10.290770,6.123261,14.191518,0.002000,-11.621365,21.869938,True,False,GREEN,0.484000
monza_gas_lap16_to_soft_new_fixed_context,GAS,16,SOFT,new,fixed_context,M-H-S,2,-38.739682,-55.797798,-25.000401,1.000000,-60.755676,21.442730,False,False,GREEN,0.473291
monza_gas_lap16_to_medium_new_fixed_context,GAS,16,MEDIUM,new,fixed_context,M-H-M,2,-8.688774,-20.250288,2.872843,0.828000,-30.547624,21.738647,True,False,GREEN,0.474166
monza_gas_lap16_to_hard_new_fixed_context,GAS,16,HARD,new,fixed_context,M-H-H,2,9.707155,5.504982,13.599430,0.002000,-12.240095,21.869938,True,False,GREEN,0.473792
monza_gas_lap17_to_soft_new_fixed_context,GAS,17,SOFT,new,fixed_context,M-H-S,2,-37.926487,-54.246771,-24.789800,1.000000,-59.896213,21.442730,False,False,GREEN,0.476792
monza_gas_lap17_to_medium_new_fixed_context,GAS,17,MEDIUM,new,fixed_context,M-H-M,2,-8.796588,-19.983703,2.564957,0.836000,-30.597543,21.738647,True,False,GREEN,0.473625
monza_gas_lap17_to_hard_new_fixed_context,GAS,17,HARD,new,fixed_context,M-H-H,2,9.125913,4.930653,13.060736,0.004000,-12.805023,21.869938,True,False,GREEN,0.469750
monza_gas_lap18_to_soft_new_fixed_context,GAS,18,SOFT,new,fixed_context,M-H-S,2,-37.151423,-52.561887,-24.443653,1.000000,-58.985394,21.442730,False,False,GREEN,0.478500
monza_gas_lap18_to_medium_new_fixed_context,GAS,18,MEDIUM,new,fixed_context,M-H-M,2,-8.843976,-19.711570,2.306668,0.850000,-30.593144,21.738647,True,False,GREEN,0.472292
monza_gas_lap18_to_hard_new_fixed_context,GAS,18,HARD,new,fixed_context,M-H-H,2,8.595441,4.366866,12.574043,0.006000,-13.316147,21.869938,True,False,GREEN,0.471834
monza_gas_lap19_to_soft_new_fixed_context,GAS,19,SOFT,new,fixed_context,M-H-S,2,-36.238470,-51.095240,-23.821793,1.000000,-58.023218,21.442730,False,False,GREEN,0.471209
monza_gas_lap19_to_medium_new_fixed_context,GAS,19,MEDIUM,new,fixed_context,M-H-M,2,-8.695316,-19.481995,2.101380,0.850000,-30.534426,21.738647,True,False,GREEN,0.469584
monza_gas_lap19_to_hard_new_fixed_context,GAS,19,HARD,new,fixed_context,M-H-H,2,8.137101,3.883516,12.138726,0.008000,-13.773470,21.869938,True,False,GREEN,0.481125
monza_gas_lap20_to_soft_new_fixed_context,GAS,20,SOFT,new,fixed_context,M-H-S,2,-35.122953,-49.574599,-23.343567,1.000000,-57.009685,21.442730,False,False,GREEN,0.469375
monza_gas_lap20_to_medium_new_fixed_context,GAS,20,MEDIUM,new,fixed_context,M-H-M,2,-8.510011,-19.226046,1.917938,0.852000,-30.421390,21.738647,True,False,GREEN,0.467417
monza_gas_lap20_to_hard_new_fixed_context,GAS,20,HARD,new,fixed_context,M-H-H,2,7.737354,3.462265,11.791769,0.010000,-14.176989,21.869938,True,False,GREEN,0.495542
monza_gas_lap21_to_soft_new_fixed_context,GAS,21,SOFT,new,fixed_context,M-H-S,2,-34.136382,-47.909938,-22.726892,1.000000,-55.944796,21.442730,False,False,GREEN,0.482917
monza_gas_lap21_to_medium_new_fixed_context,GAS,21,MEDIUM,new,fixed_context,M-H-M,2,-8.323709,-18.915901,1.790365,0.854000,-30.254035,21.738647,True,False,GREEN,0.471792
monza_gas_lap21_to_hard_new_fixed_context,GAS,21,HARD,new,fixed_context,M-H-H,2,7.378086,3.101760,11.472740,0.012000,-14.526706,21.869938,True,False,GREEN,0.476292
monza_gas_lap22_to_soft_new_fixed_context,GAS,22,SOFT,new,fixed_context,M-H-S,2,-33.050010,-46.211006,-22.123936,1.000000,-54.828551,21.442730,False,False,GREEN,0.472416
monza_gas_lap22_to_medium_new_fixed_context,GAS,22,MEDIUM,new,fixed_context,M-H-M,2,-8.123936,-18.426180,1.724031,0.854000,-30.032361,21.738647,True,False,GREEN,0.468542
monza_gas_lap22_to_hard_new_fixed_context,GAS,22,HARD,new,fixed_context,M-H-H,2,7.071227,2.796563,11.226999,0.016000,-14.822621,21.869938,True,False,GREEN,0.473625
monza_gas_lap23_to_soft_new_fixed_context,GAS,23,SOFT,new,fixed_context,M-H-S,2,-31.906323,-44.571155,-21.453456,1.000000,-53.660950,21.442730,False,False,GREEN,0.471375
monza_gas_lap23_to_medium_new_fixed_context,GAS,23,MEDIUM,new,fixed_context,M-H-M,2,-7.866291,-17.728909,1.718938,0.854000,-29.756369,21.738647,True,False,GREEN,0.468333
monza_gas_lap23_to_hard_new_fixed_context,GAS,23,HARD,new,fixed_context,M-H-H,2,6.828317,2.533377,10.960905,0.020000,-15.064732,21.869938,True,False,GREEN,0.472042
monza_gas_lap24_to_soft_new_fixed_context,GAS,24,SOFT,new,fixed_context,M-H-S,2,-30.727786,-42.831959,-20.533129,1.000000,-52.441992,21.442730,False,False,GREEN,0.476042
monza_gas_lap24_to_medium_new_fixed_context,GAS,24,MEDIUM,new,fixed_context,M-H-M,2,-7.552317,-17.186152,1.826093,0.852000,-29.426058,21.738647,True,False,GREEN,0.466375
monza_gas_lap24_to_hard_new_fixed_context,GAS,24,HARD,new,fixed_context,M-H-H,2,6.637025,2.311812,10.793992,0.020000,-15.253042,21.869938,True,False,GREEN,0.469417
monza_gas_lap25_to_soft_new_fixed_context,GAS,25,SOFT,new,fixed_context,M-H-S,2,-29.087555,-40.532674,-19.631911,1.000000,-51.171678,21.704391,False,False,GREEN,0.467625
monza_gas_lap25_to_medium_new_fixed_context,GAS,25,MEDIUM,new,fixed_context,M-H-M,2,-6.974229,-16.252996,2.227622,0.848000,-29.041429,21.937521,True,False,GREEN,0.467875
monza_gas_lap25_to_hard_new_fixed_context,GAS,25,HARD,new,fixed_context,M-H-H,2,6.639039,2.354233,10.686722,0.022000,-15.387548,21.915726,True,False,GREEN,0.465792
monza_gas_lap26_to_soft_new_fixed_context,GAS,26,SOFT,new,fixed_context,M-H-S,2,-27.885429,-38.211745,-18.886993,1.000000,-49.850007,21.821480,False,False,GREEN,0.469208
monza_gas_lap26_to_medium_new_fixed_context,GAS,26,MEDIUM,new,fixed_context,M-H-M,2,-6.614352,-15.556648,2.335170,0.838000,-28.602481,21.884266,True,False,GREEN,0.465041
monza_gas_lap26_to_hard_new_fixed_context,GAS,26,HARD,new,fixed_context,M-H-H,2,6.687916,2.345594,10.574109,0.024000,-15.468252,22.037352,True,False,GREEN,0.469875
monza_gas_lap27_to_soft_new_fixed_context,GAS,27,SOFT,new,fixed_context,M-H-S,2,-33.822287,-44.099745,-25.021640,1.000000,-48.476980,14.389483,False,False,YELLOW,0.471833
monza_gas_lap27_to_medium_new_fixed_context,GAS,27,MEDIUM,new,fixed_context,M-H-M,2,-13.531053,-21.689400,-5.287025,0.986000,-28.109214,14.515057,True,False,YELLOW,0.467625
monza_gas_lap27_to_hard_new_fixed_context,GAS,27,HARD,new,fixed_context,M-H-H,2,-0.711700,-3.941983,2.444570,0.608000,-15.495153,14.821228,True,False,YELLOW,0.467708
monza_gas_lap28_to_soft_new_fixed_context,GAS,28,SOFT,new,fixed_context,M-H-S,2,-36.215896,-45.909859,-27.310832,1.000000,-49.063902,12.728497,True,False,VSC,0.468458
monza_gas_lap28_to_medium_new_fixed_context,GAS,28,MEDIUM,new,fixed_context,M-H-M,2,-15.800556,-23.911736,-7.304576,0.998000,-28.767229,13.024414,True,False,VSC,0.464625
monza_gas_lap28_to_hard_new_fixed_context,GAS,28,HARD,new,fixed_context,M-H-H,2,-3.007099,-6.117911,0.217721,0.878000,-16.140785,13.155705,True,False,VSC,0.464208
monza_gas_lap29_to_soft_new_fixed_context,GAS,29,SOFT,new,fixed_context,M-H-S,2,-29.421620,-39.367019,-20.535618,1.000000,-49.650823,19.898832,True,False,VSC,0.474959
monza_gas_lap29_to_medium_new_fixed_context,GAS,29,MEDIUM,new,fixed_context,M-H-M,2,-9.109528,-17.690742,-0.541155,0.916000,-29.425245,20.194749,True,False,VSC,0.469209
monza_gas_lap29_to_hard_new_fixed_context,GAS,29,HARD,new,fixed_context,M-H-H,2,3.582253,-0.626185,7.665536,0.134000,-16.786416,20.326040,True,False,VSC,0.471750
monza_gas_lap30_to_soft_new_fixed_context,GAS,30,SOFT,new,fixed_context,M-H-S,2,-26.298842,-35.094288,-18.116732,1.000000,-48.172637,21.658602,True,False,GREEN,0.470334
monza_gas_lap30_to_medium_new_fixed_context,GAS,30,MEDIUM,new,fixed_context,M-H-M,2,-6.893264,-15.234019,1.433250,0.858000,-28.823857,21.891733,True,False,GREEN,0.462417
monza_gas_lap30_to_hard_new_fixed_context,GAS,30,HARD,new,fixed_context,M-H-H,2,5.195989,0.781880,9.448485,0.060000,-16.705712,21.869938,True,False,GREEN,0.467084
monza_gas_lap31_to_soft_new_fixed_context,GAS,31,SOFT,new,fixed_context,M-H-S,2,-24.696549,-33.137328,-16.831997,1.000000,-46.643095,21.658602,True,False,GREEN,0.470416
monza_gas_lap31_to_medium_new_fixed_context,GAS,31,MEDIUM,new,fixed_context,M-H-M,2,-6.274152,-14.368940,1.824086,0.840000,-28.168150,21.891733,True,False,GREEN,0.463416
monza_gas_lap31_to_hard_new_fixed_context,GAS,31,HARD,new,fixed_context,M-H-H,2,5.330907,0.936945,9.572781,0.056000,-16.571206,21.869938,True,False,GREEN,0.464125
monza_gas_lap32_to_soft_new_fixed_context,GAS,32,SOFT,new,fixed_context,M-H-S,2,-23.116253,-31.153215,-15.568242,1.000000,-45.062196,21.658602,True,False,GREEN,0.462042
monza_gas_lap32_to_medium_new_fixed_context,GAS,32,MEDIUM,new,fixed_context,M-H-M,2,-5.533388,-13.383195,2.319699,0.816000,-27.458125,21.891733,True,False,GREEN,0.461000
monza_gas_lap32_to_hard_new_fixed_context,GAS,32,HARD,new,fixed_context,M-H-H,2,5.513098,1.129524,9.748662,0.046000,-16.382896,21.869938,True,False,GREEN,0.462000
monza_gas_lap33_to_soft_new_fixed_context,GAS,33,SOFT,new,fixed_context,M-H-S,2,-21.548977,-29.269399,-14.311744,1.000000,-43.429941,21.658602,True,False,GREEN,0.460958
monza_gas_lap33_to_medium_new_fixed_context,GAS,33,MEDIUM,new,fixed_context,M-H-M,2,-4.712068,-12.340683,2.902906,0.792000,-26.693782,21.891733,True,False,GREEN,0.463084
monza_gas_lap33_to_hard_new_fixed_context,GAS,33,HARD,new,fixed_context,M-H-H,2,5.753101,1.377125,9.971904,0.036000,-16.140785,21.869938,True,False,GREEN,0.471209
monza_gas_lap34_to_soft_new_fixed_context,GAS,34,SOFT,new,fixed_context,M-H-S,2,-19.855139,-27.242706,-12.963778,1.000000,-41.746330,21.658602,True,False,GREEN,0.460833
monza_gas_lap34_to_medium_new_fixed_context,GAS,34,MEDIUM,new,fixed_context,M-H-M,2,-3.889342,-11.289325,3.393530,0.766000,-25.875119,21.891733,True,False,GREEN,0.460541
monza_gas_lap34_to_hard_new_fixed_context,GAS,34,HARD,new,fixed_context,M-H-H,2,6.032551,1.682781,10.246757,0.030000,-15.844870,21.869938,True,False,GREEN,0.462250
monza_gas_lap35_to_soft_new_fixed_context,GAS,35,SOFT,new,fixed_context,M-H-S,2,-18.120375,-25.073641,-11.652031,1.000000,-40.011362,21.658602,True,False,GREEN,0.463334
monza_gas_lap35_to_medium_new_fixed_context,GAS,35,MEDIUM,new,fixed_context,M-H-M,2,-2.969005,-10.083869,4.017771,0.722000,-25.002138,21.891733,True,False,GREEN,0.460250
monza_gas_lap35_to_hard_new_fixed_context,GAS,35,HARD,new,fixed_context,M-H-H,2,6.389450,2.046973,10.570979,0.022000,-15.495153,21.869938,True,False,GREEN,0.465625
monza_gas_lap36_to_soft_new_fixed_context,GAS,36,SOFT,new,fixed_context,M-H-S,2,-16.284859,-22.907383,-10.014281,1.000000,-38.225037,21.658602,True,False,GREEN,0.459583
monza_gas_lap36_to_medium_new_fixed_context,GAS,36,MEDIUM,new,fixed_context,M-H-M,2,-2.011220,-8.839854,4.669704,0.658000,-24.074839,21.891733,True,False,GREEN,0.459875
monza_gas_lap36_to_hard_new_fixed_context,GAS,36,HARD,new,fixed_context,M-H-H,2,6.802074,2.501629,10.931749,0.020000,-15.091634,21.869938,True,False,GREEN,0.461417
monza_gas_lap37_to_soft_new_fixed_context,GAS,37,SOFT,new,fixed_context,M-H-S,2,-14.499164,-20.808355,-8.507780,1.000000,-36.387357,21.658602,True,False,GREEN,0.460875
monza_gas_lap37_to_medium_new_fixed_context,GAS,37,MEDIUM,new,fixed_context,M-H-M,2,-1.094770,-7.592531,5.464466,0.592000,-23.093221,21.891733,True,False,GREEN,0.459417
monza_gas_lap37_to_hard_new_fixed_context,GAS,37,HARD,new,fixed_context,M-H-H,2,7.264659,2.984139,11.386623,0.014000,-14.634311,21.869938,True,False,GREEN,0.459958
monza_gas_lap38_to_soft_new_fixed_context,GAS,38,SOFT,new,fixed_context,M-H-S,2,-12.588901,-18.816430,-6.809521,0.998000,-34.498320,21.658602,True,False,GREEN,0.457125
monza_gas_lap38_to_medium_new_fixed_context,GAS,38,MEDIUM,new,fixed_context,M-H-M,2,-0.016142,-6.235995,6.214205,0.506000,-22.057284,21.891733,True,False,GREEN,0.465334
monza_gas_lap38_to_hard_new_fixed_context,GAS,38,HARD,new,fixed_context,M-H-H,2,7.792370,3.518431,11.835240,0.010000,-14.123187,21.869938,True,False,GREEN,0.457958
monza_gas_lap39_to_soft_new_fixed_context,GAS,39,SOFT,new,fixed_context,M-H-S,2,-10.650930,-16.522115,-5.046032,0.996000,-32.557926,21.658602,True,False,GREEN,0.460000
monza_gas_lap39_to_medium_new_fixed_context,GAS,39,MEDIUM,new,fixed_context,M-H-M,2,1.052898,-4.903953,6.977106,0.424000,-20.967029,21.891733,True,False,GREEN,0.462750
monza_gas_lap39_to_hard_new_fixed_context,GAS,39,HARD,new,fixed_context,M-H-H,2,8.343096,4.111260,12.343581,0.006000,-13.558259,21.869938,True,False,GREEN,0.459958
monza_gas_lap40_to_soft_new_fixed_context,GAS,40,SOFT,new,fixed_context,M-H-S,2,-8.686251,-14.370809,-3.385839,0.988000,-30.566177,21.658602,True,False,GREEN,0.455834
monza_gas_lap40_to_medium_new_fixed_context,GAS,40,MEDIUM,new,fixed_context,M-H-M,2,2.159506,-3.527988,7.845198,0.322000,-19.822455,21.891733,True,False,GREEN,0.459625
monza_gas_lap40_to_hard_new_fixed_context,GAS,40,HARD,new,fixed_context,M-H-H,2,8.991677,4.782701,12.932539,0.004000,-12.939529,21.869938,True,False,GREEN,0.461000
monza_gas_lap41_to_soft_new_fixed_context,GAS,41,SOFT,new,fixed_context,M-H-S,2,-6.706489,-12.138524,-1.726319,0.956000,-28.523071,21.658602,True,False,GREEN,0.457167
monza_gas_lap41_to_medium_new_fixed_context,GAS,41,MEDIUM,new,fixed_context,M-H-M,2,3.370159,-2.098014,8.758474,0.236000,-18.623562,21.891733,True,False,GREEN,0.456209
monza_gas_lap41_to_hard_new_fixed_context,GAS,41,HARD,new,fixed_context,M-H-H,2,9.681828,5.479223,13.574072,0.002000,-12.266996,21.869938,True,False,GREEN,0.461958
monza_gas_lap42_to_soft_new_fixed_context,GAS,42,SOFT,new,fixed_context,M-H-S,2,-4.607420,-9.820207,0.220141,0.896000,-26.428608,21.658602,True,False,GREEN,0.457459
monza_gas_lap42_to_medium_new_fixed_context,GAS,42,MEDIUM,new,fixed_context,M-H-M,2,4.534577,-0.667122,9.628045,0.142000,-17.370351,21.891733,True,False,GREEN,0.459000
monza_gas_lap42_to_hard_new_fixed_context,GAS,42,HARD,new,fixed_context,M-H-H,2,10.372878,6.215723,14.269704,0.002000,-11.540661,21.869938,True,False,GREEN,0.460916
monza_gas_lap43_to_soft_new_fixed_context,GAS,43,SOFT,new,fixed_context,M-H-S,2,-2.466505,-7.336446,2.077883,0.750000,-24.282789,21.658602,True,False,GREEN,0.459583
monza_gas_lap43_to_medium_new_fixed_context,GAS,43,MEDIUM,new,fixed_context,M-H-M,2,5.787120,0.895165,10.685613,0.060000,-16.062821,21.891733,True,False,GREEN,0.457500
monza_gas_lap43_to_hard_new_fixed_context,GAS,43,HARD,new,fixed_context,M-H-H,2,11.179711,7.010647,15.090716,0.002000,-10.760523,21.869938,True,False,GREEN,0.455209
monza_gas_lap44_to_soft_new_fixed_context,GAS,44,SOFT,new,fixed_context,M-H-S,2,-0.262189,-4.924878,4.143028,0.534000,-22.085614,21.658602,True,False,GREEN,0.456250
monza_gas_lap44_to_medium_new_fixed_context,GAS,44,MEDIUM,new,fixed_context,M-H-M,2,7.083491,2.541232,11.817377,0.016000,-14.700973,21.891733,True,False,GREEN,0.455375
monza_gas_lap44_to_hard_new_fixed_context,GAS,44,HARD,new,fixed_context,M-H-H,2,11.962262,7.977212,15.890908,0.000000,-9.926583,21.869938,True,False,GREEN,0.455458
monza_gas_lap45_to_soft_new_fixed_context,GAS,45,SOFT,new,fixed_context,M-H-S,2,1.993027,-2.455508,6.321677,0.302000,-19.837082,21.658602,True,False,GREEN,0.458917
monza_gas_lap45_to_medium_new_fixed_context,GAS,45,MEDIUM,new,fixed_context,M-H-M,2,8.587000,4.168143,13.017802,0.002000,-13.284806,21.891733,True,False,GREEN,0.462708
monza_gas_lap45_to_hard_new_fixed_context,GAS,45,HARD,new,fixed_context,M-H-H,2,12.825102,8.867827,16.677438,0.000000,-9.038839,21.869938,True,False,GREEN,0.463500
monza_gas_lap46_to_soft_new_fixed_context,GAS,46,SOFT,new,fixed_context,M-H-S,2,4.314562,-0.096037,8.433923,0.114000,-17.537194,21.658602,True,False,GREEN,0.455375
monza_gas_lap46_to_medium_new_fixed_context,GAS,46,MEDIUM,new,fixed_context,M-H-M,2,10.081310,5.870371,14.298642,0.002000,-11.814320,21.891733,True,False,GREEN,0.458959
monza_gas_lap46_to_hard_new_fixed_context,GAS,46,HARD,new,fixed_context,M-H-H,2,13.761358,9.892715,17.550677,0.000000,-8.097294,21.869938,True,False,GREEN,0.455125
monza_gas_lap47_to_soft_new_fixed_context,GAS,47,SOFT,new,fixed_context,M-H-S,2,6.641112,2.319228,10.616253,0.030000,-15.185950,21.658602,True,False,GREEN,0.454666
monza_gas_lap47_to_medium_new_fixed_context,GAS,47,MEDIUM,new,fixed_context,M-H-M,2,11.676886,7.719674,15.677711,0.000000,-10.289516,21.891733,True,False,GREEN,0.453875
monza_gas_lap47_to_hard_new_fixed_context,GAS,47,HARD,new,fixed_context,M-H-H,2,14.745145,10.957542,18.474085,0.000000,-7.101945,21.869938,True,False,GREEN,0.454167
monza_gas_lap48_to_soft_new_fixed_context,GAS,48,SOFT,new,fixed_context,M-H-S,2,8.974251,4.936835,12.896017,0.006000,-12.783349,21.658602,True,False,GREEN,0.451875
monza_gas_lap48_to_medium_new_fixed_context,GAS,48,MEDIUM,new,fixed_context,M-H-M,2,13.252450,9.411813,17.013544,0.000000,-8.710393,21.891733,True,False,GREEN,0.457833
monza_gas_lap48_to_hard_new_fixed_context,GAS,48,HARD,new,fixed_context,M-H-H,2,15.819827,12.005813,19.480105,0.000000,-6.052794,21.869938,True,False,GREEN,0.456083
monza_gas_lap49_to_soft_new_fixed_context,GAS,49,SOFT,new,fixed_context,M-H-S,2,11.330848,7.429171,15.134767,0.000000,-10.329392,21.658602,True,False,GREEN,0.454542
monza_gas_lap49_to_medium_new_fixed_context,GAS,49,MEDIUM,new,fixed_context,M-H-M,2,14.824990,11.196325,18.472305,0.000000,-7.076952,21.891733,True,False,GREEN,0.451667
monza_gas_lap49_to_hard_new_fixed_context,GAS,49,HARD,new,fixed_context,M-H-H,2,16.865187,13.185721,20.556983,0.000000,-4.949841,21.869938,True,False,GREEN,0.453625
monza_gas_lap50_to_soft_new_fixed_context,GAS,50,SOFT,new,fixed_context,M-H-S,2,13.772905,10.050320,17.662636,0.000000,-7.824079,21.658602,True,False,GREEN,0.452875
monza_gas_lap50_to_medium_new_fixed_context,GAS,50,MEDIUM,new,fixed_context,M-H-M,2,16.486047,12.995029,20.080562,0.000000,-5.389192,21.891733,True,False,GREEN,0.451542
monza_gas_lap50_to_hard_new_fixed_context,GAS,50,HARD,new,fixed_context,M-H-H,2,18.000733,14.430900,21.666545,0.000000,-3.793084,21.869938,True,False,GREEN,0.454708
monza_gas_lap51_to_soft_new_fixed_context,GAS,51,SOFT,new,fixed_context,M-H-S,2,16.627347,13.119531,20.110586,0.000000,-5.267409,21.920263,True,False,GREEN,0.452542
monza_gas_lap51_to_medium_new_fixed_context,GAS,51,MEDIUM,new,fixed_context,M-H-M,2,18.423895,15.063967,21.892000,0.000000,-3.647113,22.090607,True,False,GREEN,0.450041
monza_gas_lap51_to_hard_new_fixed_context,GAS,51,HARD,new,fixed_context,M-H-H,2,19.235532,15.975014,22.976378,0.000000,-2.582526,21.915726,True,False,GREEN,0.454042
monza_gas_lap52_to_soft_new_fixed_context,GAS,52,SOFT,new,fixed_context,M-H-S,2,19.267597,15.940909,22.743816,0.000000,-2.659383,22.037352,True,False,GREEN,0.449125
monza_gas_lap52_to_medium_new_fixed_context,GAS,52,MEDIUM,new,fixed_context,M-H-M,2,20.053375,16.860563,23.635010,0.000000,-1.850716,22.037352,True,False,GREEN,0.447375
monza_gas_lap52_to_hard_new_fixed_context,GAS,52,HARD,new,fixed_context,M-H-H,2,20.587773,17.274988,24.100485,0.000000,-1.318164,22.037352,True,False,GREEN,0.449916
monza_ham_lap2_to_soft_new_fixed_context,HAM,2,SOFT,new,fixed_context,S-S-M,2,0.000000,0.000000,0.000000,0.000000,0.000000,0.000000,True,True,GREEN,2.679459
monza_ham_lap2_to_medium_new_fixed_context,HAM,2,MEDIUM,new,fixed_context,S-M-M,2,0.000000,0.000000,0.000000,0.000000,0.000000,0.000000,True,True,GREEN,0.491583
monza_ham_lap2_to_hard_new_fixed_context,HAM,2,HARD,new,fixed_context,S-H-M,2,0.000000,0.000000,0.000000,0.000000,0.000000,0.000000,True,True,GREEN,0.470000
monza_ham_lap3_to_soft_new_fixed_context,HAM,3,SOFT,new,fixed_context,S-S,1,-38.589417,-66.071318,-15.394031,0.986000,-39.547761,-0.125573,False,True,RED,0.492833
monza_ham_lap3_to_medium_new_fixed_context,HAM,3,MEDIUM,new,fixed_context,S-M,1,0.000000,0.000000,0.000000,0.000000,0.000000,0.000000,True,True,RED,0.458750
monza_ham_lap3_to_hard_new_fixed_context,HAM,3,HARD,new,fixed_context,S-H,1,19.417630,4.389146,33.988688,0.058000,19.087760,0.306172,True,True,RED,0.494083
monza_ham_lap4_to_soft_new_fixed_context,HAM,4,SOFT,new,fixed_context,S-M-S,2,-39.740192,-66.314967,-17.159905,0.988000,-40.648032,-0.125573,False,True,RED,0.487458
monza_ham_lap4_to_medium_new_fixed_context,HAM,4,MEDIUM,new,fixed_context,S-M-M,2,-1.226847,-1.420583,-1.035976,1.000000,-1.221862,0.000000,True,True,RED,0.489750
monza_ham_lap4_to_hard_new_fixed_context,HAM,4,HARD,new,fixed_context,S-M-H,2,18.410998,3.499907,32.820335,0.062000,18.046943,0.306172,True,True,RED,0.483500
monza_ham_lap5_to_soft_new_fixed_context,HAM,5,SOFT,new,fixed_context,S-M-S,2,-40.811862,-66.539753,-19.014729,0.992000,-41.748304,-0.125573,False,True,RED,0.486166
monza_ham_lap5_to_medium_new_fixed_context,HAM,5,MEDIUM,new,fixed_context,S-M-M,2,-2.453695,-2.841166,-2.071951,1.000000,-2.443725,0.000000,True,True,RED,0.485750
monza_ham_lap5_to_hard_new_fixed_context,HAM,5,HARD,new,fixed_context,S-M-H,2,17.449299,2.601170,31.779630,0.072000,17.006126,0.306172,True,True,RED,0.491416
monza_ham_lap6_to_soft_new_fixed_context,HAM,6,SOFT,new,fixed_context,S-M-S,2,-19.568107,-44.885992,0.868117,0.890000,-42.848575,21.533029,False,False,MISSING,0.485291
monza_ham_lap6_to_medium_new_fixed_context,HAM,6,MEDIUM,new,fixed_context,S-M-M,2,18.150243,14.710468,21.744508,0.000000,-3.665587,21.891733,True,False,MISSING,0.494292
monza_ham_lap6_to_hard_new_fixed_context,HAM,6,HARD,new,fixed_context,S-M-H,2,38.622989,21.720784,52.521753,0.000000,15.965309,22.176110,True,False,MISSING,0.486791
monza_ham_lap7_to_soft_new_fixed_context,HAM,7,SOFT,new,fixed_context,S-M-S,2,-19.738269,-44.327720,-0.005357,0.900000,-43.034532,21.595816,False,False,GREEN,0.491750
monza_ham_lap7_to_medium_new_fixed_context,HAM,7,MEDIUM,new,fixed_context,S-M-M,2,17.025890,13.560869,20.708588,0.000000,-4.778839,21.891733,True,False,GREEN,0.484417
monza_ham_lap7_to_hard_new_fixed_context,HAM,7,HARD,new,fixed_context,S-M-H,2,36.694611,20.528132,50.397257,0.000000,14.500034,22.023024,True,False,GREEN,0.480334
monza_ham_lap8_to_soft_new_fixed_context,HAM,8,SOFT,new,fixed_context,S-M-S,2,-20.031629,-43.572775,-0.735013,0.914000,-43.168886,21.595816,False,False,GREEN,0.481417
monza_ham_lap8_to_medium_new_fixed_context,HAM,8,MEDIUM,new,fixed_context,S-M-M,2,15.958024,12.452618,19.788094,0.000000,-5.837786,21.891733,True,False,GREEN,0.487417
monza_ham_lap8_to_hard_new_fixed_context,HAM,8,HARD,new,fixed_context,S-M-H,2,35.283515,19.341813,48.659890,0.002000,13.085041,22.023024,True,False,GREEN,0.480125
monza_ham_lap9_to_soft_new_fixed_context,HAM,9,SOFT,new,fixed_context,S-M-S,2,-20.162836,-42.876737,-1.596177,0.922000,-43.251637,21.595816,False,False,GREEN,0.518208
monza_ham_lap9_to_medium_new_fixed_context,HAM,9,MEDIUM,new,fixed_context,S-M-M,2,14.999306,11.467521,18.847005,0.000000,-6.842429,21.891733,True,False,GREEN,0.476709
monza_ham_lap9_to_hard_new_fixed_context,HAM,9,HARD,new,fixed_context,S-M-H,2,33.982994,18.336860,46.926385,0.002000,11.720329,22.023024,True,False,GREEN,0.476459
monza_ham_lap10_to_soft_new_fixed_context,HAM,10,SOFT,new,fixed_context,S-M-S,2,-20.270875,-42.211256,-2.325574,0.930000,-43.282785,21.595816,False,False,GREEN,0.477208
monza_ham_lap10_to_medium_new_fixed_context,HAM,10,MEDIUM,new,fixed_context,S-M-M,2,14.054396,10.543539,17.959670,0.000000,-7.792766,21.891733,True,False,GREEN,0.484333
monza_ham_lap10_to_hard_new_fixed_context,HAM,10,HARD,new,fixed_context,S-M-H,2,32.651220,17.511449,45.229648,0.002000,10.405900,22.023024,True,False,GREEN,0.483625
monza_ham_lap11_to_soft_new_fixed_context,HAM,11,SOFT,new,fixed_context,S-M-S,2,-20.312421,-41.364064,-3.062601,0.938000,-43.262330,21.595816,False,False,GREEN,0.475250
monza_ham_lap11_to_medium_new_fixed_context,HAM,11,MEDIUM,new,fixed_context,S-M-M,2,13.161630,9.625930,17.179044,0.000000,-8.688798,21.891733,True,False,GREEN,0.476084
monza_ham_lap11_to_hard_new_fixed_context,HAM,11,HARD,new,fixed_context,S-M-H,2,31.378854,16.510890,43.622543,0.002000,9.141752,22.023024,True,False,GREEN,0.481459
monza_ham_lap12_to_soft_new_fixed_context,HAM,12,SOFT,new,fixed_context,S-M-S,2,-20.308091,-40.410542,-3.779784,0.944000,-43.190272,21.595816,False,False,GREEN,0.477500
monza_ham_lap12_to_medium_new_fixed_context,HAM,12,MEDIUM,new,fixed_context,S-M-M,2,12.376420,8.781697,16.407888,0.000000,-9.530526,21.891733,True,False,GREEN,0.477250
monza_ham_lap12_to_hard_new_fixed_context,HAM,12,HARD,new,fixed_context,S-M-H,2,30.151559,15.574000,42.166734,0.002000,7.927886,22.023024,True,False,GREEN,0.472917
monza_ham_lap13_to_soft_new_fixed_context,HAM,13,SOFT,new,fixed_context,S-M-S,2,-20.132210,-39.524910,-4.372152,0.948000,-43.066612,21.595816,False,False,GREEN,0.475292
monza_ham_lap13_to_medium_new_fixed_context,HAM,13,MEDIUM,new,fixed_context,S-M-M,2,11.570172,7.932902,15.591366,0.000000,-10.317948,21.891733,True,False,GREEN,0.480334
monza_ham_lap13_to_hard_new_fixed_context,HAM,13,HARD,new,fixed_context,S-M-H,2,29.007264,14.662126,40.720202,0.002000,6.764302,22.023024,True,False,GREEN,0.475250
monza_ham_lap14_to_soft_new_fixed_context,HAM,14,SOFT,new,fixed_context,S-M-S,2,-20.128275,-38.723899,-4.900654,0.948000,-42.891348,21.595816,False,False,GREEN,0.485334
monza_ham_lap14_to_medium_new_fixed_context,HAM,14,MEDIUM,new,fixed_context,S-M-M,2,10.883517,7.122963,14.958107,0.002000,-11.051066,21.891733,True,False,GREEN,0.478334
monza_ham_lap14_to_hard_new_fixed_context,HAM,14,HARD,new,fixed_context,S-M-H,2,27.945667,14.086426,39.278361,0.002000,5.650999,22.023024,True,False,GREEN,0.473750
monza_ham_lap15_to_soft_new_fixed_context,HAM,15,SOFT,new,fixed_context,S-M-S,2,-19.883422,-37.844779,-5.345607,0.952000,-42.664481,21.595816,False,False,GREEN,0.478000
monza_ham_lap15_to_medium_new_fixed_context,HAM,15,MEDIUM,new,fixed_context,S-M-M,2,10.139965,6.369016,14.330756,0.004000,-11.729878,21.891733,True,False,GREEN,0.475958
monza_ham_lap15_to_hard_new_fixed_context,HAM,15,HARD,new,fixed_context,S-M-H,2,26.890512,13.417923,37.819473,0.002000,4.587978,22.023024,True,False,GREEN,0.471958
monza_ham_lap16_to_soft_new_fixed_context,HAM,16,SOFT,new,fixed_context,S-M-S,2,-19.633326,-36.929334,-5.710506,0.954000,-42.386011,21.595816,False,False,GREEN,0.474250
monza_ham_lap16_to_medium_new_fixed_context,HAM,16,MEDIUM,new,fixed_context,S-M-M,2,9.529552,5.652236,13.745820,0.006000,-12.354385,21.891733,True,False,GREEN,0.473458
monza_ham_lap16_to_hard_new_fixed_context,HAM,16,HARD,new,fixed_context,S-M-H,2,25.844724,12.778176,36.569756,0.002000,3.575239,22.023024,True,False,GREEN,0.470334
monza_ham_lap17_to_soft_new_fixed_context,HAM,17,SOFT,new,fixed_context,S-M-S,2,-19.505052,-35.759614,-5.934058,0.964000,-42.055939,21.595816,False,False,GREEN,0.469708
monza_ham_lap17_to_medium_new_fixed_context,HAM,17,MEDIUM,new,fixed_context,S-M-M,2,8.955120,4.981708,13.188106,0.008000,-12.924588,21.891733,True,False,GREEN,0.475333
monza_ham_lap17_to_hard_new_fixed_context,HAM,17,HARD,new,fixed_context,S-M-H,2,24.881896,12.063453,35.288047,0.002000,2.612782,22.023024,True,False,GREEN,0.469750
monza_ham_lap18_to_soft_new_fixed_context,HAM,18,SOFT,new,fixed_context,S-M-S,2,-19.312300,-34.678823,-6.018930,0.964000,-41.674263,21.595816,False,False,GREEN,0.472583
monza_ham_lap18_to_medium_new_fixed_context,HAM,18,MEDIUM,new,fixed_context,S-M-M,2,8.429798,4.383690,12.661279,0.008000,-13.440485,21.891733,True,False,GREEN,0.476417
monza_ham_lap18_to_hard_new_fixed_context,HAM,18,HARD,new,fixed_context,S-M-H,2,24.052482,11.416392,34.073565,0.002000,1.700607,22.023024,True,False,GREEN,0.475500
monza_ham_lap19_to_soft_new_fixed_context,HAM,19,SOFT,new,fixed_context,S-M-S,2,-19.048930,-33.651954,-6.161503,0.968000,-41.240984,21.595816,False,False,GREEN,0.471583
monza_ham_lap19_to_medium_new_fixed_context,HAM,19,MEDIUM,new,fixed_context,S-M-M,2,7.998165,3.851759,12.199622,0.010000,-13.902078,21.891733,True,False,GREEN,0.474917
monza_ham_lap19_to_hard_new_fixed_context,HAM,19,HARD,new,fixed_context,S-M-H,2,23.155035,10.930681,32.926429,0.002000,0.838713,22.023024,True,False,GREEN,0.473125
monza_ham_lap20_to_soft_new_fixed_context,HAM,20,SOFT,new,fixed_context,S-M-S,2,-18.541178,-32.561994,-6.220422,0.970000,-40.756103,21.595816,False,False,GREEN,0.473625
monza_ham_lap20_to_medium_new_fixed_context,HAM,20,MEDIUM,new,fixed_context,S-M-M,2,7.585101,3.441114,11.830060,0.014000,-14.309365,21.891733,True,False,GREEN,0.470250
monza_ham_lap20_to_hard_new_fixed_context,HAM,20,HARD,new,fixed_context,S-M-H,2,22.339831,10.516932,32.011899,0.002000,0.027101,22.023024,True,False,GREEN,0.474833
monza_ham_lap21_to_soft_new_fixed_context,HAM,21,SOFT,new,fixed_context,S-M-S,2,-18.108064,-31.455686,-6.255761,0.970000,-40.219618,21.595816,False,False,GREEN,0.469542
monza_ham_lap21_to_medium_new_fixed_context,HAM,21,MEDIUM,new,fixed_context,S-M-M,2,7.233757,3.093201,11.504401,0.018000,-14.662347,21.891733,True,False,GREEN,0.470417
monza_ham_lap21_to_hard_new_fixed_context,HAM,21,HARD,new,fixed_context,S-M-H,2,21.518929,10.046265,31.006065,0.002000,-0.734229,22.023024,True,False,GREEN,0.467041
monza_ham_lap22_to_soft_new_fixed_context,HAM,22,SOFT,new,fixed_context,S-M-S,2,-17.670520,-30.101331,-6.243782,0.970000,-39.631530,21.595816,False,False,GREEN,0.469167
monza_ham_lap22_to_medium_new_fixed_context,HAM,22,MEDIUM,new,fixed_context,S-M-M,2,6.923274,2.735760,11.212835,0.022000,-14.961025,21.891733,True,False,GREEN,0.467292
monza_ham_lap22_to_hard_new_fixed_context,HAM,22,HARD,new,fixed_context,S-M-H,2,20.820895,9.627956,30.019438,0.002000,-1.445278,22.023024,True,False,GREEN,0.467958
monza_ham_lap23_to_soft_new_fixed_context,HAM,23,SOFT,new,fixed_context,S-M-S,2,-17.080073,-28.821954,-6.164010,0.970000,-38.991840,21.595816,False,False,GREEN,0.469417
monza_ham_lap23_to_medium_new_fixed_context,HAM,23,MEDIUM,new,fixed_context,S-M-M,2,6.651905,2.445988,10.976335,0.024000,-15.205397,21.891733,True,False,GREEN,0.471667
monza_ham_lap23_to_hard_new_fixed_context,HAM,23,HARD,new,fixed_context,S-M-H,2,20.113533,9.262006,29.103777,0.002000,-2.106044,22.023024,True,False,GREEN,0.465000
monza_ham_lap24_to_soft_new_fixed_context,HAM,24,SOFT,new,fixed_context,S-M-S,2,-16.414365,-27.588178,-5.950983,0.968000,-38.300546,21.595816,False,False,GREEN,0.470459
monza_ham_lap24_to_medium_new_fixed_context,HAM,24,MEDIUM,new,fixed_context,S-M-M,2,6.454713,2.220610,10.808530,0.024000,-15.395465,21.891733,True,False,GREEN,0.470541
monza_ham_lap24_to_hard_new_fixed_context,HAM,24,HARD,new,fixed_context,S-M-H,2,19.463186,8.993126,28.333441,0.002000,-2.716529,22.023024,True,False,GREEN,0.474042
monza_ham_lap25_to_soft_new_fixed_context,HAM,25,SOFT,new,fixed_context,S-M-S,2,-15.309731,-26.506769,-5.541986,0.964000,-37.557650,21.857477,False,False,GREEN,0.483834
monza_ham_lap25_to_medium_new_fixed_context,HAM,25,MEDIUM,new,fixed_context,S-M-M,2,6.585433,2.361452,10.925517,0.024000,-15.531227,22.090607,True,False,GREEN,0.468958
monza_ham_lap25_to_hard_new_fixed_context,HAM,25,HARD,new,fixed_context,S-M-H,2,18.814441,9.017666,27.408209,0.002000,-3.276732,22.068812,True,False,GREEN,0.472708
monza_ham_lap26_to_soft_new_fixed_context,HAM,26,SOFT,new,fixed_context,S-M-S,2,-14.309143,-24.721662,-5.000944,0.962000,-36.763150,21.974566,False,False,GREEN,0.466834
monza_ham_lap26_to_medium_new_fixed_context,HAM,26,MEDIUM,new,fixed_context,S-M-M,2,6.407335,2.363187,10.634112,0.022000,-15.612685,22.037352,True,False,GREEN,0.468167
monza_ham_lap26_to_hard_new_fixed_context,HAM,26,HARD,new,fixed_context,S-M-H,2,18.495612,8.944747,26.693501,0.004000,-3.786654,22.190438,True,False,GREEN,0.465459
monza_ham_lap27_to_soft_new_fixed_context,HAM,27,SOFT,new,fixed_context,S-M-S,2,-21.072909,-30.444523,-12.094820,0.998000,-35.917048,14.542569,False,False,GREEN,0.472833
monza_ham_lap27_to_medium_new_fixed_context,HAM,27,MEDIUM,new,fixed_context,S-M-M,2,-0.975499,-4.203354,2.403794,0.640000,-15.639837,14.668143,True,False,GREEN,0.466500
monza_ham_lap27_to_hard_new_fixed_context,HAM,27,HARD,new,fixed_context,S-M-H,2,10.705051,1.701228,18.598762,0.058000,-4.246293,14.974314,True,False,GREEN,0.474458
monza_ham_lap28_to_soft_new_fixed_context,HAM,28,SOFT,new,fixed_context,S-M-S,2,-23.529153,-32.687173,-14.716203,1.000000,-36.503859,12.881583,True,False,VSC,0.469958
monza_ham_lap28_to_medium_new_fixed_context,HAM,28,MEDIUM,new,fixed_context,S-M-M,2,-3.070216,-6.388676,0.194121,0.886000,-16.291497,13.177499,True,False,VSC,0.471083
monza_ham_lap28_to_hard_new_fixed_context,HAM,28,HARD,new,fixed_context,S-M-H,2,8.527662,-0.460033,16.418764,0.108000,-4.801396,13.308791,True,False,VSC,0.466833
monza_ham_lap29_to_soft_new_fixed_context,HAM,29,SOFT,new,fixed_context,S-M-S,2,-16.808483,-25.899353,-8.517731,0.990000,-37.090671,20.051918,True,False,VSC,0.466875
monza_ham_lap29_to_medium_new_fixed_context,HAM,29,MEDIUM,new,fixed_context,S-M-M,2,3.348893,-0.742501,7.655096,0.144000,-16.943157,20.347835,True,False,VSC,0.464750
monza_ham_lap29_to_hard_new_fixed_context,HAM,29,HARD,new,fixed_context,S-M-H,2,15.313588,5.900784,23.340690,0.006000,-5.356498,20.479126,True,False,VSC,0.462542
monza_ham_lap30_to_soft_new_fixed_context,HAM,30,SOFT,new,fixed_context,S-M-S,2,-14.362145,-22.835147,-6.257276,0.972000,-36.138660,21.658602,True,False,GREEN,0.467375
monza_ham_lap30_to_medium_new_fixed_context,HAM,30,MEDIUM,new,fixed_context,S-M-M,2,4.945139,0.722985,9.522862,0.064000,-16.861700,21.891733,True,False,GREEN,0.467625
monza_ham_lap30_to_hard_new_fixed_context,HAM,30,HARD,new,fixed_context,S-M-H,2,16.378857,7.352733,24.069370,0.004000,-5.711551,21.869938,True,False,GREEN,0.464916
monza_ham_lap31_to_soft_new_fixed_context,HAM,31,SOFT,new,fixed_context,S-M-S,2,-13.429084,-21.605774,-5.590027,0.972000,-35.135047,21.658602,True,False,GREEN,0.465541
monza_ham_lap31_to_medium_new_fixed_context,HAM,31,MEDIUM,new,fixed_context,S-M-M,2,5.069977,0.857842,9.634034,0.058000,-16.725937,21.891733,True,False,GREEN,0.464834
monza_ham_lap31_to_hard_new_fixed_context,HAM,31,HARD,new,fixed_context,S-M-H,2,15.999011,7.309843,23.561601,0.004000,-6.016322,21.869938,True,False,GREEN,0.462166
monza_ham_lap32_to_soft_new_fixed_context,HAM,32,SOFT,new,fixed_context,S-M-S,2,-12.363208,-20.131830,-4.840816,0.970000,-34.079830,21.658602,True,False,GREEN,0.462333
monza_ham_lap32_to_medium_new_fixed_context,HAM,32,MEDIUM,new,fixed_context,S-M-M,2,5.271735,1.046849,9.786262,0.050000,-16.535870,21.891733,True,False,GREEN,0.473833
monza_ham_lap32_to_hard_new_fixed_context,HAM,32,HARD,new,fixed_context,S-M-H,2,15.750584,7.351199,22.974253,0.004000,-6.270812,21.869938,True,False,GREEN,0.461583
monza_ham_lap33_to_soft_new_fixed_context,HAM,33,SOFT,new,fixed_context,S-M-S,2,-11.263204,-18.631751,-4.139455,0.968000,-32.973011,21.658602,True,False,GREEN,0.469917
monza_ham_lap33_to_medium_new_fixed_context,HAM,33,MEDIUM,new,fixed_context,S-M-M,2,5.514218,1.297261,9.976228,0.046000,-16.291497,21.891733,True,False,GREEN,0.476291
monza_ham_lap33_to_hard_new_fixed_context,HAM,33,HARD,new,fixed_context,S-M-H,2,15.545945,7.412511,22.506541,0.004000,-6.475019,21.869938,True,False,GREEN,0.490958
monza_ham_lap34_to_soft_new_fixed_context,HAM,34,SOFT,new,fixed_context,S-M-S,2,-10.122482,-17.123266,-3.310296,0.960000,-31.814589,21.658602,True,False,GREEN,0.469334
monza_ham_lap34_to_medium_new_fixed_context,HAM,34,MEDIUM,new,fixed_context,S-M-M,2,5.831771,1.596283,10.238889,0.038000,-15.992820,21.891733,True,False,GREEN,0.488625
monza_ham_lap34_to_hard_new_fixed_context,HAM,34,HARD,new,fixed_context,S-M-H,2,15.374188,7.449868,22.148586,0.004000,-6.628945,21.869938,True,False,GREEN,0.463917
monza_ham_lap35_to_soft_new_fixed_context,HAM,35,SOFT,new,fixed_context,S-M-S,2,-8.930391,-15.521731,-2.543327,0.956000,-30.604564,21.658602,True,False,GREEN,0.471875
monza_ham_lap35_to_medium_new_fixed_context,HAM,35,MEDIUM,new,fixed_context,S-M-M,2,6.207428,1.955179,10.538919,0.034000,-15.639837,21.891733,True,False,GREEN,0.470959
monza_ham_lap35_to_hard_new_fixed_context,HAM,35,HARD,new,fixed_context,S-M-H,2,15.272412,7.638082,21.730831,0.004000,-6.732589,21.869938,True,False,GREEN,0.501417
monza_ham_lap36_to_soft_new_fixed_context,HAM,36,SOFT,new,fixed_context,S-M-S,2,-7.756056,-13.848187,-1.544236,0.944000,-29.342935,21.658602,True,False,GREEN,0.458333
monza_ham_lap36_to_medium_new_fixed_context,HAM,36,MEDIUM,new,fixed_context,S-M-M,2,6.622589,2.413791,10.948664,0.024000,-15.232550,21.891733,True,False,GREEN,0.467459
monza_ham_lap36_to_hard_new_fixed_context,HAM,36,HARD,new,fixed_context,S-M-H,2,15.154533,7.926143,21.318563,0.002000,-6.785951,21.869938,True,False,GREEN,0.467292
monza_ham_lap37_to_soft_new_fixed_context,HAM,37,SOFT,new,fixed_context,S-M-S,2,-6.398039,-12.317544,-0.625268,0.914000,-28.029704,21.658602,True,False,GREEN,0.465333
monza_ham_lap37_to_medium_new_fixed_context,HAM,37,MEDIUM,new,fixed_context,S-M-M,2,7.127431,2.962715,11.393450,0.020000,-14.770957,21.891733,True,False,GREEN,0.468417
monza_ham_lap37_to_hard_new_fixed_context,HAM,37,HARD,new,fixed_context,S-M-H,2,15.146297,8.141100,21.090731,0.002000,-6.789032,21.869938,True,False,GREEN,0.492750
monza_ham_lap38_to_soft_new_fixed_context,HAM,38,SOFT,new,fixed_context,S-M-S,2,-5.028074,-10.615131,0.490193,0.878000,-26.664870,21.658602,True,False,GREEN,0.508166
monza_ham_lap38_to_medium_new_fixed_context,HAM,38,MEDIUM,new,fixed_context,S-M-M,2,7.642060,3.493891,11.871151,0.014000,-14.255060,21.891733,True,False,GREEN,0.510458
monza_ham_lap38_to_hard_new_fixed_context,HAM,38,HARD,new,fixed_context,S-M-H,2,15.187279,8.477725,20.940676,0.002000,-6.741831,21.869938,True,False,GREEN,0.458166
monza_ham_lap39_to_soft_new_fixed_context,HAM,39,SOFT,new,fixed_context,S-M-S,2,-3.584451,-8.977450,1.727453,0.794000,-25.248433,21.658602,True,False,GREEN,0.463042
monza_ham_lap39_to_medium_new_fixed_context,HAM,39,MEDIUM,new,fixed_context,S-M-M,2,8.206114,4.100794,12.411901,0.010000,-13.684858,21.891733,True,False,GREEN,0.465250
monza_ham_lap39_to_hard_new_fixed_context,HAM,39,HARD,new,fixed_context,S-M-H,2,15.374637,8.934731,20.858577,0.002000,-6.644348,21.869938,True,False,GREEN,0.456584
monza_ham_lap40_to_soft_new_fixed_context,HAM,40,SOFT,new,fixed_context,S-M-S,2,-2.126550,-7.252610,2.891765,0.710000,-23.780393,21.658602,True,False,GREEN,0.456584
monza_ham_lap40_to_medium_new_fixed_context,HAM,40,MEDIUM,new,fixed_context,S-M-M,2,8.825595,4.824075,13.049202,0.008000,-13.060350,21.891733,True,False,GREEN,0.455917
monza_ham_lap40_to_hard_new_fixed_context,HAM,40,HARD,new,fixed_context,S-M-H,2,15.580407,9.217334,20.692472,0.002000,-6.496583,21.869938,True,False,GREEN,0.456834
monza_ham_lap41_to_soft_new_fixed_context,HAM,41,SOFT,new,fixed_context,S-M-S,2,-0.630380,-5.520134,4.208521,0.552000,-22.260749,21.658602,True,False,GREEN,0.453834
monza_ham_lap41_to_medium_new_fixed_context,HAM,41,MEDIUM,new,fixed_context,S-M-M,2,9.498480,5.617872,13.722361,0.006000,-12.381538,21.891733,True,False,GREEN,0.455583
monza_ham_lap41_to_hard_new_fixed_context,HAM,41,HARD,new,fixed_context,S-M-H,2,15.820755,9.730153,20.788660,0.002000,-6.298536,21.869938,True,False,GREEN,0.454209
monza_ham_lap42_to_soft_new_fixed_context,HAM,42,SOFT,new,fixed_context,S-M-S,2,0.917461,-3.747203,5.576437,0.414000,-20.689503,21.658602,True,False,GREEN,0.464750
monza_ham_lap42_to_medium_new_fixed_context,HAM,42,MEDIUM,new,fixed_context,S-M-M,2,10.234633,6.463459,14.408017,0.004000,-11.648420,21.891733,True,False,GREEN,0.458125
monza_ham_lap42_to_hard_new_fixed_context,HAM,42,HARD,new,fixed_context,S-M-H,2,16.030504,10.289137,20.832435,0.002000,-6.050208,21.869938,True,False,GREEN,0.454584
monza_ham_lap43_to_soft_new_fixed_context,HAM,43,SOFT,new,fixed_context,S-M-S,2,2.552733,-2.003045,7.265280,0.216000,-19.066654,21.658602,True,False,GREEN,0.460333
monza_ham_lap43_to_medium_new_fixed_context,HAM,43,MEDIUM,new,fixed_context,S-M-M,2,11.088929,7.345502,15.121456,0.000000,-10.860998,21.891733,True,False,GREEN,0.455666
monza_ham_lap43_to_hard_new_fixed_context,HAM,43,HARD,new,fixed_context,S-M-H,2,16.291237,10.794996,20.893412,0.002000,-5.751598,21.869938,True,False,GREEN,0.458541
monza_ham_lap44_to_soft_new_fixed_context,HAM,44,SOFT,new,fixed_context,S-M-S,2,4.227675,-0.154424,8.767483,0.106000,-17.392202,21.658602,True,False,GREEN,0.453292
monza_ham_lap44_to_medium_new_fixed_context,HAM,44,MEDIUM,new,fixed_context,S-M-M,2,11.843190,8.246352,15.878636,0.000000,-10.019271,21.891733,True,False,GREEN,0.457292
monza_ham_lap44_to_hard_new_fixed_context,HAM,44,HARD,new,fixed_context,S-M-H,2,16.604059,11.437070,21.171907,0.000000,-5.402706,21.869938,True,False,GREEN,0.450125
monza_ham_lap45_to_soft_new_fixed_context,HAM,45,SOFT,new,fixed_context,S-M-S,2,5.950941,1.755372,10.281450,0.040000,-15.666147,21.658602,True,False,GREEN,0.456375
monza_ham_lap45_to_medium_new_fixed_context,HAM,45,MEDIUM,new,fixed_context,S-M-M,2,12.766194,9.200497,16.793108,0.000000,-9.123238,21.891733,True,False,GREEN,0.504791
monza_ham_lap45_to_hard_new_fixed_context,HAM,45,HARD,new,fixed_context,S-M-H,2,16.997713,11.985691,21.344074,0.000000,-5.003532,21.869938,True,False,GREEN,0.642416
monza_ham_lap46_to_soft_new_fixed_context,HAM,46,SOFT,new,fixed_context,S-M-S,2,7.702521,3.644623,11.891469,0.014000,-13.888489,21.658602,True,False,GREEN,0.554375
monza_ham_lap46_to_medium_new_fixed_context,HAM,46,MEDIUM,new,fixed_context,S-M-M,2,13.674037,10.177554,17.587727,0.000000,-8.172901,21.891733,True,False,GREEN,0.531083
monza_ham_lap46_to_hard_new_fixed_context,HAM,46,HARD,new,fixed_context,S-M-H,2,17.438535,12.797786,21.624617,0.000000,-4.554077,21.869938,True,False,GREEN,0.512584
monza_ham_lap47_to_soft_new_fixed_context,HAM,47,SOFT,new,fixed_context,S-M-S,2,9.453937,5.666767,13.667603,0.006000,-12.059228,21.658602,True,False,GREEN,0.501208
monza_ham_lap47_to_medium_new_fixed_context,HAM,47,MEDIUM,new,fixed_context,S-M-M,2,14.670955,11.140770,18.518451,0.000000,-7.168259,21.891733,True,False,GREEN,0.495083
monza_ham_lap47_to_hard_new_fixed_context,HAM,47,HARD,new,fixed_context,S-M-H,2,17.978673,13.564464,21.988652,0.000000,-4.054340,21.869938,True,False,GREEN,0.487875
monza_ham_lap48_to_soft_new_fixed_context,HAM,48,SOFT,new,fixed_context,S-M-S,2,11.475989,7.532188,15.424712,0.004000,-10.178364,21.658602,True,False,GREEN,0.498709
monza_ham_lap48_to_medium_new_fixed_context,HAM,48,MEDIUM,new,fixed_context,S-M-M,2,15.695756,12.206941,19.549349,0.000000,-6.109311,21.891733,True,False,GREEN,0.489625
monza_ham_lap48_to_hard_new_fixed_context,HAM,48,HARD,new,fixed_context,S-M-H,2,18.463425,14.383287,22.356249,0.000000,-3.504321,21.869938,True,False,GREEN,0.480125
monza_ham_lap49_to_soft_new_fixed_context,HAM,49,SOFT,new,fixed_context,S-M-S,2,13.471009,9.551052,17.289332,0.002000,-8.245897,21.658602,True,False,GREEN,0.482292
monza_ham_lap49_to_medium_new_fixed_context,HAM,49,MEDIUM,new,fixed_context,S-M-M,2,16.815990,13.326757,20.519769,0.000000,-4.996059,21.891733,True,False,GREEN,0.486166
monza_ham_lap49_to_hard_new_fixed_context,HAM,49,HARD,new,fixed_context,S-M-H,2,18.902805,15.179795,22.816651,0.000000,-2.904020,21.869938,True,False,GREEN,0.473750
monza_ham_lap50_to_soft_new_fixed_context,HAM,50,SOFT,new,fixed_context,S-M-S,2,15.526851,11.626364,19.219681,0.000000,-6.261827,21.658602,True,False,GREEN,0.474125
monza_ham_lap50_to_medium_new_fixed_context,HAM,50,MEDIUM,new,fixed_context,S-M-M,2,17.978280,14.549280,21.584515,0.000000,-3.828502,21.891733,True,False,GREEN,0.489958
monza_ham_lap50_to_hard_new_fixed_context,HAM,50,HARD,new,fixed_context,S-M-H,2,19.463578,15.838385,23.409578,0.000000,-2.253438,21.869938,True,False,GREEN,0.476541
monza_ham_lap51_to_soft_new_fixed_context,HAM,51,SOFT,new,fixed_context,S-M-S,2,17.677187,13.974465,21.297439,0.000000,-4.226155,21.920263,True,False,GREEN,0.471708
monza_ham_lap51_to_medium_new_fixed_context,HAM,51,MEDIUM,new,fixed_context,S-M-M,2,19.528658,16.063134,22.879105,0.000000,-2.606640,22.090607,True,False,GREEN,0.478625
monza_ham_lap51_to_hard_new_fixed_context,HAM,51,HARD,new,fixed_context,S-M-H,2,20.251880,16.878767,24.178432,0.000000,-1.552574,21.915726,True,False,GREEN,0.467958
monza_ham_lap52_to_soft_new_fixed_context,HAM,52,SOFT,new,fixed_context,S-M-S,2,19.761055,16.373193,23.392868,0.000000,-2.138879,22.037352,True,False,GREEN,0.471875
monza_ham_lap52_to_medium_new_fixed_context,HAM,52,MEDIUM,new,fixed_context,S-M-M,2,20.598433,17.209357,24.148407,0.000000,-1.330472,22.037352,True,False,GREEN,0.466959
monza_ham_lap52_to_hard_new_fixed_context,HAM,52,HARD,new,fixed_context,S-M-H,2,21.148013,17.643067,24.760159,0.000000,-0.801428,22.037352,True,False,GREEN,0.477125
monza_hul_lap2_to_soft_new_fixed_context,HUL,2,SOFT,new,fixed_context,M-S-H-M,3,-7.396361,-9.466358,-5.187550,1.000000,0.000000,-7.389571,True,True,YELLOW,2.750542
monza_hul_lap2_to_medium_new_fixed_context,HUL,2,MEDIUM,new,fixed_context,M-M-H-M,3,-7.396361,-9.466358,-5.187550,1.000000,0.000000,-7.389571,True,True,YELLOW,0.519166
monza_hul_lap2_to_hard_new_fixed_context,HUL,2,HARD,new,fixed_context,M-H-H-M,3,-7.396361,-9.466358,-5.187550,1.000000,0.000000,-7.389571,True,True,YELLOW,0.497209
monza_hul_lap3_to_soft_new_fixed_context,HUL,3,SOFT,new,fixed_context,M-S-M,2,-35.218819,-42.325375,-28.314412,1.000000,-27.753013,-7.605444,True,True,RED,0.502167
monza_hul_lap3_to_medium_new_fixed_context,HUL,3,MEDIUM,new,fixed_context,M-M-M,2,-17.040009,-23.589753,-10.257980,1.000000,-9.491786,-7.542657,True,True,RED,0.495709
monza_hul_lap3_to_hard_new_fixed_context,HUL,3,HARD,new,fixed_context,M-H-M,2,-7.396361,-9.466358,-5.187550,1.000000,0.000000,-7.389571,True,True,RED,0.481708
monza_hul_lap4_to_soft_new_fixed_context,HUL,4,SOFT,new,fixed_context,M-H-S-M,3,-35.849213,-42.628794,-29.244010,1.000000,-28.266498,-7.605444,True,True,RED,0.500791
monza_hul_lap4_to_medium_new_fixed_context,HUL,4,MEDIUM,new,fixed_context,M-H-M-M,3,-17.598251,-24.244141,-10.920636,1.000000,-10.108458,-7.542657,True,True,RED,0.494000
monza_hul_lap4_to_hard_new_fixed_context,HUL,4,HARD,new,fixed_context,M-H-H-M,3,-7.889350,-9.941752,-5.694574,1.000000,-0.485700,-7.389571,True,True,RED,0.492084
monza_hul_lap5_to_soft_new_fixed_context,HUL,5,SOFT,new,fixed_context,M-H-S-M,3,-36.405632,-43.046715,-29.962795,1.000000,-28.779983,-7.605444,True,True,RED,0.493833
monza_hul_lap5_to_medium_new_fixed_context,HUL,5,MEDIUM,new,fixed_context,M-H-M-M,3,-18.203040,-24.884872,-11.537589,1.000000,-10.725130,-7.542657,True,True,RED,0.489584
monza_hul_lap5_to_hard_new_fixed_context,HUL,5,HARD,new,fixed_context,M-H-H-M,3,-8.401229,-10.487892,-6.172247,1.000000,-0.971399,-7.389571,True,True,RED,0.488416
monza_hul_lap6_to_soft_new_fixed_context,HUL,6,SOFT,new,fixed_context,M-H-S-M,3,-13.387238,-21.787703,-5.514837,0.988000,-27.885309,14.269031,True,False,YELLOW,0.496291
monza_hul_lap6_to_medium_new_fixed_context,HUL,6,MEDIUM,new,fixed_context,M-H-M-M,3,3.426398,-4.506406,11.769396,0.288000,-10.739348,14.502161,True,False,YELLOW,0.488500
monza_hul_lap6_to_hard_new_fixed_context,HUL,6,HARD,new,fixed_context,M-H-H-M,3,13.073845,7.462767,18.686543,0.004000,-1.387713,14.480367,True,False,YELLOW,0.484792
monza_hul_lap7_to_soft_new_fixed_context,HUL,7,SOFT,new,fixed_context,M-H-S-M,3,-12.331132,-20.778215,-4.828527,0.986000,-26.943056,14.269031,True,False,GREEN,0.485042
monza_hul_lap7_to_medium_new_fixed_context,HUL,7,MEDIUM,new,fixed_context,M-H-M-M,3,3.536552,-4.184209,11.611133,0.282000,-10.701072,14.502161,True,False,GREEN,0.484667
monza_hul_lap7_to_hard_new_fixed_context,HUL,7,HARD,new,fixed_context,M-H-H-M,3,12.713987,7.052959,18.298810,0.006000,-1.757770,14.480367,True,False,GREEN,0.481208
monza_hul_lap8_to_soft_new_fixed_context,HUL,8,SOFT,new,fixed_context,M-H-S-M,3,-11.301707,-19.373454,-4.016551,0.980000,-25.953222,14.269031,True,False,GREEN,0.478750
monza_hul_lap8_to_medium_new_fixed_context,HUL,8,MEDIUM,new,fixed_context,M-H-M-M,3,3.596016,-3.823489,11.497066,0.272000,-10.610303,14.502161,True,False,GREEN,0.506916
monza_hul_lap8_to_hard_new_fixed_context,HUL,8,HARD,new,fixed_context,M-H-H-M,3,12.346512,6.673785,17.984665,0.006000,-2.081570,14.480367,True,False,GREEN,0.491500
monza_hul_lap9_to_soft_new_fixed_context,HUL,9,SOFT,new,fixed_context,M-H-S-M,3,-10.374311,-17.990150,-3.212687,0.970000,-24.915808,14.269031,True,False,GREEN,0.484417
monza_hul_lap9_to_medium_new_fixed_context,HUL,9,MEDIUM,new,fixed_context,M-H-M-M,3,3.788734,-3.523560,11.416027,0.250000,-10.467040,14.502161,True,False,GREEN,0.493875
monza_hul_lap9_to_hard_new_fixed_context,HUL,9,HARD,new,fixed_context,M-H-H-M,3,12.051105,6.411846,17.711829,0.006000,-2.359112,14.480367,True,False,GREEN,0.508959
monza_hul_lap10_to_soft_new_fixed_context,HUL,10,SOFT,new,fixed_context,M-H-S-M,3,-9.257267,-16.820269,-2.638861,0.964000,-23.830814,14.269031,True,False,GREEN,0.481875
monza_hul_lap10_to_medium_new_fixed_context,HUL,10,MEDIUM,new,fixed_context,M-H-M-M,3,4.044197,-3.068372,11.379342,0.240000,-10.271282,14.502161,True,False,GREEN,0.489333
monza_hul_lap10_to_hard_new_fixed_context,HUL,10,HARD,new,fixed_context,M-H-H-M,3,11.827088,6.186647,17.480446,0.006000,-2.590398,14.480367,True,False,GREEN,0.483417
monza_hul_lap11_to_soft_new_fixed_context,HUL,11,SOFT,new,fixed_context,M-H-S-M,3,-8.243891,-15.502888,-1.691131,0.940000,-22.698239,14.269031,True,False,GREEN,0.493292
monza_hul_lap11_to_medium_new_fixed_context,HUL,11,MEDIUM,new,fixed_context,M-H-M-M,3,4.327942,-2.650909,11.398573,0.216000,-10.023031,14.502161,True,False,GREEN,0.496417
monza_hul_lap11_to_hard_new_fixed_context,HUL,11,HARD,new,fixed_context,M-H-H-M,3,11.647236,6.018567,17.285001,0.006000,-2.775426,14.480367,True,False,GREEN,0.503333
monza_hul_lap12_to_soft_new_fixed_context,HUL,12,SOFT,new,fixed_context,M-H-S-M,3,-7.136814,-14.251687,-0.533451,0.906000,-21.518085,14.269031,True,False,GREEN,0.485958
monza_hul_lap12_to_medium_new_fixed_context,HUL,12,MEDIUM,new,fixed_context,M-H-M-M,3,4.646075,-2.215486,11.626289,0.194000,-9.722286,14.502161,True,False,GREEN,0.486125
monza_hul_lap12_to_hard_new_fixed_context,HUL,12,HARD,new,fixed_context,M-H-H-M,3,11.501821,5.892506,17.115326,0.006000,-2.914198,14.480367,True,False,GREEN,0.507667
monza_hul_lap13_to_soft_new_fixed_context,HUL,13,SOFT,new,fixed_context,M-H-S-M,3,-5.981903,-12.654404,0.637112,0.886000,-20.290350,14.269031,True,False,GREEN,0.511667
monza_hul_lap13_to_medium_new_fixed_context,HUL,13,MEDIUM,new,fixed_context,M-H-M-M,3,4.957874,-1.605009,11.866511,0.172000,-9.369047,14.502161,True,False,GREEN,0.497791
monza_hul_lap13_to_hard_new_fixed_context,HUL,13,HARD,new,fixed_context,M-H-H-M,3,11.400811,5.809495,17.002210,0.006000,-3.006712,14.480367,True,False,GREEN,0.570375
monza_hul_lap14_to_soft_new_fixed_context,HUL,14,SOFT,new,fixed_context,M-H-S-M,3,-4.672797,-11.195407,1.934513,0.814000,-19.015035,14.269031,True,False,GREEN,0.536333
monza_hul_lap14_to_medium_new_fixed_context,HUL,14,MEDIUM,new,fixed_context,M-H-M-M,3,5.365084,-1.085349,12.143979,0.142000,-8.963315,14.502161,True,False,GREEN,0.475958
monza_hul_lap14_to_hard_new_fixed_context,HUL,14,HARD,new,fixed_context,M-H-H-M,3,11.349501,5.765267,16.945652,0.006000,-3.052969,14.480367,True,False,GREEN,0.475833
monza_hul_lap15_to_soft_new_fixed_context,HUL,15,SOFT,new,fixed_context,M-H-S-M,3,-3.301640,-9.794555,3.090901,0.746000,-17.692140,14.269031,True,False,GREEN,0.476834
monza_hul_lap15_to_medium_new_fixed_context,HUL,15,MEDIUM,new,fixed_context,M-H-M-M,3,5.887675,-0.331149,12.538794,0.110000,-8.505088,14.502161,True,False,GREEN,0.483125
monza_hul_lap15_to_hard_new_fixed_context,HUL,15,HARD,new,fixed_context,M-H-H-M,3,11.349501,5.765267,16.945652,0.006000,-3.052969,14.480367,True,False,GREEN,0.475208
monza_hul_lap16_to_soft_new_fixed_context,HUL,16,SOFT,new,fixed_context,M-H-S-M,3,-1.942593,-8.226690,4.235100,0.646000,-16.321665,14.269031,True,False,GREEN,0.472584
monza_hul_lap16_to_medium_new_fixed_context,HUL,16,MEDIUM,new,fixed_context,M-H-M-M,3,6.419570,0.377965,12.790001,0.086000,-7.994368,14.502161,True,False,GREEN,0.471708
monza_hul_lap16_to_hard_new_fixed_context,HUL,16,HARD,new,fixed_context,M-H-H-M,3,11.400811,5.809495,17.002210,0.006000,-3.006712,14.480367,True,False,GREEN,0.470834
monza_hul_lap17_to_soft_new_fixed_context,HUL,17,SOFT,new,fixed_context,M-H-S,2,-30.513379,-46.275136,-18.609966,1.000000,-32.855494,1.028745,False,False,GREEN,0.485375
monza_hul_lap17_to_medium_new_fixed_context,HUL,17,MEDIUM,new,fixed_context,M-H-M,2,-1.038278,-5.365500,3.543344,0.602000,-2.292223,1.324662,True,False,GREEN,0.501750
monza_hul_lap17_to_hard_new_fixed_context,HUL,17,HARD,new,fixed_context,M-H-H,2,13.551460,3.802706,21.296281,0.020000,11.809368,1.455953,True,False,GREEN,0.491500
monza_hul_lap18_to_soft_new_fixed_context,HUL,18,SOFT,new,fixed_context,M-H-S,2,-29.833367,-44.577807,-18.265585,1.000000,-32.001149,1.028745,False,False,GREEN,0.484167
monza_hul_lap18_to_medium_new_fixed_context,HUL,18,MEDIUM,new,fixed_context,M-H-M,2,-1.129625,-5.409455,3.349990,0.626000,-2.410647,1.324662,True,False,GREEN,0.484459
monza_hul_lap18_to_hard_new_fixed_context,HUL,18,HARD,new,fixed_context,M-H-H,2,13.088712,3.370161,20.784012,0.024000,11.369926,1.455953,True,False,GREEN,0.480959
monza_hul_lap19_to_soft_new_fixed_context,HUL,19,SOFT,new,fixed_context,M-H-S,2,-29.021472,-43.266460,-17.717981,1.000000,-31.099224,1.028745,False,False,GREEN,0.486917
monza_hul_lap19_to_medium_new_fixed_context,HUL,19,MEDIUM,new,fixed_context,M-H-M,2,-1.207891,-5.121491,3.076534,0.640000,-2.476578,1.324662,True,False,GREEN,0.481459
monza_hul_lap19_to_hard_new_fixed_context,HUL,19,HARD,new,fixed_context,M-H-H,2,12.699383,3.013897,20.291364,0.032000,10.976741,1.455953,True,False,GREEN,0.484791
monza_hul_lap20_to_soft_new_fixed_context,HUL,20,SOFT,new,fixed_context,M-H-S,2,-28.162668,-41.612692,-16.998640,1.000000,-30.149719,1.028745,False,False,GREEN,0.478917
monza_hul_lap20_to_medium_new_fixed_context,HUL,20,MEDIUM,new,fixed_context,M-H-M,2,-1.203531,-5.175345,2.910884,0.642000,-2.490015,1.324662,True,False,GREEN,0.487334
monza_hul_lap20_to_hard_new_fixed_context,HUL,20,HARD,new,fixed_context,M-H-H,2,12.356567,2.719789,19.856675,0.036000,10.629812,1.455953,True,False,GREEN,0.486000
monza_hul_lap21_to_soft_new_fixed_context,HUL,21,SOFT,new,fixed_context,M-H-S,2,-27.145084,-39.915662,-16.514491,1.000000,-29.152634,1.028745,False,False,GREEN,0.477375
monza_hul_lap21_to_medium_new_fixed_context,HUL,21,MEDIUM,new,fixed_context,M-H-M,2,-1.143407,-4.914606,2.755346,0.634000,-2.450958,1.324662,True,False,GREEN,0.482625
monza_hul_lap21_to_hard_new_fixed_context,HUL,21,HARD,new,fixed_context,M-H-H,2,12.044385,2.464262,19.505178,0.036000,10.329141,1.455953,True,False,GREEN,0.477542
monza_hul_lap22_to_soft_new_fixed_context,HUL,22,SOFT,new,fixed_context,M-H-S,2,-26.258209,-38.371862,-16.071196,1.000000,-28.107969,1.028745,False,False,GREEN,0.482750
monza_hul_lap22_to_medium_new_fixed_context,HUL,22,MEDIUM,new,fixed_context,M-H-M,2,-1.017833,-4.676468,2.631033,0.630000,-2.359408,1.324662,True,False,GREEN,0.491000
monza_hul_lap22_to_hard_new_fixed_context,HUL,22,HARD,new,fixed_context,M-H-H,2,11.770816,2.242359,19.204143,0.044000,10.074727,1.455953,True,False,GREEN,0.476791
monza_hul_lap23_to_soft_new_fixed_context,HUL,23,SOFT,new,fixed_context,M-H-S,2,-25.341107,-36.862194,-15.512328,1.000000,-27.015723,1.028745,False,False,GREEN,0.481292
monza_hul_lap23_to_medium_new_fixed_context,HUL,23,MEDIUM,new,fixed_context,M-H-M,2,-0.900488,-4.476736,2.743383,0.620000,-2.215363,1.324662,True,False,GREEN,0.477916
monza_hul_lap23_to_hard_new_fixed_context,HUL,23,HARD,new,fixed_context,M-H-H,2,11.548533,2.060802,19.021119,0.044000,9.866570,1.455953,True,False,GREEN,0.476541
monza_hul_lap24_to_soft_new_fixed_context,HUL,24,SOFT,new,fixed_context,M-H-S,2,-23.974252,-34.919474,-14.797867,1.000000,-25.875898,1.290406,False,False,GREEN,0.475042
monza_hul_lap24_to_medium_new_fixed_context,HUL,24,MEDIUM,new,fixed_context,M-H-M,2,-0.587949,-3.821311,3.016559,0.560000,-2.018825,1.523536,True,False,GREEN,0.463834
monza_hul_lap24_to_hard_new_fixed_context,HUL,24,HARD,new,fixed_context,M-H-H,2,11.539779,2.064915,18.759187,0.042000,9.704670,1.501742,True,False,GREEN,0.472916
monza_hul_lap25_to_soft_new_fixed_context,HUL,25,SOFT,new,fixed_context,M-H-S,2,-22.800738,-32.995397,-13.887433,1.000000,-24.688492,1.407495,False,False,GREEN,0.477333
monza_hul_lap25_to_medium_new_fixed_context,HUL,25,MEDIUM,new,fixed_context,M-H-M,2,-0.368835,-3.617814,3.194465,0.558000,-1.769792,1.470281,True,False,GREEN,0.489333
monza_hul_lap25_to_hard_new_fixed_context,HUL,25,HARD,new,fixed_context,M-H-H,2,11.579347,2.294475,19.226924,0.046000,9.589027,1.623367,True,False,GREEN,0.472375
monza_hul_lap26_to_soft_new_fixed_context,HUL,26,SOFT,new,fixed_context,M-H-S,2,-28.826644,-38.354421,-20.755257,1.000000,-23.453505,-6.024502,False,False,GREEN,0.479750
monza_hul_lap26_to_medium_new_fixed_context,HUL,26,MEDIUM,new,fixed_context,M-H-M,2,-7.476753,-9.676769,-5.008460,1.000000,-1.468266,-5.898928,True,False,GREEN,0.478792
monza_hul_lap26_to_hard_new_fixed_context,HUL,26,HARD,new,fixed_context,M-H-H,2,4.179806,-4.640218,11.174813,0.262000,9.519642,-5.592757,True,False,GREEN,0.478584
monza_hul_lap27_to_soft_new_fixed_context,HUL,27,SOFT,new,fixed_context,M-H-S,2,-31.298433,-40.318593,-23.136784,1.000000,-24.064797,-7.685488,False,False,VSC,0.475292
monza_hul_lap27_to_medium_new_fixed_context,HUL,27,MEDIUM,new,fixed_context,M-H-M,2,-9.596922,-11.695403,-7.421918,1.000000,-2.202399,-7.389571,True,False,VSC,0.479333
monza_hul_lap27_to_hard_new_fixed_context,HUL,27,HARD,new,fixed_context,M-H-H,2,1.968539,-7.140466,8.972072,0.372000,8.941428,-7.258280,True,False,VSC,0.471417
monza_hul_lap28_to_soft_new_fixed_context,HUL,28,SOFT,new,fixed_context,M-H-S,2,-24.818777,-33.866233,-16.280473,1.000000,-24.676088,-0.515153,True,False,VSC,0.475208
monza_hul_lap28_to_medium_new_fixed_context,HUL,28,MEDIUM,new,fixed_context,M-H-M,2,-3.135833,-6.475560,0.074410,0.892000,-2.936532,-0.219236,True,False,VSC,0.474167
monza_hul_lap28_to_hard_new_fixed_context,HUL,28,HARD,new,fixed_context,M-H-H,2,8.500273,-0.701112,15.806117,0.114000,8.363214,-0.087945,True,False,VSC,0.471750
monza_hul_lap29_to_soft_new_fixed_context,HUL,29,SOFT,new,fixed_context,M-H-S,2,-21.894678,-30.613875,-13.901508,1.000000,-23.347264,1.244617,True,False,GREEN,0.476375
monza_hul_lap29_to_medium_new_fixed_context,HUL,29,MEDIUM,new,fixed_context,M-H-M,2,-1.060077,-4.736385,2.438174,0.636000,-2.536255,1.477748,True,False,GREEN,0.475500
monza_hul_lap29_to_hard_new_fixed_context,HUL,29,HARD,new,fixed_context,M-H-H,2,10.149658,0.563520,17.539893,0.086000,8.386343,1.455953,True,False,GREEN,0.475250
monza_hul_lap30_to_soft_new_fixed_context,HUL,30,SOFT,new,fixed_context,M-H-S,2,-20.613963,-28.824159,-12.795981,1.000000,-21.970861,1.244617,True,False,GREEN,0.476625
monza_hul_lap30_to_medium_new_fixed_context,HUL,30,MEDIUM,new,fixed_context,M-H-M,2,-0.579919,-4.376319,2.948903,0.568000,-2.083484,1.477748,True,False,GREEN,0.478166
monza_hul_lap30_to_hard_new_fixed_context,HUL,30,HARD,new,fixed_context,M-H-H,2,10.221097,0.617093,17.620229,0.084000,8.455728,1.455953,True,False,GREEN,0.462542
monza_hul_lap31_to_soft_new_fixed_context,HUL,31,SOFT,new,fixed_context,M-H-S,2,-19.258049,-27.269807,-11.616686,0.998000,-20.546877,1.244617,True,False,GREEN,0.454875
monza_hul_lap31_to_medium_new_fixed_context,HUL,31,MEDIUM,new,fixed_context,M-H-M,2,-0.063627,-3.968636,3.582611,0.512000,-1.578219,1.477748,True,False,GREEN,0.466208
monza_hul_lap31_to_hard_new_fixed_context,HUL,31,HARD,new,fixed_context,M-H-H,2,10.340163,0.706382,17.754122,0.080000,8.571371,1.455953,True,False,GREEN,0.472292
monza_hul_lap32_to_soft_new_fixed_context,HUL,32,SOFT,new,fixed_context,M-H-S,2,-17.818020,-25.329696,-10.235177,0.998000,-19.075313,1.244617,True,False,GREEN,0.475750
monza_hul_lap32_to_medium_new_fixed_context,HUL,32,MEDIUM,new,fixed_context,M-H-M,2,0.511539,-3.501612,4.363430,0.412000,-1.020460,1.477748,True,False,GREEN,0.490958
monza_hul_lap32_to_hard_new_fixed_context,HUL,32,HARD,new,fixed_context,M-H-H,2,10.506737,0.862080,17.941571,0.076000,8.733271,1.455953,True,False,GREEN,0.474167
monza_hul_lap33_to_soft_new_fixed_context,HUL,33,SOFT,new,fixed_context,M-H-S,2,-16.283849,-23.745722,-8.804467,0.996000,-17.556168,1.244617,True,False,GREEN,0.514167
monza_hul_lap33_to_medium_new_fixed_context,HUL,33,MEDIUM,new,fixed_context,M-H-M,2,1.106481,-2.946776,5.211712,0.354000,-0.410207,1.477748,True,False,GREEN,0.476375
monza_hul_lap33_to_hard_new_fixed_context,HUL,33,HARD,new,fixed_context,M-H-H,2,10.702699,1.072628,18.112103,0.068000,8.941428,1.455953,True,False,GREEN,0.475500
monza_hul_lap34_to_soft_new_fixed_context,HUL,34,SOFT,new,fixed_context,M-H-S,2,-14.731235,-22.119288,-7.438574,0.988000,-15.989444,1.244617,True,False,GREEN,0.473208
monza_hul_lap34_to_medium_new_fixed_context,HUL,34,MEDIUM,new,fixed_context,M-H-M,2,1.860548,-2.412864,5.963271,0.288000,0.252539,1.477748,True,False,GREEN,0.475000
monza_hul_lap34_to_hard_new_fixed_context,HUL,34,HARD,new,fixed_context,M-H-H,2,10.935363,1.342667,18.372609,0.058000,9.195842,1.455953,True,False,GREEN,0.471958
monza_hul_lap35_to_soft_new_fixed_context,HUL,35,SOFT,new,fixed_context,M-H-S,2,-13.019249,-20.461633,-5.814363,0.982000,-14.375139,1.244617,True,False,GREEN,0.473792
monza_hul_lap35_to_medium_new_fixed_context,HUL,35,MEDIUM,new,fixed_context,M-H-M,2,2.663053,-1.951891,6.704445,0.250000,0.967780,1.477748,True,False,GREEN,0.475208
monza_hul_lap35_to_hard_new_fixed_context,HUL,35,HARD,new,fixed_context,M-H-H,2,11.187051,1.672520,18.687888,0.050000,9.496513,1.455953,True,False,GREEN,0.473917
monza_hul_lap36_to_soft_new_fixed_context,HUL,36,SOFT,new,fixed_context,M-H-S,2,-11.443957,-18.598413,-4.358695,0.974000,-12.713254,1.244617,True,False,GREEN,0.472875
monza_hul_lap36_to_medium_new_fixed_context,HUL,36,MEDIUM,new,fixed_context,M-H-M,2,3.474191,-1.575762,7.657350,0.180000,1.735514,1.477748,True,False,GREEN,0.477708
monza_hul_lap36_to_hard_new_fixed_context,HUL,36,HARD,new,fixed_context,M-H-H,2,11.525556,2.040629,19.000292,0.044000,9.843441,1.455953,True,False,GREEN,0.476541
monza_hul_lap37_to_soft_new_fixed_context,HUL,37,SOFT,new,fixed_context,M-H-S,2,-9.754767,-16.813209,-2.659587,0.952000,-11.003789,1.244617,True,False,GREEN,0.505000
monza_hul_lap37_to_medium_new_fixed_context,HUL,37,MEDIUM,new,fixed_context,M-H-M,2,4.328306,-0.919772,8.593295,0.138000,2.555742,1.477748,True,False,GREEN,0.478542
monza_hul_lap37_to_hard_new_fixed_context,HUL,37,HARD,new,fixed_context,M-H-H,2,11.946375,2.383570,19.395711,0.038000,10.236627,1.455953,True,False,GREEN,0.471000
monza_hul_lap38_to_soft_new_fixed_context,HUL,38,SOFT,new,fixed_context,M-H-M-S,3,-4.701078,-11.274865,2.469544,0.808000,-18.841925,14.269031,True,False,GREEN,0.474625
monza_hul_lap38_to_medium_new_fixed_context,HUL,38,MEDIUM,new,fixed_context,M-H-M-M,3,8.332629,2.700952,14.127540,0.036000,-6.166717,14.502161,True,False,GREEN,0.471833
monza_hul_lap38_to_hard_new_fixed_context,HUL,38,HARD,new,fixed_context,M-H-M-H,3,15.591694,8.356238,22.579400,0.006000,1.080888,14.480367,True,False,GREEN,0.473000
monza_hul_lap39_to_soft_new_fixed_context,HUL,39,SOFT,new,fixed_context,M-H-M-S,3,-3.743715,-10.350534,3.186998,0.758000,-17.962515,14.269031,True,False,GREEN,0.473625
monza_hul_lap39_to_medium_new_fixed_context,HUL,39,MEDIUM,new,fixed_context,M-H-M-M,3,8.332629,2.700952,14.127540,0.036000,-6.166717,14.502161,True,False,GREEN,0.480333
monza_hul_lap39_to_hard_new_fixed_context,HUL,39,HARD,new,fixed_context,M-H-M-H,3,15.110128,8.004883,22.022093,0.006000,0.641372,14.480367,True,False,GREEN,0.478292
monza_hul_lap40_to_soft_new_fixed_context,HUL,40,SOFT,new,fixed_context,M-H-M-S,3,-2.855676,-9.221649,3.979769,0.718000,-17.029289,14.269031,True,False,GREEN,0.474125
monza_hul_lap40_to_medium_new_fixed_context,HUL,40,MEDIUM,new,fixed_context,M-H-M-M,3,8.396159,2.760965,14.179968,0.036000,-6.107986,14.502161,True,False,GREEN,0.478834
monza_hul_lap40_to_hard_new_fixed_context,HUL,40,HARD,new,fixed_context,M-H-M-H,3,14.729770,7.709322,21.537706,0.006000,0.254349,14.480367,True,False,GREEN,0.475250
monza_hul_lap41_to_soft_new_fixed_context,HUL,41,SOFT,new,fixed_context,M-H-M-S,3,-1.881036,-7.982980,4.861858,0.638000,-16.042245,14.269031,True,False,GREEN,0.475542
monza_hul_lap41_to_medium_new_fixed_context,HUL,41,MEDIUM,new,fixed_context,M-H-M-M,3,8.523220,2.881566,14.281728,0.034000,-5.990525,14.502161,True,False,GREEN,0.472791
monza_hul_lap41_to_hard_new_fixed_context,HUL,41,HARD,new,fixed_context,M-H-M-H,3,14.396710,7.719022,21.091598,0.006000,-0.080179,14.480367,True,False,GREEN,0.471375
monza_hul_lap42_to_soft_new_fixed_context,HUL,42,SOFT,new,fixed_context,M-H-M-S,3,-0.851672,-6.743206,5.703932,0.562000,-15.001385,14.269031,True,False,GREEN,0.476167
monza_hul_lap42_to_medium_new_fixed_context,HUL,42,MEDIUM,new,fixed_context,M-H-M-M,3,8.713811,3.062667,14.434368,0.030000,-5.814333,14.502161,True,False,GREEN,0.473375
monza_hul_lap42_to_hard_new_fixed_context,HUL,42,HARD,new,fixed_context,M-H-M-H,3,14.099069,7.689609,20.634334,0.006000,-0.362214,14.480367,True,False,GREEN,0.480916
monza_hul_lap43_to_soft_new_fixed_context,HUL,43,SOFT,new,fixed_context,M-H-M-S,3,0.375478,-5.597774,6.803818,0.466000,-13.906708,14.269031,True,False,GREEN,0.468166
monza_hul_lap43_to_medium_new_fixed_context,HUL,43,MEDIUM,new,fixed_context,M-H-M-M,3,8.958412,3.304135,14.637887,0.026000,-5.579410,14.502161,True,False,GREEN,0.482125
monza_hul_lap43_to_hard_new_fixed_context,HUL,43,HARD,new,fixed_context,M-H-M-H,3,13.789308,7.536792,20.416660,0.006000,-0.591755,14.480367,True,False,GREEN,0.468458
monza_hul_lap44_to_soft_new_fixed_context,HUL,44,SOFT,new,fixed_context,M-H-M-S,3,1.580456,-4.269055,7.857007,0.374000,-12.758213,14.269031,True,False,GREEN,0.472125
monza_hul_lap44_to_medium_new_fixed_context,HUL,44,MEDIUM,new,fixed_context,M-H-M-M,3,9.258581,3.604353,14.919772,0.022000,-5.285757,14.502161,True,False,GREEN,0.474083
monza_hul_lap44_to_hard_new_fixed_context,HUL,44,HARD,new,fixed_context,M-H-M-H,3,13.561589,7.491900,20.153038,0.006000,-0.768802,14.480367,True,False,GREEN,0.468542
monza_hul_lap45_to_soft_new_fixed_context,HUL,45,SOFT,new,fixed_context,M-H-M-S,3,2.783470,-2.840786,8.840267,0.288000,-11.555902,14.269031,True,False,GREEN,0.470875
monza_hul_lap45_to_medium_new_fixed_context,HUL,45,MEDIUM,new,fixed_context,M-H-M-M,3,9.608968,3.964307,15.242425,0.022000,-4.933373,14.502161,True,False,GREEN,0.473083
monza_hul_lap45_to_hard_new_fixed_context,HUL,45,HARD,new,fixed_context,M-H-M-H,3,13.436908,7.387671,19.911662,0.006000,-0.893355,14.480367,True,False,GREEN,0.465625
monza_hul_lap46_to_soft_new_fixed_context,HUL,46,SOFT,new,fixed_context,M-H-M-S,3,4.143307,-1.594034,9.932274,0.194000,-10.299773,14.269031,True,False,GREEN,0.468834
monza_hul_lap46_to_medium_new_fixed_context,HUL,46,MEDIUM,new,fixed_context,M-H-M-M,3,10.025498,4.387696,15.615146,0.018000,-4.522259,14.502161,True,False,GREEN,0.470708
monza_hul_lap46_to_hard_new_fixed_context,HUL,46,HARD,new,fixed_context,M-H-M-H,3,13.550948,7.466194,19.745378,0.006000,-0.965414,14.480367,True,False,GREEN,0.468916
monza_hul_lap47_to_soft_new_fixed_context,HUL,47,SOFT,new,fixed_context,M-H-M-S,3,5.457409,-0.257755,11.126203,0.118000,-8.989828,14.269031,True,False,GREEN,0.472709
monza_hul_lap47_to_medium_new_fixed_context,HUL,47,MEDIUM,new,fixed_context,M-H-M-M,3,10.470823,4.865186,16.080860,0.012000,-4.052414,14.502161,True,False,GREEN,0.475792
monza_hul_lap47_to_hard_new_fixed_context,HUL,47,HARD,new,fixed_context,M-H-M-H,3,13.565216,7.563883,19.471237,0.006000,-0.984979,14.480367,True,False,GREEN,0.470667
monza_hul_lap48_to_soft_new_fixed_context,HUL,48,SOFT,new,fixed_context,M-H-M-S,3,6.793846,1.148291,12.375576,0.066000,-7.626066,14.269031,True,False,GREEN,0.465250
monza_hul_lap48_to_medium_new_fixed_context,HUL,48,MEDIUM,new,fixed_context,M-H-M-M,3,10.995453,5.378743,16.601956,0.008000,-3.523838,14.502161,True,False,GREEN,0.463458
monza_hul_lap48_to_hard_new_fixed_context,HUL,48,HARD,new,fixed_context,M-H-M-H,3,13.618012,7.709760,19.443939,0.006000,-0.952051,14.480367,True,False,GREEN,0.468500
monza_hul_lap49_to_soft_new_fixed_context,HUL,49,SOFT,new,fixed_context,M-H-M-S,3,8.248308,2.556645,13.700742,0.042000,-6.208487,14.269031,True,False,GREEN,0.468250
monza_hul_lap49_to_medium_new_fixed_context,HUL,49,MEDIUM,new,fixed_context,M-H-M-M,3,11.569634,6.005343,17.153280,0.006000,-2.936532,14.502161,True,False,GREEN,0.464625
monza_hul_lap49_to_hard_new_fixed_context,HUL,49,HARD,new,fixed_context,M-H-M-H,3,13.659368,7.769713,19.337321,0.006000,-0.866628,14.480367,True,False,GREEN,0.465791
monza_hul_lap50_to_soft_new_fixed_context,HUL,50,SOFT,new,fixed_context,M-H-M-S,3,9.650449,4.010985,15.054275,0.022000,-4.737090,14.269031,True,False,GREEN,0.470083
monza_hul_lap50_to_medium_new_fixed_context,HUL,50,MEDIUM,new,fixed_context,M-H-M-M,3,12.204545,6.597063,17.809694,0.006000,-2.290495,14.502161,True,False,GREEN,0.468708
monza_hul_lap50_to_hard_new_fixed_context,HUL,50,HARD,new,fixed_context,M-H-M-H,3,13.774996,7.940241,19.519885,0.006000,-0.728712,14.480367,True,False,GREEN,0.485708
monza_hul_lap51_to_soft_new_fixed_context,HUL,51,SOFT,new,fixed_context,M-H-M-S,3,11.394267,5.648463,16.664825,0.006000,-3.211877,14.530692,True,False,GREEN,0.469750
monza_hul_lap51_to_medium_new_fixed_context,HUL,51,MEDIUM,new,fixed_context,M-H-M-M,3,13.123242,7.615051,18.564543,0.006000,-1.585727,14.701036,True,False,GREEN,0.470541
monza_hul_lap51_to_hard_new_fixed_context,HUL,51,HARD,new,fixed_context,M-H-M-H,3,13.963893,8.456241,19.746762,0.006000,-0.538302,14.526155,True,False,GREEN,0.465416
monza_hul_lap52_to_soft_new_fixed_context,HUL,52,SOFT,new,fixed_context,M-H-M-S,3,12.948626,7.513979,18.665859,0.006000,-1.632847,14.647781,True,False,GREEN,0.471291
monza_hul_lap52_to_medium_new_fixed_context,HUL,52,MEDIUM,new,fixed_context,M-H-M-M,3,13.692675,8.400266,19.437652,0.004000,-0.822229,14.647781,True,False,GREEN,0.462125
monza_hul_lap52_to_hard_new_fixed_context,HUL,52,HARD,new,fixed_context,M-H-M-H,3,14.227695,8.687636,19.953063,0.004000,-0.295398,14.647781,True,False,GREEN,0.464708
monza_law_lap3_to_soft_new_fixed_context,LAW,3,SOFT,new,fixed_context,M-H-S,2,-74.126539,-101.617930,-52.338940,1.000000,-39.761919,-35.804937,False,True,RED,0.612500
monza_law_lap3_to_medium_new_fixed_context,LAW,3,MEDIUM,new,fixed_context,M-H-M,2,-32.262917,-34.819322,-29.871520,1.000000,3.428154,-35.679364,True,True,RED,0.536916
monza_law_lap3_to_hard_new_fixed_context,LAW,3,HARD,new,fixed_context,M-H-H,2,-15.149119,-28.266330,-2.310747,0.934000,20.206633,-35.373193,True,True,RED,0.504709
monza_law_lap4_to_soft_new_fixed_context,LAW,4,SOFT,new,fixed_context,M-H-S,2,-75.222880,-102.215854,-53.910727,1.000000,-40.886621,-35.804937,False,True,RED,0.508917
monza_law_lap4_to_medium_new_fixed_context,LAW,4,MEDIUM,new,fixed_context,M-H-M,2,-33.614164,-36.042736,-31.378261,1.000000,2.072976,-35.679364,True,True,RED,0.508500
monza_law_lap4_to_hard_new_fixed_context,LAW,4,HARD,new,fixed_context,M-H-H,2,-16.291010,-29.287568,-3.464085,0.952000,19.142674,-35.373193,True,True,RED,0.500709
monza_law_lap5_to_soft_new_fixed_context,LAW,5,SOFT,new,fixed_context,M-H-S,2,-76.394990,-102.746449,-55.817225,1.000000,-42.011322,-35.804937,False,True,RED,0.497875
monza_law_lap5_to_medium_new_fixed_context,LAW,5,MEDIUM,new,fixed_context,M-H-M,2,-34.970583,-37.227601,-32.716585,1.000000,0.717798,-35.679364,True,True,RED,0.498250
monza_law_lap5_to_hard_new_fixed_context,LAW,5,HARD,new,fixed_context,M-H-H,2,-17.359032,-30.284112,-4.647028,0.956000,18.078715,-35.373193,True,True,RED,0.494833
monza_law_lap6_to_soft_new_fixed_context,LAW,6,SOFT,new,fixed_context,M-H-S,2,-54.186211,-78.702281,-33.635050,1.000000,-41.704734,-13.930463,False,False,YELLOW,0.501000
monza_law_lap6_to_medium_new_fixed_context,LAW,6,MEDIUM,new,fixed_context,M-H-M,2,-13.658010,-17.495268,-9.393650,1.000000,-0.011795,-13.634546,True,False,YELLOW,0.498625
monza_law_lap6_to_hard_new_fixed_context,LAW,6,HARD,new,fixed_context,M-H-H,2,4.030434,-10.755309,15.949153,0.346000,17.107275,-13.503255,True,False,YELLOW,0.495250
monza_law_lap7_to_soft_new_fixed_context,LAW,7,SOFT,new,fixed_context,M-H-S,2,-53.920969,-77.405533,-34.142466,1.000000,-41.350565,-13.930463,False,False,GREEN,0.498292
monza_law_lap7_to_medium_new_fixed_context,LAW,7,MEDIUM,new,fixed_context,M-H-M,2,-14.342580,-17.986427,-10.339954,1.000000,-0.688797,-13.634546,True,False,GREEN,0.496792
monza_law_lap7_to_hard_new_fixed_context,LAW,7,HARD,new,fixed_context,M-H-H,2,3.087389,-11.664465,14.958516,0.382000,16.182093,-13.503255,True,False,GREEN,0.491708
monza_law_lap8_to_soft_new_fixed_context,LAW,8,SOFT,new,fixed_context,M-H-S,2,-53.457913,-76.250543,-34.494615,1.000000,-40.948818,-13.930463,False,False,GREEN,0.492750
monza_law_lap8_to_medium_new_fixed_context,LAW,8,MEDIUM,new,fixed_context,M-H-M,2,-14.914864,-18.523035,-11.166777,1.000000,-1.313209,-13.634546,True,False,GREEN,0.493584
monza_law_lap8_to_hard_new_fixed_context,LAW,8,HARD,new,fixed_context,M-H-H,2,2.176511,-12.523365,14.065123,0.414000,15.303171,-13.503255,True,False,GREEN,0.489125
monza_law_lap9_to_soft_new_fixed_context,LAW,9,SOFT,new,fixed_context,M-H-S,2,-53.028073,-75.278491,-34.777043,1.000000,-40.499490,-13.930463,False,False,GREEN,0.493875
monza_law_lap9_to_medium_new_fixed_context,LAW,9,MEDIUM,new,fixed_context,M-H-M,2,-15.509024,-18.996798,-11.899414,1.000000,-1.885032,-13.634546,True,False,GREEN,0.467292
monza_law_lap9_to_hard_new_fixed_context,LAW,9,HARD,new,fixed_context,M-H-H,2,1.330869,-13.328781,13.211774,0.442000,14.470507,-13.503255,True,False,GREEN,0.491083
monza_law_lap10_to_soft_new_fixed_context,LAW,10,SOFT,new,fixed_context,M-H-S,2,-52.625082,-74.213356,-34.932046,1.000000,-40.002583,-13.930463,False,False,GREEN,0.492917
monza_law_lap10_to_medium_new_fixed_context,LAW,10,MEDIUM,new,fixed_context,M-H-M,2,-16.106037,-19.577678,-12.428501,1.000000,-2.404264,-13.634546,True,False,GREEN,0.497250
monza_law_lap10_to_hard_new_fixed_context,LAW,10,HARD,new,fixed_context,M-H-H,2,0.507297,-14.089452,12.399517,0.466000,13.684103,-13.503255,True,False,GREEN,0.497208
monza_law_lap11_to_soft_new_fixed_context,LAW,11,SOFT,new,fixed_context,M-H-S,2,-51.989935,-72.823216,-34.784793,1.000000,-39.458097,-13.930463,False,False,GREEN,0.494875
monza_law_lap11_to_medium_new_fixed_context,LAW,11,MEDIUM,new,fixed_context,M-H-M,2,-16.539291,-20.057150,-12.901357,1.000000,-2.870907,-13.634546,True,False,GREEN,0.500166
monza_law_lap11_to_hard_new_fixed_context,LAW,11,HARD,new,fixed_context,M-H-H,2,-0.305449,-14.798494,11.635040,0.514000,12.943958,-13.503255,True,False,GREEN,0.500375
monza_law_lap12_to_soft_new_fixed_context,LAW,12,SOFT,new,fixed_context,M-H-S,2,-51.767868,-71.763696,-34.840042,1.000000,-39.027937,-13.930463,False,False,GREEN,0.493083
monza_law_lap12_to_medium_new_fixed_context,LAW,12,MEDIUM,new,fixed_context,M-H-M,2,-17.130784,-20.661282,-13.578862,1.000000,-3.446866,-13.634546,True,False,GREEN,0.489500
monza_law_lap12_to_hard_new_fixed_context,LAW,12,HARD,new,fixed_context,M-H-H,2,-1.196587,-15.645192,10.611527,0.540000,12.088165,-13.503255,True,False,GREEN,0.488292
monza_law_lap13_to_soft_new_fixed_context,LAW,13,SOFT,new,fixed_context,M-H-S,2,-51.070375,-70.270122,-34.882178,1.000000,-38.226385,-13.930463,False,False,GREEN,0.491291
monza_law_lap13_to_medium_new_fixed_context,LAW,13,MEDIUM,new,fixed_context,M-H-M,2,-17.323423,-20.834076,-13.578180,1.000000,-3.646422,-13.634546,True,False,GREEN,0.496583
monza_law_lap13_to_hard_new_fixed_context,LAW,13,HARD,new,fixed_context,M-H-H,2,-1.642420,-16.126726,10.018830,0.570000,11.602445,-13.503255,True,False,GREEN,0.498625
monza_law_lap14_to_soft_new_fixed_context,LAW,14,SOFT,new,fixed_context,M-H-S,2,-50.298266,-69.182677,-35.065348,1.000000,-37.539160,-13.930463,False,False,GREEN,0.499000
monza_law_lap14_to_medium_new_fixed_context,LAW,14,MEDIUM,new,fixed_context,M-H-M,2,-17.651486,-21.348135,-13.753394,1.000000,-3.955295,-13.634546,True,False,GREEN,0.495542
monza_law_lap14_to_hard_new_fixed_context,LAW,14,HARD,new,fixed_context,M-H-H,2,-2.273361,-16.707377,9.361172,0.594000,11.001077,-13.503255,True,False,GREEN,0.491541
monza_law_lap15_to_soft_new_fixed_context,LAW,15,SOFT,new,fixed_context,M-H-S,2,-49.556653,-67.570717,-34.958422,1.000000,-36.804355,-13.930463,False,False,GREEN,0.498542
monza_law_lap15_to_medium_new_fixed_context,LAW,15,MEDIUM,new,fixed_context,M-H-M,2,-17.770047,-21.678420,-14.006032,1.000000,-4.211578,-13.634546,True,False,GREEN,0.499625
monza_law_lap15_to_hard_new_fixed_context,LAW,15,HARD,new,fixed_context,M-H-H,2,-2.835090,-17.239150,8.792212,0.612000,10.445968,-13.503255,True,False,GREEN,0.496000
monza_law_lap16_to_soft_new_fixed_context,LAW,16,SOFT,new,fixed_context,M-H-S,2,-48.794290,-66.022764,-34.905552,1.000000,-36.021971,-13.930463,False,False,GREEN,0.502542
monza_law_lap16_to_medium_new_fixed_context,LAW,16,MEDIUM,new,fixed_context,M-H-M,2,-17.921089,-21.942009,-14.103771,1.000000,-4.415271,-13.634546,True,False,GREEN,0.500875
monza_law_lap16_to_hard_new_fixed_context,LAW,16,HARD,new,fixed_context,M-H-H,2,-3.347324,-17.726609,8.270665,0.640000,9.937118,-13.503255,True,False,GREEN,0.493875
monza_law_lap17_to_soft_new_fixed_context,LAW,17,SOFT,new,fixed_context,M-H-S,2,-48.183383,-64.764235,-34.390965,1.000000,-35.192007,-13.930463,False,False,GREEN,0.496708
monza_law_lap17_to_medium_new_fixed_context,LAW,17,MEDIUM,new,fixed_context,M-H-M,2,-18.087007,-22.380048,-14.036459,1.000000,-4.566374,-13.634546,True,False,GREEN,0.496375
monza_law_lap17_to_hard_new_fixed_context,LAW,17,HARD,new,fixed_context,M-H-H,2,-3.807431,-18.170177,7.810032,0.654000,9.474527,-13.503255,True,False,GREEN,0.491542
monza_law_lap18_to_soft_new_fixed_context,LAW,18,SOFT,new,fixed_context,M-H-S,2,-47.649932,-63.414887,-33.756330,1.000000,-34.314463,-13.930463,False,False,GREEN,0.503416
monza_law_lap18_to_medium_new_fixed_context,LAW,18,MEDIUM,new,fixed_context,M-H-M,2,-18.153509,-22.719019,-14.049645,1.000000,-4.664887,-13.634546,True,False,GREEN,0.498667
monza_law_lap18_to_hard_new_fixed_context,LAW,18,HARD,new,fixed_context,M-H-H,2,-4.221527,-18.501195,7.477421,0.666000,9.058196,-13.503255,True,False,GREEN,0.502750
monza_law_lap19_to_soft_new_fixed_context,LAW,19,SOFT,new,fixed_context,M-H-S,2,-46.881332,-62.004627,-33.231391,1.000000,-33.389340,-13.930463,False,False,GREEN,0.489458
monza_law_lap19_to_medium_new_fixed_context,LAW,19,MEDIUM,new,fixed_context,M-H-M,2,-18.218162,-22.844959,-13.961285,1.000000,-4.710810,-13.634546,True,False,GREEN,0.490959
monza_law_lap19_to_hard_new_fixed_context,LAW,19,HARD,new,fixed_context,M-H-H,2,-4.589613,-18.818866,7.181503,0.674000,8.688123,-13.503255,True,False,GREEN,0.487583
monza_law_lap20_to_soft_new_fixed_context,LAW,20,SOFT,new,fixed_context,M-H-S,2,-46.081181,-60.411603,-32.519459,1.000000,-32.416637,-13.930463,False,False,GREEN,0.488500
monza_law_lap20_to_medium_new_fixed_context,LAW,20,MEDIUM,new,fixed_context,M-H-M,2,-18.181852,-23.098724,-13.772550,1.000000,-4.704143,-13.634546,True,False,GREEN,0.487416
monza_law_lap20_to_hard_new_fixed_context,LAW,20,HARD,new,fixed_context,M-H-H,2,-4.908349,-19.113619,6.827671,0.692000,8.364310,-13.503255,True,False,GREEN,0.485667
monza_law_lap21_to_soft_new_fixed_context,LAW,21,SOFT,new,fixed_context,M-H-S,2,-45.095035,-58.885831,-31.728790,1.000000,-31.396355,-13.930463,False,False,GREEN,0.490083
monza_law_lap21_to_medium_new_fixed_context,LAW,21,MEDIUM,new,fixed_context,M-H-M,2,-18.122703,-23.232970,-13.477597,1.000000,-4.644886,-13.634546,True,False,GREEN,0.489542
monza_law_lap21_to_hard_new_fixed_context,LAW,21,HARD,new,fixed_context,M-H-H,2,-5.190559,-19.375141,6.488303,0.700000,8.086755,-13.503255,True,False,GREEN,0.491042
monza_law_lap22_to_soft_new_fixed_context,LAW,22,SOFT,new,fixed_context,M-H-S,2,-44.032338,-57.276513,-30.886720,1.000000,-30.328493,-13.930463,False,False,GREEN,0.487167
monza_law_lap22_to_medium_new_fixed_context,LAW,22,MEDIUM,new,fixed_context,M-H-M,2,-18.016095,-23.441074,-13.179494,1.000000,-4.533040,-13.634546,True,False,GREEN,0.497292
monza_law_lap22_to_hard_new_fixed_context,LAW,22,HARD,new,fixed_context,M-H-H,2,-5.425734,-19.593077,6.205497,0.716000,7.855460,-13.503255,True,False,GREEN,0.486292
monza_law_lap23_to_soft_new_fixed_context,LAW,23,SOFT,new,fixed_context,M-H-M-S,3,-28.095418,-41.584790,-15.646099,0.998000,-36.392923,7.961270,False,False,GREEN,0.482834
monza_law_lap23_to_medium_new_fixed_context,LAW,23,MEDIUM,new,fixed_context,M-H-M-M,3,-3.452412,-10.476381,4.091497,0.730000,-11.548475,8.257187,True,False,GREEN,0.484292
monza_law_lap23_to_hard_new_fixed_context,LAW,23,HARD,new,fixed_context,M-H-M-H,3,9.382030,-3.487844,19.193099,0.166000,0.490552,8.388478,True,False,GREEN,0.481708
monza_law_lap24_to_soft_new_fixed_context,LAW,24,SOFT,new,fixed_context,M-H-M-S,3,-27.301259,-40.197278,-15.615634,1.000000,-35.829914,8.222931,False,False,GREEN,0.481458
monza_law_lap24_to_medium_new_fixed_context,LAW,24,MEDIUM,new,fixed_context,M-H-M-M,3,-3.662604,-10.497759,3.656273,0.740000,-11.931460,8.456061,True,False,GREEN,0.480458
monza_law_lap24_to_hard_new_fixed_context,LAW,24,HARD,new,fixed_context,M-H-M-H,3,8.554826,-4.163127,18.537359,0.184000,-0.248237,8.434267,True,False,GREEN,0.481000
monza_law_lap25_to_soft_new_fixed_context,LAW,25,SOFT,new,fixed_context,M-H-M-S,3,-26.684311,-38.709247,-15.332490,1.000000,-35.212994,8.340020,False,False,GREEN,0.485584
monza_law_lap25_to_medium_new_fixed_context,LAW,25,MEDIUM,new,fixed_context,M-H-M-M,3,-4.072507,-10.833680,3.419990,0.760000,-12.255524,8.402807,True,False,GREEN,0.483666
monza_law_lap25_to_hard_new_fixed_context,LAW,25,HARD,new,fixed_context,M-H-M-H,3,8.171727,-4.577221,18.026499,0.190000,-0.934436,8.555892,True,False,GREEN,0.480583
monza_law_lap26_to_soft_new_fixed_context,LAW,26,SOFT,new,fixed_context,M-H-M-S,3,-33.083158,-44.717008,-22.990270,1.000000,-34.542164,0.908024,False,False,GREEN,0.487125
monza_law_lap26_to_medium_new_fixed_context,LAW,26,MEDIUM,new,fixed_context,M-H-M-M,3,-11.620800,-17.391479,-5.101982,0.994000,-12.520668,1.033597,True,False,GREEN,0.481959
monza_law_lap26_to_hard_new_fixed_context,LAW,26,HARD,new,fixed_context,M-H-M-H,3,0.363723,-10.657283,8.942876,0.490000,-1.568045,1.339769,True,False,GREEN,0.481042
monza_law_lap27_to_soft_new_fixed_context,LAW,27,SOFT,new,fixed_context,M-H-M-S,3,-35.421682,-46.656080,-25.479055,1.000000,-35.153415,-0.752963,False,False,VSC,0.486875
monza_law_lap27_to_medium_new_fixed_context,LAW,27,MEDIUM,new,fixed_context,M-H-M-M,3,-13.893340,-19.260362,-7.583706,0.998000,-13.257178,-0.457046,True,False,VSC,0.486792
monza_law_lap27_to_hard_new_fixed_context,LAW,27,HARD,new,fixed_context,M-H-M-H,3,-2.000373,-12.732140,6.415117,0.614000,-2.146283,-0.325755,True,False,VSC,0.483500
monza_law_lap28_to_soft_new_fixed_context,LAW,28,SOFT,new,fixed_context,M-H-M-S,3,-28.830551,-39.968833,-18.361087,1.000000,-35.764666,6.417372,True,False,VSC,0.487084
monza_law_lap28_to_medium_new_fixed_context,LAW,28,MEDIUM,new,fixed_context,M-H-M-M,3,-7.372747,-14.128011,0.043994,0.896000,-13.993688,6.713289,True,False,VSC,0.479542
monza_law_lap28_to_hard_new_fixed_context,LAW,28,HARD,new,fixed_context,M-H-M-H,3,4.368158,-7.201609,13.853430,0.302000,-2.724522,6.844580,True,False,VSC,0.477417
monza_law_lap29_to_soft_new_fixed_context,LAW,29,SOFT,new,fixed_context,M-H-M-S,3,-26.800614,-37.579826,-17.028930,1.000000,-34.981005,8.024057,True,False,GREEN,0.478250
monza_law_lap29_to_medium_new_fixed_context,LAW,29,MEDIUM,new,fixed_context,M-H-M-M,3,-6.000766,-13.035837,1.719822,0.844000,-14.140990,8.257187,True,False,GREEN,0.484000
monza_law_lap29_to_hard_new_fixed_context,LAW,29,HARD,new,fixed_context,M-H-M-H,3,5.208974,-6.340792,14.905971,0.266000,-3.246620,8.235392,True,False,GREEN,0.486500
monza_law_lap30_to_soft_new_fixed_context,LAW,30,SOFT,new,fixed_context,M-H-M-S,3,-25.957351,-36.429995,-16.446842,1.000000,-34.143433,8.024057,True,False,GREEN,0.481750
monza_law_lap30_to_medium_new_fixed_context,LAW,30,MEDIUM,new,fixed_context,M-H-M-M,3,-6.082724,-13.129928,1.626498,0.848000,-14.229371,8.257187,True,False,GREEN,0.480167
monza_law_lap30_to_hard_new_fixed_context,LAW,30,HARD,new,fixed_context,M-H-M-H,3,4.750181,-6.480299,14.188914,0.286000,-3.716129,8.235392,True,False,GREEN,0.474417
monza_law_lap31_to_soft_new_fixed_context,LAW,31,SOFT,new,fixed_context,M-H-M-S,3,-25.036585,-35.094555,-15.598962,1.000000,-33.251950,8.024057,True,False,GREEN,0.479667
monza_law_lap31_to_medium_new_fixed_context,LAW,31,MEDIUM,new,fixed_context,M-H-M-M,3,-6.108749,-13.161292,1.595390,0.852000,-14.258831,8.257187,True,False,GREEN,0.479458
monza_law_lap31_to_hard_new_fixed_context,LAW,31,HARD,new,fixed_context,M-H-M-H,3,4.352380,-6.458287,13.618848,0.300000,-4.133047,8.235392,True,False,GREEN,0.480459
monza_law_lap32_to_soft_new_fixed_context,LAW,32,SOFT,new,fixed_context,M-H-M-S,3,-24.158515,-33.775086,-14.668146,1.000000,-32.306558,8.024057,True,False,GREEN,0.477459
monza_law_lap32_to_medium_new_fixed_context,LAW,32,MEDIUM,new,fixed_context,M-H-M-M,3,-6.082724,-13.129928,1.626498,0.848000,-14.229371,8.257187,True,False,GREEN,0.485459
monza_law_lap32_to_hard_new_fixed_context,LAW,32,HARD,new,fixed_context,M-H-M-H,3,3.924651,-6.566375,13.097214,0.310000,-4.497376,8.235392,True,False,GREEN,0.477667
monza_law_lap33_to_soft_new_fixed_context,LAW,33,SOFT,new,fixed_context,M-H-M-S,3,-23.132589,-32.374676,-13.968933,1.000000,-31.307254,8.024057,True,False,GREEN,0.481333
monza_law_lap33_to_medium_new_fixed_context,LAW,33,MEDIUM,new,fixed_context,M-H-M-M,3,-6.000766,-13.035837,1.719822,0.844000,-14.140990,8.257187,True,False,GREEN,0.477500
monza_law_lap33_to_hard_new_fixed_context,LAW,33,HARD,new,fixed_context,M-H-M-H,3,3.620165,-6.625015,12.698525,0.320000,-4.809114,8.235392,True,False,GREEN,0.477250
monza_law_lap34_to_soft_new_fixed_context,LAW,34,SOFT,new,fixed_context,M-H-M-S,3,-22.105092,-30.934484,-13.322322,1.000000,-30.254041,8.024057,True,False,GREEN,0.479125
monza_law_lap34_to_medium_new_fixed_context,LAW,34,MEDIUM,new,fixed_context,M-H-M-M,3,-5.850152,-12.861876,1.875361,0.840000,-13.993688,8.257187,True,False,GREEN,0.475625
monza_law_lap34_to_hard_new_fixed_context,LAW,34,HARD,new,fixed_context,M-H-M-H,3,3.424871,-6.624516,12.272414,0.330000,-5.068263,8.235392,True,False,GREEN,0.472834
monza_law_lap35_to_soft_new_fixed_context,LAW,35,SOFT,new,fixed_context,M-H-M-S,3,-21.024903,-29.488493,-12.178262,0.998000,-29.146917,8.024057,True,False,GREEN,0.475125
monza_law_lap35_to_medium_new_fixed_context,LAW,35,MEDIUM,new,fixed_context,M-H-M-M,3,-5.639291,-12.661958,2.082532,0.836000,-13.787465,8.257187,True,False,GREEN,0.477125
monza_law_lap35_to_hard_new_fixed_context,LAW,35,HARD,new,fixed_context,M-H-M-H,3,3.280737,-6.582709,12.093768,0.330000,-5.274821,8.235392,True,False,GREEN,0.484416
monza_law_lap36_to_soft_new_fixed_context,LAW,36,SOFT,new,fixed_context,M-H-M-S,3,-20.022185,-28.107325,-11.101315,0.998000,-27.985882,8.024057,True,False,GREEN,0.487625
monza_law_lap36_to_medium_new_fixed_context,LAW,36,MEDIUM,new,fixed_context,M-H-M-M,3,-5.390217,-12.389024,2.341450,0.824000,-13.522321,8.257187,True,False,GREEN,0.476333
monza_law_lap36_to_hard_new_fixed_context,LAW,36,HARD,new,fixed_context,M-H-M-H,3,3.133936,-6.511947,11.758686,0.332000,-5.428790,8.235392,True,False,GREEN,0.473000
monza_law_lap37_to_soft_new_fixed_context,LAW,37,SOFT,new,fixed_context,M-H-M-S,3,-18.851829,-26.722997,-10.117823,0.998000,-26.770937,8.024057,True,False,GREEN,0.476958
monza_law_lap37_to_medium_new_fixed_context,LAW,37,MEDIUM,new,fixed_context,M-H-M-M,3,-5.097832,-12.069687,2.653312,0.814000,-13.198257,8.257187,True,False,GREEN,0.474042
monza_law_lap37_to_hard_new_fixed_context,LAW,37,HARD,new,fixed_context,M-H-M-H,3,2.892613,-6.335557,11.458267,0.332000,-5.530169,8.235392,True,False,GREEN,0.477000
monza_law_lap38_to_soft_new_fixed_context,LAW,38,SOFT,new,fixed_context,M-H-M-S,3,-17.598064,-25.627103,-9.073525,0.994000,-25.502082,8.024057,True,False,GREEN,0.476042
monza_law_lap38_to_medium_new_fixed_context,LAW,38,MEDIUM,new,fixed_context,M-H-M-M,3,-4.730222,-11.703806,2.980144,0.796000,-12.815272,8.257187,True,False,GREEN,0.474417
monza_law_lap38_to_hard_new_fixed_context,LAW,38,HARD,new,fixed_context,M-H-M-H,3,2.819490,-6.316558,11.210832,0.330000,-5.578958,8.235392,True,False,GREEN,0.481791
monza_law_lap39_to_soft_new_fixed_context,LAW,39,SOFT,new,fixed_context,M-H-M-S,3,-16.190566,-24.004559,-7.825008,0.994000,-24.179316,8.024057,True,False,GREEN,0.473750
monza_law_lap39_to_medium_new_fixed_context,LAW,39,MEDIUM,new,fixed_context,M-H-M-M,3,-4.306057,-11.309113,3.370506,0.762000,-12.373366,8.257187,True,False,GREEN,0.472958
monza_law_lap39_to_hard_new_fixed_context,LAW,39,HARD,new,fixed_context,M-H-M-H,3,2.803558,-6.091902,11.087884,0.324000,-5.575157,8.235392,True,False,GREEN,0.480166
monza_law_lap40_to_soft_new_fixed_context,LAW,40,SOFT,new,fixed_context,M-H-M-S,3,-14.825120,-22.700612,-6.464084,0.992000,-22.802640,8.024057,True,False,GREEN,0.475083
monza_law_lap40_to_medium_new_fixed_context,LAW,40,MEDIUM,new,fixed_context,M-H-M-M,3,-3.791361,-10.834807,3.809869,0.738000,-11.872539,8.257187,True,False,GREEN,0.469708
monza_law_lap40_to_hard_new_fixed_context,LAW,40,HARD,new,fixed_context,M-H-M-H,3,2.832359,-5.666119,11.024586,0.318000,-5.518766,8.235392,True,False,GREEN,0.471000
monza_law_lap41_to_soft_new_fixed_context,LAW,41,SOFT,new,fixed_context,M-H-M-S,3,-13.254849,-21.034234,-5.242997,0.990000,-21.372054,8.024057,True,False,GREEN,0.471666
monza_law_lap41_to_medium_new_fixed_context,LAW,41,MEDIUM,new,fixed_context,M-H-M-M,3,-3.196686,-10.205706,4.288612,0.714000,-11.312792,8.257187,True,False,GREEN,0.477000
monza_law_lap41_to_hard_new_fixed_context,LAW,41,HARD,new,fixed_context,M-H-M-H,3,2.938545,-5.204237,10.826057,0.316000,-5.409785,8.235392,True,False,GREEN,0.469750
monza_law_lap42_to_soft_new_fixed_context,LAW,42,SOFT,new,fixed_context,M-H-M-S,3,-11.870614,-19.365772,-3.851239,0.972000,-19.887556,8.024057,True,False,GREEN,0.475292
monza_law_lap42_to_medium_new_fixed_context,LAW,42,MEDIUM,new,fixed_context,M-H-M-M,3,-2.586464,-9.592486,4.841043,0.662000,-10.694123,8.257187,True,False,GREEN,0.499791
monza_law_lap42_to_hard_new_fixed_context,LAW,42,HARD,new,fixed_context,M-H-M-H,3,3.051467,-4.761423,10.878462,0.306000,-5.248214,8.235392,True,False,GREEN,0.507542
monza_law_lap43_to_soft_new_fixed_context,LAW,43,SOFT,new,fixed_context,M-H-M-S,3,-10.286830,-17.611112,-2.479307,0.954000,-18.349149,8.024057,True,False,GREEN,0.499959
monza_law_lap43_to_medium_new_fixed_context,LAW,43,MEDIUM,new,fixed_context,M-H-M-M,3,-1.932594,-8.864542,5.433967,0.610000,-10.016534,8.257187,True,False,GREEN,0.479333
monza_law_lap43_to_hard_new_fixed_context,LAW,43,HARD,new,fixed_context,M-H-M-H,3,3.153758,-4.340496,11.069364,0.292000,-5.034054,8.235392,True,False,GREEN,0.482125
monza_law_lap44_to_soft_new_fixed_context,LAW,44,SOFT,new,fixed_context,M-H-M-S,3,-8.650759,-15.947465,-1.107394,0.924000,-16.756831,8.024057,True,False,GREEN,0.492583
monza_law_lap44_to_medium_new_fixed_context,LAW,44,MEDIUM,new,fixed_context,M-H-M-M,3,-1.184182,-8.073298,6.076227,0.576000,-9.280024,8.257187,True,False,GREEN,0.473375
monza_law_lap44_to_hard_new_fixed_context,LAW,44,HARD,new,fixed_context,M-H-M-H,3,3.503383,-4.003230,11.397784,0.276000,-4.767303,8.235392,True,False,GREEN,0.466500
monza_law_lap45_to_soft_new_fixed_context,LAW,45,SOFT,new,fixed_context,M-H-M-S,3,-6.927320,-14.248482,0.563653,0.880000,-15.110603,8.024057,True,False,GREEN,0.488292
monza_law_lap45_to_medium_new_fixed_context,LAW,45,MEDIUM,new,fixed_context,M-H-M-M,3,-0.405593,-7.286476,6.859456,0.532000,-8.484594,8.257187,True,False,GREEN,0.492917
monza_law_lap45_to_hard_new_fixed_context,LAW,45,HARD,new,fixed_context,M-H-M-H,3,3.825066,-3.666780,11.557892,0.250000,-4.447962,8.235392,True,False,GREEN,0.485167
monza_law_lap46_to_soft_new_fixed_context,LAW,46,SOFT,new,fixed_context,M-H-M-S,3,-5.238149,-12.632083,2.207456,0.832000,-13.410464,8.024057,True,False,GREEN,0.483833
monza_law_lap46_to_medium_new_fixed_context,LAW,46,MEDIUM,new,fixed_context,M-H-M-M,3,0.472016,-6.406238,7.662859,0.458000,-7.630242,8.257187,True,False,GREEN,0.478000
monza_law_lap46_to_hard_new_fixed_context,LAW,46,HARD,new,fixed_context,M-H-M-H,3,4.093243,-3.268325,11.652553,0.236000,-4.076032,8.235392,True,False,GREEN,0.484417
monza_law_lap47_to_soft_new_fixed_context,LAW,47,SOFT,new,fixed_context,M-H-M-S,3,-3.449060,-10.798751,3.813018,0.732000,-11.656415,8.024057,True,False,GREEN,0.484125
monza_law_lap47_to_medium_new_fixed_context,LAW,47,MEDIUM,new,fixed_context,M-H-M-M,3,1.436042,-5.621920,8.531157,0.412000,-6.716970,8.257187,True,False,GREEN,0.546125
monza_law_lap47_to_hard_new_fixed_context,LAW,47,HARD,new,fixed_context,M-H-M-H,3,4.460174,-2.747964,11.933524,0.212000,-3.651511,8.235392,True,False,GREEN,0.493292
monza_law_lap48_to_soft_new_fixed_context,LAW,48,SOFT,new,fixed_context,M-H-M-S,3,-1.739039,-8.856856,5.444746,0.632000,-9.848455,8.024057,True,False,GREEN,0.468208
monza_law_lap48_to_medium_new_fixed_context,LAW,48,MEDIUM,new,fixed_context,M-H-M-M,3,2.431576,-4.745216,9.425464,0.336000,-5.744777,8.257187,True,False,GREEN,0.463666
monza_law_lap48_to_hard_new_fixed_context,LAW,48,HARD,new,fixed_context,M-H-M-H,3,4.913819,-2.260331,12.389505,0.182000,-3.174401,8.235392,True,False,GREEN,0.466291
monza_law_lap49_to_soft_new_fixed_context,LAW,49,SOFT,new,fixed_context,M-H-M-S,3,0.204581,-6.886372,7.140185,0.480000,-7.986585,8.024057,True,False,GREEN,0.465166
monza_law_lap49_to_medium_new_fixed_context,LAW,49,MEDIUM,new,fixed_context,M-H-M-M,3,3.491860,-3.661363,10.439728,0.258000,-4.713663,8.257187,True,False,GREEN,0.463042
monza_law_lap49_to_hard_new_fixed_context,LAW,49,HARD,new,fixed_context,M-H-M-H,3,5.484902,-1.711446,12.737268,0.156000,-2.644701,8.235392,True,False,GREEN,0.463166
monza_law_lap50_to_soft_new_fixed_context,LAW,50,SOFT,new,fixed_context,M-H-M-S,3,2.017143,-4.885083,8.863514,0.364000,-6.070804,8.024057,True,False,GREEN,0.467834
monza_law_lap50_to_medium_new_fixed_context,LAW,50,MEDIUM,new,fixed_context,M-H-M-M,3,4.623881,-2.501485,11.550566,0.188000,-3.623629,8.257187,True,False,GREEN,0.464542
monza_law_lap50_to_hard_new_fixed_context,LAW,50,HARD,new,fixed_context,M-H-M-H,3,6.133843,-1.022731,13.204547,0.132000,-2.062410,8.235392,True,False,GREEN,0.469250
monza_law_lap51_to_soft_new_fixed_context,LAW,51,SOFT,new,fixed_context,M-H-M-S,3,4.100634,-2.800555,10.984805,0.224000,-4.101113,8.285718,True,False,GREEN,0.462625
monza_law_lap51_to_medium_new_fixed_context,LAW,51,MEDIUM,new,fixed_context,M-H-M-M,3,5.959423,-0.971659,12.932194,0.138000,-2.474673,8.456061,True,False,GREEN,0.460834
monza_law_lap51_to_hard_new_fixed_context,LAW,51,HARD,new,fixed_context,M-H-M-H,3,6.792786,-0.415054,14.008839,0.108000,-1.427530,8.281181,True,False,GREEN,0.461208
monza_law_lap52_to_soft_new_fixed_context,LAW,52,SOFT,new,fixed_context,M-H-M-S,3,6.184039,-0.641713,13.227472,0.124000,-2.077512,8.402807,True,False,GREEN,0.465375
monza_law_lap52_to_medium_new_fixed_context,LAW,52,MEDIUM,new,fixed_context,M-H-M-M,3,7.028371,0.226504,14.082151,0.096000,-1.266797,8.402807,True,False,GREEN,0.462500
monza_law_lap52_to_hard_new_fixed_context,LAW,52,HARD,new,fixed_context,M-H-M-H,3,7.544816,0.613842,14.594051,0.086000,-0.740060,8.402807,True,False,GREEN,0.464667
monza_lin_lap2_to_soft_new_fixed_context,LIN,2,SOFT,new,fixed_context,M-S-H,2,0.000000,0.000000,0.000000,0.000000,0.000000,0.000000,True,True,GREEN,2.803375
monza_lin_lap2_to_medium_new_fixed_context,LIN,2,MEDIUM,new,fixed_context,M-M-H,2,0.000000,0.000000,0.000000,0.000000,0.000000,0.000000,True,True,GREEN,0.488292
monza_lin_lap2_to_hard_new_fixed_context,LIN,2,HARD,new,fixed_context,M-H-H,2,0.000000,0.000000,0.000000,0.000000,0.000000,0.000000,True,True,GREEN,0.468083
monza_lin_lap3_to_soft_new_fixed_context,LIN,3,SOFT,new,fixed_context,M-S,1,-57.550229,-85.730654,-35.015533,0.998000,-58.178929,-0.431745,False,True,RED,0.492375
monza_lin_lap3_to_medium_new_fixed_context,LIN,3,MEDIUM,new,fixed_context,M-M,1,-18.699404,-33.552989,-3.104242,0.936000,-18.315015,-0.306172,True,True,RED,0.493583
monza_lin_lap3_to_hard_new_fixed_context,LIN,3,HARD,new,fixed_context,M-H,1,0.000000,0.000000,0.000000,0.000000,0.000000,0.000000,True,True,RED,0.462417
monza_lin_lap4_to_soft_new_fixed_context,LIN,4,SOFT,new,fixed_context,M-H-S,2,-58.634351,-85.987949,-36.935163,1.000000,-59.278978,-0.431745,False,True,RED,0.489417
monza_lin_lap4_to_medium_new_fixed_context,LIN,4,MEDIUM,new,fixed_context,M-H-M,2,-19.900291,-34.935184,-4.394969,0.944000,-19.548335,-0.306172,True,True,RED,0.490041
monza_lin_lap4_to_hard_new_fixed_context,LIN,4,HARD,new,fixed_context,M-H-H,2,-1.031359,-1.250217,-0.804106,1.000000,-1.023726,0.000000,True,True,RED,0.490541
monza_lin_lap5_to_soft_new_fixed_context,LIN,5,SOFT,new,fixed_context,M-H-S,2,-59.862608,-85.907802,-38.738938,1.000000,-60.379028,-0.431745,False,True,RED,0.489791
monza_lin_lap5_to_medium_new_fixed_context,LIN,5,MEDIUM,new,fixed_context,M-H-M,2,-21.095466,-36.120709,-5.576839,0.956000,-20.781656,-0.306172,True,True,RED,0.485125
monza_lin_lap5_to_hard_new_fixed_context,LIN,5,HARD,new,fixed_context,M-H-H,2,-2.062717,-2.500434,-1.608213,1.000000,-2.047451,0.000000,True,True,RED,0.489459
monza_lin_lap6_to_soft_new_fixed_context,LIN,6,SOFT,new,fixed_context,M-H-S,2,-38.862964,-66.181867,-18.037493,0.984000,-61.479077,21.226857,False,False,MISSING,0.487958
monza_lin_lap6_to_medium_new_fixed_context,LIN,6,MEDIUM,new,fixed_context,M-H-M,2,-0.545506,-15.530338,14.891517,0.514000,-22.014976,21.585561,True,False,MISSING,0.488750
monza_lin_lap6_to_hard_new_fixed_context,LIN,6,HARD,new,fixed_context,M-H-H,2,18.724803,15.124588,22.420254,0.000000,-3.071177,21.869938,True,False,MISSING,0.486708
monza_lin_lap7_to_soft_new_fixed_context,LIN,7,SOFT,new,fixed_context,M-H-S,2,-38.407092,-64.588910,-18.243889,0.988000,-61.149356,21.442730,False,False,GREEN,0.483833
monza_lin_lap7_to_medium_new_fixed_context,LIN,7,MEDIUM,new,fixed_context,M-H-M,2,-0.802231,-15.565368,13.849597,0.526000,-22.624231,21.738647,True,False,GREEN,0.483000
monza_lin_lap7_to_hard_new_fixed_context,LIN,7,HARD,new,fixed_context,M-H-H,2,17.849690,14.088917,21.544723,0.000000,-4.003905,21.869938,True,False,GREEN,0.485792
monza_lin_lap8_to_soft_new_fixed_context,LIN,8,SOFT,new,fixed_context,M-H-S,2,-38.128621,-63.136763,-18.944250,0.990000,-60.772440,21.442730,False,False,GREEN,0.483625
monza_lin_lap8_to_medium_new_fixed_context,LIN,8,MEDIUM,new,fixed_context,M-H-M,2,-1.399238,-15.909836,13.083160,0.550000,-23.183329,21.738647,True,False,GREEN,0.481542
monza_lin_lap8_to_hard_new_fixed_context,LIN,8,HARD,new,fixed_context,M-H-H,2,16.954595,13.159419,20.693891,0.000000,-4.891133,21.869938,True,False,GREEN,0.483500
monza_lin_lap9_to_soft_new_fixed_context,LIN,9,SOFT,new,fixed_context,M-H-S,2,-37.740435,-61.686190,-19.385524,0.996000,-60.348329,21.442730,False,False,GREEN,0.484333
monza_lin_lap9_to_medium_new_fixed_context,LIN,9,MEDIUM,new,fixed_context,M-H-M,2,-1.955613,-16.209418,12.293488,0.572000,-23.692271,21.738647,True,False,GREEN,0.483583
monza_lin_lap9_to_hard_new_fixed_context,LIN,9,HARD,new,fixed_context,M-H-H,2,16.123367,12.251553,19.932635,0.000000,-5.732863,21.869938,True,False,GREEN,0.488125
monza_lin_lap10_to_soft_new_fixed_context,LIN,10,SOFT,new,fixed_context,M-H-S,2,-37.428931,-60.201439,-19.585941,0.998000,-59.877023,21.442730,False,False,GREEN,0.484041
monza_lin_lap10_to_medium_new_fixed_context,LIN,10,MEDIUM,new,fixed_context,M-H-M,2,-2.357857,-16.395743,11.737035,0.592000,-24.151056,21.738647,True,False,GREEN,0.478708
monza_lin_lap10_to_hard_new_fixed_context,LIN,10,HARD,new,fixed_context,M-H-H,2,15.350527,11.402713,19.237411,0.000000,-6.529094,21.869938,True,False,GREEN,0.484958
monza_lin_lap11_to_soft_new_fixed_context,LIN,11,SOFT,new,fixed_context,M-H-S,2,-37.055824,-58.694478,-19.814937,0.998000,-59.358522,21.442730,False,False,GREEN,0.488250
monza_lin_lap11_to_medium_new_fixed_context,LIN,11,MEDIUM,new,fixed_context,M-H-M,2,-2.766550,-16.371338,11.112974,0.604000,-24.559685,21.738647,True,False,GREEN,0.486333
monza_lin_lap11_to_hard_new_fixed_context,LIN,11,HARD,new,fixed_context,M-H-H,2,14.659076,10.494644,18.568892,0.000000,-7.279826,21.869938,True,False,GREEN,0.483625
monza_lin_lap12_to_soft_new_fixed_context,LIN,12,SOFT,new,fixed_context,M-H-S,2,-36.541227,-57.218367,-19.742928,0.998000,-58.792826,21.442730,False,False,GREEN,0.478083
monza_lin_lap12_to_medium_new_fixed_context,LIN,12,MEDIUM,new,fixed_context,M-H-M,2,-3.106161,-16.301367,10.564862,0.632000,-24.918157,21.738647,True,False,GREEN,0.478000
monza_lin_lap12_to_hard_new_fixed_context,LIN,12,HARD,new,fixed_context,M-H-H,2,13.927595,9.760239,17.829080,0.000000,-7.985060,21.869938,True,False,GREEN,0.480875
monza_lin_lap13_to_soft_new_fixed_context,LIN,13,SOFT,new,fixed_context,M-H-S,2,-35.944650,-56.170466,-19.810820,0.998000,-58.179935,21.442730,False,False,GREEN,0.481125
monza_lin_lap13_to_medium_new_fixed_context,LIN,13,MEDIUM,new,fixed_context,M-H-M,2,-3.421109,-16.230432,10.021935,0.652000,-25.226472,21.738647,True,False,GREEN,0.475792
monza_lin_lap13_to_hard_new_fixed_context,LIN,13,HARD,new,fixed_context,M-H-H,2,13.286096,9.094112,17.212147,0.000000,-8.644794,21.869938,True,False,GREEN,0.479000
monza_lin_lap14_to_soft_new_fixed_context,LIN,14,SOFT,new,fixed_context,M-H-S,2,-35.204014,-54.930430,-19.684822,0.998000,-57.519849,21.442730,False,False,GREEN,0.475625
monza_lin_lap14_to_medium_new_fixed_context,LIN,14,MEDIUM,new,fixed_context,M-H-M,2,-3.688304,-16.140102,9.273861,0.660000,-25.484631,21.738647,True,False,GREEN,0.473541
monza_lin_lap14_to_hard_new_fixed_context,LIN,14,HARD,new,fixed_context,M-H-H,2,12.639764,8.416354,16.641077,0.000000,-9.259029,21.869938,True,False,GREEN,0.475334
monza_lin_lap15_to_soft_new_fixed_context,LIN,15,SOFT,new,fixed_context,M-H-S,2,-34.656161,-53.586793,-19.610929,0.998000,-56.812568,21.442730,False,False,GREEN,0.485166
monza_lin_lap15_to_medium_new_fixed_context,LIN,15,MEDIUM,new,fixed_context,M-H-M,2,-3.963570,-16.008414,8.726850,0.670000,-25.692633,21.738647,True,False,GREEN,0.473917
monza_lin_lap15_to_hard_new_fixed_context,LIN,15,HARD,new,fixed_context,M-H-H,2,12.082610,7.805034,16.157369,0.002000,-9.827766,21.869938,True,False,GREEN,0.476417
monza_lin_lap16_to_soft_new_fixed_context,LIN,16,SOFT,new,fixed_context,M-H-S,2,-33.929813,-52.142021,-19.523362,0.998000,-56.058092,21.442730,False,False,GREEN,0.485084
monza_lin_lap16_to_medium_new_fixed_context,LIN,16,MEDIUM,new,fixed_context,M-H-M,2,-4.064686,-15.803645,8.256968,0.672000,-25.850479,21.738647,True,False,GREEN,0.476875
monza_lin_lap16_to_hard_new_fixed_context,LIN,16,HARD,new,fixed_context,M-H-H,2,11.542133,7.237695,15.675388,0.002000,-10.351003,21.869938,True,False,GREEN,0.485458
monza_lin_lap17_to_soft_new_fixed_context,LIN,17,SOFT,new,fixed_context,M-H-S,2,-33.098647,-50.549139,-19.381574,0.998000,-55.256421,21.442730,False,False,GREEN,0.489834
monza_lin_lap17_to_medium_new_fixed_context,LIN,17,MEDIUM,new,fixed_context,M-H-M,2,-4.260027,-15.595564,7.844156,0.680000,-25.958168,21.738647,True,False,GREEN,0.472625
monza_lin_lap17_to_hard_new_fixed_context,LIN,17,HARD,new,fixed_context,M-H-H,2,11.048653,6.700115,15.259439,0.002000,-10.828742,21.869938,True,False,GREEN,0.485417
monza_lin_lap18_to_soft_new_fixed_context,LIN,18,SOFT,new,fixed_context,M-H-S,2,-32.273903,-49.044848,-19.187472,0.998000,-54.407555,21.442730,False,False,GREEN,0.495625
monza_lin_lap18_to_medium_new_fixed_context,LIN,18,MEDIUM,new,fixed_context,M-H-M,2,-4.297388,-15.443381,7.496712,0.684000,-26.015700,21.738647,True,False,GREEN,0.476584
monza_lin_lap18_to_hard_new_fixed_context,LIN,18,HARD,new,fixed_context,M-H-H,2,10.633267,6.250009,14.874721,0.002000,-11.260982,21.869938,True,False,GREEN,0.496209
monza_lin_lap19_to_soft_new_fixed_context,LIN,19,SOFT,new,fixed_context,M-H-S,2,-31.511832,-47.544212,-18.702133,0.998000,-53.511494,21.442730,False,False,GREEN,0.478875
monza_lin_lap19_to_medium_new_fixed_context,LIN,19,MEDIUM,new,fixed_context,M-H-M,2,-4.289835,-15.178789,7.263713,0.682000,-26.023076,21.738647,True,False,GREEN,0.490625
monza_lin_lap19_to_hard_new_fixed_context,LIN,19,HARD,new,fixed_context,M-H-H,2,10.259165,5.842430,14.529631,0.002000,-11.647722,21.869938,True,False,GREEN,0.484834
monza_lin_lap20_to_soft_new_fixed_context,LIN,20,SOFT,new,fixed_context,M-H-S,2,-30.648656,-46.084936,-18.306751,0.998000,-52.568238,21.442730,False,False,GREEN,0.477000
monza_lin_lap20_to_medium_new_fixed_context,LIN,20,MEDIUM,new,fixed_context,M-H-M,2,-4.193933,-14.971409,7.044100,0.684000,-25.980296,21.738647,True,False,GREEN,0.470958
monza_lin_lap20_to_hard_new_fixed_context,LIN,20,HARD,new,fixed_context,M-H-H,2,9.925472,5.471773,14.226221,0.002000,-11.988964,21.869938,True,False,GREEN,0.514709
monza_lin_lap21_to_soft_new_fixed_context,LIN,21,SOFT,new,fixed_context,M-H-S,2,-29.813013,-44.500815,-17.849465,0.998000,-51.577787,21.442730,False,False,GREEN,0.471542
monza_lin_lap21_to_medium_new_fixed_context,LIN,21,MEDIUM,new,fixed_context,M-H-M,2,-4.026872,-14.645119,6.820383,0.684000,-25.887359,21.738647,True,False,GREEN,0.497792
monza_lin_lap21_to_hard_new_fixed_context,LIN,21,HARD,new,fixed_context,M-H-H,2,9.633294,5.090565,13.959410,0.004000,-12.284707,21.869938,True,False,GREEN,0.494125
monza_lin_lap22_to_soft_new_fixed_context,LIN,22,SOFT,new,fixed_context,M-H-S,2,-28.764416,-43.029470,-17.329848,0.998000,-50.540142,21.442730,False,False,GREEN,0.499833
monza_lin_lap22_to_medium_new_fixed_context,LIN,22,MEDIUM,new,fixed_context,M-H-M,2,-3.876039,-14.165826,6.647439,0.686000,-25.744265,21.738647,True,False,GREEN,0.472084
monza_lin_lap22_to_hard_new_fixed_context,LIN,22,HARD,new,fixed_context,M-H-H,2,9.410629,4.773796,13.731576,0.004000,-12.534951,21.869938,True,False,GREEN,0.493667
monza_lin_lap23_to_soft_new_fixed_context,LIN,23,SOFT,new,fixed_context,M-H-S,2,-27.542180,-41.291540,-16.740370,0.998000,-49.455301,21.442730,False,False,GREEN,0.492334
monza_lin_lap23_to_medium_new_fixed_context,LIN,23,MEDIUM,new,fixed_context,M-H-M,2,-3.751641,-13.777595,6.536366,0.680000,-25.551014,21.738647,True,False,GREEN,0.553917
monza_lin_lap23_to_hard_new_fixed_context,LIN,23,HARD,new,fixed_context,M-H-H,2,9.227292,4.514621,13.545166,0.006000,-12.739696,21.869938,True,False,GREEN,0.493584
monza_lin_lap24_to_soft_new_fixed_context,LIN,24,SOFT,new,fixed_context,M-H-S,2,-26.302872,-39.690939,-15.887333,0.998000,-48.323265,21.442730,False,False,GREEN,0.466750
monza_lin_lap24_to_medium_new_fixed_context,LIN,24,MEDIUM,new,fixed_context,M-H-M,2,-3.526664,-13.301735,6.576526,0.680000,-25.307607,21.738647,True,False,GREEN,0.466708
monza_lin_lap24_to_hard_new_fixed_context,LIN,24,HARD,new,fixed_context,M-H-H,2,9.090160,4.345989,13.386946,0.006000,-12.898942,21.869938,True,False,GREEN,0.475625
monza_lin_lap25_to_soft_new_fixed_context,LIN,25,SOFT,new,fixed_context,M-H-S,2,-24.956425,-36.986499,-15.100853,0.998000,-47.144034,21.704391,False,False,GREEN,0.466166
monza_lin_lap25_to_medium_new_fixed_context,LIN,25,MEDIUM,new,fixed_context,M-H-M,2,-2.982408,-12.350910,6.495436,0.668000,-25.014044,21.937521,True,False,GREEN,0.465958
monza_lin_lap25_to_hard_new_fixed_context,LIN,25,HARD,new,fixed_context,M-H-H,2,9.079364,4.551855,13.331161,0.006000,-13.012690,21.915726,True,False,GREEN,0.466917
monza_lin_lap26_to_soft_new_fixed_context,LIN,26,SOFT,new,fixed_context,M-H-S,2,-23.759694,-35.128511,-14.330000,0.998000,-45.917608,21.821480,False,False,GREEN,0.467750
monza_lin_lap26_to_medium_new_fixed_context,LIN,26,MEDIUM,new,fixed_context,M-H-M,2,-2.765991,-11.931450,6.590413,0.668000,-24.670324,21.884266,True,False,GREEN,0.462584
monza_lin_lap26_to_hard_new_fixed_context,LIN,26,HARD,new,fixed_context,M-H-H,2,9.123553,4.514103,13.195264,0.004000,-13.080938,22.037352,True,False,GREEN,0.467750
monza_lin_lap27_to_soft_new_fixed_context,LIN,27,SOFT,new,fixed_context,M-H-S,2,-29.758507,-41.132967,-20.332749,1.000000,-44.643987,14.389483,False,False,YELLOW,0.464667
monza_lin_lap27_to_medium_new_fixed_context,LIN,27,MEDIUM,new,fixed_context,M-H-M,2,-9.782723,-18.041168,-1.141507,0.910000,-24.276447,14.515057,True,False,YELLOW,0.477167
monza_lin_lap27_to_hard_new_fixed_context,LIN,27,HARD,new,fixed_context,M-H-H,2,1.727314,-2.020602,5.186278,0.262000,-13.103688,14.821228,True,False,YELLOW,0.486541
monza_lin_lap28_to_soft_new_fixed_context,LIN,28,SOFT,new,fixed_context,M-H-S,2,-32.165643,-42.759270,-22.934686,1.000000,-45.230680,12.728497,True,False,VSC,0.482167
monza_lin_lap28_to_medium_new_fixed_context,LIN,28,MEDIUM,new,fixed_context,M-H-M,2,-12.063129,-20.192644,-2.989347,0.958000,-24.934218,13.024414,True,False,VSC,0.485625
monza_lin_lap28_to_hard_new_fixed_context,LIN,28,HARD,new,fixed_context,M-H-H,2,-0.532299,-4.235448,3.081762,0.580000,-13.649675,13.155705,True,False,VSC,0.491625
monza_lin_lap29_to_soft_new_fixed_context,LIN,29,SOFT,new,fixed_context,M-H-S,2,-25.463075,-36.343781,-16.179134,1.000000,-45.817373,19.898832,True,False,VSC,0.486292
monza_lin_lap29_to_medium_new_fixed_context,LIN,29,MEDIUM,new,fixed_context,M-H-M,2,-5.400439,-14.210191,3.677780,0.782000,-25.591989,20.194749,True,False,VSC,0.486000
monza_lin_lap29_to_hard_new_fixed_context,LIN,29,HARD,new,fixed_context,M-H-H,2,6.215369,1.698586,10.506288,0.038000,-14.195662,20.326040,True,False,VSC,0.483833
monza_lin_lap30_to_soft_new_fixed_context,LIN,30,SOFT,new,fixed_context,M-H-S,2,-22.424998,-32.029640,-13.812074,1.000000,-44.451058,21.658602,True,False,GREEN,0.483000
monza_lin_lap30_to_medium_new_fixed_context,LIN,30,MEDIUM,new,fixed_context,M-H-M,2,-3.082215,-11.809760,5.787298,0.688000,-25.102457,21.891733,True,False,GREEN,0.486542
monza_lin_lap30_to_hard_new_fixed_context,LIN,30,HARD,new,fixed_context,M-H-H,2,7.867657,3.049733,12.255436,0.020000,-14.127413,21.869938,True,False,GREEN,0.485708
monza_lin_lap31_to_soft_new_fixed_context,LIN,31,SOFT,new,fixed_context,M-H-S,2,-20.972357,-30.169815,-12.805918,1.000000,-43.037548,21.658602,True,False,GREEN,0.482625
monza_lin_lap31_to_medium_new_fixed_context,LIN,31,MEDIUM,new,fixed_context,M-H-M,2,-2.582195,-10.984073,5.978854,0.662000,-24.562768,21.891733,True,False,GREEN,0.484875
monza_lin_lap31_to_hard_new_fixed_context,LIN,31,HARD,new,fixed_context,M-H-H,2,7.966191,3.164152,12.356790,0.020000,-14.013666,21.869938,True,False,GREEN,0.506416
monza_lin_lap32_to_soft_new_fixed_context,LIN,32,SOFT,new,fixed_context,M-H-S,2,-19.627897,-28.283928,-11.737501,1.000000,-41.576844,21.658602,True,False,GREEN,0.484250
monza_lin_lap32_to_medium_new_fixed_context,LIN,32,MEDIUM,new,fixed_context,M-H-M,2,-1.967256,-10.100013,6.200342,0.630000,-23.972922,21.891733,True,False,GREEN,0.481041
monza_lin_lap32_to_hard_new_fixed_context,LIN,32,HARD,new,fixed_context,M-H-H,2,8.106293,3.324337,12.482567,0.016000,-13.854420,21.869938,True,False,GREEN,0.464583
monza_lin_lap33_to_soft_new_fixed_context,LIN,33,SOFT,new,fixed_context,M-H-S,2,-18.298534,-26.391318,-10.571374,1.000000,-40.068944,21.658602,True,False,GREEN,0.462541
monza_lin_lap33_to_medium_new_fixed_context,LIN,33,MEDIUM,new,fixed_context,M-H-M,2,-1.339023,-9.140768,6.498178,0.582000,-23.332921,21.891733,True,False,GREEN,0.463750
monza_lin_lap33_to_hard_new_fixed_context,LIN,33,HARD,new,fixed_context,M-H-H,2,8.327280,3.530289,12.658243,0.014000,-13.649675,21.869938,True,False,GREEN,0.462208
monza_lin_lap34_to_soft_new_fixed_context,LIN,34,SOFT,new,fixed_context,M-H-S,2,-16.795756,-24.529247,-9.425795,0.998000,-38.513849,21.658602,True,False,GREEN,0.462042
monza_lin_lap34_to_medium_new_fixed_context,LIN,34,MEDIUM,new,fixed_context,M-H-M,2,-0.714631,-8.141560,6.866568,0.548000,-22.642762,21.891733,True,False,GREEN,0.459333
monza_lin_lap34_to_hard_new_fixed_context,LIN,34,HARD,new,fixed_context,M-H-H,2,8.621893,3.782009,12.891991,0.014000,-13.399431,21.869938,True,False,GREEN,0.463417
monza_lin_lap35_to_soft_new_fixed_context,LIN,35,SOFT,new,fixed_context,M-H-S,2,-15.180402,-22.605176,-8.102758,0.998000,-36.911559,21.658602,True,False,GREEN,0.460417
monza_lin_lap35_to_medium_new_fixed_context,LIN,35,MEDIUM,new,fixed_context,M-H-M,2,0.104067,-7.186777,7.384191,0.492000,-21.902447,21.891733,True,False,GREEN,0.465209
monza_lin_lap35_to_hard_new_fixed_context,LIN,35,HARD,new,fixed_context,M-H-H,2,8.892593,4.136719,13.177715,0.012000,-13.103688,21.869938,True,False,GREEN,0.466833
monza_lin_lap36_to_soft_new_fixed_context,LIN,36,SOFT,new,fixed_context,M-H-S,2,-13.562116,-20.583776,-6.689319,0.996000,-35.262075,21.658602,True,False,GREEN,0.466834
monza_lin_lap36_to_medium_new_fixed_context,LIN,36,MEDIUM,new,fixed_context,M-H-M,2,0.930192,-6.154083,7.887699,0.438000,-21.111975,21.891733,True,False,GREEN,0.478375
monza_lin_lap36_to_hard_new_fixed_context,LIN,36,HARD,new,fixed_context,M-H-H,2,9.205393,4.487057,13.524453,0.006000,-12.762446,21.869938,True,False,GREEN,0.472875
monza_lin_lap37_to_soft_new_fixed_context,LIN,37,SOFT,new,fixed_context,M-H-S,2,-11.817014,-18.488297,-5.293955,0.996000,-33.565395,21.658602,True,False,GREEN,0.462458
monza_lin_lap37_to_medium_new_fixed_context,LIN,37,MEDIUM,new,fixed_context,M-H-M,2,1.775288,-5.040357,8.517403,0.372000,-20.271347,21.891733,True,False,GREEN,0.458042
monza_lin_lap37_to_hard_new_fixed_context,LIN,37,HARD,new,fixed_context,M-H-H,2,9.555557,4.975376,13.876561,0.004000,-12.375705,21.869938,True,False,GREEN,0.467958
monza_lin_lap38_to_soft_new_fixed_context,LIN,38,SOFT,new,fixed_context,M-H-S,2,-10.078235,-16.450044,-3.858249,0.992000,-31.821520,21.658602,True,False,GREEN,0.456917
monza_lin_lap38_to_medium_new_fixed_context,LIN,38,MEDIUM,new,fixed_context,M-H-M,2,2.706256,-3.855824,9.087402,0.320000,-19.380562,21.891733,True,False,GREEN,0.456709
monza_lin_lap38_to_hard_new_fixed_context,LIN,38,HARD,new,fixed_context,M-H-H,2,9.972966,5.525848,14.266675,0.002000,-11.943465,21.869938,True,False,GREEN,0.465000
monza_lin_lap39_to_soft_new_fixed_context,LIN,39,SOFT,new,fixed_context,M-H-S,2,-8.245290,-14.311941,-2.357312,0.964000,-30.030450,21.658602,True,False,GREEN,0.461459
monza_lin_lap39_to_medium_new_fixed_context,LIN,39,MEDIUM,new,fixed_context,M-H-M,2,3.665802,-2.646645,9.731533,0.258000,-18.439621,21.891733,True,False,GREEN,0.455959
monza_lin_lap39_to_hard_new_fixed_context,LIN,39,HARD,new,fixed_context,M-H-H,2,10.439754,6.022890,14.691450,0.002000,-11.465727,21.869938,True,False,GREEN,0.459042
monza_lin_lap40_to_soft_new_fixed_context,LIN,40,SOFT,new,fixed_context,M-H-S,2,-6.376093,-12.416858,-0.894687,0.924000,-28.192186,21.658602,True,False,GREEN,0.455625
monza_lin_lap40_to_medium_new_fixed_context,LIN,40,MEDIUM,new,fixed_context,M-H-M,2,4.559136,-1.337044,10.481460,0.188000,-17.448523,21.891733,True,False,GREEN,0.457958
monza_lin_lap40_to_hard_new_fixed_context,LIN,40,HARD,new,fixed_context,M-H-H,2,10.938518,6.579734,15.164658,0.002000,-10.942489,21.869938,True,False,GREEN,0.463584
monza_lin_lap41_to_soft_new_fixed_context,LIN,41,SOFT,new,fixed_context,M-H-S,2,-4.554708,-10.231121,0.730373,0.864000,-26.306726,21.658602,True,False,GREEN,0.456458
monza_lin_lap41_to_medium_new_fixed_context,LIN,41,MEDIUM,new,fixed_context,M-H-M,2,5.546397,-0.047910,11.161634,0.104000,-16.407268,21.891733,True,False,GREEN,0.453666
monza_lin_lap41_to_hard_new_fixed_context,LIN,41,HARD,new,fixed_context,M-H-H,2,11.518634,7.208960,15.658234,0.002000,-10.373753,21.869938,True,False,GREEN,0.455500
monza_lin_lap42_to_soft_new_fixed_context,LIN,42,SOFT,new,fixed_context,M-H-S,2,-2.583150,-8.012775,2.498828,0.746000,-24.374071,21.658602,True,False,GREEN,0.455500
monza_lin_lap42_to_medium_new_fixed_context,LIN,42,MEDIUM,new,fixed_context,M-H-M,2,6.623220,1.329002,11.888428,0.054000,-15.315857,21.891733,True,False,GREEN,0.455833
monza_lin_lap42_to_hard_new_fixed_context,LIN,42,HARD,new,fixed_context,M-H-H,2,12.152534,7.876851,16.217213,0.002000,-9.759517,21.869938,True,False,GREEN,0.455625
monza_lin_lap43_to_soft_new_fixed_context,LIN,43,SOFT,new,fixed_context,M-H-S,2,-0.512755,-5.843416,4.325466,0.556000,-22.394222,21.658602,True,False,GREEN,0.453583
monza_lin_lap43_to_medium_new_fixed_context,LIN,43,MEDIUM,new,fixed_context,M-H-M,2,7.750391,2.678964,12.719455,0.016000,-14.174289,21.891733,True,False,GREEN,0.456459
monza_lin_lap43_to_hard_new_fixed_context,LIN,43,HARD,new,fixed_context,M-H-H,2,12.813784,8.586320,16.789132,0.000000,-9.099783,21.869938,True,False,GREEN,0.459250
monza_lin_lap44_to_soft_new_fixed_context,LIN,44,SOFT,new,fixed_context,M-H-S,2,1.514557,-3.551520,6.043299,0.358000,-20.367177,21.658602,True,False,GREEN,0.453917
monza_lin_lap44_to_medium_new_fixed_context,LIN,44,MEDIUM,new,fixed_context,M-H-M,2,8.853092,4.080824,13.705991,0.006000,-12.982565,21.891733,True,False,GREEN,0.477583
monza_lin_lap44_to_hard_new_fixed_context,LIN,44,HARD,new,fixed_context,M-H-H,2,13.553847,9.351239,17.446100,0.000000,-8.394550,21.869938,True,False,GREEN,0.485875
monza_lin_lap45_to_soft_new_fixed_context,LIN,45,SOFT,new,fixed_context,M-H-S,2,3.551185,-1.081288,7.896699,0.196000,-18.292937,21.658602,True,False,GREEN,0.481042
monza_lin_lap45_to_medium_new_fixed_context,LIN,45,MEDIUM,new,fixed_context,M-H-M,2,10.159512,5.631428,14.619188,0.002000,-11.740684,21.891733,True,False,GREEN,0.458541
monza_lin_lap45_to_hard_new_fixed_context,LIN,45,HARD,new,fixed_context,M-H-H,2,14.287459,10.120359,18.180843,0.000000,-7.643818,21.869938,True,False,GREEN,0.460042
monza_lin_lap46_to_soft_new_fixed_context,LIN,46,SOFT,new,fixed_context,M-H-S,2,5.650701,1.163347,9.847134,0.052000,-16.171503,21.658602,True,False,GREEN,0.468458
monza_lin_lap46_to_medium_new_fixed_context,LIN,46,MEDIUM,new,fixed_context,M-H-M,2,11.460129,7.189696,15.797599,0.000000,-10.448647,21.891733,True,False,GREEN,0.457042
monza_lin_lap46_to_hard_new_fixed_context,LIN,46,HARD,new,fixed_context,M-H-H,2,15.046752,11.046207,18.975000,0.000000,-6.847587,21.869938,True,False,GREEN,0.453917
monza_lin_lap47_to_soft_new_fixed_context,LIN,47,SOFT,new,fixed_context,M-H-S,2,7.857822,3.366322,11.847844,0.016000,-14.002873,21.658602,True,False,GREEN,0.466916
monza_lin_lap47_to_medium_new_fixed_context,LIN,47,MEDIUM,new,fixed_context,M-H-M,2,12.854260,8.723330,16.963143,0.000000,-9.106453,21.891733,True,False,GREEN,0.471625
monza_lin_lap47_to_hard_new_fixed_context,LIN,47,HARD,new,fixed_context,M-H-H,2,15.859636,11.939905,19.682289,0.000000,-6.005857,21.869938,True,False,GREEN,0.465583
monza_lin_lap48_to_soft_new_fixed_context,LIN,48,SOFT,new,fixed_context,M-H-S,2,9.993932,5.731801,13.911508,0.004000,-11.787048,21.658602,True,False,GREEN,0.478875
monza_lin_lap48_to_medium_new_fixed_context,LIN,48,MEDIUM,new,fixed_context,M-H-M,2,14.262741,10.293038,18.152227,0.000000,-7.714102,21.891733,True,False,GREEN,0.468583
monza_lin_lap48_to_hard_new_fixed_context,LIN,48,HARD,new,fixed_context,M-H-H,2,16.746102,12.914118,20.503149,0.000000,-5.118628,21.869938,True,False,GREEN,0.475208
monza_lin_lap49_to_soft_new_fixed_context,LIN,49,SOFT,new,fixed_context,M-H-S,2,12.194352,8.119871,16.101850,0.000000,-9.524029,21.658602,True,False,GREEN,0.481333
monza_lin_lap49_to_medium_new_fixed_context,LIN,49,MEDIUM,new,fixed_context,M-H-M,2,15.685161,11.893758,19.365973,0.000000,-6.271595,21.891733,True,False,GREEN,0.452084
monza_lin_lap49_to_hard_new_fixed_context,LIN,49,HARD,new,fixed_context,M-H-H,2,17.687524,13.872027,21.339782,0.000000,-4.185900,21.869938,True,False,GREEN,0.456084
monza_lin_lap50_to_soft_new_fixed_context,LIN,50,SOFT,new,fixed_context,M-H-S,2,14.424247,10.607708,18.178814,0.000000,-7.213814,21.658602,True,False,GREEN,0.469541
monza_lin_lap50_to_medium_new_fixed_context,LIN,50,MEDIUM,new,fixed_context,M-H-M,2,17.106284,13.572271,20.701463,0.000000,-4.778931,21.891733,True,False,GREEN,0.471375
monza_lin_lap50_to_hard_new_fixed_context,LIN,50,HARD,new,fixed_context,M-H-H,2,18.619779,14.966428,22.297871,0.000000,-3.207674,21.869938,True,False,GREEN,0.480791
monza_lin_lap51_to_soft_new_fixed_context,LIN,51,SOFT,new,fixed_context,M-H-S,2,17.049835,13.497050,20.489199,0.000000,-4.856404,21.920263,True,False,GREEN,0.450125
monza_lin_lap51_to_medium_new_fixed_context,LIN,51,MEDIUM,new,fixed_context,M-H-M,2,18.889019,15.471625,22.337802,0.000000,-3.236110,22.090607,True,False,GREEN,0.452417
monza_lin_lap51_to_hard_new_fixed_context,LIN,51,HARD,new,fixed_context,M-H-H,2,19.637077,16.328293,23.355230,0.000000,-2.183948,21.915726,True,False,GREEN,0.452500
monza_lin_lap52_to_soft_new_fixed_context,LIN,52,SOFT,new,fixed_context,M-H-S,2,19.479021,16.178494,22.921117,0.000000,-2.451800,22.037352,True,False,GREEN,0.454208
monza_lin_lap52_to_medium_new_fixed_context,LIN,52,MEDIUM,new,fixed_context,M-H-M,2,20.277166,17.066214,23.820083,0.000000,-1.643134,22.037352,True,False,GREEN,0.475875
monza_lin_lap52_to_hard_new_fixed_context,LIN,52,HARD,new,fixed_context,M-H-H,2,20.773573,17.473513,24.308832,0.000000,-1.114723,22.037352,True,False,GREEN,0.522458
monza_nor_lap2_to_soft_new_fixed_context,NOR,2,SOFT,new,fixed_context,M-S-H,2,0.000000,0.000000,0.000000,0.000000,0.000000,0.000000,True,True,GREEN,2.825917
monza_nor_lap2_to_medium_new_fixed_context,NOR,2,MEDIUM,new,fixed_context,M-M-H,2,0.000000,0.000000,0.000000,0.000000,0.000000,0.000000,True,True,GREEN,0.490125
monza_nor_lap2_to_hard_new_fixed_context,NOR,2,HARD,new,fixed_context,M-H-H,2,0.000000,0.000000,0.000000,0.000000,0.000000,0.000000,True,True,GREEN,0.474250
monza_nor_lap3_to_soft_new_fixed_context,NOR,3,SOFT,new,fixed_context,M-S,1,-60.062796,-87.352176,-38.072173,1.000000,-60.834192,-0.431745,False,True,RED,0.495459
monza_nor_lap3_to_medium_new_fixed_context,NOR,3,MEDIUM,new,fixed_context,M-M,1,-21.306497,-35.914610,-6.549483,0.970000,-20.969694,-0.306172,True,True,RED,0.490083
monza_nor_lap3_to_hard_new_fixed_context,NOR,3,HARD,new,fixed_context,M-H,1,0.000000,0.000000,0.000000,0.000000,0.000000,0.000000,True,True,RED,0.461708
monza_nor_lap4_to_soft_new_fixed_context,NOR,4,SOFT,new,fixed_context,M-H-S,2,-61.279463,-87.462956,-40.273413,1.000000,-61.934558,-0.431745,False,True,RED,0.489958
monza_nor_lap4_to_medium_new_fixed_context,NOR,4,MEDIUM,new,fixed_context,M-H-M,2,-22.392766,-37.126074,-7.827618,0.982000,-22.203352,-0.306172,True,True,RED,0.505625
monza_nor_lap4_to_hard_new_fixed_context,NOR,4,HARD,new,fixed_context,M-H-H,2,-1.128306,-1.305003,-0.944832,1.000000,-1.122143,0.000000,True,True,RED,0.492584
monza_nor_lap5_to_soft_new_fixed_context,NOR,5,SOFT,new,fixed_context,M-H-S,2,-62.666488,-87.764957,-42.226879,1.000000,-63.034924,-0.431745,False,True,RED,0.488208
monza_nor_lap5_to_medium_new_fixed_context,NOR,5,MEDIUM,new,fixed_context,M-H-M,2,-23.505385,-38.327925,-9.016097,0.986000,-23.437011,-0.306172,True,True,RED,0.489334
monza_nor_lap5_to_hard_new_fixed_context,NOR,5,HARD,new,fixed_context,M-H-H,2,-2.256612,-2.610006,-1.889663,1.000000,-2.244286,0.000000,True,True,RED,0.490583
monza_nor_lap6_to_soft_new_fixed_context,NOR,6,SOFT,new,fixed_context,M-H-S,2,-41.112875,-67.512069,-20.915774,0.996000,-64.135289,21.226857,False,False,MISSING,0.487334
monza_nor_lap6_to_medium_new_fixed_context,NOR,6,MEDIUM,new,fixed_context,M-H-M,2,-3.093656,-17.719299,12.307597,0.604000,-24.670670,21.585561,True,False,MISSING,0.485667
monza_nor_lap6_to_hard_new_fixed_context,NOR,6,HARD,new,fixed_context,M-H-H,2,18.428491,14.855930,22.085303,0.000000,-3.366430,21.869938,True,False,MISSING,0.487375
monza_nor_lap7_to_soft_new_fixed_context,NOR,7,SOFT,new,fixed_context,M-H-S,2,-40.653803,-65.757703,-21.749154,0.998000,-63.797137,21.442730,False,False,GREEN,0.498542
monza_nor_lap7_to_medium_new_fixed_context,NOR,7,MEDIUM,new,fixed_context,M-H-M,2,-3.427142,-18.006183,11.101180,0.628000,-25.271515,21.738647,True,False,GREEN,0.488500
monza_nor_lap7_to_hard_new_fixed_context,NOR,7,HARD,new,fixed_context,M-H-H,2,17.439375,13.777402,21.119473,0.000000,-4.388827,21.869938,True,False,GREEN,0.487500
monza_nor_lap8_to_soft_new_fixed_context,NOR,8,SOFT,new,fixed_context,M-H-S,2,-40.238728,-64.390714,-22.194791,0.998000,-63.409596,21.442730,False,False,GREEN,0.492041
monza_nor_lap8_to_medium_new_fixed_context,NOR,8,MEDIUM,new,fixed_context,M-H-M,2,-4.022447,-18.147401,10.318875,0.656000,-25.820009,21.738647,True,False,GREEN,0.499000
monza_nor_lap8_to_hard_new_fixed_context,NOR,8,HARD,new,fixed_context,M-H-H,2,16.488818,12.745786,20.185087,0.000000,-5.361351,21.869938,True,False,GREEN,0.491166
monza_nor_lap9_to_soft_new_fixed_context,NOR,9,SOFT,new,fixed_context,M-H-S,2,-39.995341,-63.546697,-22.579167,0.998000,-62.972665,21.442730,False,False,GREEN,0.484500
monza_nor_lap9_to_medium_new_fixed_context,NOR,9,MEDIUM,new,fixed_context,M-H-M,2,-4.521042,-18.297555,9.552915,0.674000,-26.316152,21.738647,True,False,GREEN,0.481000
monza_nor_lap9_to_hard_new_fixed_context,NOR,9,HARD,new,fixed_context,M-H-H,2,15.561829,11.735328,19.247451,0.000000,-6.284002,21.869938,True,False,GREEN,0.486000
monza_nor_lap10_to_soft_new_fixed_context,NOR,10,SOFT,new,fixed_context,M-H-S,2,-39.965865,-62.626718,-22.866520,0.998000,-62.486345,21.442730,False,False,GREEN,0.478084
monza_nor_lap10_to_medium_new_fixed_context,NOR,10,MEDIUM,new,fixed_context,M-H-M,2,-4.980739,-18.307935,8.712324,0.694000,-26.759943,21.738647,True,False,GREEN,0.635375
monza_nor_lap10_to_hard_new_fixed_context,NOR,10,HARD,new,fixed_context,M-H-H,2,14.708990,10.846160,18.473088,0.000000,-7.156780,21.869938,True,False,GREEN,0.613709
monza_nor_lap11_to_soft_new_fixed_context,NOR,11,SOFT,new,fixed_context,M-H-S,2,-39.660234,-61.399459,-23.035071,0.998000,-61.950637,21.442730,False,False,GREEN,0.547625
monza_nor_lap11_to_medium_new_fixed_context,NOR,11,MEDIUM,new,fixed_context,M-H-M,2,-5.413554,-18.351378,7.931689,0.700000,-27.151384,21.738647,True,False,GREEN,0.516459
monza_nor_lap11_to_hard_new_fixed_context,NOR,11,HARD,new,fixed_context,M-H-H,2,13.885359,9.994284,17.697807,0.000000,-7.979685,21.869938,True,False,GREEN,0.503625
monza_nor_lap12_to_soft_new_fixed_context,NOR,12,SOFT,new,fixed_context,M-H-S,2,-39.098293,-59.892604,-22.979144,0.998000,-61.365539,21.442730,False,False,GREEN,0.506875
monza_nor_lap12_to_medium_new_fixed_context,NOR,12,MEDIUM,new,fixed_context,M-H-M,2,-5.753539,-18.416272,7.209153,0.720000,-27.490473,21.738647,True,False,GREEN,0.512166
monza_nor_lap12_to_hard_new_fixed_context,NOR,12,HARD,new,fixed_context,M-H-H,2,13.125343,9.171661,16.985589,0.000000,-8.752717,21.869938,True,False,GREEN,0.509875
monza_nor_lap13_to_soft_new_fixed_context,NOR,13,SOFT,new,fixed_context,M-H-S,2,-38.501503,-58.309479,-23.013417,0.998000,-60.731052,21.442730,False,False,GREEN,0.504125
monza_nor_lap13_to_medium_new_fixed_context,NOR,13,MEDIUM,new,fixed_context,M-H-M,2,-5.966279,-18.470454,6.562241,0.732000,-27.777211,21.738647,True,False,GREEN,0.500333
monza_nor_lap13_to_hard_new_fixed_context,NOR,13,HARD,new,fixed_context,M-H-H,2,12.436268,8.392672,16.356909,0.000000,-9.475876,21.869938,True,False,GREEN,0.507209
monza_nor_lap14_to_soft_new_fixed_context,NOR,14,SOFT,new,fixed_context,M-H-S,2,-37.806166,-56.830160,-23.006970,0.998000,-60.047176,21.442730,False,False,GREEN,0.502292
monza_nor_lap14_to_medium_new_fixed_context,NOR,14,MEDIUM,new,fixed_context,M-H-M,2,-6.174676,-18.453318,6.216251,0.740000,-28.011598,21.738647,True,False,GREEN,0.499250
monza_nor_lap14_to_hard_new_fixed_context,NOR,14,HARD,new,fixed_context,M-H-H,2,11.790559,7.619286,15.691732,0.002000,-10.149162,21.869938,True,False,GREEN,0.499958
monza_nor_lap15_to_soft_new_fixed_context,NOR,15,SOFT,new,fixed_context,M-H-S,2,-37.128349,-55.332760,-22.871248,0.998000,-59.313911,21.442730,False,False,GREEN,0.495708
monza_nor_lap15_to_medium_new_fixed_context,NOR,15,MEDIUM,new,fixed_context,M-H-M,2,-6.312106,-18.373268,5.813228,0.744000,-28.193634,21.738647,True,False,GREEN,0.490125
monza_nor_lap15_to_hard_new_fixed_context,NOR,15,HARD,new,fixed_context,M-H-H,2,11.140143,6.976861,15.039263,0.002000,-10.772575,21.869938,True,False,GREEN,0.494042
monza_nor_lap16_to_soft_new_fixed_context,NOR,16,SOFT,new,fixed_context,M-H-S,2,-36.526489,-53.813377,-22.682990,0.998000,-58.531256,21.442730,False,False,GREEN,0.493959
monza_nor_lap16_to_medium_new_fixed_context,NOR,16,MEDIUM,new,fixed_context,M-H-M,2,-6.465764,-18.067874,5.076430,0.750000,-28.323318,21.738647,True,False,GREEN,0.493958
monza_nor_lap16_to_hard_new_fixed_context,NOR,16,HARD,new,fixed_context,M-H-H,2,10.599072,6.397784,14.491385,0.002000,-11.346115,21.869938,True,False,GREEN,0.498292
monza_nor_lap17_to_soft_new_fixed_context,NOR,17,SOFT,new,fixed_context,M-H-S,2,-35.703934,-52.305871,-22.387114,1.000000,-57.699213,21.442730,False,False,GREEN,0.487875
monza_nor_lap17_to_medium_new_fixed_context,NOR,17,MEDIUM,new,fixed_context,M-H-M,2,-6.580498,-17.842487,4.741910,0.762000,-28.400652,21.738647,True,False,GREEN,0.486042
monza_nor_lap17_to_hard_new_fixed_context,NOR,17,HARD,new,fixed_context,M-H-H,2,10.061080,5.866534,13.998259,0.002000,-11.869782,21.869938,True,False,GREEN,0.486958
monza_nor_lap18_to_soft_new_fixed_context,NOR,18,SOFT,new,fixed_context,M-H-S,2,-34.905838,-50.537928,-22.112766,1.000000,-56.817781,21.442730,False,False,GREEN,0.484459
monza_nor_lap18_to_medium_new_fixed_context,NOR,18,MEDIUM,new,fixed_context,M-H-M,2,-6.659248,-17.596764,4.452541,0.774000,-28.425634,21.738647,True,False,GREEN,0.489917
monza_nor_lap18_to_hard_new_fixed_context,NOR,18,HARD,new,fixed_context,M-H-H,2,9.569909,5.343911,13.544768,0.002000,-12.343576,21.869938,True,False,GREEN,0.486917
monza_nor_lap19_to_soft_new_fixed_context,NOR,19,SOFT,new,fixed_context,M-H-S,2,-34.099359,-49.071030,-21.616090,1.000000,-55.886959,21.442730,False,False,GREEN,0.488500
monza_nor_lap19_to_medium_new_fixed_context,NOR,19,MEDIUM,new,fixed_context,M-H-M,2,-6.572357,-17.363468,4.206508,0.782000,-28.398265,21.738647,True,False,GREEN,0.481833
monza_nor_lap19_to_hard_new_fixed_context,NOR,19,HARD,new,fixed_context,M-H-H,2,9.142815,4.891445,13.142790,0.004000,-12.767496,21.869938,True,False,GREEN,0.485542
monza_nor_lap20_to_soft_new_fixed_context,NOR,20,SOFT,new,fixed_context,M-H-S,2,-33.008640,-47.570788,-21.144669,1.000000,-54.906748,21.442730,False,False,GREEN,0.483750
monza_nor_lap20_to_medium_new_fixed_context,NOR,20,MEDIUM,new,fixed_context,M-H-M,2,-6.421648,-17.139822,4.031705,0.786000,-28.318545,21.738647,True,False,GREEN,0.479917
monza_nor_lap20_to_hard_new_fixed_context,NOR,20,HARD,new,fixed_context,M-H-H,2,8.773720,4.499505,12.819369,0.006000,-13.141544,21.869938,True,False,GREEN,0.485584
monza_nor_lap21_to_soft_new_fixed_context,NOR,21,SOFT,new,fixed_context,M-H-S,2,-32.093500,-46.003732,-20.618943,1.000000,-53.877149,21.442730,False,False,GREEN,0.481125
monza_nor_lap21_to_medium_new_fixed_context,NOR,21,MEDIUM,new,fixed_context,M-H-M,2,-6.258064,-16.863930,3.892755,0.786000,-28.186474,21.738647,True,False,GREEN,0.478542
monza_nor_lap21_to_hard_new_fixed_context,NOR,21,HARD,new,fixed_context,M-H-H,2,8.441338,4.163716,12.530549,0.006000,-13.465719,21.869938,True,False,GREEN,0.481500
monza_nor_lap22_to_soft_new_fixed_context,NOR,22,SOFT,new,fixed_context,M-H-S,2,-31.057144,-44.280249,-20.020557,1.000000,-52.798160,21.442730,False,False,GREEN,0.482292
monza_nor_lap22_to_medium_new_fixed_context,NOR,22,MEDIUM,new,fixed_context,M-H-M,2,-6.082240,-16.431889,3.797466,0.788000,-28.002052,21.738647,True,False,GREEN,0.476583
monza_nor_lap22_to_hard_new_fixed_context,NOR,22,HARD,new,fixed_context,M-H-H,2,8.155670,3.876045,12.311281,0.010000,-13.740021,21.869938,True,False,GREEN,0.477458
monza_nor_lap23_to_soft_new_fixed_context,NOR,23,SOFT,new,fixed_context,M-H-S,2,-29.928159,-42.634545,-19.367549,1.000000,-51.669782,21.442730,False,False,GREEN,0.478916
monza_nor_lap23_to_medium_new_fixed_context,NOR,23,MEDIUM,new,fixed_context,M-H-M,2,-5.864582,-15.771752,3.750862,0.788000,-27.765278,21.738647,True,False,GREEN,0.473583
monza_nor_lap23_to_hard_new_fixed_context,NOR,23,HARD,new,fixed_context,M-H-H,2,7.926984,3.641481,12.064827,0.010000,-13.964449,21.869938,True,False,GREEN,0.484458
monza_nor_lap24_to_soft_new_fixed_context,NOR,24,SOFT,new,fixed_context,M-H-S,2,-28.813806,-40.932701,-18.517180,1.000000,-50.492015,21.442730,False,False,GREEN,0.473333
monza_nor_lap24_to_medium_new_fixed_context,NOR,24,MEDIUM,new,fixed_context,M-H-M,2,-5.635215,-15.239743,3.763598,0.784000,-27.476154,21.738647,True,False,GREEN,0.479208
monza_nor_lap24_to_hard_new_fixed_context,NOR,24,HARD,new,fixed_context,M-H-H,2,7.752053,3.433372,11.902899,0.010000,-14.139005,21.869938,True,False,GREEN,0.475584
monza_nor_lap25_to_soft_new_fixed_context,NOR,25,SOFT,new,fixed_context,M-H-S,2,-27.172956,-38.711904,-17.650607,1.000000,-49.264859,21.704391,False,False,GREEN,0.475125
monza_nor_lap25_to_medium_new_fixed_context,NOR,25,MEDIUM,new,fixed_context,M-H-M,2,-5.047793,-14.331512,4.106985,0.762000,-27.134678,21.937521,True,False,GREEN,0.471792
monza_nor_lap25_to_hard_new_fixed_context,NOR,25,HARD,new,fixed_context,M-H-H,2,7.762682,3.486898,11.804402,0.008000,-14.263687,21.915726,True,False,GREEN,0.478959
monza_nor_lap26_to_soft_new_fixed_context,NOR,26,SOFT,new,fixed_context,M-H-S,2,-26.021291,-36.439143,-16.907801,1.000000,-47.988314,21.821480,False,False,GREEN,0.475333
monza_nor_lap26_to_medium_new_fixed_context,NOR,26,MEDIUM,new,fixed_context,M-H-M,2,-4.742851,-13.690063,4.182328,0.754000,-26.740851,21.884266,True,False,GREEN,0.480583
monza_nor_lap26_to_hard_new_fixed_context,NOR,26,HARD,new,fixed_context,M-H-H,2,7.819187,3.479040,11.700099,0.008000,-14.338497,22.037352,True,False,GREEN,0.475833
monza_nor_lap27_to_soft_new_fixed_context,NOR,27,SOFT,new,fixed_context,M-H-S,2,-31.975510,-42.332359,-23.121769,1.000000,-46.662379,14.389483,False,False,YELLOW,0.480417
monza_nor_lap27_to_medium_new_fixed_context,NOR,27,MEDIUM,new,fixed_context,M-H-M,2,-11.709701,-19.900433,-3.455150,0.962000,-26.294673,14.515057,True,False,YELLOW,0.472875
monza_nor_lap27_to_hard_new_fixed_context,NOR,27,HARD,new,fixed_context,M-H-H,2,0.416727,-2.803922,3.572930,0.420000,-14.363434,14.821228,True,False,YELLOW,0.483708
monza_nor_lap28_to_soft_new_fixed_context,NOR,28,SOFT,new,fixed_context,M-H-S,2,-34.426710,-44.182038,-25.440074,1.000000,-47.249241,12.728497,True,False,VSC,0.479375
monza_nor_lap28_to_medium_new_fixed_context,NOR,28,MEDIUM,new,fixed_context,M-H-M,2,-13.985179,-22.086081,-5.511140,0.990000,-26.952624,13.024414,True,False,VSC,0.476291
monza_nor_lap28_to_hard_new_fixed_context,NOR,28,HARD,new,fixed_context,M-H-H,2,-1.831536,-4.934845,1.392411,0.768000,-14.961910,13.155705,True,False,VSC,0.474250
monza_nor_lap29_to_soft_new_fixed_context,NOR,29,SOFT,new,fixed_context,M-H-S,2,-27.607882,-37.648581,-18.657425,1.000000,-47.836103,19.898832,True,False,VSC,0.475042
monza_nor_lap29_to_medium_new_fixed_context,NOR,29,MEDIUM,new,fixed_context,M-H-M,2,-7.307941,-15.874630,1.289610,0.864000,-27.610575,20.194749,True,False,VSC,0.471084
monza_nor_lap29_to_hard_new_fixed_context,NOR,29,HARD,new,fixed_context,M-H-H,2,4.808758,0.602179,8.888017,0.068000,-15.560386,20.326040,True,False,VSC,0.474208
monza_nor_lap30_to_soft_new_fixed_context,NOR,30,SOFT,new,fixed_context,M-H-S,2,-24.534135,-33.399881,-16.363691,1.000000,-46.410907,21.658602,True,False,GREEN,0.470834
monza_nor_lap30_to_medium_new_fixed_context,NOR,30,MEDIUM,new,fixed_context,M-H-M,2,-5.129371,-13.463573,3.173145,0.788000,-27.062173,21.891733,True,False,GREEN,0.473708
monza_nor_lap30_to_hard_new_fixed_context,NOR,30,HARD,new,fixed_context,M-H-H,2,6.413419,2.008747,10.664966,0.024000,-15.485577,21.869938,True,False,GREEN,0.475583
monza_nor_lap31_to_soft_new_fixed_context,NOR,31,SOFT,new,fixed_context,M-H-S,2,-22.995837,-31.456899,-15.152366,1.000000,-44.936321,21.658602,True,False,GREEN,0.470917
monza_nor_lap31_to_medium_new_fixed_context,NOR,31,MEDIUM,new,fixed_context,M-H-M,2,-4.563282,-12.648173,3.518937,0.766000,-26.461420,21.891733,True,False,GREEN,0.473209
monza_nor_lap31_to_hard_new_fixed_context,NOR,31,HARD,new,fixed_context,M-H-H,2,6.537584,2.148339,10.779467,0.022000,-15.360894,21.869938,True,False,GREEN,0.489625
monza_nor_lap32_to_soft_new_fixed_context,NOR,32,SOFT,new,fixed_context,M-H-S,2,-21.436287,-29.587418,-13.927040,1.000000,-43.412347,21.658602,True,False,GREEN,0.473917
monza_nor_lap32_to_medium_new_fixed_context,NOR,32,MEDIUM,new,fixed_context,M-H-M,2,-3.887663,-11.721964,3.973583,0.744000,-25.808315,21.891733,True,False,GREEN,0.476542
monza_nor_lap32_to_hard_new_fixed_context,NOR,32,HARD,new,fixed_context,M-H-H,2,6.710963,2.327152,10.942117,0.022000,-15.186339,21.869938,True,False,GREEN,0.474167
monza_nor_lap33_to_soft_new_fixed_context,NOR,33,SOFT,new,fixed_context,M-H-S,2,-19.940543,-27.692642,-12.677575,1.000000,-41.838983,21.658602,True,False,GREEN,0.468250
monza_nor_lap33_to_medium_new_fixed_context,NOR,33,MEDIUM,new,fixed_context,M-H-M,2,-3.133872,-10.739294,4.472880,0.718000,-25.102859,21.891733,True,False,GREEN,0.470958
monza_nor_lap33_to_hard_new_fixed_context,NOR,33,HARD,new,fixed_context,M-H-H,2,6.927717,2.557054,11.152234,0.020000,-14.961910,21.869938,True,False,GREEN,0.469791
monza_nor_lap34_to_soft_new_fixed_context,NOR,34,SOFT,new,fixed_context,M-H-S,2,-18.299457,-25.769838,-11.444367,1.000000,-40.216230,21.658602,True,False,GREEN,0.471625
monza_nor_lap34_to_medium_new_fixed_context,NOR,34,MEDIUM,new,fixed_context,M-H-M,2,-2.366360,-9.754320,4.918117,0.674000,-24.345052,21.891733,True,False,GREEN,0.470417
monza_nor_lap34_to_hard_new_fixed_context,NOR,34,HARD,new,fixed_context,M-H-H,2,7.190136,2.841867,11.399407,0.016000,-14.687608,21.869938,True,False,GREEN,0.470041
monza_nor_lap35_to_soft_new_fixed_context,NOR,35,SOFT,new,fixed_context,M-H-S,2,-16.635216,-23.660295,-10.136246,1.000000,-38.544088,21.658602,True,False,GREEN,0.468000
monza_nor_lap35_to_medium_new_fixed_context,NOR,35,MEDIUM,new,fixed_context,M-H-M,2,-1.505251,-8.605172,5.482646,0.614000,-23.534894,21.891733,True,False,GREEN,0.469833
monza_nor_lap35_to_hard_new_fixed_context,NOR,35,HARD,new,fixed_context,M-H-H,2,7.522178,3.180770,11.699632,0.012000,-14.363434,21.869938,True,False,GREEN,0.467042
monza_nor_lap36_to_soft_new_fixed_context,NOR,36,SOFT,new,fixed_context,M-H-S,2,-14.901540,-21.557252,-8.630961,1.000000,-36.822557,21.658602,True,False,GREEN,0.467667
monza_nor_lap36_to_medium_new_fixed_context,NOR,36,MEDIUM,new,fixed_context,M-H-M,2,-0.613646,-7.433905,6.078833,0.546000,-22.672385,21.891733,True,False,GREEN,0.465083
monza_nor_lap36_to_hard_new_fixed_context,NOR,36,HARD,new,fixed_context,M-H-H,2,7.903046,3.611712,12.037642,0.010000,-13.989386,21.869938,True,False,GREEN,0.471541
monza_nor_lap37_to_soft_new_fixed_context,NOR,37,SOFT,new,fixed_context,M-H-S,2,-13.143744,-19.481874,-7.141265,0.998000,-35.051637,21.658602,True,False,GREEN,0.466125
monza_nor_lap37_to_medium_new_fixed_context,NOR,37,MEDIUM,new,fixed_context,M-H-M,2,0.244537,-6.249631,6.797219,0.476000,-21.757524,21.891733,True,False,GREEN,0.472458
monza_nor_lap37_to_hard_new_fixed_context,NOR,37,HARD,new,fixed_context,M-H-H,2,8.335787,4.057172,12.445917,0.008000,-13.565465,21.869938,True,False,GREEN,0.468750
monza_nor_lap38_to_soft_new_fixed_context,NOR,38,SOFT,new,fixed_context,M-H-S,2,-11.328621,-17.546669,-5.534359,0.996000,-33.231328,21.658602,True,False,GREEN,0.466542
monza_nor_lap38_to_medium_new_fixed_context,NOR,38,MEDIUM,new,fixed_context,M-H-M,2,1.241546,-4.966317,7.476379,0.410000,-20.790313,21.891733,True,False,GREEN,0.467084
monza_nor_lap38_to_hard_new_fixed_context,NOR,38,HARD,new,fixed_context,M-H-H,2,8.824804,4.551735,12.858940,0.006000,-13.091671,21.869938,True,False,GREEN,0.472416
monza_nor_lap39_to_soft_new_fixed_context,NOR,39,SOFT,new,fixed_context,M-H-S,2,-9.446112,-15.296641,-3.851924,0.992000,-31.361630,21.658602,True,False,GREEN,0.468334
monza_nor_lap39_to_medium_new_fixed_context,NOR,39,MEDIUM,new,fixed_context,M-H-M,2,2.247783,-3.693848,8.164762,0.330000,-19.770750,21.891733,True,False,GREEN,0.467875
monza_nor_lap39_to_hard_new_fixed_context,NOR,39,HARD,new,fixed_context,M-H-H,2,9.330574,5.107871,13.331956,0.002000,-12.568004,21.869938,True,False,GREEN,0.466667
monza_nor_lap40_to_soft_new_fixed_context,NOR,40,SOFT,new,fixed_context,M-H-S,2,-7.557058,-13.210448,-2.229389,0.972000,-29.442543,21.658602,True,False,GREEN,0.464208
monza_nor_lap40_to_medium_new_fixed_context,NOR,40,MEDIUM,new,fixed_context,M-H-M,2,3.280572,-2.396307,8.975236,0.250000,-18.698836,21.891733,True,False,GREEN,0.468500
monza_nor_lap40_to_hard_new_fixed_context,NOR,40,HARD,new,fixed_context,M-H-H,2,9.936667,5.731670,13.875809,0.002000,-11.994464,21.869938,True,False,GREEN,0.464625
monza_nor_lap41_to_soft_new_fixed_context,NOR,41,SOFT,new,fixed_context,M-H-S,2,-5.659880,-11.075580,-0.685939,0.918000,-27.474066,21.658602,True,False,GREEN,0.471916
monza_nor_lap41_to_medium_new_fixed_context,NOR,41,MEDIUM,new,fixed_context,M-H-M,2,4.420213,-1.048304,9.804106,0.170000,-17.574571,21.891733,True,False,GREEN,0.467000
monza_nor_lap41_to_hard_new_fixed_context,NOR,41,HARD,new,fixed_context,M-H-H,2,10.575704,6.373743,14.467988,0.002000,-11.371052,21.869938,True,False,GREEN,0.469083
monza_nor_lap42_to_soft_new_fixed_context,NOR,42,SOFT,new,fixed_context,M-H-S,2,-3.624886,-8.875206,1.190927,0.832000,-25.456201,21.658602,True,False,GREEN,0.467167
monza_nor_lap42_to_medium_new_fixed_context,NOR,42,MEDIUM,new,fixed_context,M-H-M,2,5.502410,0.306651,10.605513,0.080000,-16.397955,21.891733,True,False,GREEN,0.468709
monza_nor_lap42_to_hard_new_fixed_context,NOR,42,HARD,new,fixed_context,M-H-H,2,11.216353,7.060438,15.111562,0.002000,-10.697766,21.869938,True,False,GREEN,0.466208
monza_nor_lap43_to_soft_new_fixed_context,NOR,43,SOFT,new,fixed_context,M-H-S,2,-1.579030,-6.455506,2.982887,0.654000,-23.388946,21.658602,True,False,GREEN,0.468208
monza_nor_lap43_to_medium_new_fixed_context,NOR,43,MEDIUM,new,fixed_context,M-H-M,2,6.677712,1.786609,11.567651,0.026000,-15.168987,21.891733,True,False,GREEN,0.468584
monza_nor_lap43_to_hard_new_fixed_context,NOR,43,HARD,new,fixed_context,M-H-H,2,11.965306,7.797101,15.877664,0.002000,-9.974607,21.869938,True,False,GREEN,0.471375
monza_nor_lap44_to_soft_new_fixed_context,NOR,44,SOFT,new,fixed_context,M-H-S,2,0.553709,-4.103217,4.959034,0.444000,-21.272302,21.658602,True,False,GREEN,0.479333
monza_nor_lap44_to_medium_new_fixed_context,NOR,44,MEDIUM,new,fixed_context,M-H-M,2,7.898525,3.354510,12.628657,0.010000,-13.887669,21.891733,True,False,GREEN,0.472708
monza_nor_lap44_to_hard_new_fixed_context,NOR,44,HARD,new,fixed_context,M-H-H,2,12.685143,8.706092,16.613943,0.000000,-9.201575,21.869938,True,False,GREEN,0.464667
monza_nor_lap45_to_soft_new_fixed_context,NOR,45,SOFT,new,fixed_context,M-H-S,2,2.722944,-1.717627,7.063726,0.258000,-19.106270,21.658602,True,False,GREEN,0.467417
monza_nor_lap45_to_medium_new_fixed_context,NOR,45,MEDIUM,new,fixed_context,M-H-M,2,9.319469,4.901687,13.749314,0.002000,-12.553999,21.891733,True,False,GREEN,0.464084
monza_nor_lap45_to_hard_new_fixed_context,NOR,45,HARD,new,fixed_context,M-H-H,2,13.482889,9.531462,17.333826,0.000000,-8.378670,21.869938,True,False,GREEN,0.464375
monza_nor_lap46_to_soft_new_fixed_context,NOR,46,SOFT,new,fixed_context,M-H-S,2,4.958302,0.547602,9.084138,0.074000,-16.890848,21.658602,True,False,GREEN,0.463333
monza_nor_lap46_to_medium_new_fixed_context,NOR,46,MEDIUM,new,fixed_context,M-H-M,2,10.729076,6.516407,14.945671,0.000000,-11.167978,21.891733,True,False,GREEN,0.464750
monza_nor_lap46_to_hard_new_fixed_context,NOR,46,HARD,new,fixed_context,M-H-H,2,14.352224,10.484592,18.138661,0.000000,-7.505891,21.869938,True,False,GREEN,0.459542
monza_nor_lap47_to_soft_new_fixed_context,NOR,47,SOFT,new,fixed_context,M-H-S,2,7.204594,2.881214,11.178201,0.024000,-14.626037,21.658602,True,False,GREEN,0.458500
monza_nor_lap47_to_medium_new_fixed_context,NOR,47,MEDIUM,new,fixed_context,M-H-M,2,12.236090,8.281119,16.235974,0.000000,-9.729606,21.891733,True,False,GREEN,0.466292
monza_nor_lap47_to_hard_new_fixed_context,NOR,47,HARD,new,fixed_context,M-H-H,2,15.264526,11.473773,18.988916,0.000000,-6.583240,21.869938,True,False,GREEN,0.459958
monza_nor_lap48_to_soft_new_fixed_context,NOR,48,SOFT,new,fixed_context,M-H-S,2,9.442965,5.409450,13.370777,0.004000,-12.311837,21.658602,True,False,GREEN,0.461666
monza_nor_lap48_to_medium_new_fixed_context,NOR,48,MEDIUM,new,fixed_context,M-H-M,2,13.723847,9.879678,17.479237,0.000000,-8.238883,21.891733,True,False,GREEN,0.460292
monza_nor_lap48_to_hard_new_fixed_context,NOR,48,HARD,new,fixed_context,M-H-H,2,16.260017,12.450071,19.924265,0.000000,-5.610716,21.869938,True,False,GREEN,0.458708
monza_nor_lap49_to_soft_new_fixed_context,NOR,49,SOFT,new,fixed_context,M-H-S,2,11.712027,7.812305,15.510669,0.000000,-9.948248,21.658602,True,False,GREEN,0.459000
monza_nor_lap49_to_medium_new_fixed_context,NOR,49,MEDIUM,new,fixed_context,M-H-M,2,15.206027,11.579332,18.855208,0.000000,-6.695809,21.891733,True,False,GREEN,0.463041
monza_nor_lap49_to_hard_new_fixed_context,NOR,49,HARD,new,fixed_context,M-H-H,2,17.228642,13.548542,20.918075,0.000000,-4.588319,21.869938,True,False,GREEN,0.457792
monza_nor_lap50_to_soft_new_fixed_context,NOR,50,SOFT,new,fixed_context,M-H-S,2,14.060982,10.342336,17.951659,0.000000,-7.535269,21.658602,True,False,GREEN,0.460541
monza_nor_lap50_to_medium_new_fixed_context,NOR,50,MEDIUM,new,fixed_context,M-H-M,2,16.774187,13.282066,20.370046,0.000000,-5.100383,21.891733,True,False,GREEN,0.455667
monza_nor_lap50_to_hard_new_fixed_context,NOR,50,HARD,new,fixed_context,M-H-H,2,18.277449,14.706268,21.943078,0.000000,-3.516049,21.869938,True,False,GREEN,0.462458
monza_nor_lap51_to_soft_new_fixed_context,NOR,51,SOFT,new,fixed_context,M-H-S,2,16.822177,13.314341,20.305863,0.000000,-5.072902,21.920263,True,False,GREEN,0.457708
monza_nor_lap51_to_medium_new_fixed_context,NOR,51,MEDIUM,new,fixed_context,M-H-M,2,18.617007,15.258875,22.086125,0.000000,-3.452607,22.090607,True,False,GREEN,0.454959
monza_nor_lap51_to_hard_new_fixed_context,NOR,51,HARD,new,fixed_context,M-H-H,2,19.424812,16.162691,23.165764,0.000000,-2.393906,21.915726,True,False,GREEN,0.500125
monza_nor_lap52_to_soft_new_fixed_context,NOR,52,SOFT,new,fixed_context,M-H-S,2,19.366073,16.040126,22.842336,0.000000,-2.561146,22.037352,True,False,GREEN,0.483250
monza_nor_lap52_to_medium_new_fixed_context,NOR,52,MEDIUM,new,fixed_context,M-H-M,2,20.151751,16.958207,23.733433,0.000000,-1.752479,22.037352,True,False,GREEN,0.459416
monza_nor_lap52_to_hard_new_fixed_context,NOR,52,HARD,new,fixed_context,M-H-H,2,20.684307,17.370775,24.197185,0.000000,-1.221889,22.037352,True,False,GREEN,0.510708
monza_oco_lap2_to_soft_new_fixed_context,OCO,2,SOFT,new,fixed_context,S-S-H-M,3,-9.983606,-12.053604,-7.774795,1.000000,0.000000,-9.976817,True,True,GREEN,2.792292
monza_oco_lap2_to_medium_new_fixed_context,OCO,2,MEDIUM,new,fixed_context,S-M-H-M,3,-9.983606,-12.053604,-7.774795,1.000000,0.000000,-9.976817,True,True,GREEN,0.524750
monza_oco_lap2_to_hard_new_fixed_context,OCO,2,HARD,new,fixed_context,S-H-H-M,3,-9.983606,-12.053604,-7.774795,1.000000,0.000000,-9.976817,True,True,GREEN,0.508916
monza_oco_lap3_to_soft_new_fixed_context,OCO,3,SOFT,new,fixed_context,S-S-M,2,-36.499848,-43.232605,-29.933053,1.000000,-26.414863,-10.192689,True,True,RED,0.505500
monza_oco_lap3_to_medium_new_fixed_context,OCO,3,MEDIUM,new,fixed_context,S-M-M,2,-20.406738,-26.670737,-13.994822,1.000000,-10.292480,-10.129902,True,True,RED,0.506583
monza_oco_lap3_to_hard_new_fixed_context,OCO,3,HARD,new,fixed_context,S-H-M,2,-9.983606,-12.053604,-7.774795,1.000000,0.000000,-9.976817,True,True,RED,0.493792
monza_oco_lap4_to_soft_new_fixed_context,OCO,4,SOFT,new,fixed_context,S-H-S-M,3,-37.049935,-43.516787,-30.715268,1.000000,-26.904050,-10.192689,True,True,RED,0.528458
monza_oco_lap4_to_medium_new_fixed_context,OCO,4,MEDIUM,new,fixed_context,S-H-M-M,3,-20.870999,-27.208237,-14.524428,1.000000,-10.782281,-10.129902,True,True,RED,0.525875
monza_oco_lap4_to_hard_new_fixed_context,OCO,4,HARD,new,fixed_context,S-H-H-M,3,-10.454313,-12.499044,-8.263206,1.000000,-0.462477,-9.976817,True,True,RED,0.497625
monza_oco_lap5_to_soft_new_fixed_context,OCO,5,SOFT,new,fixed_context,S-H-S-M,3,-37.573204,-43.879290,-31.427484,1.000000,-27.393236,-10.192689,True,True,RED,0.493000
monza_oco_lap5_to_medium_new_fixed_context,OCO,5,MEDIUM,new,fixed_context,S-H-M-M,3,-21.332584,-27.760893,-14.988034,1.000000,-11.272082,-10.129902,True,True,RED,0.483042
monza_oco_lap5_to_hard_new_fixed_context,OCO,5,HARD,new,fixed_context,S-H-H-M,3,-10.940371,-13.015248,-8.715741,1.000000,-0.924954,-9.976817,True,True,RED,0.491042
monza_oco_lap6_to_soft_new_fixed_context,OCO,6,SOFT,new,fixed_context,S-H-S-M,3,-16.021653,-24.982924,-8.327467,0.998000,-27.882423,11.465913,True,False,MISSING,0.480958
monza_oco_lap6_to_medium_new_fixed_context,OCO,6,MEDIUM,new,fixed_context,S-H-M-M,3,-0.298826,-8.347376,8.244626,0.520000,-11.761883,11.761830,True,False,MISSING,0.482500
monza_oco_lap6_to_hard_new_fixed_context,OCO,6,HARD,new,fixed_context,S-H-H-M,3,10.480472,4.877817,16.110176,0.008000,-1.387431,11.893121,True,False,MISSING,0.479958
monza_oco_lap7_to_soft_new_fixed_context,OCO,7,SOFT,new,fixed_context,S-H-S-M,3,-14.870918,-23.175489,-7.444412,0.996000,-26.940342,11.681786,True,False,GREEN,0.484667
monza_oco_lap7_to_medium_new_fixed_context,OCO,7,MEDIUM,new,fixed_context,S-H-M-M,3,0.001499,-7.692668,8.133514,0.500000,-11.626121,11.914916,True,False,GREEN,0.482584
monza_oco_lap7_to_hard_new_fixed_context,OCO,7,HARD,new,fixed_context,S-H-H-M,3,10.127801,4.482402,15.709295,0.010000,-1.757412,11.893121,True,False,GREEN,0.480209
monza_oco_lap8_to_soft_new_fixed_context,OCO,8,SOFT,new,fixed_context,S-H-S-M,3,-13.966636,-21.738326,-6.592030,0.996000,-25.950678,11.681786,True,False,GREEN,0.478208
monza_oco_lap8_to_medium_new_fixed_context,OCO,8,MEDIUM,new,fixed_context,S-H-M-M,3,0.173377,-7.273289,8.005454,0.486000,-11.442745,11.914916,True,False,GREEN,0.477750
monza_oco_lap8_to_hard_new_fixed_context,OCO,8,HARD,new,fixed_context,S-H-H-M,3,9.774755,4.103666,15.394733,0.010000,-2.081146,11.893121,True,False,GREEN,0.478083
monza_oco_lap9_to_soft_new_fixed_context,OCO,9,SOFT,new,fixed_context,S-H-S-M,3,-12.929435,-20.634842,-5.989994,0.994000,-24.913431,11.681786,True,False,GREEN,0.478375
monza_oco_lap9_to_medium_new_fixed_context,OCO,9,MEDIUM,new,fixed_context,S-H-M-M,3,0.479472,-6.840310,8.017434,0.466000,-11.211755,11.914916,True,False,GREEN,0.480125
monza_oco_lap9_to_hard_new_fixed_context,OCO,9,HARD,new,fixed_context,S-H-H-M,3,9.467186,3.801329,15.125107,0.012000,-2.358633,11.893121,True,False,GREEN,0.479209
monza_oco_lap10_to_soft_new_fixed_context,OCO,10,SOFT,new,fixed_context,S-H-S-M,3,-11.888641,-19.240128,-5.267043,0.990000,-23.828601,11.681786,True,False,GREEN,0.484500
monza_oco_lap10_to_medium_new_fixed_context,OCO,10,MEDIUM,new,fixed_context,S-H-M-M,3,0.791677,-6.292196,8.125401,0.448000,-10.933151,11.914916,True,False,GREEN,0.475500
monza_oco_lap10_to_hard_new_fixed_context,OCO,10,HARD,new,fixed_context,S-H-H-M,3,9.235811,3.594095,14.893783,0.014000,-2.589871,11.893121,True,False,GREEN,0.476958
monza_oco_lap11_to_soft_new_fixed_context,OCO,11,SOFT,new,fixed_context,S-H-S-M,3,-10.851212,-18.090066,-4.235392,0.982000,-22.696187,11.681786,True,False,GREEN,0.473666
monza_oco_lap11_to_medium_new_fixed_context,OCO,11,MEDIUM,new,fixed_context,S-H-M-M,3,1.165782,-5.799681,8.243910,0.416000,-10.606934,11.914916,True,False,GREEN,0.476166
monza_oco_lap11_to_hard_new_fixed_context,OCO,11,HARD,new,fixed_context,S-H-H-M,3,9.056992,3.419146,14.708718,0.018000,-2.774862,11.893121,True,False,GREEN,0.477417
monza_oco_lap12_to_soft_new_fixed_context,OCO,12,SOFT,new,fixed_context,S-H-S-M,3,-9.711273,-16.713931,-3.100549,0.972000,-21.516190,11.681786,True,False,GREEN,0.473125
monza_oco_lap12_to_medium_new_fixed_context,OCO,12,MEDIUM,new,fixed_context,S-H-M-M,3,1.570493,-5.308156,8.597610,0.384000,-10.233102,11.914916,True,False,GREEN,0.478334
monza_oco_lap12_to_hard_new_fixed_context,OCO,12,HARD,new,fixed_context,S-H-H-M,3,8.922344,3.292477,14.561195,0.018000,-2.913605,11.893121,True,False,GREEN,0.481708
monza_oco_lap13_to_soft_new_fixed_context,OCO,13,SOFT,new,fixed_context,S-H-S-M,3,-8.544596,-15.287794,-1.919296,0.954000,-20.288610,11.681786,True,False,GREEN,0.478458
monza_oco_lap13_to_medium_new_fixed_context,OCO,13,MEDIUM,new,fixed_context,S-H-M-M,3,1.961527,-4.623488,8.853738,0.360000,-9.811657,11.914916,True,False,GREEN,0.485875
monza_oco_lap13_to_hard_new_fixed_context,OCO,13,HARD,new,fixed_context,S-H-H-M,3,8.823425,3.208031,14.449130,0.018000,-3.006100,11.893121,True,False,GREEN,0.476750
monza_oco_lap14_to_soft_new_fixed_context,OCO,14,SOFT,new,fixed_context,S-H-S-M,3,-7.284856,-13.697241,-0.687950,0.926000,-19.013447,11.681786,True,False,GREEN,0.475209
monza_oco_lap14_to_medium_new_fixed_context,OCO,14,MEDIUM,new,fixed_context,S-H-M-M,3,2.396667,-3.969130,9.211757,0.322000,-9.342597,11.914916,True,False,GREEN,0.476416
monza_oco_lap14_to_hard_new_fixed_context,OCO,14,HARD,new,fixed_context,S-H-H-M,3,8.775753,3.165808,14.393097,0.018000,-3.052348,11.893121,True,False,GREEN,0.472917
monza_oco_lap15_to_soft_new_fixed_context,OCO,15,SOFT,new,fixed_context,S-H-S-M,3,-5.868191,-12.327653,0.454932,0.888000,-17.690701,11.681786,True,False,GREEN,0.471542
monza_oco_lap15_to_medium_new_fixed_context,OCO,15,MEDIUM,new,fixed_context,S-H-M-M,3,2.955629,-3.204415,9.611160,0.278000,-8.825924,11.914916,True,False,GREEN,0.472167
monza_oco_lap15_to_hard_new_fixed_context,OCO,15,HARD,new,fixed_context,S-H-H-M,3,8.775753,3.165808,14.393097,0.018000,-3.052348,11.893121,True,False,GREEN,0.474167
monza_oco_lap16_to_soft_new_fixed_context,OCO,16,SOFT,new,fixed_context,S-H-S-M,3,-4.572515,-10.785533,1.656452,0.826000,-16.320371,11.681786,True,False,GREEN,0.471875
monza_oco_lap16_to_medium_new_fixed_context,OCO,16,MEDIUM,new,fixed_context,S-H-M-M,3,3.545869,-2.414430,9.973346,0.248000,-8.261637,11.914916,True,False,GREEN,0.471708
monza_oco_lap16_to_hard_new_fixed_context,OCO,16,HARD,new,fixed_context,S-H-H-M,3,8.823425,3.208031,14.449130,0.018000,-3.006100,11.893121,True,False,GREEN,0.471458
monza_oco_lap17_to_soft_new_fixed_context,OCO,17,SOFT,new,fixed_context,S-H-S,2,-28.859277,-43.044548,-17.785735,1.000000,-28.379076,-1.558500,False,False,GREEN,0.486125
monza_oco_lap17_to_medium_new_fixed_context,OCO,17,MEDIUM,new,fixed_context,S-H-M,2,-3.120372,-7.360041,1.586634,0.778000,-1.772123,-1.262583,True,False,GREEN,0.485959
monza_oco_lap17_to_hard_new_fixed_context,OCO,17,HARD,new,fixed_context,S-H-H,2,14.110004,4.845033,21.489506,0.008000,14.987095,-1.131292,True,False,GREEN,0.481000
monza_oco_lap18_to_soft_new_fixed_context,OCO,18,SOFT,new,fixed_context,S-H-S,2,-28.034775,-41.526816,-17.146800,1.000000,-27.500604,-1.558500,False,False,GREEN,0.481750
monza_oco_lap18_to_medium_new_fixed_context,OCO,18,MEDIUM,new,fixed_context,S-H-M,2,-3.044001,-7.168378,1.574162,0.794000,-1.700369,-1.262583,True,False,GREEN,0.481167
monza_oco_lap18_to_hard_new_fixed_context,OCO,18,HARD,new,fixed_context,S-H-H,2,13.707169,4.407951,20.997150,0.014000,14.570865,-1.131292,True,False,GREEN,0.481250
monza_oco_lap19_to_soft_new_fixed_context,OCO,19,SOFT,new,fixed_context,S-H-S,2,-27.173973,-40.073320,-16.443868,1.000000,-26.574549,-1.558500,False,False,GREEN,0.482834
monza_oco_lap19_to_medium_new_fixed_context,OCO,19,MEDIUM,new,fixed_context,S-H-M,2,-2.925091,-6.934319,1.378579,0.786000,-1.581001,-1.262583,True,False,GREEN,0.482292
monza_oco_lap19_to_hard_new_fixed_context,OCO,19,HARD,new,fixed_context,S-H-H,2,13.339982,4.030433,20.593030,0.014000,14.200884,-1.131292,True,False,GREEN,0.484667
monza_oco_lap20_to_soft_new_fixed_context,OCO,20,SOFT,new,fixed_context,S-H-S,2,-26.268985,-38.490577,-15.950559,1.000000,-25.600911,-1.558500,False,False,GREEN,0.479917
monza_oco_lap20_to_medium_new_fixed_context,OCO,20,MEDIUM,new,fixed_context,S-H-M,2,-2.741765,-6.667429,1.478633,0.786000,-1.414020,-1.262583,True,False,GREEN,0.483375
monza_oco_lap20_to_hard_new_fixed_context,OCO,20,HARD,new,fixed_context,S-H-H,2,13.028983,3.724717,20.202795,0.018000,13.877150,-1.131292,True,False,GREEN,0.482458
monza_oco_lap21_to_soft_new_fixed_context,OCO,21,SOFT,new,fixed_context,S-H-S,2,-25.523963,-37.003070,-15.548297,1.000000,-24.579690,-1.558500,False,False,GREEN,0.486458
monza_oco_lap21_to_medium_new_fixed_context,OCO,21,MEDIUM,new,fixed_context,S-H-M,2,-2.560165,-6.350902,1.505273,0.776000,-1.199424,-1.262583,True,False,GREEN,0.479708
monza_oco_lap21_to_hard_new_fixed_context,OCO,21,HARD,new,fixed_context,S-H-H,2,12.738952,3.420338,19.902717,0.020000,13.599664,-1.131292,True,False,GREEN,0.475834
monza_oco_lap22_to_soft_new_fixed_context,OCO,22,SOFT,new,fixed_context,S-H-S,2,-24.556272,-35.547555,-14.975583,1.000000,-23.510885,-1.558500,False,False,GREEN,0.474583
monza_oco_lap22_to_medium_new_fixed_context,OCO,22,MEDIUM,new,fixed_context,S-H-M,2,-2.175578,-5.902165,1.668854,0.762000,-0.937215,-1.262583,True,False,GREEN,0.477000
monza_oco_lap22_to_hard_new_fixed_context,OCO,22,HARD,new,fixed_context,S-H-H,2,12.484443,3.172061,19.669664,0.026000,13.368425,-1.131292,True,False,GREEN,0.479542
monza_oco_lap23_to_soft_new_fixed_context,OCO,23,SOFT,new,fixed_context,S-H-S,2,-23.446583,-33.800508,-14.026744,1.000000,-22.394498,-1.558500,False,False,GREEN,0.477584
monza_oco_lap23_to_medium_new_fixed_context,OCO,23,MEDIUM,new,fixed_context,S-H-M,2,-1.868298,-5.429741,1.759504,0.732000,-0.627392,-1.262583,True,False,GREEN,0.480208
monza_oco_lap23_to_hard_new_fixed_context,OCO,23,HARD,new,fixed_context,S-H-H,2,12.285459,3.004364,19.509290,0.026000,13.183434,-1.131292,True,False,GREEN,0.476666
monza_oco_lap24_to_soft_new_fixed_context,OCO,24,SOFT,new,fixed_context,S-H-S,2,-22.048117,-32.018812,-13.372427,1.000000,-21.230527,-1.296839,False,False,GREEN,0.476375
monza_oco_lap24_to_medium_new_fixed_context,OCO,24,MEDIUM,new,fixed_context,S-H-M,2,-1.395661,-4.696180,2.156145,0.678000,-0.269955,-1.063709,True,False,GREEN,0.487792
monza_oco_lap24_to_hard_new_fixed_context,OCO,24,HARD,new,fixed_context,S-H-H,2,12.308216,3.201200,19.365298,0.024000,13.044691,-1.085504,True,False,GREEN,0.472250
monza_oco_lap25_to_soft_new_fixed_context,OCO,25,SOFT,new,fixed_context,S-H-S,2,-20.841925,-30.207970,-12.365312,1.000000,-20.018973,-1.179750,False,False,GREEN,0.476334
monza_oco_lap25_to_medium_new_fixed_context,OCO,25,MEDIUM,new,fixed_context,S-H-M,2,-1.055581,-4.350020,2.451782,0.634000,0.135096,-1.116964,True,False,GREEN,0.474709
monza_oco_lap25_to_hard_new_fixed_context,OCO,25,HARD,new,fixed_context,S-H-H,2,12.307595,3.282797,19.530019,0.024000,12.952196,-0.963878,True,False,GREEN,0.469208
monza_oco_lap26_to_soft_new_fixed_context,OCO,26,SOFT,new,fixed_context,S-H-S,2,-26.892629,-35.564318,-19.352829,1.000000,-18.759835,-8.611747,False,False,GREEN,0.472709
monza_oco_lap26_to_medium_new_fixed_context,OCO,26,MEDIUM,new,fixed_context,S-H-M,2,-7.973412,-10.191081,-5.548903,1.000000,0.587761,-8.486173,True,False,GREEN,0.477666
monza_oco_lap26_to_hard_new_fixed_context,OCO,26,HARD,new,fixed_context,S-H-H,2,4.928445,-3.266538,11.772999,0.196000,12.905948,-8.180002,True,False,GREEN,0.476583
monza_oco_lap27_to_soft_new_fixed_context,OCO,27,SOFT,new,fixed_context,S-H-S,2,-29.300630,-37.532714,-21.780390,1.000000,-19.346859,-10.272734,True,False,VSC,0.472375
monza_oco_lap27_to_medium_new_fixed_context,OCO,27,MEDIUM,new,fixed_context,S-H-M,2,-9.983606,-12.053604,-7.774795,1.000000,0.000000,-9.976817,True,False,VSC,0.459916
monza_oco_lap27_to_hard_new_fixed_context,OCO,27,HARD,new,fixed_context,S-H-H,2,2.634111,-5.746996,9.290559,0.330000,12.350976,-9.845525,True,False,VSC,0.477291
monza_oco_lap28_to_soft_new_fixed_context,OCO,28,SOFT,new,fixed_context,S-H-S,2,-22.868681,-31.068266,-14.456950,1.000000,-19.933884,-3.102398,True,False,VSC,0.496834
monza_oco_lap28_to_medium_new_fixed_context,OCO,28,MEDIUM,new,fixed_context,S-H-M,2,-3.414929,-6.642324,-0.161910,0.912000,-0.587761,-2.806481,True,False,VSC,0.478958
monza_oco_lap28_to_hard_new_fixed_context,OCO,28,HARD,new,fixed_context,S-H-H,2,9.267062,0.356982,16.294985,0.090000,11.796004,-2.675190,True,False,VSC,0.504833
monza_oco_lap29_to_soft_new_fixed_context,OCO,29,SOFT,new,fixed_context,S-H-S,2,-19.682262,-27.680761,-12.285148,1.000000,-18.580916,-1.342628,True,False,GREEN,0.478000
monza_oco_lap29_to_medium_new_fixed_context,OCO,29,MEDIUM,new,fixed_context,S-H-M,2,-1.090838,-4.828898,2.227340,0.644000,-0.041235,-1.109498,True,False,GREEN,0.517834
monza_oco_lap29_to_hard_new_fixed_context,OCO,29,HARD,new,fixed_context,S-H-H,2,10.951565,1.826814,18.139652,0.048000,11.842251,-1.131292,True,False,GREEN,0.478834
monza_oco_lap30_to_soft_new_fixed_context,OCO,30,SOFT,new,fixed_context,S-H-S,2,-18.287933,-26.125005,-11.057537,1.000000,-17.180364,-1.342628,True,False,GREEN,0.494250
monza_oco_lap30_to_medium_new_fixed_context,OCO,30,MEDIUM,new,fixed_context,S-H-M,2,-0.463940,-4.348334,2.923180,0.568000,0.552906,-1.109498,True,False,GREEN,0.478958
monza_oco_lap30_to_hard_new_fixed_context,OCO,30,HARD,new,fixed_context,S-H-H,2,11.047316,1.903982,18.241381,0.048000,11.934747,-1.131292,True,False,GREEN,0.513417
monza_oco_lap31_to_soft_new_fixed_context,OCO,31,SOFT,new,fixed_context,S-H-S,2,-16.895868,-24.383859,-9.690536,0.998000,-15.732230,-1.342628,True,False,GREEN,0.488542
monza_oco_lap31_to_medium_new_fixed_context,OCO,31,MEDIUM,new,fixed_context,S-H-M,2,0.116661,-3.793996,3.769280,0.488000,1.194660,-1.109498,True,False,GREEN,0.487708
monza_oco_lap31_to_hard_new_fixed_context,OCO,31,HARD,new,fixed_context,S-H-H,2,11.190941,2.025206,18.393975,0.044000,12.073490,-1.131292,True,False,GREEN,0.486125
monza_oco_lap32_to_soft_new_fixed_context,OCO,32,SOFT,new,fixed_context,S-H-S,2,-15.517354,-22.610675,-8.416441,0.996000,-14.236512,-1.342628,True,False,GREEN,0.496584
monza_oco_lap32_to_medium_new_fixed_context,OCO,32,MEDIUM,new,fixed_context,S-H-M,2,0.832043,-3.070334,4.626242,0.388000,1.884028,-1.109498,True,False,GREEN,0.477375
monza_oco_lap32_to_hard_new_fixed_context,OCO,32,HARD,new,fixed_context,S-H-H,2,11.375475,2.187963,18.597433,0.040000,12.258480,-1.131292,True,False,GREEN,0.522833
monza_oco_lap33_to_soft_new_fixed_context,OCO,33,SOFT,new,fixed_context,S-H-S,2,-14.039452,-21.036950,-6.884672,0.988000,-12.693211,-1.342628,True,False,GREEN,0.513416
monza_oco_lap33_to_medium_new_fixed_context,OCO,33,MEDIUM,new,fixed_context,S-H-M,2,1.618940,-2.469827,5.589989,0.302000,2.621010,-1.109498,True,False,GREEN,0.518583
monza_oco_lap33_to_hard_new_fixed_context,OCO,33,HARD,new,fixed_context,S-H-H,2,11.621817,2.391410,18.850887,0.032000,12.489719,-1.131292,True,False,GREEN,0.469167
monza_oco_lap34_to_soft_new_fixed_context,OCO,34,SOFT,new,fixed_context,S-H-S,2,-12.264586,-19.266489,-5.332194,0.982000,-11.102327,-1.342628,True,False,GREEN,0.471209
monza_oco_lap34_to_medium_new_fixed_context,OCO,34,MEDIUM,new,fixed_context,S-H-M,2,2.492679,-1.789698,6.485445,0.254000,3.405606,-1.109498,True,False,GREEN,0.476583
monza_oco_lap34_to_hard_new_fixed_context,OCO,34,HARD,new,fixed_context,S-H-H,2,11.885521,2.635546,19.138650,0.028000,12.767205,-1.131292,True,False,GREEN,0.471625
monza_oco_lap35_to_soft_new_fixed_context,OCO,35,SOFT,new,fixed_context,S-H-S,2,-10.615415,-17.546267,-3.811539,0.972000,-9.463860,-1.342628,True,False,GREEN,0.474458
monza_oco_lap35_to_medium_new_fixed_context,OCO,35,MEDIUM,new,fixed_context,S-H-M,2,3.333969,-1.222690,7.349863,0.188000,4.237816,-1.109498,True,False,GREEN,0.475833
monza_oco_lap35_to_hard_new_fixed_context,OCO,35,HARD,new,fixed_context,S-H-H,2,12.192823,2.920957,19.429102,0.026000,13.090939,-1.131292,True,False,GREEN,0.469875
monza_oco_lap36_to_soft_new_fixed_context,OCO,36,SOFT,new,fixed_context,S-H-S,2,-8.970737,-15.857267,-2.187283,0.948000,-7.777809,-1.342628,True,False,GREEN,0.477042
monza_oco_lap36_to_medium_new_fixed_context,OCO,36,MEDIUM,new,fixed_context,S-H-M,2,4.222490,-0.652211,8.477773,0.128000,5.117640,-1.109498,True,False,GREEN,0.472208
monza_oco_lap36_to_hard_new_fixed_context,OCO,36,HARD,new,fixed_context,S-H-H,2,12.583935,3.268148,19.755377,0.026000,13.460921,-1.131292,True,False,GREEN,0.471750
monza_oco_lap37_to_soft_new_fixed_context,OCO,37,SOFT,new,fixed_context,S-H-S,2,-7.348218,-14.074340,-0.502058,0.918000,-6.044175,-1.342628,True,False,GREEN,0.471625
monza_oco_lap37_to_medium_new_fixed_context,OCO,37,MEDIUM,new,fixed_context,S-H-M,2,5.190680,0.038447,9.530651,0.096000,6.045078,-1.109498,True,False,GREEN,0.475042
monza_oco_lap37_to_hard_new_fixed_context,OCO,37,HARD,new,fixed_context,S-H-H,2,13.028983,3.724717,20.202795,0.018000,13.877150,-1.131292,True,False,GREEN,0.478084
monza_oco_lap38_to_soft_new_fixed_context,OCO,38,SOFT,new,fixed_context,S-H-M-S,3,-3.504594,-9.788095,3.402861,0.746000,-15.054556,11.681786,True,False,GREEN,0.481208
monza_oco_lap38_to_medium_new_fixed_context,OCO,38,MEDIUM,new,fixed_context,S-H-M-M,3,8.163754,2.535917,13.776699,0.036000,-3.771468,11.914916,True,False,GREEN,0.478750
monza_oco_lap38_to_hard_new_fixed_context,OCO,38,HARD,new,fixed_context,S-H-M-H,3,15.354878,8.448860,22.363011,0.006000,3.548029,11.893121,True,False,GREEN,0.477000
monza_oco_lap39_to_soft_new_fixed_context,OCO,39,SOFT,new,fixed_context,S-H-M-S,3,-2.679713,-8.821229,4.040993,0.696000,-14.297402,11.681786,True,False,GREEN,0.479209
monza_oco_lap39_to_medium_new_fixed_context,OCO,39,MEDIUM,new,fixed_context,S-H-M-M,3,8.120230,2.494243,13.728209,0.036000,-3.820449,11.914916,True,False,GREEN,0.474375
monza_oco_lap39_to_hard_new_fixed_context,OCO,39,HARD,new,fixed_context,S-H-M-H,3,14.837285,8.048853,21.754281,0.006000,2.985108,11.893121,True,False,GREEN,0.475458
monza_oco_lap40_to_soft_new_fixed_context,OCO,40,SOFT,new,fixed_context,S-H-M-S,3,-1.899976,-7.870587,4.635163,0.630000,-13.491298,11.681786,True,False,GREEN,0.529750
monza_oco_lap40_to_medium_new_fixed_context,OCO,40,MEDIUM,new,fixed_context,S-H-M-M,3,8.120230,2.494243,13.728209,0.036000,-3.820449,11.914916,True,False,GREEN,0.658041
monza_oco_lap40_to_hard_new_fixed_context,OCO,40,HARD,new,fixed_context,S-H-M-H,3,14.298647,7.812171,20.997041,0.006000,2.469801,11.893121,True,False,GREEN,0.555375
monza_oco_lap41_to_soft_new_fixed_context,OCO,41,SOFT,new,fixed_context,S-H-M-S,3,-1.011892,-6.969566,5.488733,0.580000,-12.636245,11.681786,True,False,GREEN,0.522792
monza_oco_lap41_to_medium_new_fixed_context,OCO,41,MEDIUM,new,fixed_context,S-H-M-M,3,8.163754,2.535917,13.776699,0.036000,-3.771468,11.914916,True,False,GREEN,0.505833
monza_oco_lap41_to_hard_new_fixed_context,OCO,41,HARD,new,fixed_context,S-H-M-H,3,13.890209,7.413237,20.419592,0.006000,2.002108,11.893121,True,False,GREEN,0.493500
monza_oco_lap42_to_soft_new_fixed_context,OCO,42,SOFT,new,fixed_context,S-H-M-S,3,-0.058338,-5.965440,6.296096,0.504000,-11.732243,11.681786,True,False,GREEN,0.489416
monza_oco_lap42_to_medium_new_fixed_context,OCO,42,MEDIUM,new,fixed_context,S-H-M-M,3,8.261996,2.640263,13.873678,0.034000,-3.673508,11.914916,True,False,GREEN,0.483292
monza_oco_lap42_to_hard_new_fixed_context,OCO,42,HARD,new,fixed_context,S-H-M-H,3,13.372252,7.092676,20.017989,0.006000,1.582028,11.893121,True,False,GREEN,0.482834
monza_oco_lap43_to_soft_new_fixed_context,OCO,43,SOFT,new,fixed_context,S-H-M-S,3,0.936442,-4.908273,7.299217,0.416000,-10.779291,11.681786,True,False,GREEN,0.481333
monza_oco_lap43_to_medium_new_fixed_context,OCO,43,MEDIUM,new,fixed_context,S-H-M-M,3,8.409557,2.804952,14.019147,0.034000,-3.526568,11.914916,True,False,GREEN,0.480541
monza_oco_lap43_to_hard_new_fixed_context,OCO,43,HARD,new,fixed_context,S-H-M-H,3,12.943041,6.824918,19.504942,0.006000,1.209563,11.893121,True,False,GREEN,0.477541
monza_oco_lap44_to_soft_new_fixed_context,OCO,44,SOFT,new,fixed_context,S-H-M-S,3,2.027556,-3.746647,8.146758,0.352000,-9.777389,11.681786,True,False,GREEN,0.499792
monza_oco_lap44_to_medium_new_fixed_context,OCO,44,MEDIUM,new,fixed_context,S-H-M-M,3,8.606000,2.969856,14.212754,0.032000,-3.330647,11.914916,True,False,GREEN,0.498417
monza_oco_lap44_to_hard_new_fixed_context,OCO,44,HARD,new,fixed_context,S-H-M-H,3,12.693525,6.459546,19.094088,0.006000,0.884711,11.893121,True,False,GREEN,0.495500
monza_oco_lap45_to_soft_new_fixed_context,OCO,45,SOFT,new,fixed_context,S-H-M-S,3,3.035939,-2.674285,9.048559,0.272000,-8.726538,11.681786,True,False,GREEN,0.492916
monza_oco_lap45_to_medium_new_fixed_context,OCO,45,MEDIUM,new,fixed_context,S-H-M-M,3,8.846142,3.230173,14.452636,0.028000,-3.085747,11.914916,True,False,GREEN,0.491833
monza_oco_lap45_to_hard_new_fixed_context,OCO,45,HARD,new,fixed_context,S-H-M-H,3,12.554913,6.472318,18.650731,0.006000,0.607474,11.893121,True,False,GREEN,0.483416
monza_oco_lap46_to_soft_new_fixed_context,OCO,46,SOFT,new,fixed_context,S-H-M-S,3,4.200999,-1.508189,9.918139,0.186000,-7.626738,11.681786,True,False,GREEN,0.489916
monza_oco_lap46_to_medium_new_fixed_context,OCO,46,MEDIUM,new,fixed_context,S-H-M-M,3,9.125116,3.551166,14.739465,0.026000,-2.791866,11.914916,True,False,GREEN,0.489125
monza_oco_lap46_to_hard_new_fixed_context,OCO,46,HARD,new,fixed_context,S-H-M-H,3,12.359397,6.406130,18.321380,0.006000,0.377850,11.893121,True,False,GREEN,0.496500
monza_oco_lap47_to_soft_new_fixed_context,OCO,47,SOFT,new,fixed_context,S-H-M-S,3,5.348447,-0.303795,10.836117,0.124000,-6.477989,11.681786,True,False,GREEN,0.488041
monza_oco_lap47_to_medium_new_fixed_context,OCO,47,MEDIUM,new,fixed_context,S-H-M-M,3,9.467318,3.910637,15.036167,0.022000,-2.449005,11.914916,True,False,GREEN,0.485084
monza_oco_lap47_to_hard_new_fixed_context,OCO,47,HARD,new,fixed_context,S-H-M-H,3,12.208125,6.309356,17.984152,0.006000,0.195840,11.893121,True,False,GREEN,0.487500
monza_oco_lap48_to_soft_new_fixed_context,OCO,48,SOFT,new,fixed_context,S-H-M-S,3,6.578820,0.938409,11.973370,0.068000,-5.280290,11.681786,True,False,GREEN,0.482125
monza_oco_lap48_to_medium_new_fixed_context,OCO,48,MEDIUM,new,fixed_context,S-H-M-M,3,9.849695,4.242049,15.448374,0.018000,-2.057165,11.914916,True,False,GREEN,0.481083
monza_oco_lap48_to_hard_new_fixed_context,OCO,48,HARD,new,fixed_context,S-H-M-H,3,12.032653,6.182236,17.696550,0.006000,0.061444,11.893121,True,False,GREEN,0.492958
monza_oco_lap49_to_soft_new_fixed_context,OCO,49,SOFT,new,fixed_context,S-H-M-S,3,7.727821,2.089206,13.142962,0.052000,-4.033641,11.681786,True,False,GREEN,0.488625
monza_oco_lap49_to_medium_new_fixed_context,OCO,49,MEDIUM,new,fixed_context,S-H-M-M,3,10.288639,4.713261,15.904335,0.012000,-1.616344,11.914916,True,False,GREEN,0.493291
monza_oco_lap49_to_hard_new_fixed_context,OCO,49,HARD,new,fixed_context,S-H-M-H,3,11.869493,6.082110,17.671008,0.006000,-0.025338,11.893121,True,False,GREEN,0.483209
monza_oco_lap50_to_soft_new_fixed_context,OCO,50,SOFT,new,fixed_context,S-H-M-S,3,9.267676,3.559296,14.551076,0.020000,-2.738044,11.943447,True,False,GREEN,0.485167
monza_oco_lap50_to_medium_new_fixed_context,OCO,50,MEDIUM,new,fixed_context,S-H-M-M,3,10.982555,5.451603,16.483939,0.008000,-1.126543,12.113790,True,False,GREEN,0.489542
monza_oco_lap50_to_hard_new_fixed_context,OCO,50,HARD,new,fixed_context,S-H-M-H,3,11.833539,6.346530,17.633405,0.006000,-0.064506,11.938910,True,False,GREEN,0.483083
monza_oco_lap51_to_soft_new_fixed_context,OCO,51,SOFT,new,fixed_context,S-H-M-S,3,10.591097,5.178172,16.307378,0.008000,-1.393497,12.060536,True,False,GREEN,0.481792
monza_oco_lap51_to_medium_new_fixed_context,OCO,51,MEDIUM,new,fixed_context,S-H-M-M,3,11.336283,6.024775,17.070759,0.006000,-0.587761,12.060536,True,False,GREEN,0.474292
monza_oco_lap51_to_hard_new_fixed_context,OCO,51,HARD,new,fixed_context,S-H-M-H,3,11.878540,6.369220,17.616234,0.006000,-0.056060,12.060536,True,False,GREEN,0.483334
monza_per_lap2_to_soft_new_fixed_context,PER,2,SOFT,new,fixed_context,S-S-M,2,-11.661917,-13.731915,-9.453106,1.000000,0.000000,-11.655128,True,True,YELLOW,2.974625
monza_per_lap2_to_medium_new_fixed_context,PER,2,MEDIUM,new,fixed_context,S-M-M,2,10.700874,3.809835,18.537448,0.018000,22.566516,-11.592341,True,True,YELLOW,0.512959
monza_per_lap2_to_hard_new_fixed_context,PER,2,HARD,new,fixed_context,S-H-M,2,20.456158,13.287291,27.763315,0.000000,31.864609,-11.439255,True,True,YELLOW,0.490958
monza_per_lap3_to_soft_new_fixed_context,PER,3,SOFT,new,fixed_context,S-S-S-M,3,-11.661917,-13.731915,-9.453106,1.000000,0.000000,-11.655128,True,True,RED,0.476750
monza_per_lap3_to_medium_new_fixed_context,PER,3,MEDIUM,new,fixed_context,S-S-M-M,3,10.082469,3.289129,17.936138,0.030000,21.945501,-11.592341,True,True,RED,0.499375
monza_per_lap3_to_hard_new_fixed_context,PER,3,HARD,new,fixed_context,S-S-H-M,3,19.957522,12.805510,27.258851,0.000000,31.379046,-11.439255,True,True,RED,0.504625
monza_per_lap4_to_soft_new_fixed_context,PER,4,SOFT,new,fixed_context,S-S-S-M,3,-11.887368,-14.036974,-9.662180,1.000000,-0.234422,-11.655128,True,True,RED,0.516125
monza_per_lap4_to_medium_new_fixed_context,PER,4,MEDIUM,new,fixed_context,S-S-M-M,3,9.475157,2.628601,17.207703,0.040000,21.324487,-11.592341,True,True,RED,0.504083
monza_per_lap4_to_hard_new_fixed_context,PER,4,HARD,new,fixed_context,S-S-H-M,3,19.473094,12.401216,26.814630,0.000000,30.893484,-11.439255,True,True,RED,0.496625
monza_per_lap5_to_soft_new_fixed_context,PER,5,SOFT,new,fixed_context,S-S-S-M,3,-12.187857,-14.246423,-9.820915,1.000000,-0.468844,-11.655128,True,True,RED,0.493417
monza_per_lap5_to_medium_new_fixed_context,PER,5,MEDIUM,new,fixed_context,S-S-M-M,3,8.869591,2.091531,16.555624,0.046000,20.703472,-11.592341,True,True,RED,0.496500
monza_per_lap5_to_hard_new_fixed_context,PER,5,HARD,new,fixed_context,S-S-H-M,3,18.995649,11.991681,26.361609,0.000000,30.407921,-11.439255,True,True,RED,0.497125
monza_per_lap6_to_soft_new_fixed_context,PER,6,SOFT,new,fixed_context,S-S-S-M,3,9.341369,3.449698,14.818685,0.020000,-0.658614,10.003475,True,False,YELLOW,0.496083
monza_per_lap6_to_medium_new_fixed_context,PER,6,MEDIUM,new,fixed_context,S-S-M-M,3,29.265730,20.983060,38.081015,0.000000,19.321404,10.236605,True,False,YELLOW,0.501334
monza_per_lap6_to_hard_new_fixed_context,PER,6,HARD,new,fixed_context,S-S-H-M,3,38.584866,30.092498,47.437872,0.000000,28.628238,10.214810,True,False,YELLOW,0.502959
monza_per_lap7_to_soft_new_fixed_context,PER,7,SOFT,new,fixed_context,S-S-S-M,3,9.149095,3.270940,14.784188,0.024000,-0.826058,10.003475,True,False,GREEN,0.497709
monza_per_lap7_to_medium_new_fixed_context,PER,7,MEDIUM,new,fixed_context,S-S-M-M,3,27.995725,19.850376,36.615320,0.000000,17.980072,10.236605,True,False,GREEN,0.492333
monza_per_lap7_to_hard_new_fixed_context,PER,7,HARD,new,fixed_context,S-S-H-M,3,36.903337,28.625651,45.457279,0.000000,26.882840,10.214810,True,False,GREEN,0.489166
monza_per_lap8_to_soft_new_fixed_context,PER,8,SOFT,new,fixed_context,S-S-S-M,3,8.966196,3.108532,14.814128,0.024000,-0.971177,10.003475,True,False,GREEN,0.494750
monza_per_lap8_to_medium_new_fixed_context,PER,8,MEDIUM,new,fixed_context,S-S-M-M,3,26.637586,18.792124,35.180979,0.000000,16.679474,10.236605,True,False,GREEN,0.503417
monza_per_lap8_to_hard_new_fixed_context,PER,8,HARD,new,fixed_context,S-S-H-M,3,35.185583,27.228203,43.564370,0.000000,25.171727,10.214810,True,False,GREEN,0.506250
monza_per_lap9_to_soft_new_fixed_context,PER,9,SOFT,new,fixed_context,S-S-S-M,3,8.813309,2.910849,14.808382,0.028000,-1.093969,10.003475,True,False,GREEN,0.506292
monza_per_lap9_to_medium_new_fixed_context,PER,9,MEDIUM,new,fixed_context,S-S-M-M,3,25.348651,17.728947,33.760360,0.000000,15.419612,10.236605,True,False,GREEN,0.495666
monza_per_lap9_to_hard_new_fixed_context,PER,9,HARD,new,fixed_context,S-S-H-M,3,33.616861,25.781167,41.733072,0.000000,23.494899,10.214810,True,False,GREEN,0.486625
monza_per_lap10_to_soft_new_fixed_context,PER,10,SOFT,new,fixed_context,S-S-S-M,3,8.705008,2.681246,14.785061,0.030000,-1.194436,10.003475,True,False,GREEN,0.488417
monza_per_lap10_to_medium_new_fixed_context,PER,10,MEDIUM,new,fixed_context,S-S-M-M,3,24.118271,16.775936,32.408068,0.000000,14.200485,10.236605,True,False,GREEN,0.486209
monza_per_lap10_to_hard_new_fixed_context,PER,10,HARD,new,fixed_context,S-S-H-M,3,31.985366,24.488324,40.026558,0.000000,21.852355,10.214810,True,False,GREEN,0.487000
monza_per_lap11_to_soft_new_fixed_context,PER,11,SOFT,new,fixed_context,S-S-S-M,3,8.589887,2.512956,14.766923,0.034000,-1.272576,10.003475,True,False,GREEN,0.491667
monza_per_lap11_to_medium_new_fixed_context,PER,11,MEDIUM,new,fixed_context,S-S-M-M,3,22.912832,15.846016,30.921932,0.000000,13.022093,10.236605,True,False,GREEN,0.503042
monza_per_lap11_to_hard_new_fixed_context,PER,11,HARD,new,fixed_context,S-S-H-M,3,30.344702,23.082226,38.211427,0.000000,20.244097,10.214810,True,False,GREEN,0.488625
monza_per_lap12_to_soft_new_fixed_context,PER,12,SOFT,new,fixed_context,S-S-S-M,3,8.539179,2.395716,14.753489,0.034000,-1.328391,10.003475,True,False,GREEN,0.492167
monza_per_lap12_to_medium_new_fixed_context,PER,12,MEDIUM,new,fixed_context,S-S-M-M,3,21.782357,14.932017,29.678903,0.000000,11.884436,10.236605,True,False,GREEN,0.483708
monza_per_lap12_to_hard_new_fixed_context,PER,12,HARD,new,fixed_context,S-S-H-M,3,28.710075,21.711694,36.425537,0.000000,18.670124,10.214810,True,False,GREEN,0.496875
monza_per_lap13_to_soft_new_fixed_context,PER,13,SOFT,new,fixed_context,S-S-S-M,3,8.516078,2.332235,14.739842,0.034000,-1.361880,10.003475,True,False,GREEN,0.483667
monza_per_lap13_to_medium_new_fixed_context,PER,13,MEDIUM,new,fixed_context,S-S-M-M,3,20.660897,14.101963,28.510837,0.000000,10.787514,10.236605,True,False,GREEN,0.484459
monza_per_lap13_to_hard_new_fixed_context,PER,13,HARD,new,fixed_context,S-S-H-M,3,27.077109,20.359650,34.765599,0.000000,17.130436,10.214810,True,False,GREEN,0.498208
monza_per_lap14_to_soft_new_fixed_context,PER,14,SOFT,new,fixed_context,S-S-S-M,3,8.521421,2.307944,14.740729,0.034000,-1.373043,10.003475,True,False,GREEN,0.489084
monza_per_lap14_to_medium_new_fixed_context,PER,14,MEDIUM,new,fixed_context,S-S-M-M,3,19.573474,13.205325,27.355391,0.000000,9.731327,10.236605,True,False,GREEN,0.483000
monza_per_lap14_to_hard_new_fixed_context,PER,14,HARD,new,fixed_context,S-S-H-M,3,25.564703,19.096651,33.052807,0.000000,15.625033,10.214810,True,False,GREEN,0.489208
monza_per_lap15_to_soft_new_fixed_context,PER,15,SOFT,new,fixed_context,S-S-S-M,3,8.516078,2.332235,14.739842,0.034000,-1.361880,10.003475,True,False,GREEN,0.495666
monza_per_lap15_to_medium_new_fixed_context,PER,15,MEDIUM,new,fixed_context,S-S-M-M,3,18.575135,12.430634,26.113046,0.000000,8.715876,10.236605,True,False,GREEN,0.488250
monza_per_lap15_to_hard_new_fixed_context,PER,15,HARD,new,fixed_context,S-S-H-M,3,24.046579,17.857490,31.294629,0.000000,14.153914,10.214810,True,False,GREEN,0.481792
monza_per_lap16_to_soft_new_fixed_context,PER,16,SOFT,new,fixed_context,S-S-S-M,3,8.539179,2.395716,14.753489,0.034000,-1.328391,10.003475,True,False,GREEN,0.484250
monza_per_lap16_to_medium_new_fixed_context,PER,16,MEDIUM,new,fixed_context,S-S-M-M,3,17.403442,11.661404,24.891524,0.002000,7.741159,10.236605,True,False,GREEN,0.493416
monza_per_lap16_to_hard_new_fixed_context,PER,16,HARD,new,fixed_context,S-S-H-M,3,22.582560,16.589764,29.725571,0.000000,12.717081,10.214810,True,False,GREEN,0.482167
monza_per_lap17_to_soft_new_fixed_context,PER,17,SOFT,new,fixed_context,S-S-S,2,-26.259490,-38.306934,-16.103945,1.000000,-23.894951,-3.236812,False,False,GREEN,0.495750
monza_per_lap17_to_medium_new_fixed_context,PER,17,MEDIUM,new,fixed_context,S-S-M,2,10.767508,6.160193,16.050181,0.002000,13.904489,-2.940895,True,False,GREEN,0.505875
monza_per_lap17_to_hard_new_fixed_context,PER,17,HARD,new,fixed_context,S-S-H,2,25.296568,14.266625,34.282210,0.000000,27.567613,-2.809604,True,False,GREEN,0.498208
monza_per_lap18_to_soft_new_fixed_context,PER,18,SOFT,new,fixed_context,S-S-S,2,-26.512008,-38.111861,-16.679221,1.000000,-24.084721,-3.236812,False,False,GREEN,0.498667
monza_per_lap18_to_medium_new_fixed_context,PER,18,MEDIUM,new,fixed_context,S-S-M,2,9.262027,4.887141,14.208638,0.006000,12.301512,-2.940895,True,False,GREEN,0.495083
monza_per_lap18_to_hard_new_fixed_context,PER,18,HARD,new,fixed_context,S-S-H,2,23.404543,12.444254,32.185381,0.000000,25.644421,-2.809604,True,False,GREEN,0.499500
monza_per_lap19_to_soft_new_fixed_context,PER,19,SOFT,new,fixed_context,S-S-S,2,-26.855004,-38.017590,-17.081367,1.000000,-24.252166,-3.236812,False,False,GREEN,0.498958
monza_per_lap19_to_medium_new_fixed_context,PER,19,MEDIUM,new,fixed_context,S-S-M,2,7.588739,3.437605,12.451118,0.016000,10.739269,-2.940895,True,False,GREEN,0.503917
monza_per_lap19_to_hard_new_fixed_context,PER,19,HARD,new,fixed_context,S-S-H,2,21.551148,10.840701,30.011681,0.002000,23.755514,-2.809604,True,False,GREEN,0.518750
monza_per_lap20_to_soft_new_fixed_context,PER,20,SOFT,new,fixed_context,S-S-S,2,-27.087306,-37.972752,-17.399361,1.000000,-24.397284,-3.236812,False,False,GREEN,0.520792
monza_per_lap20_to_medium_new_fixed_context,PER,20,MEDIUM,new,fixed_context,S-S-M,2,6.059013,2.018376,10.579899,0.030000,9.217761,-2.940895,True,False,GREEN,0.501000
monza_per_lap20_to_hard_new_fixed_context,PER,20,HARD,new,fixed_context,S-S-H,2,19.620923,8.969064,27.811983,0.004000,21.900891,-2.809604,True,False,GREEN,0.502167
monza_per_lap21_to_soft_new_fixed_context,PER,21,SOFT,new,fixed_context,S-S-S,2,-27.254397,-38.064996,-17.521614,1.000000,-24.520077,-3.236812,False,False,GREEN,0.503291
monza_per_lap21_to_medium_new_fixed_context,PER,21,MEDIUM,new,fixed_context,S-S-M,2,4.596181,0.705520,8.957750,0.070000,7.736989,-2.940895,True,False,GREEN,0.497958
monza_per_lap21_to_hard_new_fixed_context,PER,21,HARD,new,fixed_context,S-S-H,2,17.789919,7.583379,25.673937,0.004000,20.080554,-2.809604,True,False,GREEN,0.504208
monza_per_lap22_to_soft_new_fixed_context,PER,22,SOFT,new,fixed_context,S-S-S,2,-27.388298,-37.955778,-17.632863,1.000000,-24.620543,-3.236812,False,False,GREEN,0.502833
monza_per_lap22_to_medium_new_fixed_context,PER,22,MEDIUM,new,fixed_context,S-S-M,2,3.189482,-0.381649,7.252609,0.124000,6.296952,-2.940895,True,False,GREEN,0.496833
monza_per_lap22_to_hard_new_fixed_context,PER,22,HARD,new,fixed_context,S-S-H,2,15.967360,5.982115,23.721049,0.004000,18.294502,-2.809604,True,False,GREEN,0.501875
monza_per_lap23_to_soft_new_fixed_context,PER,23,SOFT,new,fixed_context,S-S-S,2,-27.515184,-37.862845,-17.851376,1.000000,-24.698684,-3.236812,False,False,GREEN,0.499834
monza_per_lap23_to_medium_new_fixed_context,PER,23,MEDIUM,new,fixed_context,S-S-M,2,1.896547,-1.653953,5.764392,0.252000,4.897649,-2.940895,True,False,GREEN,0.501541
monza_per_lap23_to_hard_new_fixed_context,PER,23,HARD,new,fixed_context,S-S-H,2,14.026052,4.438557,21.523375,0.016000,16.542735,-2.809604,True,False,GREEN,0.503250
monza_per_lap24_to_soft_new_fixed_context,PER,24,SOFT,new,fixed_context,S-S-S,2,-27.039806,-37.442392,-18.288097,1.000000,-24.754498,-2.975151,False,False,GREEN,0.495917
monza_per_lap24_to_medium_new_fixed_context,PER,24,MEDIUM,new,fixed_context,S-S-M,2,0.822376,-2.548407,4.254282,0.396000,3.539082,-2.742020,True,False,GREEN,0.500084
monza_per_lap24_to_hard_new_fixed_context,PER,24,HARD,new,fixed_context,S-S-H,2,12.459246,2.825998,19.671205,0.028000,14.825253,-2.763815,True,False,GREEN,0.498208
monza_per_lap25_to_soft_new_fixed_context,PER,25,SOFT,new,fixed_context,S-S-S,2,-27.192428,-37.113731,-18.093390,1.000000,-24.787987,-2.858062,False,False,GREEN,0.497459
monza_per_lap25_to_medium_new_fixed_context,PER,25,MEDIUM,new,fixed_context,S-S-M,2,-0.666624,-3.926003,3.036190,0.594000,2.221250,-2.795275,True,False,GREEN,0.500667
monza_per_lap25_to_hard_new_fixed_context,PER,25,HARD,new,fixed_context,S-S-H,2,10.839774,1.605704,18.173172,0.054000,13.142056,-2.642189,True,False,GREEN,0.496541
monza_per_lap26_to_soft_new_fixed_context,PER,26,SOFT,new,fixed_context,S-S-S,2,-34.281983,-44.141287,-26.281078,1.000000,-24.799150,-10.290058,False,False,GREEN,0.502708
monza_per_lap26_to_medium_new_fixed_context,PER,26,MEDIUM,new,fixed_context,S-S-M,2,-9.296862,-11.504581,-6.750667,1.000000,0.944153,-10.164485,True,False,GREEN,0.496167
monza_per_lap26_to_hard_new_fixed_context,PER,26,HARD,new,fixed_context,S-S-H,2,1.892805,-6.478526,8.828415,0.380000,11.493144,-9.858313,True,False,GREEN,0.495375
monza_per_lap27_to_soft_new_fixed_context,PER,27,SOFT,new,fixed_context,S-S-S,2,-36.797186,-45.832160,-28.906332,1.000000,-25.301483,-11.951045,True,False,VSC,0.478959
monza_per_lap27_to_medium_new_fixed_context,PER,27,MEDIUM,new,fixed_context,S-S-M,2,-11.661917,-13.731915,-9.453106,1.000000,0.000000,-11.655128,True,False,VSC,0.465750
monza_per_lap27_to_hard_new_fixed_context,PER,27,HARD,new,fixed_context,S-S-H,2,-0.717143,-9.039995,5.940570,0.544000,10.703793,-11.523837,True,False,VSC,0.490083
monza_per_lap28_to_soft_new_fixed_context,PER,28,SOFT,new,fixed_context,S-S-S,2,-29.728612,-38.953165,-20.987570,1.000000,-25.334972,-4.780710,False,False,VSC,0.499500
monza_per_lap28_to_medium_new_fixed_context,PER,28,MEDIUM,new,fixed_context,S-S-M,2,-5.005800,-8.359165,-1.572879,0.972000,-0.475309,-4.484793,False,False,VSC,0.506250
monza_per_lap28_to_hard_new_fixed_context,PER,28,HARD,new,fixed_context,S-S-H,2,6.179841,-2.482819,13.285458,0.176000,10.383286,-4.353501,False,False,VSC,0.502375
monza_per_lap29_to_soft_new_fixed_context,PER,29,SOFT,new,fixed_context,S-S-S,2,-28.087395,-37.559763,-19.318652,1.000000,-25.301483,-3.236812,False,False,GREEN,0.499959
monza_per_lap29_to_medium_new_fixed_context,PER,29,MEDIUM,new,fixed_context,S-S-M,2,-4.774609,-8.287788,-0.775127,0.932000,-1.689345,-3.003681,False,False,GREEN,0.501416
monza_per_lap29_to_hard_new_fixed_context,PER,29,HARD,new,fixed_context,S-S-H,2,6.089367,-2.659327,13.116777,0.188000,8.790985,-3.025476,False,False,GREEN,0.492458
monza_per_lap30_to_soft_new_fixed_context,PER,30,SOFT,new,fixed_context,S-S-S,2,-28.041395,-37.586146,-19.220366,1.000000,-25.245668,-3.236812,False,False,GREEN,0.495292
monza_per_lap30_to_medium_new_fixed_context,PER,30,MEDIUM,new,fixed_context,S-S-M,2,-5.795411,-9.651219,-1.527660,0.958000,-2.862646,-3.003681,False,False,GREEN,0.498000
monza_per_lap30_to_hard_new_fixed_context,PER,30,HARD,new,fixed_context,S-S-H,2,4.498145,-4.289558,11.483807,0.262000,7.232969,-3.025476,False,False,GREEN,0.493750
monza_per_lap31_to_soft_new_fixed_context,PER,31,SOFT,new,fixed_context,S-S-S,2,-27.995567,-37.620882,-19.085706,1.000000,-25.167528,-3.236812,False,False,GREEN,0.496833
monza_per_lap31_to_medium_new_fixed_context,PER,31,MEDIUM,new,fixed_context,S-S-M,2,-6.913909,-11.186672,-2.369926,0.982000,-3.995212,-3.003681,False,False,GREEN,0.508375
monza_per_lap31_to_hard_new_fixed_context,PER,31,HARD,new,fixed_context,S-S-H,2,3.052215,-5.673171,10.017298,0.340000,5.709237,-3.025476,False,False,GREEN,0.513166
monza_per_lap32_to_soft_new_fixed_context,PER,32,SOFT,new,fixed_context,S-S-S,2,-27.903899,-37.658049,-18.744758,1.000000,-25.067061,-3.236812,False,False,GREEN,0.526625
monza_per_lap32_to_medium_new_fixed_context,PER,32,MEDIUM,new,fixed_context,S-S-M,2,-7.988119,-12.649539,-3.199457,0.988000,-5.087043,-3.003681,False,False,GREEN,0.511250
monza_per_lap32_to_hard_new_fixed_context,PER,32,HARD,new,fixed_context,S-S-H,2,1.509811,-6.974029,8.535145,0.418000,4.219791,-3.025476,False,False,GREEN,0.523708
monza_per_lap33_to_soft_new_fixed_context,PER,33,SOFT,new,fixed_context,S-S-S,2,-27.801857,-37.703476,-18.573108,1.000000,-24.944269,-3.236812,False,False,GREEN,0.518250
monza_per_lap33_to_medium_new_fixed_context,PER,33,MEDIUM,new,fixed_context,S-S-M,2,-9.091987,-14.368384,-3.699323,0.988000,-6.138138,-3.003681,False,False,GREEN,0.515584
monza_per_lap33_to_hard_new_fixed_context,PER,33,HARD,new,fixed_context,S-S-H,2,-0.064780,-8.368024,7.377534,0.506000,2.764630,-3.025476,False,False,GREEN,0.514875
monza_per_lap34_to_soft_new_fixed_context,PER,34,SOFT,new,fixed_context,S-S-S,2,-27.636758,-37.830543,-18.189734,1.000000,-24.799150,-3.236812,False,False,GREEN,0.515833
monza_per_lap34_to_medium_new_fixed_context,PER,34,MEDIUM,new,fixed_context,S-S-M,2,-10.040852,-16.097118,-4.437154,0.986000,-7.148499,-3.003681,False,False,GREEN,0.529375
monza_per_lap34_to_hard_new_fixed_context,PER,34,HARD,new,fixed_context,S-S-H,2,-1.562403,-9.975865,6.145993,0.590000,1.343753,-3.025476,False,False,GREEN,0.518333
monza_per_lap35_to_soft_new_fixed_context,PER,35,SOFT,new,fixed_context,S-S-S,2,-27.409737,-37.942502,-17.646693,1.000000,-24.631706,-3.236812,False,False,GREEN,0.488709
monza_per_lap35_to_medium_new_fixed_context,PER,35,MEDIUM,new,fixed_context,S-S-M,2,-10.977492,-17.576565,-5.089821,0.988000,-8.118125,-3.003681,False,False,GREEN,0.474166
monza_per_lap35_to_hard_new_fixed_context,PER,35,HARD,new,fixed_context,S-S-H,2,-3.044038,-11.753370,5.245549,0.662000,-0.042838,-3.025476,False,False,GREEN,0.472583
monza_per_lap36_to_soft_new_fixed_context,PER,36,SOFT,new,fixed_context,S-S-S,2,-27.154524,-38.013857,-17.443817,1.000000,-24.441936,-3.236812,False,False,GREEN,0.476917
monza_per_lap36_to_medium_new_fixed_context,PER,36,MEDIUM,new,fixed_context,S-S-M,2,-11.775203,-18.984789,-5.374329,0.988000,-9.047015,-3.003681,False,False,GREEN,0.504584
monza_per_lap36_to_hard_new_fixed_context,PER,36,HARD,new,fixed_context,S-S-H,2,-4.553680,-13.169364,3.956359,0.726000,-1.395145,-3.025476,False,False,GREEN,0.503334
monza_per_lap37_to_soft_new_fixed_context,PER,37,SOFT,new,fixed_context,S-S-S,2,-26.800210,-38.031664,-17.016943,1.000000,-24.229840,-3.236812,False,False,GREEN,0.522834
monza_per_lap37_to_medium_new_fixed_context,PER,37,MEDIUM,new,fixed_context,S-S-M,2,-12.561151,-20.718448,-5.692102,0.986000,-9.935170,-3.003681,False,False,GREEN,0.501042
monza_per_lap37_to_hard_new_fixed_context,PER,37,HARD,new,fixed_context,S-S-H,2,-5.886301,-14.657749,2.898178,0.774000,-2.713166,-3.025476,False,False,GREEN,0.499375
monza_per_lap38_to_soft_new_fixed_context,PER,38,SOFT,new,fixed_context,S-S-M-S,3,-7.816951,-14.340075,-0.875413,0.924000,-17.766936,10.003475,True,False,GREEN,0.488500
monza_per_lap38_to_medium_new_fixed_context,PER,38,MEDIUM,new,fixed_context,S-S-M-M,3,5.703033,0.079230,11.314888,0.092000,-4.554108,10.236605,True,False,GREEN,0.484000
monza_per_lap38_to_hard_new_fixed_context,PER,38,HARD,new,fixed_context,S-S-M-H,3,12.352667,5.447187,19.382201,0.010000,2.231580,10.214810,True,False,GREEN,0.480834
monza_per_lap39_to_soft_new_fixed_context,PER,39,SOFT,new,fixed_context,S-S-M-S,3,-6.776213,-13.086600,-0.145920,0.902000,-16.762647,10.003475,True,False,GREEN,0.480791
monza_per_lap39_to_medium_new_fixed_context,PER,39,MEDIUM,new,fixed_context,S-S-M-M,3,5.643686,0.011740,11.256223,0.098000,-4.613253,10.236605,True,False,GREEN,0.492875
monza_per_lap39_to_hard_new_fixed_context,PER,39,HARD,new,fixed_context,S-S-M-H,3,11.902729,5.138958,18.832947,0.012000,1.729669,10.214810,True,False,GREEN,0.485792
monza_per_lap40_to_soft_new_fixed_context,PER,40,SOFT,new,fixed_context,S-S-M-S,3,-5.795174,-11.826375,0.782877,0.862000,-15.717623,10.003475,True,False,GREEN,0.482708
monza_per_lap40_to_medium_new_fixed_context,PER,40,MEDIUM,new,fixed_context,S-S-M-M,3,5.643686,0.011740,11.256223,0.098000,-4.613253,10.236605,True,False,GREEN,0.479083
monza_per_lap40_to_hard_new_fixed_context,PER,40,HARD,new,fixed_context,S-S-M-H,3,11.425742,4.934426,18.132735,0.012000,1.280453,10.214810,True,False,GREEN,0.479625
monza_per_lap41_to_soft_new_fixed_context,PER,41,SOFT,new,fixed_context,S-S-M-S,3,-4.689073,-10.661851,1.754675,0.826000,-14.631864,10.003475,True,False,GREEN,0.482417
monza_per_lap41_to_medium_new_fixed_context,PER,41,MEDIUM,new,fixed_context,S-S-M-M,3,5.703033,0.079230,11.314888,0.092000,-4.554108,10.236605,True,False,GREEN,0.491458
monza_per_lap41_to_hard_new_fixed_context,PER,41,HARD,new,fixed_context,S-S-M-H,3,11.083270,4.603723,17.619264,0.012000,0.883930,10.214810,True,False,GREEN,0.484167
monza_per_lap42_to_soft_new_fixed_context,PER,42,SOFT,new,fixed_context,S-S-M-S,3,-3.523520,-9.420874,2.768904,0.776000,-13.505370,10.003475,True,False,GREEN,0.478958
monza_per_lap42_to_medium_new_fixed_context,PER,42,MEDIUM,new,fixed_context,S-S-M-M,3,5.821726,0.214211,11.432218,0.088000,-4.435820,10.236605,True,False,GREEN,0.479583
monza_per_lap42_to_hard_new_fixed_context,PER,42,HARD,new,fixed_context,S-S-M-H,3,10.646549,4.371078,17.293740,0.014000,0.540102,10.214810,True,False,GREEN,0.476583
monza_per_lap43_to_soft_new_fixed_context,PER,43,SOFT,new,fixed_context,S-S-M-S,3,-2.286827,-8.129299,4.013825,0.686000,-12.338141,10.003475,True,False,GREEN,0.477750
monza_per_lap43_to_medium_new_fixed_context,PER,43,MEDIUM,new,fixed_context,S-S-M-M,3,5.999765,0.386212,11.608213,0.076000,-4.258387,10.236605,True,False,GREEN,0.481834
monza_per_lap43_to_hard_new_fixed_context,PER,43,HARD,new,fixed_context,S-S-M-H,3,10.313112,4.191501,16.860410,0.016000,0.248968,10.214810,True,False,GREEN,0.487500
monza_per_lap44_to_soft_new_fixed_context,PER,44,SOFT,new,fixed_context,S-S-M-S,3,-1.006468,-6.782283,5.096637,0.588000,-11.130177,10.003475,True,False,GREEN,0.475458
monza_per_lap44_to_medium_new_fixed_context,PER,44,MEDIUM,new,fixed_context,S-S-M-M,3,6.235054,0.603615,11.841728,0.070000,-4.021810,10.236605,True,False,GREEN,0.472625
monza_per_lap44_to_hard_new_fixed_context,PER,44,HARD,new,fixed_context,S-S-M-H,3,10.144368,3.922979,16.538883,0.016000,0.010528,10.214810,True,False,GREEN,0.476250
monza_per_lap45_to_soft_new_fixed_context,PER,45,SOFT,new,fixed_context,S-S-M-S,3,0.242975,-5.473153,6.246159,0.482000,-9.881477,10.003475,True,False,GREEN,0.477333
monza_per_lap45_to_medium_new_fixed_context,PER,45,MEDIUM,new,fixed_context,S-S-M-M,3,6.526125,0.916576,12.132544,0.062000,-3.726089,10.236605,True,False,GREEN,0.475458
monza_per_lap45_to_hard_new_fixed_context,PER,45,HARD,new,fixed_context,S-S-M-H,3,10.092407,4.012355,16.183589,0.016000,-0.175217,10.214810,True,False,GREEN,0.473375
monza_per_lap46_to_soft_new_fixed_context,PER,46,SOFT,new,fixed_context,S-S-M-S,3,1.567979,-4.152126,7.301932,0.372000,-8.592043,10.003475,True,False,GREEN,0.482375
monza_per_lap46_to_medium_new_fixed_context,PER,46,MEDIUM,new,fixed_context,S-S-M-M,3,6.868344,1.299841,12.473247,0.058000,-3.371223,10.236605,True,False,GREEN,0.483791
monza_per_lap46_to_hard_new_fixed_context,PER,46,HARD,new,fixed_context,S-S-M-H,3,9.995337,4.044510,15.966248,0.016000,-0.308269,10.214810,True,False,GREEN,0.474709
monza_per_lap47_to_soft_new_fixed_context,PER,47,SOFT,new,fixed_context,S-S-M-S,3,2.879467,-2.758739,8.395381,0.292000,-7.261874,10.003475,True,False,GREEN,0.471459
monza_per_lap47_to_medium_new_fixed_context,PER,47,MEDIUM,new,fixed_context,S-S-M-M,3,7.279679,1.718078,12.842147,0.048000,-2.957213,10.236605,True,False,GREEN,0.467208
monza_per_lap47_to_hard_new_fixed_context,PER,47,HARD,new,fixed_context,S-S-M-H,3,9.942796,4.057878,15.718873,0.018000,-0.388626,10.214810,True,False,GREEN,0.470083
monza_per_lap48_to_soft_new_fixed_context,PER,48,SOFT,new,fixed_context,S-S-M-S,3,4.278173,-1.334559,9.698845,0.174000,-5.890969,10.003475,True,False,GREEN,0.477500
monza_per_lap48_to_medium_new_fixed_context,PER,48,MEDIUM,new,fixed_context,S-S-M-M,3,7.745437,2.137828,13.350675,0.040000,-2.484059,10.236605,True,False,GREEN,0.476792
monza_per_lap48_to_hard_new_fixed_context,PER,48,HARD,new,fixed_context,S-S-M-H,3,9.881393,4.021379,15.542622,0.014000,-0.416289,10.214810,True,False,GREEN,0.484750
monza_per_lap49_to_soft_new_fixed_context,PER,49,SOFT,new,fixed_context,S-S-M-S,3,5.593671,-0.027437,11.019308,0.104000,-4.479329,10.003475,True,False,GREEN,0.480208
monza_per_lap49_to_medium_new_fixed_context,PER,49,MEDIUM,new,fixed_context,S-S-M-M,3,8.273483,2.702609,13.884954,0.036000,-1.951761,10.236605,True,False,GREEN,0.478500
monza_per_lap49_to_hard_new_fixed_context,PER,49,HARD,new,fixed_context,S-S-M-H,3,9.823181,4.040456,15.627207,0.012000,-0.391258,10.214810,True,False,GREEN,0.476167
monza_per_lap50_to_soft_new_fixed_context,PER,50,SOFT,new,fixed_context,S-S-M-S,3,7.298386,1.590110,12.585107,0.044000,-3.026955,10.265136,True,False,GREEN,0.478167
monza_per_lap50_to_medium_new_fixed_context,PER,50,MEDIUM,new,fixed_context,S-S-M-M,3,9.070275,3.536744,14.576430,0.020000,-1.360318,10.435479,True,False,GREEN,0.473458
monza_per_lap50_to_hard_new_fixed_context,PER,50,HARD,new,fixed_context,S-S-M-H,3,9.904487,4.422082,15.705575,0.012000,-0.313533,10.260599,True,False,GREEN,0.469834
monza_per_lap51_to_soft_new_fixed_context,PER,51,SOFT,new,fixed_context,S-S-M-S,3,8.771012,3.360888,14.486559,0.024000,-1.533845,10.382224,True,False,GREEN,0.468875
monza_per_lap51_to_medium_new_fixed_context,PER,51,MEDIUM,new,fixed_context,S-S-M-M,3,9.535641,4.221030,15.269070,0.016000,-0.709731,10.382224,True,False,GREEN,0.470750
monza_per_lap51_to_hard_new_fixed_context,PER,51,HARD,new,fixed_context,S-S-M-H,3,10.074576,4.566797,15.811429,0.014000,-0.183114,10.382224,True,False,GREEN,0.470666
monza_pia_lap2_to_soft_new_fixed_context,PIA,2,SOFT,new,fixed_context,M-S-H,2,0.000000,0.000000,0.000000,0.000000,0.000000,0.000000,True,True,GREEN,2.885084
monza_pia_lap2_to_medium_new_fixed_context,PIA,2,MEDIUM,new,fixed_context,M-M-H,2,0.000000,0.000000,0.000000,0.000000,0.000000,0.000000,True,True,GREEN,0.482458
monza_pia_lap2_to_hard_new_fixed_context,PIA,2,HARD,new,fixed_context,M-H-H,2,0.000000,0.000000,0.000000,0.000000,0.000000,0.000000,True,True,GREEN,0.463250
monza_pia_lap3_to_soft_new_fixed_context,PIA,3,SOFT,new,fixed_context,M-S,1,-56.777095,-84.337704,-34.544838,1.000000,-57.568801,-0.431745,False,True,RED,0.505917
monza_pia_lap3_to_medium_new_fixed_context,PIA,3,MEDIUM,new,fixed_context,M-M,1,-18.041177,-32.845998,-3.081868,0.938000,-17.704533,-0.306172,True,True,RED,0.495041
monza_pia_lap3_to_hard_new_fixed_context,PIA,3,HARD,new,fixed_context,M-H,1,0.000000,0.000000,0.000000,0.000000,0.000000,0.000000,True,True,RED,0.472375
monza_pia_lap4_to_soft_new_fixed_context,PIA,4,SOFT,new,fixed_context,M-H-S,2,-58.078109,-84.604386,-36.785295,1.000000,-58.669042,-0.431745,False,True,RED,0.493583
monza_pia_lap4_to_medium_new_fixed_context,PIA,4,MEDIUM,new,fixed_context,M-H-M,2,-19.186660,-34.056123,-4.473490,0.942000,-18.938059,-0.306172,True,True,RED,0.498958
monza_pia_lap4_to_hard_new_fixed_context,PIA,4,HARD,new,fixed_context,M-H-H,2,-1.007823,-1.192699,-0.815857,1.000000,-1.001375,0.000000,True,True,RED,0.493250
monza_pia_lap5_to_soft_new_fixed_context,PIA,5,SOFT,new,fixed_context,M-H-S,2,-59.453026,-84.936437,-38.808555,1.000000,-59.769282,-0.431745,False,True,RED,0.489459
monza_pia_lap5_to_medium_new_fixed_context,PIA,5,MEDIUM,new,fixed_context,M-H-M,2,-20.284309,-35.257260,-5.764799,0.960000,-20.171584,-0.306172,True,True,RED,0.500250
monza_pia_lap5_to_hard_new_fixed_context,PIA,5,HARD,new,fixed_context,M-H-H,2,-2.015647,-2.385399,-1.631713,1.000000,-2.002751,0.000000,True,True,RED,0.496958
monza_pia_lap6_to_soft_new_fixed_context,PIA,6,SOFT,new,fixed_context,M-H-S,2,-37.767274,-64.537799,-17.276864,0.986000,-60.869523,21.226857,False,False,MISSING,0.490333
monza_pia_lap6_to_medium_new_fixed_context,PIA,6,MEDIUM,new,fixed_context,M-H-M,2,0.072818,-14.557498,15.526946,0.492000,-21.405109,21.585561,True,False,MISSING,0.490208
monza_pia_lap6_to_hard_new_fixed_context,PIA,6,HARD,new,fixed_context,M-H-H,2,18.789567,15.219209,22.455307,0.000000,-3.004126,21.869938,True,False,MISSING,0.495667
monza_pia_lap7_to_soft_new_fixed_context,PIA,7,SOFT,new,fixed_context,M-H-S,2,-37.411906,-62.973473,-18.342517,0.990000,-60.541980,21.442730,False,False,GREEN,0.490459
monza_pia_lap7_to_medium_new_fixed_context,PIA,7,MEDIUM,new,fixed_context,M-H-M,2,-0.174335,-14.645451,14.470604,0.506000,-22.016555,21.738647,True,False,GREEN,0.489417
monza_pia_lap7_to_hard_new_fixed_context,PIA,7,HARD,new,fixed_context,M-H-H,2,17.899937,14.220012,21.590022,0.000000,-3.916491,21.869938,True,False,GREEN,0.490667
monza_pia_lap8_to_soft_new_fixed_context,PIA,8,SOFT,new,fixed_context,M-H-S,2,-37.091310,-61.733036,-18.807491,0.992000,-60.167735,21.442730,False,False,GREEN,0.486542
monza_pia_lap8_to_medium_new_fixed_context,PIA,8,MEDIUM,new,fixed_context,M-H-M,2,-0.809102,-14.886890,13.441486,0.538000,-22.578337,21.738647,True,False,GREEN,0.492583
monza_pia_lap8_to_hard_new_fixed_context,PIA,8,HARD,new,fixed_context,M-H-H,2,17.086244,13.276656,20.750786,0.000000,-4.784350,21.869938,True,False,GREEN,0.484917
monza_pia_lap9_to_soft_new_fixed_context,PIA,9,SOFT,new,fixed_context,M-H-S,2,-36.883400,-60.898103,-19.092589,0.996000,-59.746787,21.442730,False,False,GREEN,0.481750
monza_pia_lap9_to_medium_new_fixed_context,PIA,9,MEDIUM,new,fixed_context,M-H-M,2,-1.225702,-15.077502,12.565584,0.552000,-23.090454,21.738647,True,False,GREEN,0.482792
monza_pia_lap9_to_hard_new_fixed_context,PIA,9,HARD,new,fixed_context,M-H-H,2,16.240360,12.448223,19.963315,0.000000,-5.607703,21.869938,True,False,GREEN,0.490500
monza_pia_lap10_to_soft_new_fixed_context,PIA,10,SOFT,new,fixed_context,M-H-S,2,-36.819624,-59.824376,-19.505345,0.998000,-59.279137,21.442730,False,False,GREEN,0.502292
monza_pia_lap10_to_medium_new_fixed_context,PIA,10,MEDIUM,new,fixed_context,M-H-M,2,-1.771982,-15.184150,11.700618,0.576000,-23.552907,21.738647,True,False,GREEN,0.487541
monza_pia_lap10_to_hard_new_fixed_context,PIA,10,HARD,new,fixed_context,M-H-H,2,15.469490,11.604323,19.255191,0.000000,-6.386550,21.869938,True,False,GREEN,0.493542
monza_pia_lap11_to_soft_new_fixed_context,PIA,11,SOFT,new,fixed_context,M-H-S,2,-36.429219,-58.348393,-19.644618,0.998000,-58.764784,21.442730,False,False,GREEN,0.492375
monza_pia_lap11_to_medium_new_fixed_context,PIA,11,MEDIUM,new,fixed_context,M-H-M,2,-2.233256,-15.313018,10.958115,0.590000,-23.965695,21.738647,True,False,GREEN,0.501625
monza_pia_lap11_to_hard_new_fixed_context,PIA,11,HARD,new,fixed_context,M-H-H,2,14.738733,10.793479,18.586976,0.000000,-7.120892,21.869938,True,False,GREEN,0.486375
monza_pia_lap12_to_soft_new_fixed_context,PIA,12,SOFT,new,fixed_context,M-H-S,2,-35.928941,-56.822413,-19.661197,0.998000,-58.203728,21.442730,False,False,GREEN,0.478000
monza_pia_lap12_to_medium_new_fixed_context,PIA,12,MEDIUM,new,fixed_context,M-H-M,2,-2.591433,-15.367838,10.321308,0.598000,-24.328819,21.738647,True,False,GREEN,0.498792
monza_pia_lap12_to_hard_new_fixed_context,PIA,12,HARD,new,fixed_context,M-H-H,2,14.073903,10.103302,18.001544,0.000000,-7.810729,21.869938,True,False,GREEN,0.494458
monza_pia_lap13_to_soft_new_fixed_context,PIA,13,SOFT,new,fixed_context,M-H-S,2,-35.338272,-55.241774,-19.625818,0.998000,-57.595970,21.442730,False,False,GREEN,0.485625
monza_pia_lap13_to_medium_new_fixed_context,PIA,13,MEDIUM,new,fixed_context,M-H-M,2,-2.821314,-15.381397,9.790649,0.620000,-24.642278,21.738647,True,False,GREEN,0.509000
monza_pia_lap13_to_hard_new_fixed_context,PIA,13,HARD,new,fixed_context,M-H-H,2,13.483185,9.316771,17.393862,0.000000,-8.456060,21.869938,True,False,GREEN,0.496625
monza_pia_lap14_to_soft_new_fixed_context,PIA,14,SOFT,new,fixed_context,M-H-S,2,-34.741881,-53.834801,-19.635566,0.998000,-56.941509,21.442730,False,False,GREEN,0.493208
monza_pia_lap14_to_medium_new_fixed_context,PIA,14,MEDIUM,new,fixed_context,M-H-M,2,-3.042828,-15.330346,9.272419,0.636000,-24.906073,21.738647,True,False,GREEN,0.478500
monza_pia_lap14_to_hard_new_fixed_context,PIA,14,HARD,new,fixed_context,M-H-H,2,12.858709,8.702790,16.749798,0.000000,-9.056885,21.869938,True,False,GREEN,0.444750
monza_pia_lap15_to_soft_new_fixed_context,PIA,15,SOFT,new,fixed_context,M-H-S,2,-34.057365,-52.324434,-19.473753,0.998000,-56.240346,21.442730,False,False,GREEN,0.456875
monza_pia_lap15_to_medium_new_fixed_context,PIA,15,MEDIUM,new,fixed_context,M-H-M,2,-3.257487,-15.224247,8.796111,0.656000,-25.120204,21.738647,True,False,GREEN,0.482250
monza_pia_lap15_to_hard_new_fixed_context,PIA,15,HARD,new,fixed_context,M-H-H,2,12.327268,8.132658,16.220544,0.000000,-9.613205,21.869938,True,False,GREEN,0.494916
monza_pia_lap16_to_soft_new_fixed_context,PIA,16,SOFT,new,fixed_context,M-H-S,2,-33.412903,-50.942031,-19.394072,0.998000,-55.492480,21.442730,False,False,GREEN,0.698042
monza_pia_lap16_to_medium_new_fixed_context,PIA,16,MEDIUM,new,fixed_context,M-H-M,2,-3.431081,-15.080323,8.218309,0.664000,-25.284670,21.738647,True,False,GREEN,0.526375
monza_pia_lap16_to_hard_new_fixed_context,PIA,16,HARD,new,fixed_context,M-H-H,2,11.805846,7.611269,15.743147,0.002000,-10.125019,21.869938,True,False,GREEN,0.503000
monza_pia_lap17_to_soft_new_fixed_context,PIA,17,SOFT,new,fixed_context,M-H-S,2,-32.733938,-49.509424,-19.212654,0.998000,-54.697911,21.442730,False,False,GREEN,0.497958
monza_pia_lap17_to_medium_new_fixed_context,PIA,17,MEDIUM,new,fixed_context,M-H-M,2,-3.592973,-14.915693,7.853261,0.670000,-25.399472,21.738647,True,False,GREEN,0.493959
monza_pia_lap17_to_hard_new_fixed_context,PIA,17,HARD,new,fixed_context,M-H-H,2,11.313959,7.086032,15.299931,0.002000,-10.592328,21.869938,True,False,GREEN,0.484959
monza_pia_lap18_to_soft_new_fixed_context,PIA,18,SOFT,new,fixed_context,M-H-S,2,-31.947174,-47.814514,-18.943717,0.998000,-53.856640,21.442730,False,False,GREEN,0.455416
monza_pia_lap18_to_medium_new_fixed_context,PIA,18,MEDIUM,new,fixed_context,M-H-M,2,-3.623559,-14.706640,7.534802,0.676000,-25.464609,21.738647,True,False,GREEN,0.464959
monza_pia_lap18_to_hard_new_fixed_context,PIA,18,HARD,new,fixed_context,M-H-H,2,10.894523,6.636630,14.902787,0.002000,-11.015130,21.869938,True,False,GREEN,0.497458
monza_pia_lap19_to_soft_new_fixed_context,PIA,19,SOFT,new,fixed_context,M-H-S,2,-31.111690,-46.401162,-18.629872,0.998000,-52.968666,21.442730,False,False,GREEN,0.443625
monza_pia_lap19_to_medium_new_fixed_context,PIA,19,MEDIUM,new,fixed_context,M-H-M,2,-3.588157,-14.479469,7.186386,0.676000,-25.480082,21.738647,True,False,GREEN,0.433291
monza_pia_lap19_to_hard_new_fixed_context,PIA,19,HARD,new,fixed_context,M-H-H,2,10.516572,6.238775,14.593112,0.002000,-11.393428,21.869938,True,False,GREEN,0.450208
monza_pia_lap20_to_soft_new_fixed_context,PIA,20,SOFT,new,fixed_context,M-H-S,2,-30.131796,-44.917807,-18.263448,0.998000,-52.033990,21.442730,False,False,GREEN,0.464417
monza_pia_lap20_to_medium_new_fixed_context,PIA,20,MEDIUM,new,fixed_context,M-H-M,2,-3.543788,-14.299992,6.939399,0.682000,-25.445890,21.738647,True,False,GREEN,0.465209
monza_pia_lap20_to_hard_new_fixed_context,PIA,20,HARD,new,fixed_context,M-H-H,2,10.168495,5.889627,14.324442,0.002000,-11.727220,21.869938,True,False,GREEN,0.484250
monza_pia_lap21_to_soft_new_fixed_context,PIA,21,SOFT,new,fixed_context,M-H-S,2,-29.175174,-43.405338,-17.794035,0.998000,-51.052611,21.442730,False,False,GREEN,0.466375
monza_pia_lap21_to_medium_new_fixed_context,PIA,21,MEDIUM,new,fixed_context,M-H-M,2,-3.460121,-14.072572,6.760840,0.680000,-25.362034,21.738647,True,False,GREEN,0.461583
monza_pia_lap21_to_hard_new_fixed_context,PIA,21,HARD,new,fixed_context,M-H-H,2,9.875765,5.565284,14.016342,0.002000,-12.016506,21.869938,True,False,GREEN,0.463666
monza_pia_lap22_to_soft_new_fixed_context,PIA,22,SOFT,new,fixed_context,M-H-S,2,-28.273870,-41.784852,-17.263355,0.998000,-50.024530,21.442730,False,False,GREEN,0.460083
monza_pia_lap22_to_medium_new_fixed_context,PIA,22,MEDIUM,new,fixed_context,M-H-M,2,-3.331033,-13.660903,6.645845,0.676000,-25.228513,21.738647,True,False,GREEN,0.461875
monza_pia_lap22_to_hard_new_fixed_context,PIA,22,HARD,new,fixed_context,M-H-H,2,9.624019,5.282287,13.802708,0.002000,-12.261287,21.869938,True,False,GREEN,0.467750
monza_pia_lap23_to_soft_new_fixed_context,PIA,23,SOFT,new,fixed_context,M-H-S,2,-27.201985,-40.157794,-16.602213,0.998000,-48.949746,21.442730,False,False,GREEN,0.462708
monza_pia_lap23_to_medium_new_fixed_context,PIA,23,MEDIUM,new,fixed_context,M-H-M,2,-3.127884,-13.054597,6.529100,0.668000,-25.045328,21.738647,True,False,GREEN,0.462625
monza_pia_lap23_to_hard_new_fixed_context,PIA,23,HARD,new,fixed_context,M-H-H,2,9.418045,5.071211,13.619782,0.002000,-12.461562,21.869938,True,False,GREEN,0.465125
monza_pia_lap24_to_soft_new_fixed_context,PIA,24,SOFT,new,fixed_context,M-H-S,2,-25.999038,-38.585293,-15.766536,0.998000,-47.828259,21.442730,False,False,GREEN,0.461625
monza_pia_lap24_to_medium_new_fixed_context,PIA,24,MEDIUM,new,fixed_context,M-H-M,2,-2.896964,-12.536495,6.550418,0.664000,-24.812478,21.738647,True,False,GREEN,0.465125
monza_pia_lap24_to_hard_new_fixed_context,PIA,24,HARD,new,fixed_context,M-H-H,2,9.260310,4.907596,13.482084,0.006000,-12.617331,21.869938,True,False,GREEN,0.461834
monza_pia_lap25_to_soft_new_fixed_context,PIA,25,SOFT,new,fixed_context,M-H-S,2,-24.494408,-36.183387,-14.958488,0.998000,-46.660070,21.704391,False,False,GREEN,0.462125
monza_pia_lap25_to_medium_new_fixed_context,PIA,25,MEDIUM,new,fixed_context,M-H-M,2,-2.403048,-11.742123,6.759315,0.646000,-24.529964,21.937521,True,False,GREEN,0.461167
monza_pia_lap25_to_hard_new_fixed_context,PIA,25,HARD,new,fixed_context,M-H-H,2,9.319424,5.051955,13.423294,0.004000,-12.728595,21.915726,True,False,GREEN,0.463542
monza_pia_lap26_to_soft_new_fixed_context,PIA,26,SOFT,new,fixed_context,M-H-S,2,-23.430957,-34.012572,-14.143403,0.998000,-45.445178,21.821480,False,False,GREEN,0.460791
monza_pia_lap26_to_medium_new_fixed_context,PIA,26,MEDIUM,new,fixed_context,M-H-M,2,-2.254322,-11.273824,6.665566,0.648000,-24.197786,21.884266,True,False,GREEN,0.465458
monza_pia_lap26_to_hard_new_fixed_context,PIA,26,HARD,new,fixed_context,M-H-H,2,9.385272,5.013719,13.273690,0.002000,-12.795354,22.037352,True,False,GREEN,0.460333
monza_pia_lap27_to_soft_new_fixed_context,PIA,27,SOFT,new,fixed_context,M-H-S,2,-29.508921,-40.070531,-20.403437,1.000000,-44.183584,14.389483,False,False,GREEN,0.460500
monza_pia_lap27_to_medium_new_fixed_context,PIA,27,MEDIUM,new,fixed_context,M-H-M,2,-9.284632,-17.383030,-0.905359,0.922000,-23.815943,14.515057,True,False,GREEN,0.461417
monza_pia_lap27_to_hard_new_fixed_context,PIA,27,HARD,new,fixed_context,M-H-H,2,1.974634,-1.294351,5.165137,0.220000,-12.817606,14.821228,True,False,GREEN,0.461958
monza_pia_lap28_to_soft_new_fixed_context,PIA,28,SOFT,new,fixed_context,M-H-S,2,-31.901228,-41.849105,-22.878537,1.000000,-44.770379,12.728497,True,False,VSC,0.472458
monza_pia_lap28_to_medium_new_fixed_context,PIA,28,MEDIUM,new,fixed_context,M-H-M,2,-11.496146,-19.713069,-3.031683,0.958000,-24.473823,13.024414,True,False,VSC,0.462667
monza_pia_lap28_to_hard_new_fixed_context,PIA,28,HARD,new,fixed_context,M-H-H,2,-0.241463,-3.452327,3.120511,0.542000,-13.351673,13.155705,True,False,VSC,0.462500
monza_pia_lap29_to_soft_new_fixed_context,PIA,29,SOFT,new,fixed_context,M-H-S,2,-25.051888,-35.430731,-16.081088,1.000000,-45.357174,19.898832,True,False,VSC,0.461416
monza_pia_lap29_to_medium_new_fixed_context,PIA,29,MEDIUM,new,fixed_context,M-H-M,2,-4.786061,-13.463136,3.829469,0.768000,-25.131703,20.194749,True,False,VSC,0.461375
monza_pia_lap29_to_hard_new_fixed_context,PIA,29,HARD,new,fixed_context,M-H-H,2,6.494087,2.163355,10.578948,0.022000,-13.885740,20.326040,True,False,VSC,0.461250
monza_pia_lap30_to_soft_new_fixed_context,PIA,30,SOFT,new,fixed_context,M-H-S,2,-22.085530,-31.174094,-13.904961,1.000000,-44.004371,21.658602,True,False,GREEN,0.461042
monza_pia_lap30_to_medium_new_fixed_context,PIA,30,MEDIUM,new,fixed_context,M-H-M,2,-2.799965,-11.167233,5.794246,0.666000,-24.655690,21.891733,True,False,GREEN,0.467167
monza_pia_lap30_to_hard_new_fixed_context,PIA,30,HARD,new,fixed_context,M-H-H,2,8.097871,3.651009,12.390092,0.012000,-13.818982,21.869938,True,False,GREEN,0.463875
monza_pia_lap31_to_soft_new_fixed_context,PIA,31,SOFT,new,fixed_context,M-H-S,2,-20.602911,-29.317220,-12.629334,1.000000,-42.604866,21.658602,True,False,GREEN,0.461708
monza_pia_lap31_to_medium_new_fixed_context,PIA,31,MEDIUM,new,fixed_context,M-H-M,2,-2.225960,-10.303867,6.003360,0.642000,-24.130012,21.891733,True,False,GREEN,0.462958
monza_pia_lap31_to_hard_new_fixed_context,PIA,31,HARD,new,fixed_context,M-H-H,2,8.206176,3.769044,12.490704,0.012000,-13.707718,21.869938,True,False,GREEN,0.473625
monza_pia_lap32_to_soft_new_fixed_context,PIA,32,SOFT,new,fixed_context,M-H-S,2,-19.214571,-27.448803,-11.598529,1.000000,-41.158658,21.658602,True,False,GREEN,0.458542
monza_pia_lap32_to_medium_new_fixed_context,PIA,32,MEDIUM,new,fixed_context,M-H-M,2,-1.651897,-9.448486,6.345464,0.608000,-23.554670,21.891733,True,False,GREEN,0.458500
monza_pia_lap32_to_hard_new_fixed_context,PIA,32,HARD,new,fixed_context,M-H-H,2,8.350282,3.934292,12.631560,0.010000,-13.551948,21.869938,True,False,GREEN,0.469750
monza_pia_lap33_to_soft_new_fixed_context,PIA,33,SOFT,new,fixed_context,M-H-S,2,-17.791502,-25.636013,-10.345652,1.000000,-39.665748,21.658602,True,False,GREEN,0.459166
monza_pia_lap33_to_medium_new_fixed_context,PIA,33,MEDIUM,new,fixed_context,M-H-M,2,-0.915123,-8.551850,6.700842,0.568000,-22.929664,21.891733,True,False,GREEN,0.455042
monza_pia_lap33_to_hard_new_fixed_context,PIA,33,HARD,new,fixed_context,M-H-H,2,8.562888,4.139403,12.812660,0.010000,-13.351673,21.869938,True,False,GREEN,0.460958
monza_pia_lap34_to_soft_new_fixed_context,PIA,34,SOFT,new,fixed_context,M-H-S,2,-16.268552,-23.804274,-9.241148,1.000000,-38.126135,21.658602,True,False,GREEN,0.462708
monza_pia_lap34_to_medium_new_fixed_context,PIA,34,MEDIUM,new,fixed_context,M-H-M,2,-0.222209,-7.595075,7.130961,0.526000,-22.254993,21.891733,True,False,GREEN,0.458250
monza_pia_lap34_to_hard_new_fixed_context,PIA,34,HARD,new,fixed_context,M-H-H,2,8.792124,4.402181,13.034005,0.006000,-13.106893,21.869938,True,False,GREEN,0.459417
monza_pia_lap35_to_soft_new_fixed_context,PIA,35,SOFT,new,fixed_context,M-H-S,2,-14.711555,-21.839213,-8.053021,0.998000,-36.539820,21.658602,True,False,GREEN,0.454584
monza_pia_lap35_to_medium_new_fixed_context,PIA,35,MEDIUM,new,fixed_context,M-H-M,2,0.512075,-6.633653,7.526804,0.458000,-21.530658,21.891733,True,False,GREEN,0.455042
monza_pia_lap35_to_hard_new_fixed_context,PIA,35,HARD,new,fixed_context,M-H-H,2,9.076763,4.699739,13.294579,0.006000,-12.817606,21.869938,True,False,GREEN,0.465042
monza_pia_lap36_to_soft_new_fixed_context,PIA,36,SOFT,new,fixed_context,M-H-S,2,-13.030304,-19.751644,-6.633156,0.996000,-34.906802,21.658602,True,False,GREEN,0.454041
monza_pia_lap36_to_medium_new_fixed_context,PIA,36,MEDIUM,new,fixed_context,M-H-M,2,1.317056,-5.530319,8.093096,0.412000,-20.756658,21.891733,True,False,GREEN,0.459833
monza_pia_lap36_to_hard_new_fixed_context,PIA,36,HARD,new,fixed_context,M-H-H,2,9.395159,5.047837,13.599456,0.002000,-12.483815,21.869938,True,False,GREEN,0.453291
monza_pia_lap37_to_soft_new_fixed_context,PIA,37,SOFT,new,fixed_context,M-H-S,2,-11.372427,-17.780371,-5.261202,0.996000,-33.227081,21.658602,True,False,GREEN,0.485500
monza_pia_lap37_to_medium_new_fixed_context,PIA,37,MEDIUM,new,fixed_context,M-H-M,2,2.120307,-4.429788,8.736835,0.356000,-19.932994,21.891733,True,False,GREEN,0.690458
monza_pia_lap37_to_hard_new_fixed_context,PIA,37,HARD,new,fixed_context,M-H-H,2,9.784221,5.456848,13.942704,0.002000,-12.105517,21.869938,True,False,GREEN,0.574542
monza_pia_lap38_to_soft_new_fixed_context,PIA,38,SOFT,new,fixed_context,M-H-S,2,-9.669024,-15.796901,-3.784584,0.992000,-31.500658,21.658602,True,False,GREEN,0.515958
monza_pia_lap38_to_medium_new_fixed_context,PIA,38,MEDIUM,new,fixed_context,M-H-M,2,2.986830,-3.304185,9.273839,0.288000,-19.059665,21.891733,True,False,GREEN,0.502375
monza_pia_lap38_to_hard_new_fixed_context,PIA,38,HARD,new,fixed_context,M-H-H,2,10.211625,5.929977,14.360877,0.002000,-11.682714,21.869938,True,False,GREEN,0.485083
monza_pia_lap39_to_soft_new_fixed_context,PIA,39,SOFT,new,fixed_context,M-H-S,2,-7.793040,-13.838229,-2.184311,0.968000,-29.727532,21.658602,True,False,GREEN,0.468333
monza_pia_lap39_to_medium_new_fixed_context,PIA,39,MEDIUM,new,fixed_context,M-H-M,2,3.943863,-2.152997,9.874807,0.228000,-18.136672,21.891733,True,False,GREEN,0.470208
monza_pia_lap39_to_hard_new_fixed_context,PIA,39,HARD,new,fixed_context,M-H-H,2,10.699660,6.425256,14.747202,0.002000,-11.215406,21.869938,True,False,GREEN,0.457333
monza_pia_lap40_to_soft_new_fixed_context,PIA,40,SOFT,new,fixed_context,M-H-S,2,-6.006028,-11.768805,-0.689951,0.924000,-27.907704,21.658602,True,False,GREEN,0.463459
monza_pia_lap40_to_medium_new_fixed_context,PIA,40,MEDIUM,new,fixed_context,M-H-M,2,4.852884,-0.910941,10.531527,0.154000,-17.164014,21.891733,True,False,GREEN,0.466375
monza_pia_lap40_to_hard_new_fixed_context,PIA,40,HARD,new,fixed_context,M-H-H,2,11.193585,6.975493,15.195419,0.002000,-10.703591,21.869938,True,False,GREEN,0.462791
monza_pia_lap41_to_soft_new_fixed_context,PIA,41,SOFT,new,fixed_context,M-H-S,2,-4.234526,-9.745129,0.756750,0.856000,-26.041173,21.658602,True,False,GREEN,0.459916
monza_pia_lap41_to_medium_new_fixed_context,PIA,41,MEDIUM,new,fixed_context,M-H-M,2,5.843226,0.345802,11.279823,0.084000,-16.141692,21.891733,True,False,GREEN,0.454291
monza_pia_lap41_to_hard_new_fixed_context,PIA,41,HARD,new,fixed_context,M-H-H,2,11.783650,7.588529,15.719055,0.002000,-10.147272,21.869938,True,False,GREEN,0.456292
monza_pia_lap42_to_soft_new_fixed_context,PIA,42,SOFT,new,fixed_context,M-H-S,2,-2.284559,-7.580065,2.548818,0.724000,-24.127939,21.658602,True,False,GREEN,0.452584
monza_pia_lap42_to_medium_new_fixed_context,PIA,42,MEDIUM,new,fixed_context,M-H-M,2,6.850583,1.646855,12.008205,0.032000,-15.069706,21.891733,True,False,GREEN,0.471458
monza_pia_lap42_to_hard_new_fixed_context,PIA,42,HARD,new,fixed_context,M-H-H,2,12.389100,8.203852,16.273715,0.000000,-9.546446,21.869938,True,False,GREEN,0.509375
monza_pia_lap43_to_soft_new_fixed_context,PIA,43,SOFT,new,fixed_context,M-H-S,2,-0.339473,-5.318341,4.331661,0.536000,-22.168003,21.658602,True,False,GREEN,0.461208
monza_pia_lap43_to_medium_new_fixed_context,PIA,43,MEDIUM,new,fixed_context,M-H-M,2,7.912130,3.007786,12.827440,0.012000,-13.948055,21.891733,True,False,GREEN,0.435083
monza_pia_lap43_to_hard_new_fixed_context,PIA,43,HARD,new,fixed_context,M-H-H,2,13.025498,8.861970,16.918818,0.000000,-8.901116,21.869938,True,False,GREEN,0.436041
monza_pia_lap44_to_soft_new_fixed_context,PIA,44,SOFT,new,fixed_context,M-H-S,2,1.705545,-2.991061,6.091796,0.340000,-20.161364,21.658602,True,False,GREEN,0.443792
monza_pia_lap44_to_medium_new_fixed_context,PIA,44,MEDIUM,new,fixed_context,M-H-M,2,9.029314,4.422587,13.779836,0.002000,-12.776739,21.891733,True,False,GREEN,0.447792
monza_pia_lap44_to_hard_new_fixed_context,PIA,44,HARD,new,fixed_context,M-H-H,2,13.721578,9.632666,17.627430,0.000000,-8.211279,21.869938,True,False,GREEN,0.464209
monza_pia_lap45_to_soft_new_fixed_context,PIA,45,SOFT,new,fixed_context,M-H-S,2,3.735451,-0.768925,8.015830,0.174000,-18.108023,21.658602,True,False,GREEN,0.460875
monza_pia_lap45_to_medium_new_fixed_context,PIA,45,MEDIUM,new,fixed_context,M-H-M,2,10.319803,5.890376,14.752952,0.002000,-11.555760,21.891733,True,False,GREEN,0.460417
monza_pia_lap45_to_hard_new_fixed_context,PIA,45,HARD,new,fixed_context,M-H-H,2,14.401316,10.448358,18.264938,0.000000,-7.476937,21.869938,True,False,GREEN,0.462500
monza_pia_lap46_to_soft_new_fixed_context,PIA,46,SOFT,new,fixed_context,M-H-S,2,5.825766,1.409898,9.980679,0.046000,-16.007979,21.658602,True,False,GREEN,0.474417
monza_pia_lap46_to_medium_new_fixed_context,PIA,46,MEDIUM,new,fixed_context,M-H-M,2,11.636538,7.390051,15.803245,0.000000,-10.285115,21.891733,True,False,GREEN,0.458542
monza_pia_lap46_to_hard_new_fixed_context,PIA,46,HARD,new,fixed_context,M-H-H,2,15.161280,11.284798,18.971681,0.000000,-6.698089,21.869938,True,False,GREEN,0.433291
monza_pia_lap47_to_soft_new_fixed_context,PIA,47,SOFT,new,fixed_context,M-H-S,2,7.986441,3.650700,11.923885,0.010000,-13.861233,21.658602,True,False,GREEN,0.430791
monza_pia_lap47_to_medium_new_fixed_context,PIA,47,MEDIUM,new,fixed_context,M-H-M,2,13.006423,9.014137,17.039166,0.000000,-8.964806,21.891733,True,False,GREEN,0.445791
monza_pia_lap47_to_hard_new_fixed_context,PIA,47,HARD,new,fixed_context,M-H-H,2,15.986186,12.154641,19.738870,0.000000,-5.874736,21.869938,True,False,GREEN,0.427209
monza_pia_lap48_to_soft_new_fixed_context,PIA,48,SOFT,new,fixed_context,M-H-S,2,10.078410,6.013321,14.044074,0.004000,-11.667784,21.658602,True,False,GREEN,0.445625
monza_pia_lap48_to_medium_new_fixed_context,PIA,48,MEDIUM,new,fixed_context,M-H-M,2,14.364892,10.516008,18.203400,0.000000,-7.594833,21.891733,True,False,GREEN,0.456583
monza_pia_lap48_to_hard_new_fixed_context,PIA,48,HARD,new,fixed_context,M-H-H,2,16.865802,13.049983,20.494747,0.000000,-5.006877,21.869938,True,False,GREEN,0.457208
monza_pia_lap49_to_soft_new_fixed_context,PIA,49,SOFT,new,fixed_context,M-H-S,2,12.231894,8.306529,16.081191,0.000000,-9.427632,21.658602,True,False,GREEN,0.456750
monza_pia_lap49_to_medium_new_fixed_context,PIA,49,MEDIUM,new,fixed_context,M-H-M,2,15.738197,12.077637,19.390449,0.000000,-6.175195,21.891733,True,False,GREEN,0.455250
monza_pia_lap49_to_hard_new_fixed_context,PIA,49,HARD,new,fixed_context,M-H-H,2,17.735004,14.021535,21.422047,0.000000,-4.094513,21.869938,True,False,GREEN,0.454875
monza_pia_lap50_to_soft_new_fixed_context,PIA,50,SOFT,new,fixed_context,M-H-S,2,14.475498,10.709253,18.343668,0.000000,-7.140778,21.658602,True,False,GREEN,0.458792
monza_pia_lap50_to_medium_new_fixed_context,PIA,50,MEDIUM,new,fixed_context,M-H-M,2,17.173248,13.673266,20.760392,0.000000,-4.705893,21.891733,True,False,GREEN,0.437334
monza_pia_lap50_to_hard_new_fixed_context,PIA,50,HARD,new,fixed_context,M-H-H,2,18.660973,15.072024,22.329527,0.000000,-3.137643,21.869938,True,False,GREEN,0.427500
monza_pia_lap51_to_soft_new_fixed_context,PIA,51,SOFT,new,fixed_context,M-H-S,2,17.087700,13.574623,20.560470,0.000000,-4.807221,21.920263,True,False,GREEN,0.443750
monza_pia_lap51_to_medium_new_fixed_context,PIA,51,MEDIUM,new,fixed_context,M-H-M,2,18.891029,15.523745,22.360996,0.000000,-3.186927,22.090607,True,False,GREEN,0.456708
monza_pia_lap51_to_hard_new_fixed_context,PIA,51,HARD,new,fixed_context,M-H-H,2,19.680607,16.436836,23.410322,0.000000,-2.136268,21.915726,True,False,GREEN,0.455208
monza_pia_lap52_to_soft_new_fixed_context,PIA,52,SOFT,new,fixed_context,M-H-S,2,19.500813,16.169982,22.970542,0.000000,-2.426962,22.037352,True,False,GREEN,0.454917
monza_pia_lap52_to_medium_new_fixed_context,PIA,52,MEDIUM,new,fixed_context,M-H-M,2,20.283975,17.096751,23.864379,0.000000,-1.618296,22.037352,True,False,GREEN,0.462042
monza_pia_lap52_to_hard_new_fixed_context,PIA,52,HARD,new,fixed_context,M-H-H,2,20.811664,17.502005,24.323767,0.000000,-1.090387,22.037352,True,False,GREEN,0.452791
monza_rus_lap2_to_soft_new_fixed_context,RUS,2,SOFT,new,fixed_context,M-S-H,2,0.000000,0.000000,0.000000,0.000000,0.000000,0.000000,True,True,GREEN,2.922792
monza_rus_lap2_to_medium_new_fixed_context,RUS,2,MEDIUM,new,fixed_context,M-M-H,2,0.000000,0.000000,0.000000,0.000000,0.000000,0.000000,True,True,GREEN,0.500708
monza_rus_lap2_to_hard_new_fixed_context,RUS,2,HARD,new,fixed_context,M-H-H,2,0.000000,0.000000,0.000000,0.000000,0.000000,0.000000,True,True,GREEN,0.495750
monza_rus_lap3_to_soft_new_fixed_context,RUS,3,SOFT,new,fixed_context,M-S,1,-57.971169,-85.374493,-35.624247,1.000000,-58.632829,-0.431745,False,True,RED,0.507459
monza_rus_lap3_to_medium_new_fixed_context,RUS,3,MEDIUM,new,fixed_context,M-M,1,-19.084494,-33.662444,-4.445457,0.940000,-18.768391,-0.306172,True,True,RED,0.461166
monza_rus_lap3_to_hard_new_fixed_context,RUS,3,HARD,new,fixed_context,M-H,1,0.000000,0.000000,0.000000,0.000000,0.000000,0.000000,True,True,RED,0.431166
monza_rus_lap4_to_soft_new_fixed_context,RUS,4,SOFT,new,fixed_context,M-H-S,2,-58.975543,-85.461508,-37.797586,1.000000,-59.733162,-0.431745,False,True,RED,0.487125
monza_rus_lap4_to_medium_new_fixed_context,RUS,4,MEDIUM,new,fixed_context,M-H-M,2,-20.241410,-34.806032,-5.615694,0.956000,-20.002015,-0.306172,True,True,RED,0.496541
monza_rus_lap4_to_hard_new_fixed_context,RUS,4,HARD,new,fixed_context,M-H-H,2,-1.046820,-1.220025,-0.866972,1.000000,-1.040779,0.000000,True,True,RED,0.492959
monza_rus_lap5_to_soft_new_fixed_context,RUS,5,SOFT,new,fixed_context,M-H-S,2,-60.302083,-85.759623,-39.839337,1.000000,-60.833495,-0.431745,False,True,RED,0.485958
monza_rus_lap5_to_medium_new_fixed_context,RUS,5,MEDIUM,new,fixed_context,M-H-M,2,-21.359481,-36.027316,-6.881593,0.972000,-21.235639,-0.306172,True,True,RED,0.489416
monza_rus_lap5_to_hard_new_fixed_context,RUS,5,HARD,new,fixed_context,M-H-H,2,-2.093640,-2.440050,-1.733945,1.000000,-2.081559,0.000000,True,True,RED,0.487500
monza_rus_lap6_to_soft_new_fixed_context,RUS,6,SOFT,new,fixed_context,M-H-S,2,-38.891633,-65.363789,-18.616931,0.988000,-61.933828,21.226857,False,False,MISSING,0.503625
monza_rus_lap6_to_medium_new_fixed_context,RUS,6,MEDIUM,new,fixed_context,M-H-M,2,-0.799226,-15.470227,14.489764,0.534000,-22.469263,21.585561,True,False,MISSING,0.489125
monza_rus_lap6_to_hard_new_fixed_context,RUS,6,HARD,new,fixed_context,M-H-H,2,18.683757,15.108698,22.326056,0.000000,-3.122338,21.869938,True,False,MISSING,0.486000
monza_rus_lap7_to_soft_new_fixed_context,RUS,7,SOFT,new,fixed_context,M-H-S,2,-38.400191,-63.642008,-19.430722,0.994000,-61.602876,21.442730,False,False,GREEN,0.481125
monza_rus_lap7_to_medium_new_fixed_context,RUS,7,MEDIUM,new,fixed_context,M-H-M,2,-1.131381,-15.916486,13.202567,0.552000,-23.077305,21.738647,True,False,GREEN,0.481167
monza_rus_lap7_to_hard_new_fixed_context,RUS,7,HARD,new,fixed_context,M-H-H,2,17.753734,14.113524,21.430417,0.000000,-4.070604,21.869938,True,False,GREEN,0.488875
monza_rus_lap8_to_soft_new_fixed_context,RUS,8,SOFT,new,fixed_context,M-H-S,2,-38.033130,-62.182899,-19.903099,0.996000,-61.224343,21.442730,False,False,GREEN,0.460500
monza_rus_lap8_to_medium_new_fixed_context,RUS,8,MEDIUM,new,fixed_context,M-H-M,2,-1.824251,-16.065467,12.464140,0.574000,-23.634805,21.738647,True,False,GREEN,0.447667
monza_rus_lap8_to_hard_new_fixed_context,RUS,8,HARD,new,fixed_context,M-H-H,2,16.879035,13.154838,20.570718,0.000000,-4.972612,21.869938,True,False,GREEN,0.462625
monza_rus_lap9_to_soft_new_fixed_context,RUS,9,SOFT,new,fixed_context,M-H-S,2,-37.720126,-61.194553,-20.292188,0.998000,-60.798229,21.442730,False,False,GREEN,0.487916
monza_rus_lap9_to_medium_new_fixed_context,RUS,9,MEDIUM,new,fixed_context,M-H-M,2,-2.400271,-16.149341,11.689847,0.594000,-24.141763,21.738647,True,False,GREEN,0.510083
monza_rus_lap9_to_hard_new_fixed_context,RUS,9,HARD,new,fixed_context,M-H-H,2,16.025455,12.220268,19.686194,0.000000,-5.828364,21.869938,True,False,GREEN,0.495959
monza_rus_lap10_to_soft_new_fixed_context,RUS,10,SOFT,new,fixed_context,M-H-S,2,-37.630417,-60.290133,-20.670867,0.998000,-60.324536,21.442730,False,False,GREEN,0.478541
monza_rus_lap10_to_medium_new_fixed_context,RUS,10,MEDIUM,new,fixed_context,M-H-M,2,-2.804691,-16.179247,10.942804,0.612000,-24.598179,21.738647,True,False,GREEN,0.525000
monza_rus_lap10_to_hard_new_fixed_context,RUS,10,HARD,new,fixed_context,M-H-H,2,15.230947,11.390355,18.987784,0.000000,-6.637859,21.869938,True,False,GREEN,0.492625
monza_rus_lap11_to_soft_new_fixed_context,RUS,11,SOFT,new,fixed_context,M-H-S,2,-37.405312,-59.299627,-20.828598,0.998000,-59.803262,21.442730,False,False,GREEN,0.479834
monza_rus_lap11_to_medium_new_fixed_context,RUS,11,MEDIUM,new,fixed_context,M-H-M,2,-3.220927,-16.247361,10.190890,0.628000,-25.004052,21.738647,True,False,GREEN,0.458791
monza_rus_lap11_to_hard_new_fixed_context,RUS,11,HARD,new,fixed_context,M-H-H,2,14.456864,10.582476,18.266757,0.000000,-7.401098,21.869938,True,False,GREEN,0.460708
monza_rus_lap12_to_soft_new_fixed_context,RUS,12,SOFT,new,fixed_context,M-H-S,2,-36.897917,-57.915227,-20.795745,0.998000,-59.234407,21.442730,False,False,GREEN,0.464667
monza_rus_lap12_to_medium_new_fixed_context,RUS,12,MEDIUM,new,fixed_context,M-H-M,2,-3.630455,-16.320837,9.451137,0.646000,-25.359383,21.738647,True,False,GREEN,0.473500
monza_rus_lap12_to_hard_new_fixed_context,RUS,12,HARD,new,fixed_context,M-H-H,2,13.751419,9.795264,17.601745,0.000000,-8.118079,21.869938,True,False,GREEN,0.489750
monza_rus_lap13_to_soft_new_fixed_context,RUS,13,SOFT,new,fixed_context,M-H-S,2,-36.402324,-56.391738,-20.702565,0.998000,-58.617973,21.442730,False,False,GREEN,0.498584
monza_rus_lap13_to_medium_new_fixed_context,RUS,13,MEDIUM,new,fixed_context,M-H-M,2,-3.826061,-16.397254,8.767270,0.672000,-25.664171,21.738647,True,False,GREEN,0.483792
monza_rus_lap13_to_hard_new_fixed_context,RUS,13,HARD,new,fixed_context,M-H-H,2,13.104874,9.106193,17.033171,0.000000,-8.788803,21.869938,True,False,GREEN,0.478916
monza_rus_lap14_to_soft_new_fixed_context,RUS,14,SOFT,new,fixed_context,M-H-S,2,-35.726373,-54.868180,-20.855450,0.998000,-57.953958,21.442730,False,False,GREEN,0.480958
monza_rus_lap14_to_medium_new_fixed_context,RUS,14,MEDIUM,new,fixed_context,M-H-M,2,-4.080059,-16.409075,8.220606,0.684000,-25.918418,21.738647,True,False,GREEN,0.489750
monza_rus_lap14_to_hard_new_fixed_context,RUS,14,HARD,new,fixed_context,M-H-H,2,12.526352,8.358923,16.437982,0.000000,-9.413271,21.869938,True,False,GREEN,0.481625
monza_rus_lap15_to_soft_new_fixed_context,RUS,15,SOFT,new,fixed_context,M-H-S,2,-35.088163,-53.375283,-20.757190,0.998000,-57.242363,21.442730,False,False,GREEN,0.494250
monza_rus_lap15_to_medium_new_fixed_context,RUS,15,MEDIUM,new,fixed_context,M-H-M,2,-4.268020,-16.349969,7.887006,0.688000,-26.122122,21.738647,True,False,GREEN,0.478208
monza_rus_lap15_to_hard_new_fixed_context,RUS,15,HARD,new,fixed_context,M-H-H,2,11.925222,7.769301,15.817738,0.002000,-9.991482,21.869938,True,False,GREEN,0.509167
monza_rus_lap16_to_soft_new_fixed_context,RUS,16,SOFT,new,fixed_context,M-H-S,2,-34.404817,-51.815490,-20.553118,0.998000,-56.483188,21.442730,False,False,GREEN,0.474917
monza_rus_lap16_to_medium_new_fixed_context,RUS,16,MEDIUM,new,fixed_context,M-H-M,2,-4.475719,-16.033141,7.136640,0.690000,-26.275284,21.738647,True,False,GREEN,0.473083
monza_rus_lap16_to_hard_new_fixed_context,RUS,16,HARD,new,fixed_context,M-H-H,2,11.407638,7.227507,15.291502,0.002000,-10.523436,21.869938,True,False,GREEN,0.496333
monza_rus_lap17_to_soft_new_fixed_context,RUS,17,SOFT,new,fixed_context,M-H-S,2,-33.669093,-50.350742,-20.291901,0.998000,-55.676432,21.442730,False,False,GREEN,0.503209
monza_rus_lap17_to_medium_new_fixed_context,RUS,17,MEDIUM,new,fixed_context,M-H-M,2,-4.550605,-15.831358,6.707465,0.694000,-26.377903,21.738647,True,False,GREEN,0.492250
monza_rus_lap17_to_hard_new_fixed_context,RUS,17,HARD,new,fixed_context,M-H-H,2,10.927407,6.733325,14.844419,0.002000,-11.009133,21.869938,True,False,GREEN,0.463792
monza_rus_lap18_to_soft_new_fixed_context,RUS,18,SOFT,new,fixed_context,M-H-S,2,-32.865632,-48.584790,-20.008943,0.998000,-54.822096,21.442730,False,False,GREEN,0.445875
monza_rus_lap18_to_medium_new_fixed_context,RUS,18,MEDIUM,new,fixed_context,M-H-M,2,-4.619288,-15.611924,6.386310,0.698000,-26.429980,21.738647,True,False,GREEN,0.485500
monza_rus_lap18_to_hard_new_fixed_context,RUS,18,HARD,new,fixed_context,M-H-H,2,10.479721,6.265852,14.427143,0.002000,-11.448573,21.869938,True,False,GREEN,0.515459
monza_rus_lap19_to_soft_new_fixed_context,RUS,19,SOFT,new,fixed_context,M-H-S,2,-32.069202,-47.111421,-19.626722,0.998000,-53.920180,21.442730,False,False,GREEN,0.538250
monza_rus_lap19_to_medium_new_fixed_context,RUS,19,MEDIUM,new,fixed_context,M-H-M,2,-4.605590,-15.396339,6.111760,0.704000,-26.431515,21.738647,True,False,GREEN,0.513250
monza_rus_lap19_to_hard_new_fixed_context,RUS,19,HARD,new,fixed_context,M-H-H,2,10.053510,5.837995,14.055468,0.002000,-11.841756,21.869938,True,False,GREEN,0.472917
monza_rus_lap20_to_soft_new_fixed_context,RUS,20,SOFT,new,fixed_context,M-H-S,2,-31.115386,-45.622039,-19.143032,1.000000,-52.970684,21.442730,False,False,GREEN,0.468916
monza_rus_lap20_to_medium_new_fixed_context,RUS,20,MEDIUM,new,fixed_context,M-H-M,2,-4.484281,-15.203195,5.885939,0.708000,-26.382508,21.738647,True,False,GREEN,0.468166
monza_rus_lap20_to_hard_new_fixed_context,RUS,20,HARD,new,fixed_context,M-H-H,2,9.718646,5.464643,13.727520,0.002000,-12.188683,21.869938,True,False,GREEN,0.470625
monza_rus_lap21_to_soft_new_fixed_context,RUS,21,SOFT,new,fixed_context,M-H-S,2,-30.180239,-44.130718,-18.652799,1.000000,-51.973607,21.442730,False,False,GREEN,0.466083
monza_rus_lap21_to_medium_new_fixed_context,RUS,21,MEDIUM,new,fixed_context,M-H-M,2,-4.367451,-14.951568,5.736090,0.706000,-26.282958,21.738647,True,False,GREEN,0.469417
monza_rus_lap21_to_hard_new_fixed_context,RUS,21,HARD,new,fixed_context,M-H-H,2,9.424504,5.148970,13.482775,0.002000,-12.489352,21.869938,True,False,GREEN,0.465209
monza_rus_lap22_to_soft_new_fixed_context,RUS,22,SOFT,new,fixed_context,M-H-S,2,-29.200078,-42.412930,-18.050147,1.000000,-50.928950,21.442730,False,False,GREEN,0.466291
monza_rus_lap22_to_medium_new_fixed_context,RUS,22,MEDIUM,new,fixed_context,M-H-M,2,-4.224065,-14.585751,5.621037,0.704000,-26.132866,21.738647,True,False,GREEN,0.464750
monza_rus_lap22_to_hard_new_fixed_context,RUS,22,HARD,new,fixed_context,M-H-H,2,9.163133,4.885602,13.252751,0.004000,-12.743765,21.869938,True,False,GREEN,0.468750
monza_rus_lap23_to_soft_new_fixed_context,RUS,23,SOFT,new,fixed_context,M-H-S,2,-28.039520,-40.750194,-17.402838,1.000000,-49.836713,21.442730,False,False,GREEN,0.463666
monza_rus_lap23_to_medium_new_fixed_context,RUS,23,MEDIUM,new,fixed_context,M-H-M,2,-4.088413,-13.960902,5.546821,0.702000,-25.932232,21.738647,True,False,GREEN,0.467834
monza_rus_lap23_to_hard_new_fixed_context,RUS,23,HARD,new,fixed_context,M-H-H,2,8.942125,4.660037,13.089427,0.006000,-12.951921,21.869938,True,False,GREEN,0.465125
monza_rus_lap24_to_soft_new_fixed_context,RUS,24,SOFT,new,fixed_context,M-H-S,2,-26.993012,-39.078232,-16.695988,1.000000,-48.696895,21.442730,False,False,GREEN,0.466458
monza_rus_lap24_to_medium_new_fixed_context,RUS,24,MEDIUM,new,fixed_context,M-H-M,2,-3.858030,-13.491577,5.517697,0.698000,-25.681055,21.738647,True,False,GREEN,0.464541
monza_rus_lap24_to_hard_new_fixed_context,RUS,24,HARD,new,fixed_context,M-H-H,2,8.775041,4.501517,12.926917,0.006000,-13.113820,21.869938,True,False,GREEN,0.466000
monza_rus_lap25_to_soft_new_fixed_context,RUS,25,SOFT,new,fixed_context,M-H-S,2,-25.460506,-36.925109,-15.951127,1.000000,-47.509497,21.704391,False,False,GREEN,0.463084
monza_rus_lap25_to_medium_new_fixed_context,RUS,25,MEDIUM,new,fixed_context,M-H-M,2,-3.309986,-12.566944,5.866051,0.684000,-25.379336,21.937521,True,False,GREEN,0.430583
monza_rus_lap25_to_hard_new_fixed_context,RUS,25,HARD,new,fixed_context,M-H-H,2,8.783621,4.509079,12.817243,0.004000,-13.229462,21.915726,True,False,GREEN,0.437292
monza_rus_lap26_to_soft_new_fixed_context,RUS,26,SOFT,new,fixed_context,M-H-S,2,-24.258812,-34.754313,-15.135957,1.000000,-46.274519,21.821480,False,False,GREEN,0.456291
monza_rus_lap26_to_medium_new_fixed_context,RUS,26,MEDIUM,new,fixed_context,M-H-M,2,-3.036999,-11.947950,5.842796,0.684000,-25.027075,21.884266,True,False,GREEN,0.467292
monza_rus_lap26_to_hard_new_fixed_context,RUS,26,HARD,new,fixed_context,M-H-H,2,8.855888,4.522936,12.727718,0.002000,-13.298847,22.037352,True,False,GREEN,0.463917
monza_rus_lap27_to_soft_new_fixed_context,RUS,27,SOFT,new,fixed_context,M-H-S,2,-30.322140,-40.683398,-21.481674,1.000000,-44.991961,14.389483,False,False,GREEN,0.468167
monza_rus_lap27_to_medium_new_fixed_context,RUS,27,MEDIUM,new,fixed_context,M-H-M,2,-10.055783,-18.254687,-1.748939,0.936000,-24.624271,14.515057,True,False,GREEN,0.464375
monza_rus_lap27_to_hard_new_fixed_context,RUS,27,HARD,new,fixed_context,M-H-H,2,1.464631,-1.686448,4.588528,0.276000,-13.321976,14.821228,True,False,GREEN,0.464042
monza_rus_lap28_to_soft_new_fixed_context,RUS,28,SOFT,new,fixed_context,M-H-S,2,-32.749442,-42.537763,-23.780213,1.000000,-45.578805,12.728497,True,False,VSC,0.464458
monza_rus_lap28_to_medium_new_fixed_context,RUS,28,MEDIUM,new,fixed_context,M-H-M,2,-12.302913,-20.409174,-3.923040,0.968000,-25.282204,13.024414,True,False,VSC,0.466875
monza_rus_lap28_to_hard_new_fixed_context,RUS,28,HARD,new,fixed_context,M-H-H,2,-0.750975,-3.821323,2.445028,0.634000,-13.877058,13.155705,True,False,VSC,0.463250
monza_rus_lap29_to_soft_new_fixed_context,RUS,29,SOFT,new,fixed_context,M-H-S,2,-25.905327,-35.982067,-17.108293,1.000000,-46.165650,19.898832,True,False,VSC,0.460625
monza_rus_lap29_to_medium_new_fixed_context,RUS,29,MEDIUM,new,fixed_context,M-H-M,2,-5.647153,-14.173879,2.957555,0.808000,-25.940137,20.194749,True,False,VSC,0.463583
monza_rus_lap29_to_hard_new_fixed_context,RUS,29,HARD,new,fixed_context,M-H-H,2,5.920103,1.746386,9.991987,0.028000,-14.432140,20.326040,True,False,VSC,0.466791
monza_rus_lap30_to_soft_new_fixed_context,RUS,30,SOFT,new,fixed_context,M-H-S,2,-22.941805,-31.787275,-14.748644,1.000000,-44.789254,21.658602,True,False,GREEN,0.478833
monza_rus_lap30_to_medium_new_fixed_context,RUS,30,MEDIUM,new,fixed_context,M-H-M,2,-3.561111,-11.830987,4.721348,0.702000,-25.440534,21.891733,True,False,GREEN,0.516875
monza_rus_lap30_to_hard_new_fixed_context,RUS,30,HARD,new,fixed_context,M-H-H,2,7.534750,3.150902,11.765218,0.012000,-14.362755,21.869938,True,False,GREEN,0.465167
monza_rus_lap31_to_soft_new_fixed_context,RUS,31,SOFT,new,fixed_context,M-H-S,2,-21.450279,-29.809786,-13.628030,1.000000,-43.365278,21.658602,True,False,GREEN,0.437792
monza_rus_lap31_to_medium_new_fixed_context,RUS,31,MEDIUM,new,fixed_context,M-H-M,2,-3.004559,-11.031356,5.089753,0.682000,-24.890389,21.891733,True,False,GREEN,0.431667
monza_rus_lap31_to_hard_new_fixed_context,RUS,31,HARD,new,fixed_context,M-H-H,2,7.647863,3.269525,11.867215,0.012000,-14.247113,21.869938,True,False,GREEN,0.465500
monza_rus_lap32_to_soft_new_fixed_context,RUS,32,SOFT,new,fixed_context,M-H-S,2,-19.952228,-28.073449,-12.392278,1.000000,-41.893722,21.658602,True,False,GREEN,0.461583
monza_rus_lap32_to_medium_new_fixed_context,RUS,32,MEDIUM,new,fixed_context,M-H-M,2,-2.345462,-10.202008,5.450929,0.648000,-24.289702,21.891733,True,False,GREEN,0.460417
monza_rus_lap32_to_hard_new_fixed_context,RUS,32,HARD,new,fixed_context,M-H-H,2,7.797441,3.435731,12.025588,0.012000,-14.085214,21.869938,True,False,GREEN,0.463834
monza_rus_lap33_to_soft_new_fixed_context,RUS,33,SOFT,new,fixed_context,M-H-S,2,-18.471167,-26.188944,-11.244486,1.000000,-40.374586,21.658602,True,False,GREEN,0.467833
monza_rus_lap33_to_medium_new_fixed_context,RUS,33,MEDIUM,new,fixed_context,M-H-M,2,-1.671391,-9.279716,5.861783,0.614000,-23.638472,21.891733,True,False,GREEN,0.468125
monza_rus_lap33_to_hard_new_fixed_context,RUS,33,HARD,new,fixed_context,M-H-H,2,8.001206,3.653337,12.208375,0.010000,-13.877058,21.869938,True,False,GREEN,0.490833
monza_rus_lap34_to_soft_new_fixed_context,RUS,34,SOFT,new,fixed_context,M-H-S,2,-16.861273,-24.353797,-10.016611,1.000000,-38.807869,21.658602,True,False,GREEN,0.460042
monza_rus_lap34_to_medium_new_fixed_context,RUS,34,MEDIUM,new,fixed_context,M-H-M,2,-0.982350,-8.306448,6.269727,0.570000,-22.936701,21.891733,True,False,GREEN,0.462375
monza_rus_lap34_to_hard_new_fixed_context,RUS,34,HARD,new,fixed_context,M-H-H,2,8.262144,3.919863,12.442923,0.010000,-13.622645,21.869938,True,False,GREEN,0.461042
monza_rus_lap35_to_soft_new_fixed_context,RUS,35,SOFT,new,fixed_context,M-H-S,2,-15.265889,-22.278569,-8.740946,1.000000,-37.193572,21.658602,True,False,GREEN,0.463584
monza_rus_lap35_to_medium_new_fixed_context,RUS,35,MEDIUM,new,fixed_context,M-H-M,2,-0.188132,-7.254557,6.787941,0.510000,-22.184387,21.891733,True,False,GREEN,0.457625
monza_rus_lap35_to_hard_new_fixed_context,RUS,35,HARD,new,fixed_context,M-H-H,2,8.570525,4.261650,12.709157,0.006000,-13.321976,21.869938,True,False,GREEN,0.462042
monza_rus_lap36_to_soft_new_fixed_context,RUS,36,SOFT,new,fixed_context,M-H-S,2,-13.594378,-20.263477,-7.371741,0.996000,-35.531695,21.658602,True,False,GREEN,0.456709
monza_rus_lap36_to_medium_new_fixed_context,RUS,36,MEDIUM,new,fixed_context,M-H-M,2,0.627142,-6.137309,7.336838,0.450000,-21.381530,21.891733,True,False,GREEN,0.458583
monza_rus_lap36_to_hard_new_fixed_context,RUS,36,HARD,new,fixed_context,M-H-H,2,8.919776,4.638855,13.072255,0.006000,-12.975049,21.869938,True,False,GREEN,0.458833
monza_rus_lap37_to_soft_new_fixed_context,RUS,37,SOFT,new,fixed_context,M-H-S,2,-11.897469,-18.269042,-5.950755,0.996000,-33.822238,21.658602,True,False,GREEN,0.457000
monza_rus_lap37_to_medium_new_fixed_context,RUS,37,MEDIUM,new,fixed_context,M-H-M,2,1.466125,-5.013318,7.980523,0.388000,-20.528131,21.891733,True,False,GREEN,0.456416
monza_rus_lap37_to_hard_new_fixed_context,RUS,37,HARD,new,fixed_context,M-H-H,2,9.329617,5.052691,13.399130,0.002000,-12.581866,21.869938,True,False,GREEN,0.460875
monza_rus_lap38_to_soft_new_fixed_context,RUS,38,SOFT,new,fixed_context,M-H-S,2,-10.162523,-16.397051,-4.360202,0.994000,-32.065200,21.658602,True,False,GREEN,0.459709
monza_rus_lap38_to_medium_new_fixed_context,RUS,38,MEDIUM,new,fixed_context,M-H-M,2,2.372450,-3.775788,8.613369,0.326000,-19.624190,21.891733,True,False,GREEN,0.458667
monza_rus_lap38_to_hard_new_fixed_context,RUS,38,HARD,new,fixed_context,M-H-H,2,9.766886,5.513211,13.771247,0.002000,-12.142426,21.869938,True,False,GREEN,0.457000
monza_rus_lap39_to_soft_new_fixed_context,RUS,39,SOFT,new,fixed_context,M-H-S,2,-8.316966,-14.163948,-2.749039,0.984000,-30.260582,21.658602,True,False,GREEN,0.460000
monza_rus_lap39_to_medium_new_fixed_context,RUS,39,MEDIUM,new,fixed_context,M-H-M,2,3.338939,-2.599682,9.187260,0.258000,-18.669707,21.891733,True,False,GREEN,0.454250
monza_rus_lap39_to_hard_new_fixed_context,RUS,39,HARD,new,fixed_context,M-H-H,2,10.257711,6.033764,14.230374,0.002000,-11.656729,21.869938,True,False,GREEN,0.457291
monza_rus_lap40_to_soft_new_fixed_context,RUS,40,SOFT,new,fixed_context,M-H-S,2,-6.537587,-12.123446,-1.186901,0.940000,-28.408384,21.658602,True,False,GREEN,0.458250
monza_rus_lap40_to_medium_new_fixed_context,RUS,40,MEDIUM,new,fixed_context,M-H-M,2,4.304524,-1.359863,9.989268,0.192000,-17.664682,21.891733,True,False,GREEN,0.456166
monza_rus_lap40_to_hard_new_fixed_context,RUS,40,HARD,new,fixed_context,M-H-H,2,10.805844,6.613640,14.733228,0.002000,-11.124775,21.869938,True,False,GREEN,0.457500
monza_rus_lap41_to_soft_new_fixed_context,RUS,41,SOFT,new,fixed_context,M-H-S,2,-4.686118,-10.050661,0.291772,0.888000,-26.508605,21.658602,True,False,GREEN,0.457417
monza_rus_lap41_to_medium_new_fixed_context,RUS,41,MEDIUM,new,fixed_context,M-H-M,2,5.376767,-0.073573,10.726356,0.106000,-16.609114,21.891733,True,False,GREEN,0.456000
monza_rus_lap41_to_hard_new_fixed_context,RUS,41,HARD,new,fixed_context,M-H-H,2,11.386047,7.204157,15.270170,0.002000,-10.546564,21.869938,True,False,GREEN,0.470375
monza_rus_lap42_to_soft_new_fixed_context,RUS,42,SOFT,new,fixed_context,M-H-S,2,-2.734948,-7.887876,2.087082,0.776000,-24.561246,21.658602,True,False,GREEN,0.456625
monza_rus_lap42_to_medium_new_fixed_context,RUS,42,MEDIUM,new,fixed_context,M-H-M,2,6.390952,1.187860,11.483391,0.046000,-15.503003,21.891733,True,False,GREEN,0.454667
monza_rus_lap42_to_hard_new_fixed_context,RUS,42,HARD,new,fixed_context,M-H-H,2,12.000190,7.840055,15.893492,0.002000,-9.922097,21.869938,True,False,GREEN,0.452583
monza_rus_lap43_to_soft_new_fixed_context,RUS,43,SOFT,new,fixed_context,M-H-S,2,-0.748165,-5.635468,3.818536,0.570000,-22.566307,21.658602,True,False,GREEN,0.452334
monza_rus_lap43_to_medium_new_fixed_context,RUS,43,MEDIUM,new,fixed_context,M-H-M,2,7.481899,2.624550,12.341295,0.016000,-14.346351,21.891733,True,False,GREEN,0.455333
monza_rus_lap43_to_hard_new_fixed_context,RUS,43,HARD,new,fixed_context,M-H-H,2,12.690740,8.551905,16.593196,0.000000,-9.251372,21.869938,True,False,GREEN,0.452375
monza_rus_lap44_to_soft_new_fixed_context,RUS,44,SOFT,new,fixed_context,M-H-S,2,1.303834,-3.338225,5.705285,0.370000,-20.523787,21.658602,True,False,GREEN,0.438834
monza_rus_lap44_to_medium_new_fixed_context,RUS,44,MEDIUM,new,fixed_context,M-H-M,2,8.648860,4.095525,13.347798,0.002000,-13.139156,21.891733,True,False,GREEN,0.433833
monza_rus_lap44_to_hard_new_fixed_context,RUS,44,HARD,new,fixed_context,M-H-H,2,13.347400,9.399756,17.267631,0.000000,-8.534391,21.869938,True,False,GREEN,0.474834
monza_rus_lap45_to_soft_new_fixed_context,RUS,45,SOFT,new,fixed_context,M-H-S,2,3.408563,-1.038352,7.729097,0.202000,-18.433688,21.658602,True,False,GREEN,0.479041
monza_rus_lap45_to_medium_new_fixed_context,RUS,45,MEDIUM,new,fixed_context,M-H-M,2,10.004018,5.581736,14.417884,0.002000,-11.881419,21.891733,True,False,GREEN,0.466416
monza_rus_lap45_to_hard_new_fixed_context,RUS,45,HARD,new,fixed_context,M-H-H,2,14.089694,10.165060,17.920107,0.000000,-7.771153,21.869938,True,False,GREEN,0.472166
monza_rus_lap46_to_soft_new_fixed_context,RUS,46,SOFT,new,fixed_context,M-H-S,2,5.552292,1.147401,9.644729,0.054000,-16.296008,21.658602,True,False,GREEN,0.471584
monza_rus_lap46_to_medium_new_fixed_context,RUS,46,MEDIUM,new,fixed_context,M-H-M,2,11.332332,7.114549,15.530648,0.000000,-10.573140,21.891733,True,False,GREEN,0.477625
monza_rus_lap46_to_hard_new_fixed_context,RUS,46,HARD,new,fixed_context,M-H-H,2,14.895234,11.031426,18.659519,0.000000,-6.961657,21.869938,True,False,GREEN,0.455375
monza_rus_lap47_to_soft_new_fixed_context,RUS,47,SOFT,new,fixed_context,M-H-S,2,7.725918,3.420685,11.685520,0.016000,-14.110748,21.658602,True,False,GREEN,0.461583
monza_rus_lap47_to_medium_new_fixed_context,RUS,47,MEDIUM,new,fixed_context,M-H-M,2,12.744571,8.799567,16.735000,0.000000,-9.214318,21.891733,True,False,GREEN,0.465750
monza_rus_lap47_to_hard_new_fixed_context,RUS,47,HARD,new,fixed_context,M-H-H,2,15.746481,11.934189,19.448552,0.000000,-6.105906,21.869938,True,False,GREEN,0.432792
monza_rus_lap48_to_soft_new_fixed_context,RUS,48,SOFT,new,fixed_context,M-H-S,2,9.884066,5.822217,13.808004,0.004000,-11.877907,21.658602,True,False,GREEN,0.425792
monza_rus_lap48_to_medium_new_fixed_context,RUS,48,MEDIUM,new,fixed_context,M-H-M,2,14.161240,10.295740,17.930579,0.000000,-7.804954,21.891733,True,False,GREEN,0.435917
monza_rus_lap48_to_hard_new_fixed_context,RUS,48,HARD,new,fixed_context,M-H-H,2,16.653921,12.877037,20.345328,0.000000,-5.203897,21.869938,True,False,GREEN,0.497625
monza_rus_lap49_to_soft_new_fixed_context,RUS,49,SOFT,new,fixed_context,M-H-S,2,12.060895,8.174580,15.837171,0.000000,-9.597486,21.658602,True,False,GREEN,0.519875
monza_rus_lap49_to_medium_new_fixed_context,RUS,49,MEDIUM,new,fixed_context,M-H-M,2,15.555201,11.940834,19.204552,0.000000,-6.345048,21.891733,True,False,GREEN,0.449916
monza_rus_lap49_to_hard_new_fixed_context,RUS,49,HARD,new,fixed_context,M-H-H,2,17.574553,13.892154,21.249783,0.000000,-4.255631,21.869938,True,False,GREEN,0.453458
monza_rus_lap50_to_soft_new_fixed_context,RUS,50,SOFT,new,fixed_context,M-H-S,2,14.318587,10.620963,18.210520,0.000000,-7.269485,21.658602,True,False,GREEN,0.447709
monza_rus_lap50_to_medium_new_fixed_context,RUS,50,MEDIUM,new,fixed_context,M-H-M,2,17.034724,13.540745,20.642168,0.000000,-4.834599,21.891733,True,False,GREEN,0.446583
monza_rus_lap50_to_hard_new_fixed_context,RUS,50,HARD,new,fixed_context,M-H-H,2,18.530204,14.951878,22.194584,0.000000,-3.261109,21.869938,True,False,GREEN,0.448625
monza_rus_lap51_to_soft_new_fixed_context,RUS,51,SOFT,new,fixed_context,M-H-S,2,17.005742,13.497718,20.486369,0.000000,-4.893904,21.920263,True,False,GREEN,0.446333
monza_rus_lap51_to_medium_new_fixed_context,RUS,51,MEDIUM,new,fixed_context,M-H-M,2,18.787028,15.439102,22.261338,0.000000,-3.273609,22.090607,True,False,GREEN,0.445667
monza_rus_lap51_to_hard_new_fixed_context,RUS,51,HARD,new,fixed_context,M-H-H,2,19.602899,16.329818,23.344573,0.000000,-2.220329,21.915726,True,False,GREEN,0.452042
monza_rus_lap52_to_soft_new_fixed_context,RUS,52,SOFT,new,fixed_context,M-H-S,2,19.456436,16.136841,22.935227,0.000000,-2.470742,22.037352,True,False,GREEN,0.444666
monza_rus_lap52_to_medium_new_fixed_context,RUS,52,MEDIUM,new,fixed_context,M-H-M,2,20.243003,17.047633,23.825208,0.000000,-1.662075,22.037352,True,False,GREEN,0.442167
monza_rus_lap52_to_hard_new_fixed_context,RUS,52,HARD,new,fixed_context,M-H-H,2,20.774673,17.456039,24.289286,0.000000,-1.133293,22.037352,True,False,GREEN,0.444417
monza_sai_lap2_to_soft_new_fixed_context,SAI,2,SOFT,new,fixed_context,S-S-M,2,-34.592834,-42.278974,-27.482114,1.000000,-27.240737,-7.592500,True,True,YELLOW,2.731291
monza_sai_lap2_to_medium_new_fixed_context,SAI,2,MEDIUM,new,fixed_context,S-M-M,2,-16.931101,-23.472595,-10.042735,1.000000,-9.386356,-7.529714,True,True,YELLOW,0.523125
monza_sai_lap2_to_hard_new_fixed_context,SAI,2,HARD,new,fixed_context,S-H-M,2,-7.383417,-9.453415,-5.174606,1.000000,0.000000,-7.376628,True,True,YELLOW,0.476500
monza_sai_lap3_to_soft_new_fixed_context,SAI,3,SOFT,new,fixed_context,S-H-S-M,3,-35.163334,-42.345367,-28.260096,1.000000,-27.754167,-7.592500,True,True,RED,0.489375
monza_sai_lap3_to_medium_new_fixed_context,SAI,3,MEDIUM,new,fixed_context,S-H-M-M,3,-17.501940,-24.048505,-10.702574,1.000000,-9.966542,-7.529714,True,True,RED,0.463750
monza_sai_lap3_to_hard_new_fixed_context,SAI,3,HARD,new,fixed_context,S-H-H-M,3,-7.383417,-9.453415,-5.174606,1.000000,0.000000,-7.376628,True,True,RED,0.469375
monza_sai_lap4_to_soft_new_fixed_context,SAI,4,SOFT,new,fixed_context,S-H-S-M,3,-35.853027,-42.634756,-29.104089,1.000000,-28.267596,-7.592500,True,True,RED,0.461250
monza_sai_lap4_to_medium_new_fixed_context,SAI,4,MEDIUM,new,fixed_context,S-H-M-M,3,-18.042008,-24.668457,-11.336616,1.000000,-10.546727,-7.529714,True,True,RED,0.478166
monza_sai_lap4_to_hard_new_fixed_context,SAI,4,HARD,new,fixed_context,S-H-H-M,3,-7.877233,-9.930048,-5.680839,1.000000,-0.485733,-7.376628,True,True,RED,0.479625
monza_sai_lap5_to_soft_new_fixed_context,SAI,5,SOFT,new,fixed_context,S-H-S-M,3,-36.407939,-43.057825,-29.959034,1.000000,-28.781026,-7.592500,True,True,RED,0.486125
monza_sai_lap5_to_medium_new_fixed_context,SAI,5,MEDIUM,new,fixed_context,S-H-M-M,3,-18.606331,-25.270535,-11.917089,1.000000,-11.126913,-7.529714,True,True,RED,0.480125
monza_sai_lap5_to_hard_new_fixed_context,SAI,5,HARD,new,fixed_context,S-H-H-M,3,-8.388696,-10.477629,-6.161561,1.000000,-0.971467,-7.376628,True,True,RED,0.477916
monza_sai_lap6_to_soft_new_fixed_context,SAI,6,SOFT,new,fixed_context,S-H-S-M,3,-13.336781,-21.786674,-5.476580,0.988000,-27.863162,14.281975,True,False,YELLOW,0.474750
monza_sai_lap6_to_medium_new_fixed_context,SAI,6,MEDIUM,new,fixed_context,S-H-M-M,3,3.111468,-4.820230,11.438329,0.298000,-11.081510,14.515105,True,False,YELLOW,0.474875
monza_sai_lap6_to_hard_new_fixed_context,SAI,6,HARD,new,fixed_context,S-H-H-M,3,13.109838,7.498740,18.722495,0.004000,-1.364679,14.493310,True,False,YELLOW,0.480958
monza_sai_lap7_to_soft_new_fixed_context,SAI,7,SOFT,new,fixed_context,S-H-S-M,3,-12.276428,-20.767221,-4.723382,0.986000,-26.897720,14.281975,True,False,GREEN,0.479209
monza_sai_lap7_to_medium_new_fixed_context,SAI,7,MEDIUM,new,fixed_context,S-H-M-M,3,3.278078,-4.443834,11.336590,0.292000,-10.985350,14.515105,True,False,GREEN,0.479167
monza_sai_lap7_to_hard_new_fixed_context,SAI,7,HARD,new,fixed_context,S-H-H-M,3,12.773205,7.115199,18.357384,0.006000,-1.711632,14.493310,True,False,GREEN,0.476083
monza_sai_lap8_to_soft_new_fixed_context,SAI,8,SOFT,new,fixed_context,S-H-S-M,3,-11.207744,-19.367934,-3.936364,0.976000,-25.884698,14.281975,True,False,GREEN,0.476916
monza_sai_lap8_to_medium_new_fixed_context,SAI,8,MEDIUM,new,fixed_context,S-H-M-M,3,3.374499,-4.028240,11.299046,0.288000,-10.838431,14.515105,True,False,GREEN,0.474084
monza_sai_lap8_to_hard_new_fixed_context,SAI,8,HARD,new,fixed_context,S-H-H-M,3,12.433761,6.761583,18.065810,0.006000,-2.012324,14.493310,True,False,GREEN,0.476708
monza_sai_lap9_to_soft_new_fixed_context,SAI,9,SOFT,new,fixed_context,S-H-S-M,3,-10.298040,-17.875801,-3.068303,0.970000,-24.824097,14.281975,True,False,GREEN,0.479250
monza_sai_lap9_to_medium_new_fixed_context,SAI,9,MEDIUM,new,fixed_context,S-H-M-M,3,3.627213,-3.683747,11.273156,0.270000,-10.640754,14.515105,True,False,GREEN,0.480833
monza_sai_lap9_to_hard_new_fixed_context,SAI,9,HARD,new,fixed_context,S-H-H-M,3,12.157701,6.506335,17.817152,0.006000,-2.266755,14.493310,True,False,GREEN,0.474583
monza_sai_lap10_to_soft_new_fixed_context,SAI,10,SOFT,new,fixed_context,S-H-S-M,3,-9.132651,-16.750490,-2.433436,0.962000,-23.715917,14.281975,True,False,GREEN,0.474916
monza_sai_lap10_to_medium_new_fixed_context,SAI,10,MEDIUM,new,fixed_context,S-H-M-M,3,3.934598,-3.163751,11.267545,0.244000,-10.392319,14.515105,True,False,GREEN,0.472125
monza_sai_lap10_to_hard_new_fixed_context,SAI,10,HARD,new,fixed_context,S-H-H-M,3,11.952926,6.308339,17.608892,0.006000,-2.474927,14.493310,True,False,GREEN,0.475875
monza_sai_lap11_to_soft_new_fixed_context,SAI,11,SOFT,new,fixed_context,S-H-S-M,3,-8.101250,-15.370826,-1.554670,0.934000,-22.560158,14.281975,True,False,GREEN,0.479792
monza_sai_lap11_to_medium_new_fixed_context,SAI,11,MEDIUM,new,fixed_context,S-H-M-M,3,4.267610,-2.696251,11.335833,0.218000,-10.093126,14.515105,True,False,GREEN,0.477458
monza_sai_lap11_to_hard_new_fixed_context,SAI,11,HARD,new,fixed_context,S-H-H-M,3,11.796797,6.161511,17.446912,0.006000,-2.636838,14.493310,True,False,GREEN,0.462166
monza_sai_lap12_to_soft_new_fixed_context,SAI,12,SOFT,new,fixed_context,S-H-S-M,3,-6.957046,-14.134471,-0.375754,0.904000,-21.356819,14.281975,True,False,GREEN,0.439917
monza_sai_lap12_to_medium_new_fixed_context,SAI,12,MEDIUM,new,fixed_context,S-H-M-M,3,4.636730,-2.212867,11.633576,0.194000,-9.743175,14.515105,True,False,GREEN,0.461333
monza_sai_lap12_to_hard_new_fixed_context,SAI,12,HARD,new,fixed_context,S-H-H-M,3,11.681373,6.056634,17.315567,0.006000,-2.752489,14.493310,True,False,GREEN,0.473334
monza_sai_lap13_to_soft_new_fixed_context,SAI,13,SOFT,new,fixed_context,S-H-S-M,3,-5.778752,-12.449292,0.818749,0.882000,-20.105902,14.281975,True,False,GREEN,0.470834
monza_sai_lap13_to_medium_new_fixed_context,SAI,13,MEDIUM,new,fixed_context,S-H-M-M,3,5.013723,-1.559211,11.939470,0.168000,-9.342466,14.515105,True,False,GREEN,0.473250
monza_sai_lap13_to_hard_new_fixed_context,SAI,13,HARD,new,fixed_context,S-H-H-M,3,11.606824,5.993708,17.230461,0.006000,-2.821879,14.493310,True,False,GREEN,0.473084
monza_sai_lap14_to_soft_new_fixed_context,SAI,14,SOFT,new,fixed_context,S-H-S-M,3,-4.446597,-10.966197,2.161793,0.804000,-18.807405,14.281975,True,False,GREEN,0.472917
monza_sai_lap14_to_medium_new_fixed_context,SAI,14,MEDIUM,new,fixed_context,S-H-M-M,3,5.442098,-0.983557,12.251164,0.134000,-8.890999,14.515105,True,False,GREEN,0.471375
monza_sai_lap14_to_hard_new_fixed_context,SAI,14,HARD,new,fixed_context,S-H-H-M,3,11.582968,5.972732,17.202092,0.006000,-2.845009,14.493310,True,False,GREEN,0.472542
monza_sai_lap15_to_soft_new_fixed_context,SAI,15,SOFT,new,fixed_context,S-H-S-M,3,-3.053112,-9.546610,3.337971,0.726000,-17.461329,14.281975,True,False,GREEN,0.472667
monza_sai_lap15_to_medium_new_fixed_context,SAI,15,MEDIUM,new,fixed_context,S-H-M-M,3,6.011978,-0.184679,12.648564,0.108000,-8.388774,14.515105,True,False,GREEN,0.472416
monza_sai_lap15_to_hard_new_fixed_context,SAI,15,HARD,new,fixed_context,S-H-H-M,3,11.606824,5.993708,17.230461,0.006000,-2.821879,14.493310,True,False,GREEN,0.470542
monza_sai_lap16_to_soft_new_fixed_context,SAI,16,SOFT,new,fixed_context,S-H-S-M,3,-1.664978,-7.942546,4.532622,0.632000,-16.067674,14.281975,True,False,GREEN,0.468833
monza_sai_lap16_to_medium_new_fixed_context,SAI,16,MEDIUM,new,fixed_context,S-H-M-M,3,6.575055,0.581603,13.010514,0.080000,-7.835791,14.515105,True,False,GREEN,0.472375
monza_sai_lap16_to_hard_new_fixed_context,SAI,16,HARD,new,fixed_context,S-H-H-M,3,11.681373,6.056634,17.315567,0.006000,-2.752489,14.493310,True,False,GREEN,0.472125
monza_sai_lap17_to_soft_new_fixed_context,SAI,17,SOFT,new,fixed_context,S-H-S,2,-27.338060,-43.446905,-15.340011,0.996000,-29.769399,1.041688,False,False,GREEN,0.483375
monza_sai_lap17_to_medium_new_fixed_context,SAI,17,MEDIUM,new,fixed_context,S-H-M,2,0.902325,-3.374080,5.747981,0.400000,-0.325077,1.337605,True,False,GREEN,0.484542
monza_sai_lap17_to_hard_new_fixed_context,SAI,17,HARD,new,fixed_context,S-H-H,2,16.640801,7.004540,24.499961,0.004000,14.898189,1.468896,True,False,GREEN,0.484500
monza_sai_lap18_to_soft_new_fixed_context,SAI,18,SOFT,new,fixed_context,S-H-S,2,-26.621166,-41.726255,-14.841264,0.998000,-28.891811,1.041688,False,False,GREEN,0.479542
monza_sai_lap18_to_medium_new_fixed_context,SAI,18,MEDIUM,new,fixed_context,S-H-M,2,0.882319,-3.168031,5.496966,0.394000,-0.361275,1.337605,True,False,GREEN,0.479125
monza_sai_lap18_to_hard_new_fixed_context,SAI,18,HARD,new,fixed_context,S-H-H,2,16.229496,6.564217,24.033290,0.004000,14.481846,1.468896,True,False,GREEN,0.478917
monza_sai_lap19_to_soft_new_fixed_context,SAI,19,SOFT,new,fixed_context,S-H-S,2,-25.804071,-40.060204,-14.308225,0.998000,-27.966644,1.041688,False,False,GREEN,0.479375
monza_sai_lap19_to_medium_new_fixed_context,SAI,19,MEDIUM,new,fixed_context,S-H-M,2,0.914571,-3.127941,5.296218,0.380000,-0.346715,1.337605,True,False,GREEN,0.481500
monza_sai_lap19_to_hard_new_fixed_context,SAI,19,HARD,new,fixed_context,S-H-H,2,15.843202,6.182427,23.591927,0.004000,14.111763,1.468896,True,False,GREEN,0.509333
monza_sai_lap20_to_soft_new_fixed_context,SAI,20,SOFT,new,fixed_context,S-H-S,2,-24.977162,-38.457577,-13.686149,0.998000,-26.993897,1.041688,False,False,GREEN,0.480416
monza_sai_lap20_to_medium_new_fixed_context,SAI,20,MEDIUM,new,fixed_context,S-H-M,2,0.975642,-2.919374,5.218690,0.370000,-0.281397,1.337605,True,False,GREEN,0.498125
monza_sai_lap20_to_hard_new_fixed_context,SAI,20,HARD,new,fixed_context,S-H-H,2,15.488344,5.838718,23.188679,0.004000,13.787941,1.468896,True,False,GREEN,0.500458
monza_sai_lap21_to_soft_new_fixed_context,SAI,21,SOFT,new,fixed_context,S-H-S,2,-23.994916,-36.669406,-13.061291,0.998000,-25.973572,1.041688,False,False,GREEN,0.511833
monza_sai_lap21_to_medium_new_fixed_context,SAI,21,MEDIUM,new,fixed_context,S-H-M,2,1.087417,-2.734433,5.093515,0.362000,-0.165321,1.337605,True,False,GREEN,0.462375
monza_sai_lap21_to_hard_new_fixed_context,SAI,21,HARD,new,fixed_context,S-H-H,2,15.209588,5.547038,22.843038,0.006000,13.510379,1.468896,True,False,GREEN,0.460167
monza_sai_lap22_to_soft_new_fixed_context,SAI,22,SOFT,new,fixed_context,S-H-S,2,-22.958956,-35.201951,-12.677702,0.998000,-24.905667,1.041688,False,False,GREEN,0.460709
monza_sai_lap22_to_medium_new_fixed_context,SAI,22,MEDIUM,new,fixed_context,S-H-M,2,1.361689,-2.375663,5.252955,0.350000,0.001513,1.337605,True,False,GREEN,0.477959
monza_sai_lap22_to_hard_new_fixed_context,SAI,22,HARD,new,fixed_context,S-H-H,2,14.953648,5.307913,22.552868,0.006000,13.279078,1.468896,True,False,GREEN,0.477542
monza_sai_lap23_to_soft_new_fixed_context,SAI,23,SOFT,new,fixed_context,S-H-S,2,-21.998522,-33.678671,-12.151387,0.998000,-23.790183,1.041688,False,False,GREEN,0.484791
monza_sai_lap23_to_medium_new_fixed_context,SAI,23,MEDIUM,new,fixed_context,S-H-M,2,1.575897,-1.988238,5.250096,0.310000,0.219106,1.337605,True,False,GREEN,0.492083
monza_sai_lap23_to_hard_new_fixed_context,SAI,23,HARD,new,fixed_context,S-H-H,2,14.762783,5.133960,22.360331,0.008000,13.094036,1.468896,True,False,GREEN,0.521833
monza_sai_lap24_to_soft_new_fixed_context,SAI,24,SOFT,new,fixed_context,S-H-S,2,-20.652167,-31.650139,-11.300414,0.996000,-22.627120,1.303349,False,False,GREEN,0.483791
monza_sai_lap24_to_medium_new_fixed_context,SAI,24,MEDIUM,new,fixed_context,S-H-M,2,1.942181,-1.358914,5.589065,0.234000,0.487456,1.536480,True,False,GREEN,0.508000
monza_sai_lap24_to_hard_new_fixed_context,SAI,24,HARD,new,fixed_context,S-H-H,2,14.741042,5.293567,22.095788,0.006000,12.955255,1.514685,True,False,GREEN,0.499959
monza_sai_lap25_to_soft_new_fixed_context,SAI,25,SOFT,new,fixed_context,S-H-S,2,-19.478519,-29.721298,-10.252578,0.994000,-21.416478,1.420438,False,False,GREEN,0.578125
monza_sai_lap25_to_medium_new_fixed_context,SAI,25,MEDIUM,new,fixed_context,S-H-M,2,2.244377,-1.114977,5.777794,0.190000,0.806564,1.483225,True,False,GREEN,0.511542
monza_sai_lap25_to_hard_new_fixed_context,SAI,25,HARD,new,fixed_context,S-H-H,2,14.920434,5.413637,22.530495,0.008000,12.862735,1.636311,True,False,GREEN,0.476875
monza_sai_lap26_to_soft_new_fixed_context,SAI,26,SOFT,new,fixed_context,S-H-S,2,-25.444971,-34.995218,-17.440109,1.000000,-20.158257,-6.011558,False,False,GREEN,0.477583
monza_sai_lap26_to_medium_new_fixed_context,SAI,26,MEDIUM,new,fixed_context,S-H-M,2,-4.789139,-7.027068,-2.334976,0.992000,1.176431,-5.885985,True,False,GREEN,0.478416
monza_sai_lap26_to_hard_new_fixed_context,SAI,26,HARD,new,fixed_context,S-H-H,2,7.472790,-1.247259,14.590254,0.132000,12.816474,-5.579813,True,False,GREEN,0.476541
monza_sai_lap27_to_soft_new_fixed_context,SAI,27,SOFT,new,fixed_context,S-H-S,2,-28.450498,-37.617387,-20.520275,1.000000,-21.255216,-7.672545,False,False,VSC,0.468250
monza_sai_lap27_to_medium_new_fixed_context,SAI,27,MEDIUM,new,fixed_context,S-H-M,2,-7.383417,-9.453415,-5.174606,1.000000,0.000000,-7.376628,True,False,VSC,0.452500
monza_sai_lap27_to_hard_new_fixed_context,SAI,27,HARD,new,fixed_context,S-H-H,2,4.766535,-4.194325,11.631364,0.226000,11.752487,-7.245337,True,False,VSC,0.464167
monza_sai_lap28_to_soft_new_fixed_context,SAI,28,SOFT,new,fixed_context,S-H-S,2,-21.545479,-30.494928,-12.831053,1.000000,-21.380708,-0.502210,True,False,VSC,0.479250
monza_sai_lap28_to_medium_new_fixed_context,SAI,28,MEDIUM,new,fixed_context,S-H-M,2,-0.438253,-3.706182,2.815438,0.556000,-0.204964,-0.206293,True,False,VSC,0.478291
monza_sai_lap28_to_hard_new_fixed_context,SAI,28,HARD,new,fixed_context,S-H-H,2,11.695764,2.596013,19.158085,0.036000,11.659967,-0.075001,True,False,VSC,0.480750
monza_sai_lap29_to_soft_new_fixed_context,SAI,29,SOFT,new,fixed_context,S-H-S,2,-18.470555,-27.225031,-10.438004,0.998000,-20.028647,1.257561,True,False,GREEN,0.477417
monza_sai_lap29_to_medium_new_fixed_context,SAI,29,MEDIUM,new,fixed_context,S-H-M,2,1.807074,-1.938683,5.145716,0.260000,0.261921,1.490691,True,False,GREEN,0.482000
monza_sai_lap29_to_hard_new_fixed_context,SAI,29,HARD,new,fixed_context,S-H-H,2,13.439195,3.947838,20.848038,0.014000,11.706227,1.468896,True,False,GREEN,0.476083
monza_sai_lap30_to_soft_new_fixed_context,SAI,30,SOFT,new,fixed_context,S-H-S,2,-17.237193,-25.452162,-9.490007,0.996000,-18.629007,1.257561,True,False,GREEN,0.482084
monza_sai_lap30_to_medium_new_fixed_context,SAI,30,MEDIUM,new,fixed_context,S-H-M,2,2.347980,-1.503310,5.817181,0.210000,0.779563,1.490691,True,False,GREEN,0.477875
monza_sai_lap30_to_hard_new_fixed_context,SAI,30,HARD,new,fixed_context,S-H-H,2,13.540088,4.048349,20.922839,0.014000,11.798748,1.468896,True,False,GREEN,0.475791
monza_sai_lap31_to_soft_new_fixed_context,SAI,31,SOFT,new,fixed_context,S-H-S,2,-15.845020,-23.913813,-8.217326,0.992000,-17.181788,1.257561,True,False,GREEN,0.481834
monza_sai_lap31_to_medium_new_fixed_context,SAI,31,MEDIUM,new,fixed_context,S-H-M,2,2.920030,-1.094991,6.561847,0.166000,1.347964,1.490691,True,False,GREEN,0.483167
monza_sai_lap31_to_hard_new_fixed_context,SAI,31,HARD,new,fixed_context,S-H-H,2,13.693329,4.199116,21.035041,0.014000,11.937528,1.468896,True,False,GREEN,0.474208
monza_sai_lap32_to_soft_new_fixed_context,SAI,32,SOFT,new,fixed_context,S-H-S,2,-14.448222,-21.862307,-6.798770,0.984000,-15.686990,1.257561,True,False,GREEN,0.477792
monza_sai_lap32_to_medium_new_fixed_context,SAI,32,MEDIUM,new,fixed_context,S-H-M,2,3.534194,-0.448008,7.394766,0.126000,1.967123,1.490691,True,False,GREEN,0.479084
monza_sai_lap32_to_hard_new_fixed_context,SAI,32,HARD,new,fixed_context,S-H-H,2,13.869760,4.400139,21.256220,0.012000,12.122570,1.468896,True,False,GREEN,0.480000
monza_sai_lap33_to_soft_new_fixed_context,SAI,33,SOFT,new,fixed_context,S-H-S,2,-12.836786,-20.350179,-5.317697,0.980000,-14.144612,1.257561,True,False,GREEN,0.476750
monza_sai_lap33_to_medium_new_fixed_context,SAI,33,MEDIUM,new,fixed_context,S-H-M,2,4.215536,0.096237,8.245918,0.092000,2.637040,1.490691,True,False,GREEN,0.480875
monza_sai_lap33_to_hard_new_fixed_context,SAI,33,HARD,new,fixed_context,S-H-H,2,14.068394,4.634830,21.540913,0.008000,12.353871,1.468896,True,False,GREEN,0.477208
monza_sai_lap34_to_soft_new_fixed_context,SAI,34,SOFT,new,fixed_context,S-H-S,2,-11.375062,-18.723954,-3.863669,0.970000,-12.554655,1.257561,True,False,GREEN,0.476500
monza_sai_lap34_to_medium_new_fixed_context,SAI,34,MEDIUM,new,fixed_context,S-H-M,2,5.046886,0.690661,9.072001,0.074000,3.357715,1.490691,True,False,GREEN,0.481500
monza_sai_lap34_to_hard_new_fixed_context,SAI,34,HARD,new,fixed_context,S-H-H,2,14.318218,4.812024,21.880663,0.008000,12.631433,1.468896,True,False,GREEN,0.477125
monza_sai_lap35_to_soft_new_fixed_context,SAI,35,SOFT,new,fixed_context,S-H-S,2,-9.636961,-16.848825,-2.236667,0.946000,-10.917119,1.257561,True,False,GREEN,0.476250
monza_sai_lap35_to_medium_new_fixed_context,SAI,35,MEDIUM,new,fixed_context,S-H-M,2,5.806648,1.247915,9.943765,0.048000,4.129148,1.490691,True,False,GREEN,0.450542
monza_sai_lap35_to_hard_new_fixed_context,SAI,35,HARD,new,fixed_context,S-H-H,2,14.619633,5.018750,22.248307,0.008000,12.955255,1.468896,True,False,GREEN,0.454833
monza_sai_lap36_to_soft_new_fixed_context,SAI,36,SOFT,new,fixed_context,S-H-S,2,-7.905281,-14.962812,-0.711356,0.920000,-9.232004,1.257561,True,False,GREEN,0.478334
monza_sai_lap36_to_medium_new_fixed_context,SAI,36,MEDIUM,new,fixed_context,S-H-M,2,6.685373,1.683776,10.894927,0.040000,4.951339,1.490691,True,False,GREEN,0.477125
monza_sai_lap36_to_hard_new_fixed_context,SAI,36,HARD,new,fixed_context,S-H-H,2,15.001364,5.355738,22.611029,0.006000,13.325338,1.468896,True,False,GREEN,0.480625
monza_sai_lap37_to_soft_new_fixed_context,SAI,37,SOFT,new,fixed_context,S-H-S,2,-6.259813,-13.226608,0.920680,0.864000,-7.499310,1.257561,True,False,GREEN,0.482500
monza_sai_lap37_to_medium_new_fixed_context,SAI,37,MEDIUM,new,fixed_context,S-H-M,2,7.596206,2.411366,11.907855,0.022000,5.824288,1.490691,True,False,GREEN,0.479417
monza_sai_lap37_to_hard_new_fixed_context,SAI,37,HARD,new,fixed_context,S-H-H,2,15.442333,5.788804,23.131072,0.004000,13.741681,1.468896,True,False,GREEN,0.474833
monza_sai_lap38_to_soft_new_fixed_context,SAI,38,SOFT,new,fixed_context,S-H-M-S,3,-2.846234,-9.382804,4.330336,0.696000,-17.025634,14.281975,True,False,GREEN,0.466542
monza_sai_lap38_to_medium_new_fixed_context,SAI,38,MEDIUM,new,fixed_context,S-H-M-M,3,9.996607,4.352042,15.630073,0.018000,-4.558602,14.515105,True,False,GREEN,0.465458
monza_sai_lap38_to_hard_new_fixed_context,SAI,38,HARD,new,fixed_context,S-H-M-H,3,17.368116,10.243031,24.412382,0.004000,2.897686,14.493310,True,False,GREEN,0.465417
monza_sai_lap39_to_soft_new_fixed_context,SAI,39,SOFT,new,fixed_context,S-H-M-S,3,-2.022759,-8.521856,4.877093,0.644000,-16.255130,14.281975,True,False,GREEN,0.464666
monza_sai_lap39_to_medium_new_fixed_context,SAI,39,MEDIUM,new,fixed_context,S-H-M-M,3,9.920081,4.266481,15.555925,0.020000,-4.641486,14.515105,True,False,GREEN,0.465583
monza_sai_lap39_to_hard_new_fixed_context,SAI,39,HARD,new,fixed_context,S-H-M-H,3,16.776616,9.790245,23.735544,0.006000,2.349201,14.493310,True,False,GREEN,0.464000
monza_sai_lap40_to_soft_new_fixed_context,SAI,40,SOFT,new,fixed_context,S-H-M-S,3,-1.184033,-7.517855,5.611287,0.594000,-15.432549,14.281975,True,False,GREEN,0.465459
monza_sai_lap40_to_medium_new_fixed_context,SAI,40,MEDIUM,new,fixed_context,S-H-M-M,3,9.893678,4.237960,15.531113,0.020000,-4.669114,14.515105,True,False,GREEN,0.466416
monza_sai_lap40_to_hard_new_fixed_context,SAI,40,HARD,new,fixed_context,S-H-M-H,3,16.340264,9.427611,23.230134,0.006000,1.851474,14.493310,True,False,GREEN,0.464292
monza_sai_lap41_to_soft_new_fixed_context,SAI,41,SOFT,new,fixed_context,S-H-M-S,3,-0.369302,-6.345135,6.214885,0.522000,-14.557891,14.281975,True,False,GREEN,0.469166
monza_sai_lap41_to_medium_new_fixed_context,SAI,41,MEDIUM,new,fixed_context,S-H-M-M,3,9.920081,4.266481,15.555925,0.020000,-4.641486,14.515105,True,False,GREEN,0.466125
monza_sai_lap41_to_hard_new_fixed_context,SAI,41,HARD,new,fixed_context,S-H-M-H,3,15.822535,9.304983,22.496274,0.006000,1.404504,14.493310,True,False,GREEN,0.463167
monza_sai_lap42_to_soft_new_fixed_context,SAI,42,SOFT,new,fixed_context,S-H-M-S,3,0.550905,-5.330808,7.091384,0.434000,-13.631157,14.281975,True,False,GREEN,0.467416
monza_sai_lap42_to_medium_new_fixed_context,SAI,42,MEDIUM,new,fixed_context,S-H-M-M,3,9.996607,4.352042,15.630073,0.018000,-4.558602,14.515105,True,False,GREEN,0.470334
monza_sai_lap42_to_hard_new_fixed_context,SAI,42,HARD,new,fixed_context,S-H-M-H,3,15.479387,9.088538,22.046433,0.006000,1.008293,14.493310,True,False,GREEN,0.461417
monza_sai_lap43_to_soft_new_fixed_context,SAI,43,SOFT,new,fixed_context,S-H-M-S,3,1.603057,-4.301121,8.004568,0.370000,-12.652345,14.281975,True,False,GREEN,0.433625
monza_sai_lap43_to_medium_new_fixed_context,SAI,43,MEDIUM,new,fixed_context,S-H-M-M,3,10.133499,4.494644,15.753654,0.018000,-4.420463,14.515105,True,False,GREEN,0.432083
monza_sai_lap43_to_hard_new_fixed_context,SAI,43,HARD,new,fixed_context,S-H-M-H,3,15.064593,8.792444,21.732720,0.006000,0.662840,14.493310,True,False,GREEN,0.461833
monza_sai_lap44_to_soft_new_fixed_context,SAI,44,SOFT,new,fixed_context,S-H-M-S,3,2.711716,-3.188840,9.000542,0.290000,-11.621457,14.281975,True,False,GREEN,0.470375
monza_sai_lap44_to_medium_new_fixed_context,SAI,44,MEDIUM,new,fixed_context,S-H-M-M,3,10.337817,4.694288,15.926667,0.014000,-4.227067,14.515105,True,False,GREEN,0.462208
monza_sai_lap44_to_hard_new_fixed_context,SAI,44,HARD,new,fixed_context,S-H-M-H,3,14.669947,8.562002,21.289096,0.006000,0.368145,14.493310,True,False,GREEN,0.464375
monza_sai_lap45_to_soft_new_fixed_context,SAI,45,SOFT,new,fixed_context,S-H-M-S,3,3.872090,-1.809537,9.945692,0.212000,-10.538492,14.281975,True,False,GREEN,0.471042
monza_sai_lap45_to_medium_new_fixed_context,SAI,45,MEDIUM,new,fixed_context,S-H-M-M,3,10.557539,4.930326,16.170021,0.012000,-3.978416,14.515105,True,False,GREEN,0.484667
monza_sai_lap45_to_hard_new_fixed_context,SAI,45,HARD,new,fixed_context,S-H-M-H,3,14.531506,8.339889,20.943482,0.006000,0.124207,14.493310,True,False,GREEN,0.462667
monza_sai_lap46_to_soft_new_fixed_context,SAI,46,SOFT,new,fixed_context,S-H-M-S,3,5.028804,-0.652202,10.901721,0.138000,-9.403449,14.281975,True,False,GREEN,0.461917
monza_sai_lap46_to_medium_new_fixed_context,SAI,46,MEDIUM,new,fixed_context,S-H-M-M,3,10.861955,5.257214,16.471036,0.010000,-3.674510,14.515105,True,False,GREEN,0.465209
monza_sai_lap46_to_hard_new_fixed_context,SAI,46,HARD,new,fixed_context,S-H-M-H,3,14.470284,8.386415,20.610424,0.006000,-0.068972,14.493310,True,False,GREEN,0.464166
monza_sai_lap47_to_soft_new_fixed_context,SAI,47,SOFT,new,fixed_context,S-H-M-S,3,6.241293,0.591259,11.866700,0.088000,-8.216330,14.281975,True,False,GREEN,0.460667
monza_sai_lap47_to_medium_new_fixed_context,SAI,47,MEDIUM,new,fixed_context,S-H-M-M,3,11.217973,5.596157,16.824534,0.008000,-3.315347,14.515105,True,False,GREEN,0.466250
monza_sai_lap47_to_hard_new_fixed_context,SAI,47,HARD,new,fixed_context,S-H-M-H,3,14.368623,8.388489,20.279727,0.006000,-0.211393,14.493310,True,False,GREEN,0.462833
monza_sai_lap48_to_soft_new_fixed_context,SAI,48,SOFT,new,fixed_context,S-H-M-S,3,7.456132,1.806881,12.992592,0.056000,-6.977134,14.281975,True,False,GREEN,0.472708
monza_sai_lap48_to_medium_new_fixed_context,SAI,48,MEDIUM,new,fixed_context,S-H-M-M,3,11.616650,6.045993,17.225757,0.006000,-2.900929,14.515105,True,False,GREEN,0.465625
monza_sai_lap48_to_hard_new_fixed_context,SAI,48,HARD,new,fixed_context,S-H-M-H,3,14.281899,8.378728,20.097392,0.006000,-0.303056,14.493310,True,False,GREEN,0.488750
monza_sai_lap49_to_soft_new_fixed_context,SAI,49,SOFT,new,fixed_context,S-H-M-S,3,8.778885,3.123146,14.198902,0.036000,-5.685861,14.281975,True,False,GREEN,0.496833
monza_sai_lap49_to_medium_new_fixed_context,SAI,49,MEDIUM,new,fixed_context,S-H-M-M,3,12.082459,6.510317,17.635359,0.006000,-2.431254,14.515105,True,False,GREEN,0.490083
monza_sai_lap49_to_hard_new_fixed_context,SAI,49,HARD,new,fixed_context,S-H-M-H,3,14.215261,8.331895,19.881121,0.006000,-0.343961,14.493310,True,False,GREEN,0.514875
monza_sai_lap50_to_soft_new_fixed_context,SAI,50,SOFT,new,fixed_context,S-H-M-S,3,10.042596,4.403152,15.468616,0.016000,-4.342511,14.281975,True,False,GREEN,0.502167
monza_sai_lap50_to_medium_new_fixed_context,SAI,50,MEDIUM,new,fixed_context,S-H-M-M,3,12.605709,7.008220,18.222317,0.006000,-1.906325,14.515105,True,False,GREEN,0.474125
monza_sai_lap50_to_hard_new_fixed_context,SAI,50,HARD,new,fixed_context,S-H-M-H,3,14.165545,8.347151,19.956180,0.004000,-0.334108,14.493310,True,False,GREEN,0.516542
monza_sai_lap51_to_soft_new_fixed_context,SAI,51,SOFT,new,fixed_context,S-H-M-S,3,11.669273,5.936695,16.935902,0.006000,-2.947084,14.543636,True,False,GREEN,0.452333
monza_sai_lap51_to_medium_new_fixed_context,SAI,51,MEDIUM,new,fixed_context,S-H-M-M,3,13.380067,7.869402,18.860718,0.006000,-1.326139,14.713979,True,False,GREEN,0.465209
monza_sai_lap51_to_hard_new_fixed_context,SAI,51,HARD,new,fixed_context,S-H-M-H,3,14.233431,8.726020,20.008958,0.006000,-0.273496,14.539099,True,False,GREEN,0.452708
monza_sai_lap52_to_soft_new_fixed_context,SAI,52,SOFT,new,fixed_context,S-H-M-S,3,13.089090,7.673603,18.806659,0.006000,-1.499581,14.660724,True,False,GREEN,0.462166
monza_sai_lap52_to_medium_new_fixed_context,SAI,52,MEDIUM,new,fixed_context,S-H-M-M,3,13.835379,8.539753,19.575211,0.004000,-0.690697,14.660724,True,False,GREEN,0.470459
monza_sai_lap52_to_hard_new_fixed_context,SAI,52,HARD,new,fixed_context,S-H-M-H,3,14.373281,8.848325,20.107544,0.004000,-0.162127,14.660724,True,False,GREEN,0.542750
monza_str_lap2_to_soft_new_fixed_context,STR,2,SOFT,new,fixed_context,S-S,1,-26.868512,-34.182693,-20.319497,1.000000,-26.977032,-0.215872,True,True,YELLOW,2.967958
monza_str_lap2_to_medium_new_fixed_context,STR,2,MEDIUM,new,fixed_context,S-M,1,-9.404658,-15.368120,-2.822140,0.976000,-9.186416,-0.153086,True,True,YELLOW,0.451708
monza_str_lap2_to_hard_new_fixed_context,STR,2,HARD,new,fixed_context,S-H,1,0.000000,0.000000,0.000000,0.000000,0.000000,0.000000,True,True,YELLOW,0.441583
monza_str_lap3_to_soft_new_fixed_context,STR,3,SOFT,new,fixed_context,S-H-S,2,-27.440447,-34.356907,-21.197357,1.000000,-27.490510,-0.215872,True,True,RED,0.465291
monza_str_lap3_to_medium_new_fixed_context,STR,3,MEDIUM,new,fixed_context,S-H-M,2,-10.040145,-15.859591,-3.371027,0.984000,-9.762095,-0.153086,True,True,RED,0.461083
monza_str_lap3_to_hard_new_fixed_context,STR,3,HARD,new,fixed_context,S-H-H,2,0.000000,0.000000,0.000000,0.000000,0.000000,0.000000,True,True,RED,0.438959
monza_str_lap4_to_soft_new_fixed_context,STR,4,SOFT,new,fixed_context,S-H-S,2,-28.061868,-34.395616,-21.767275,1.000000,-28.003988,-0.215872,True,True,RED,0.449667
monza_str_lap4_to_medium_new_fixed_context,STR,4,MEDIUM,new,fixed_context,S-H-M,2,-10.667762,-16.473413,-3.922572,0.990000,-10.337774,-0.153086,True,True,RED,0.450208
monza_str_lap4_to_hard_new_fixed_context,STR,4,HARD,new,fixed_context,S-H-H,2,-0.468353,-0.550135,-0.383434,1.000000,-0.465500,0.000000,True,True,RED,0.451250
monza_str_lap5_to_soft_new_fixed_context,STR,5,SOFT,new,fixed_context,S-H-S,2,-28.619802,-34.523716,-22.383701,1.000000,-28.517466,-0.215872,True,True,RED,0.453833
monza_str_lap5_to_medium_new_fixed_context,STR,5,MEDIUM,new,fixed_context,S-H-M,2,-11.238128,-17.080117,-4.514167,0.994000,-10.913454,-0.153086,True,True,RED,0.455792
monza_str_lap5_to_hard_new_fixed_context,STR,5,HARD,new,fixed_context,S-H-H,2,-0.936705,-1.100269,-0.766868,1.000000,-0.931000,0.000000,True,True,RED,0.448708
monza_str_lap6_to_soft_new_fixed_context,STR,6,SOFT,new,fixed_context,S-H-S,2,-5.931677,-12.841962,1.028973,0.862000,-27.603504,21.658602,True,False,YELLOW,0.447667
monza_str_lap6_to_medium_new_fixed_context,STR,6,MEDIUM,new,fixed_context,S-H-M,2,10.888118,3.988021,17.780352,0.014000,-10.867398,21.891733,True,False,YELLOW,0.447292
monza_str_lap6_to_hard_new_fixed_context,STR,6,HARD,new,fixed_context,S-H-H,2,20.526205,16.950818,24.062528,0.000000,-1.307834,21.869938,True,False,YELLOW,0.446041
monza_str_lap7_to_soft_new_fixed_context,STR,7,SOFT,new,fixed_context,S-H-S,2,-4.821911,-11.593234,1.744012,0.830000,-26.642925,21.658602,True,False,GREEN,0.447833
monza_str_lap7_to_medium_new_fixed_context,STR,7,MEDIUM,new,fixed_context,S-H-M,2,11.019470,4.383030,17.686201,0.008000,-10.771763,21.891733,True,False,GREEN,0.447209
monza_str_lap7_to_hard_new_fixed_context,STR,7,HARD,new,fixed_context,S-H-H,2,20.190078,16.606875,23.731449,0.000000,-1.640334,21.869938,True,False,GREEN,0.448375
monza_str_lap8_to_soft_new_fixed_context,STR,8,SOFT,new,fixed_context,S-H-S,2,-3.806513,-10.303263,2.424195,0.798000,-25.635728,21.658602,True,False,GREEN,0.442875
monza_str_lap8_to_medium_new_fixed_context,STR,8,MEDIUM,new,fixed_context,S-H-M,2,11.190298,4.829347,17.640837,0.004000,-10.626548,21.891733,True,False,GREEN,0.445208
monza_str_lap8_to_hard_new_fixed_context,STR,8,HARD,new,fixed_context,S-H-H,2,19.898001,16.287851,23.441240,0.000000,-1.928501,21.869938,True,False,GREEN,0.447500
monza_str_lap9_to_soft_new_fixed_context,STR,9,SOFT,new,fixed_context,S-H-S,2,-2.692581,-8.980498,3.153757,0.730000,-24.581913,21.658602,True,False,GREEN,0.446166
monza_str_lap9_to_medium_new_fixed_context,STR,9,MEDIUM,new,fixed_context,S-H-M,2,11.380783,5.251520,17.628218,0.000000,-10.431753,21.891733,True,False,GREEN,0.447250
monza_str_lap9_to_hard_new_fixed_context,STR,9,HARD,new,fixed_context,S-H-H,2,19.649517,16.055870,23.228512,0.000000,-2.172334,21.869938,True,False,GREEN,0.458167
monza_str_lap10_to_soft_new_fixed_context,STR,10,SOFT,new,fixed_context,S-H-S,2,-1.610229,-7.677076,3.890750,0.652000,-23.481480,21.658602,True,False,GREEN,0.656958
monza_str_lap10_to_medium_new_fixed_context,STR,10,MEDIUM,new,fixed_context,S-H-M,2,11.593005,5.768717,17.558661,0.000000,-10.187378,21.891733,True,False,GREEN,0.931125
monza_str_lap10_to_hard_new_fixed_context,STR,10,HARD,new,fixed_context,S-H-H,2,19.432867,15.876696,23.042306,0.000000,-2.371835,21.869938,True,False,GREEN,0.523958
monza_str_lap11_to_soft_new_fixed_context,STR,11,SOFT,new,fixed_context,S-H-S,2,-0.458501,-6.223251,4.833366,0.534000,-22.334428,21.658602,True,False,GREEN,0.468000
monza_str_lap11_to_medium_new_fixed_context,STR,11,MEDIUM,new,fixed_context,S-H-M,2,11.860219,6.363095,17.559874,0.000000,-9.893423,21.891733,True,False,GREEN,0.452916
monza_str_lap11_to_hard_new_fixed_context,STR,11,HARD,new,fixed_context,S-H-H,2,19.274819,15.737338,22.895101,0.000000,-2.527001,21.869938,True,False,GREEN,0.448916
monza_str_lap12_to_soft_new_fixed_context,STR,12,SOFT,new,fixed_context,S-H-S,2,0.691902,-4.776976,5.748123,0.438000,-21.140759,21.658602,True,False,GREEN,0.442875
monza_str_lap12_to_medium_new_fixed_context,STR,12,MEDIUM,new,fixed_context,S-H-M,2,12.194936,6.751165,17.596643,0.000000,-9.549888,21.891733,True,False,GREEN,0.437542
monza_str_lap12_to_hard_new_fixed_context,STR,12,HARD,new,fixed_context,S-H-H,2,19.178276,15.637797,22.788487,0.000000,-2.637835,21.869938,True,False,GREEN,0.436709
monza_str_lap13_to_soft_new_fixed_context,STR,13,SOFT,new,fixed_context,S-H-S,2,1.927901,-3.385432,6.860198,0.348000,-19.900472,21.658602,True,False,GREEN,0.447333
monza_str_lap13_to_medium_new_fixed_context,STR,13,MEDIUM,new,fixed_context,S-H-M,2,12.600814,7.248057,17.775764,0.000000,-9.156773,21.891733,True,False,GREEN,0.437958
monza_str_lap13_to_hard_new_fixed_context,STR,13,HARD,new,fixed_context,S-H-H,2,19.107912,15.563553,22.725527,0.000000,-2.704335,21.869938,True,False,GREEN,0.431500
monza_str_lap14_to_soft_new_fixed_context,STR,14,SOFT,new,fixed_context,S-H-S,2,3.155157,-1.950629,7.937995,0.218000,-18.613567,21.658602,True,False,GREEN,0.430042
monza_str_lap14_to_medium_new_fixed_context,STR,14,MEDIUM,new,fixed_context,S-H-M,2,13.037780,8.033981,18.094505,0.000000,-8.714078,21.891733,True,False,GREEN,0.432667
monza_str_lap14_to_hard_new_fixed_context,STR,14,HARD,new,fixed_context,S-H-H,2,19.084457,15.538161,22.704983,0.000000,-2.726501,21.869938,True,False,GREEN,0.427667
monza_str_lap15_to_soft_new_fixed_context,STR,15,SOFT,new,fixed_context,S-H-S,2,4.495325,-0.321631,9.151545,0.122000,-17.280043,21.658602,True,False,GREEN,0.426583
monza_str_lap15_to_medium_new_fixed_context,STR,15,MEDIUM,new,fixed_context,S-H-M,2,13.605913,8.714209,18.442017,0.000000,-8.221803,21.891733,True,False,GREEN,0.426416
monza_str_lap15_to_hard_new_fixed_context,STR,15,HARD,new,fixed_context,S-H-H,2,19.107912,15.563553,22.725527,0.000000,-2.704335,21.869938,True,False,GREEN,0.426000
monza_str_lap16_to_soft_new_fixed_context,STR,16,SOFT,new,fixed_context,S-H-S,2,5.863924,1.247458,10.345593,0.052000,-15.899902,21.658602,True,False,GREEN,0.424000
monza_str_lap16_to_medium_new_fixed_context,STR,16,MEDIUM,new,fixed_context,S-H-M,2,14.145516,9.542743,18.734503,0.000000,-7.679948,21.891733,True,False,GREEN,0.427166
monza_str_lap16_to_hard_new_fixed_context,STR,16,HARD,new,fixed_context,S-H-H,2,19.178276,15.637797,22.788487,0.000000,-2.637835,21.869938,True,False,GREEN,0.422959
monza_str_lap17_to_soft_new_fixed_context,STR,17,SOFT,new,fixed_context,S-H-S,2,7.276624,2.851701,11.649395,0.024000,-14.473143,21.658602,True,False,GREEN,0.720917
monza_str_lap17_to_medium_new_fixed_context,STR,17,MEDIUM,new,fixed_context,S-H-M,2,14.756721,10.273600,19.135373,0.000000,-7.088513,21.891733,True,False,GREEN,0.646625
monza_str_lap17_to_hard_new_fixed_context,STR,17,HARD,new,fixed_context,S-H-H,2,19.274819,15.737338,22.895101,0.000000,-2.527001,21.869938,True,False,GREEN,0.518541
monza_str_lap18_to_soft_new_fixed_context,STR,18,SOFT,new,fixed_context,S-H-S,2,8.754034,4.468168,12.918626,0.006000,-12.999766,21.658602,True,False,GREEN,0.492666
monza_str_lap18_to_medium_new_fixed_context,STR,18,MEDIUM,new,fixed_context,S-H-M,2,15.411260,11.276433,19.674994,0.000000,-6.447498,21.891733,True,False,GREEN,0.473458
monza_str_lap18_to_hard_new_fixed_context,STR,18,HARD,new,fixed_context,S-H-H,2,19.432867,15.876696,23.042306,0.000000,-2.371835,21.869938,True,False,GREEN,0.465209
monza_str_lap19_to_soft_new_fixed_context,STR,19,SOFT,new,fixed_context,S-H-S,2,10.292467,6.177864,14.306622,0.002000,-11.479770,21.658602,True,False,GREEN,0.596709
monza_str_lap19_to_medium_new_fixed_context,STR,19,MEDIUM,new,fixed_context,S-H-M,2,16.102230,12.195298,20.201932,0.000000,-5.756903,21.891733,True,False,GREEN,0.625750
monza_str_lap19_to_hard_new_fixed_context,STR,19,HARD,new,fixed_context,S-H-H,2,19.649517,16.055870,23.228512,0.000000,-2.172334,21.869938,True,False,GREEN,0.492958
monza_str_lap20_to_soft_new_fixed_context,STR,20,SOFT,new,fixed_context,S-H-S,2,11.830215,7.937081,15.750861,0.000000,-9.913157,21.658602,True,False,GREEN,0.464625
monza_str_lap20_to_medium_new_fixed_context,STR,20,MEDIUM,new,fixed_context,S-H-M,2,16.859572,13.020338,20.873738,0.000000,-5.016729,21.891733,True,False,GREEN,0.453834
monza_str_lap20_to_hard_new_fixed_context,STR,20,HARD,new,fixed_context,S-H-H,2,19.898001,16.287851,23.441240,0.000000,-1.928501,21.869938,True,False,GREEN,0.446083
monza_str_lap21_to_soft_new_fixed_context,STR,21,SOFT,new,fixed_context,S-H-S,2,13.287210,9.583047,17.259685,0.000000,-8.299926,21.658602,True,False,GREEN,0.449416
monza_str_lap21_to_medium_new_fixed_context,STR,21,MEDIUM,new,fixed_context,S-H-M,2,17.631216,13.983308,21.512363,0.000000,-4.226974,21.891733,True,False,GREEN,0.445000
monza_str_lap21_to_hard_new_fixed_context,STR,21,HARD,new,fixed_context,S-H-H,2,20.190078,16.606875,23.731449,0.000000,-1.640334,21.869938,True,False,GREEN,0.439292
monza_str_lap22_to_soft_new_fixed_context,STR,22,SOFT,new,fixed_context,S-H-S,2,14.948452,11.259146,18.848058,0.000000,-6.640077,21.658602,True,False,GREEN,0.435417
monza_str_lap22_to_medium_new_fixed_context,STR,22,MEDIUM,new,fixed_context,S-H-M,2,18.502812,14.963773,22.107010,0.000000,-3.387639,21.891733,True,False,GREEN,0.432167
monza_str_lap22_to_hard_new_fixed_context,STR,22,HARD,new,fixed_context,S-H-H,2,20.526205,16.950818,24.062528,0.000000,-1.307834,21.869938,True,False,GREEN,0.447083
monza_str_lap23_to_soft_new_fixed_context,STR,23,SOFT,new,fixed_context,S-H-S,2,16.627259,12.973665,20.471562,0.000000,-4.933609,21.658602,True,False,GREEN,0.430500
monza_str_lap23_to_medium_new_fixed_context,STR,23,MEDIUM,new,fixed_context,S-H-M,2,19.377757,15.860872,22.951872,0.000000,-2.498724,21.891733,True,False,GREEN,0.434250
monza_str_lap23_to_hard_new_fixed_context,STR,23,HARD,new,fixed_context,S-H-H,2,20.919726,17.364033,24.451814,0.000000,-0.931000,21.869938,True,False,GREEN,0.613166
monza_str_lap24_to_soft_new_fixed_context,STR,24,SOFT,new,fixed_context,S-H-S,2,18.709167,15.181650,22.203170,0.000000,-3.180524,21.920263,True,False,GREEN,0.611292
monza_str_lap24_to_medium_new_fixed_context,STR,24,MEDIUM,new,fixed_context,S-H-M,2,20.461671,17.165406,24.095218,0.000000,-1.560229,22.090607,True,False,GREEN,0.478041
monza_str_lap24_to_hard_new_fixed_context,STR,24,HARD,new,fixed_context,S-H-H,2,21.397286,17.975641,25.071655,0.000000,-0.509834,21.915726,True,False,GREEN,0.468875
monza_str_lap25_to_soft_new_fixed_context,STR,25,SOFT,new,fixed_context,S-H-S,2,20.590868,17.274661,24.133157,0.000000,-1.380821,22.037352,True,False,GREEN,0.482208
monza_str_lap25_to_medium_new_fixed_context,STR,25,MEDIUM,new,fixed_context,S-H-M,2,21.408667,18.175492,24.979120,0.000000,-0.572155,22.037352,True,False,GREEN,0.465959
monza_str_lap25_to_hard_new_fixed_context,STR,25,HARD,new,fixed_context,S-H-H,2,21.863942,18.562516,25.447639,0.000000,-0.044333,22.037352,True,False,GREEN,0.470084
monza_tsu_lap2_to_soft_new_fixed_context,TSU,2,SOFT,new,fixed_context,H-S,1,-34.237103,-63.610304,-9.653462,0.962000,-35.403973,-0.125573,False,True,YELLOW,2.886500
monza_tsu_lap2_to_medium_new_fixed_context,TSU,2,MEDIUM,new,fixed_context,H-M,1,0.000000,0.000000,0.000000,0.000000,0.000000,0.000000,True,True,YELLOW,0.513333
monza_tsu_lap2_to_hard_new_fixed_context,TSU,2,HARD,new,fixed_context,H-H,1,24.660789,9.284376,40.056323,0.016000,24.513284,0.306172,False,True,YELLOW,0.527958
monza_tsu_lap3_to_soft_new_fixed_context,TSU,3,SOFT,new,fixed_context,H-M-S,2,-35.448828,-63.963669,-11.348891,0.970000,-36.528522,-0.125573,False,True,RED,0.502250
monza_tsu_lap3_to_medium_new_fixed_context,TSU,3,MEDIUM,new,fixed_context,H-M-M,2,0.000000,0.000000,0.000000,0.000000,0.000000,0.000000,True,True,RED,0.534833
monza_tsu_lap3_to_hard_new_fixed_context,TSU,3,HARD,new,fixed_context,H-M-H,2,23.706482,8.290371,38.904297,0.018000,23.449232,0.306172,True,True,RED,0.654417
monza_tsu_lap4_to_soft_new_fixed_context,TSU,4,SOFT,new,fixed_context,H-M-S,2,-36.647899,-64.352983,-13.049343,0.974000,-37.653070,-0.125573,False,True,RED,0.592875
monza_tsu_lap4_to_medium_new_fixed_context,TSU,4,MEDIUM,new,fixed_context,H-M-M,2,-1.110301,-1.338262,-0.885709,1.000000,-1.104435,0.000000,True,True,RED,0.659833
monza_tsu_lap4_to_hard_new_fixed_context,TSU,4,HARD,new,fixed_context,H-M-H,2,22.685574,7.307474,37.706447,0.030000,22.385179,0.306172,True,True,RED,0.510000
monza_tsu_lap5_to_soft_new_fixed_context,TSU,5,SOFT,new,fixed_context,H-M-S,2,-37.831368,-64.460029,-14.814462,0.988000,-38.777618,-0.125573,False,True,RED,0.457834
monza_tsu_lap5_to_medium_new_fixed_context,TSU,5,MEDIUM,new,fixed_context,H-M-M,2,-2.220601,-2.676524,-1.771418,1.000000,-2.208870,0.000000,True,True,RED,0.450667
monza_tsu_lap5_to_hard_new_fixed_context,TSU,5,HARD,new,fixed_context,H-M-H,2,21.627767,6.237108,36.499947,0.034000,21.321127,0.306172,True,True,RED,0.446875
monza_tsu_lap6_to_soft_new_fixed_context,TSU,6,SOFT,new,fixed_context,H-M-S,2,-15.763266,-41.820920,5.230153,0.840000,-39.000424,21.595816,False,False,YELLOW,0.449125
monza_tsu_lap6_to_medium_new_fixed_context,TSU,6,MEDIUM,new,fixed_context,H-M-M,2,18.587987,15.154142,22.214016,0.000000,-3.217266,21.891733,True,False,YELLOW,0.447833
monza_tsu_lap6_to_hard_new_fixed_context,TSU,6,HARD,new,fixed_context,H-M-H,2,42.135202,25.270755,56.115074,0.000000,19.820044,22.023024,True,False,YELLOW,3.819625
monza_tsu_lap7_to_soft_new_fixed_context,TSU,7,SOFT,new,fixed_context,H-M-S,2,-16.043174,-41.139192,4.183577,0.846000,-39.174774,21.595816,False,False,GREEN,1.692208
monza_tsu_lap7_to_medium_new_fixed_context,TSU,7,MEDIUM,new,fixed_context,H-M-M,2,17.637854,14.133952,21.393279,0.000000,-4.177645,21.891733,True,False,GREEN,1.299458
monza_tsu_lap7_to_hard_new_fixed_context,TSU,7,HARD,new,fixed_context,H-M-H,2,40.696595,24.085398,54.391457,0.000000,18.366103,22.023024,True,False,GREEN,1.282125
monza_tsu_lap8_to_soft_new_fixed_context,TSU,8,SOFT,new,fixed_context,H-M-S,2,-16.270908,-40.509803,3.299191,0.856000,-39.300668,21.595816,False,False,GREEN,1.253875
monza_tsu_lap8_to_medium_new_fixed_context,TSU,8,MEDIUM,new,fixed_context,H-M-M,2,16.746329,13.237312,20.611005,0.000000,-5.090004,21.891733,True,False,GREEN,1.218209
monza_tsu_lap8_to_hard_new_fixed_context,TSU,8,HARD,new,fixed_context,H-M-H,2,39.218421,23.047438,52.712511,0.000000,16.959303,22.023024,True,False,GREEN,1.194042
monza_tsu_lap9_to_soft_new_fixed_context,TSU,9,SOFT,new,fixed_context,H-M-S,2,-16.396511,-39.748911,2.452192,0.858000,-39.378106,21.595816,False,False,GREEN,1.196667
monza_tsu_lap9_to_medium_new_fixed_context,TSU,9,MEDIUM,new,fixed_context,H-M-M,2,15.894598,12.379975,19.792444,0.000000,-5.954344,21.891733,True,False,GREEN,1.197500
monza_tsu_lap9_to_hard_new_fixed_context,TSU,9,HARD,new,fixed_context,H-M-H,2,37.840646,22.141106,50.994008,0.000000,15.599643,22.023024,True,False,GREEN,1.193084
monza_tsu_lap10_to_soft_new_fixed_context,TSU,10,SOFT,new,fixed_context,H-M-S,2,-16.549299,-38.934801,1.629222,0.864000,-39.407087,21.595816,False,False,GREEN,1.191542
monza_tsu_lap10_to_medium_new_fixed_context,TSU,10,MEDIUM,new,fixed_context,H-M-M,2,15.093462,11.541387,19.113604,0.000000,-6.770665,21.891733,True,False,GREEN,1.372250
monza_tsu_lap10_to_hard_new_fixed_context,TSU,10,HARD,new,fixed_context,H-M-H,2,36.556077,21.154981,49.374291,0.000000,14.287125,22.023024,True,False,GREEN,1.251209
monza_tsu_lap11_to_soft_new_fixed_context,TSU,11,SOFT,new,fixed_context,H-M-S,2,-16.553796,-38.081769,0.871080,0.878000,-39.387613,21.595816,False,False,GREEN,1.194916
monza_tsu_lap11_to_medium_new_fixed_context,TSU,11,MEDIUM,new,fixed_context,H-M-M,2,14.342177,10.736990,18.375952,0.000000,-7.538968,21.891733,True,False,GREEN,1.190500
monza_tsu_lap11_to_hard_new_fixed_context,TSU,11,HARD,new,fixed_context,H-M-H,2,35.231078,20.141906,47.774590,0.000000,13.021747,22.023024,True,False,GREEN,1.267000
monza_tsu_lap12_to_soft_new_fixed_context,TSU,12,SOFT,new,fixed_context,H-M-S,2,-16.554225,-37.210135,0.233667,0.894000,-39.319682,21.595816,False,False,GREEN,1.238750
monza_tsu_lap12_to_medium_new_fixed_context,TSU,12,MEDIUM,new,fixed_context,H-M-M,2,13.687895,9.966589,17.706827,0.000000,-8.259251,21.891733,True,False,GREEN,1.217667
monza_tsu_lap12_to_hard_new_fixed_context,TSU,12,HARD,new,fixed_context,H-M-H,2,33.963119,19.294474,46.334296,0.002000,11.803511,22.023024,True,False,GREEN,1.272500
monza_tsu_lap13_to_soft_new_fixed_context,TSU,13,SOFT,new,fixed_context,H-M-S,2,-16.522666,-36.315430,-0.112922,0.900000,-39.203295,21.595816,False,False,GREEN,1.352000
monza_tsu_lap13_to_medium_new_fixed_context,TSU,13,MEDIUM,new,fixed_context,H-M-M,2,12.955049,9.183851,17.123807,0.000000,-8.931516,21.891733,True,False,GREEN,1.266583
monza_tsu_lap13_to_hard_new_fixed_context,TSU,13,HARD,new,fixed_context,H-M-H,2,32.814357,18.487022,44.880192,0.002000,10.632416,22.023024,True,False,GREEN,1.270125
monza_tsu_lap14_to_soft_new_fixed_context,TSU,14,SOFT,new,fixed_context,H-M-S,2,-16.383088,-35.353757,-0.444757,0.906000,-39.038452,21.595816,False,False,GREEN,1.682333
monza_tsu_lap14_to_medium_new_fixed_context,TSU,14,MEDIUM,new,fixed_context,H-M-M,2,12.314346,8.433133,16.556007,0.000000,-9.555762,21.891733,True,False,GREEN,1.518791
monza_tsu_lap14_to_hard_new_fixed_context,TSU,14,HARD,new,fixed_context,H-M-H,2,31.711494,17.759633,43.368057,0.002000,9.508462,22.023024,True,False,GREEN,1.328625
monza_tsu_lap15_to_soft_new_fixed_context,TSU,15,SOFT,new,fixed_context,H-M-S,2,-16.235574,-34.305729,-0.813304,0.910000,-38.825152,21.595816,False,False,GREEN,1.278459
monza_tsu_lap15_to_medium_new_fixed_context,TSU,15,MEDIUM,new,fixed_context,H-M-M,2,11.753918,7.731750,15.974918,0.000000,-10.131989,21.891733,True,False,GREEN,1.248292
monza_tsu_lap15_to_hard_new_fixed_context,TSU,15,HARD,new,fixed_context,H-M-H,2,30.703311,17.132719,41.940918,0.002000,8.431648,22.023024,True,False,GREEN,1.743625
monza_tsu_lap16_to_soft_new_fixed_context,TSU,16,SOFT,new,fixed_context,H-M-S,2,-16.044285,-33.346744,-1.255354,0.916000,-38.563397,21.595816,False,False,GREEN,0.719750
monza_tsu_lap16_to_medium_new_fixed_context,TSU,16,MEDIUM,new,fixed_context,H-M-M,2,11.237744,7.097109,15.439770,0.002000,-10.660196,21.891733,True,False,GREEN,0.529791
monza_tsu_lap16_to_hard_new_fixed_context,TSU,16,HARD,new,fixed_context,H-M-H,2,29.666333,16.523389,40.691019,0.002000,7.401976,22.023024,True,False,GREEN,0.486000
monza_tsu_lap17_to_soft_new_fixed_context,TSU,17,SOFT,new,fixed_context,H-M-S,2,-15.944897,-32.383898,-1.652100,0.922000,-38.253185,21.595816,False,False,GREEN,0.482208
monza_tsu_lap17_to_medium_new_fixed_context,TSU,17,MEDIUM,new,fixed_context,H-M-M,2,10.750045,6.615518,15.029815,0.004000,-11.140385,21.891733,True,False,GREEN,0.475792
monza_tsu_lap17_to_hard_new_fixed_context,TSU,17,HARD,new,fixed_context,H-M-H,2,28.668806,15.973764,39.486304,0.002000,6.419445,22.023024,True,False,GREEN,0.480875
monza_tsu_lap18_to_soft_new_fixed_context,TSU,18,SOFT,new,fixed_context,H-M-S,2,-15.706096,-31.331663,-1.705595,0.924000,-37.894517,21.595816,False,False,GREEN,0.461833
monza_tsu_lap18_to_medium_new_fixed_context,TSU,18,MEDIUM,new,fixed_context,H-M-M,2,10.299772,6.104951,14.607749,0.004000,-11.572556,21.891733,True,False,GREEN,0.668167
monza_tsu_lap18_to_hard_new_fixed_context,TSU,18,HARD,new,fixed_context,H-M-H,2,27.772502,15.129132,38.246533,0.002000,5.484055,22.023024,True,False,GREEN,0.585209
monza_tsu_lap19_to_soft_new_fixed_context,TSU,19,SOFT,new,fixed_context,H-M-S,2,-15.344910,-30.274719,-1.976000,0.926000,-37.487393,21.595816,False,False,GREEN,0.652625
monza_tsu_lap19_to_medium_new_fixed_context,TSU,19,MEDIUM,new,fixed_context,H-M-M,2,9.887094,5.640085,14.233523,0.006000,-11.956707,21.891733,True,False,GREEN,0.606250
monza_tsu_lap19_to_hard_new_fixed_context,TSU,19,HARD,new,fixed_context,H-M-H,2,26.893321,14.279351,37.069313,0.002000,4.595806,22.023024,True,False,GREEN,0.564417
monza_tsu_lap20_to_soft_new_fixed_context,TSU,20,SOFT,new,fixed_context,H-M-S,2,-14.887422,-29.127780,-1.904240,0.926000,-37.031813,21.595816,False,False,GREEN,0.546833
monza_tsu_lap20_to_medium_new_fixed_context,TSU,20,MEDIUM,new,fixed_context,H-M-M,2,9.530948,5.294469,13.940468,0.006000,-12.292839,21.891733,True,False,GREEN,0.542792
monza_tsu_lap20_to_hard_new_fixed_context,TSU,20,HARD,new,fixed_context,H-M-H,2,26.045974,13.720429,35.978567,0.002000,3.754698,22.023024,True,False,GREEN,0.533584
monza_tsu_lap21_to_soft_new_fixed_context,TSU,21,SOFT,new,fixed_context,H-M-S,2,-14.541479,-28.081025,-1.847727,0.932000,-36.527777,21.595816,False,False,GREEN,0.529125
monza_tsu_lap21_to_medium_new_fixed_context,TSU,21,MEDIUM,new,fixed_context,H-M-M,2,9.232230,5.005680,13.706626,0.008000,-12.580953,21.891733,True,False,GREEN,0.532500
monza_tsu_lap21_to_hard_new_fixed_context,TSU,21,HARD,new,fixed_context,H-M-H,2,25.187798,13.413166,34.919133,0.002000,2.960731,22.023024,True,False,GREEN,0.520500
monza_tsu_lap22_to_soft_new_fixed_context,TSU,22,SOFT,new,fixed_context,H-M-S,2,-14.121077,-26.909220,-2.082236,0.934000,-35.975285,21.595816,False,False,GREEN,0.520834
monza_tsu_lap22_to_medium_new_fixed_context,TSU,22,MEDIUM,new,fixed_context,H-M-M,2,8.974113,4.762493,13.532423,0.008000,-12.821047,21.891733,True,False,GREEN,0.520250
monza_tsu_lap22_to_hard_new_fixed_context,TSU,22,HARD,new,fixed_context,H-M-H,2,24.488970,13.160274,33.992034,0.002000,2.213905,22.023024,True,False,GREEN,0.517375
monza_tsu_lap23_to_soft_new_fixed_context,TSU,23,SOFT,new,fixed_context,H-M-S,2,-13.421163,-25.680899,-2.331018,0.932000,-35.374336,21.595816,False,False,GREEN,0.537417
monza_tsu_lap23_to_medium_new_fixed_context,TSU,23,MEDIUM,new,fixed_context,H-M-M,2,8.800665,4.567095,13.385637,0.008000,-13.013123,21.891733,True,False,GREEN,0.519625
monza_tsu_lap23_to_hard_new_fixed_context,TSU,23,HARD,new,fixed_context,H-M-H,2,23.751448,12.845244,33.079169,0.002000,1.514220,22.023024,True,False,GREEN,0.515000
monza_tsu_lap24_to_soft_new_fixed_context,TSU,24,SOFT,new,fixed_context,H-M-S,2,-12.771409,-24.440675,-2.230026,0.930000,-34.724931,21.595816,False,False,GREEN,0.513167
monza_tsu_lap24_to_medium_new_fixed_context,TSU,24,MEDIUM,new,fixed_context,H-M-M,2,8.660602,4.390047,13.273639,0.010000,-13.157179,21.891733,True,False,GREEN,0.513709
monza_tsu_lap24_to_hard_new_fixed_context,TSU,24,HARD,new,fixed_context,H-M-H,2,23.053352,12.419515,32.138184,0.002000,0.861676,22.023024,True,False,GREEN,0.506042
monza_tsu_lap25_to_soft_new_fixed_context,TSU,25,SOFT,new,fixed_context,H-M-S,2,-11.789194,-23.125113,-1.487073,0.928000,-34.027071,21.857477,False,False,GREEN,0.511833
monza_tsu_lap25_to_medium_new_fixed_context,TSU,25,MEDIUM,new,fixed_context,H-M-M,2,8.954408,4.495110,13.333454,0.010000,-13.253217,22.090607,True,False,GREEN,0.472958
monza_tsu_lap25_to_hard_new_fixed_context,TSU,25,HARD,new,fixed_context,H-M-H,2,22.478460,12.266744,31.148399,0.002000,0.256273,22.068812,True,False,GREEN,0.450750
monza_tsu_lap26_to_soft_new_fixed_context,TSU,26,SOFT,new,fixed_context,H-M-S,2,-10.712723,-21.461920,-1.295604,0.916000,-33.280754,21.974566,False,False,GREEN,0.470541
monza_tsu_lap26_to_medium_new_fixed_context,TSU,26,MEDIUM,new,fixed_context,H-M-M,2,8.755205,4.550022,13.153150,0.008000,-13.301236,22.037352,True,False,GREEN,0.464791
monza_tsu_lap26_to_hard_new_fixed_context,TSU,26,HARD,new,fixed_context,H-M-H,2,22.165798,12.264954,30.470216,0.002000,-0.301989,22.190438,True,False,GREEN,0.481458
monza_tsu_lap27_to_soft_new_fixed_context,TSU,27,SOFT,new,fixed_context,H-M-S,2,-17.713239,-27.324349,-8.236095,0.992000,-32.485980,14.542569,False,False,YELLOW,0.476667
monza_tsu_lap27_to_medium_new_fixed_context,TSU,27,MEDIUM,new,fixed_context,H-M-M,2,1.416768,-2.105527,4.984147,0.294000,-13.301236,14.668143,True,False,YELLOW,0.479375
monza_tsu_lap27_to_hard_new_fixed_context,TSU,27,HARD,new,fixed_context,H-M-H,2,14.167917,5.082895,22.136652,0.012000,-0.813110,14.974314,True,False,YELLOW,0.477959
monza_tsu_lap28_to_soft_new_fixed_context,TSU,28,SOFT,new,fixed_context,H-M-S,2,-20.059887,-29.577351,-10.801957,0.998000,-33.072701,12.881583,True,False,VSC,0.858250
monza_tsu_lap28_to_medium_new_fixed_context,TSU,28,MEDIUM,new,fixed_context,H-M-M,2,-0.582344,-4.278420,2.831802,0.584000,-13.877463,13.177499,True,False,VSC,0.601584
monza_tsu_lap28_to_hard_new_fixed_context,TSU,28,HARD,new,fixed_context,H-M-H,2,11.879463,3.016752,20.046592,0.034000,-1.368268,13.308791,True,False,VSC,0.510708
monza_tsu_lap29_to_soft_new_fixed_context,TSU,29,SOFT,new,fixed_context,H-M-S,2,-13.380488,-22.732647,-4.801751,0.964000,-33.659422,20.051918,True,False,VSC,0.487417
monza_tsu_lap29_to_medium_new_fixed_context,TSU,29,MEDIUM,new,fixed_context,H-M-M,2,5.916634,1.534266,10.194144,0.040000,-14.453690,20.347835,True,False,VSC,0.468792
monza_tsu_lap29_to_hard_new_fixed_context,TSU,29,HARD,new,fixed_context,H-M-H,2,18.831493,9.387889,26.976757,0.002000,-1.923426,20.479126,True,False,VSC,0.473417
monza_tsu_lap30_to_soft_new_fixed_context,TSU,30,SOFT,new,fixed_context,H-M-S,2,-10.951452,-19.826586,-2.612593,0.950000,-32.768174,21.658602,True,False,GREEN,0.471458
monza_tsu_lap30_to_medium_new_fixed_context,TSU,30,MEDIUM,new,fixed_context,H-M-M,2,7.537285,3.031243,12.136928,0.020000,-14.357652,21.891733,True,False,GREEN,0.464750
monza_tsu_lap30_to_hard_new_fixed_context,TSU,30,HARD,new,fixed_context,H-M-H,2,19.712414,10.512859,27.705075,0.002000,-2.339387,21.869938,True,False,GREEN,0.457625
monza_tsu_lap31_to_soft_new_fixed_context,TSU,31,SOFT,new,fixed_context,H-M-S,2,-10.134294,-18.320884,-2.035801,0.946000,-31.828470,21.658602,True,False,GREEN,0.453584
monza_tsu_lap31_to_medium_new_fixed_context,TSU,31,MEDIUM,new,fixed_context,H-M-M,2,7.692466,3.211525,12.283731,0.016000,-14.213595,21.891733,True,False,GREEN,0.451000
monza_tsu_lap31_to_hard_new_fixed_context,TSU,31,HARD,new,fixed_context,H-M-H,2,19.325362,10.417275,27.060636,0.002000,-2.708207,21.869938,True,False,GREEN,0.452208
monza_tsu_lap32_to_soft_new_fixed_context,TSU,32,SOFT,new,fixed_context,H-M-S,2,-9.234385,-17.020935,-1.538465,0.940000,-30.840309,21.658602,True,False,GREEN,0.481708
monza_tsu_lap32_to_medium_new_fixed_context,TSU,32,MEDIUM,new,fixed_context,H-M-M,2,7.876110,3.434063,12.461867,0.016000,-14.021520,21.891733,True,False,GREEN,0.486916
monza_tsu_lap32_to_hard_new_fixed_context,TSU,32,HARD,new,fixed_context,H-M-H,2,18.951410,10.518831,26.529250,0.002000,-3.029886,21.869938,True,False,GREEN,0.479917
monza_tsu_lap33_to_soft_new_fixed_context,TSU,33,SOFT,new,fixed_context,H-M-S,2,-8.172778,-15.650439,-0.846759,0.928000,-29.803692,21.658602,True,False,GREEN,0.480334
monza_tsu_lap33_to_medium_new_fixed_context,TSU,33,MEDIUM,new,fixed_context,H-M-M,2,8.078879,3.719340,12.677228,0.014000,-13.781425,21.891733,True,False,GREEN,0.480625
monza_tsu_lap33_to_hard_new_fixed_context,TSU,33,HARD,new,fixed_context,H-M-H,2,18.685712,10.524856,26.038645,0.002000,-3.304423,21.869938,True,False,GREEN,0.478209
monza_tsu_lap34_to_soft_new_fixed_context,TSU,34,SOFT,new,fixed_context,H-M-S,2,-7.077175,-14.279618,-0.045049,0.902000,-28.718619,21.658602,True,False,GREEN,0.506791
monza_tsu_lap34_to_medium_new_fixed_context,TSU,34,MEDIUM,new,fixed_context,H-M-M,2,8.323937,4.054767,12.922397,0.012000,-13.493312,21.891733,True,False,GREEN,0.479917
monza_tsu_lap34_to_hard_new_fixed_context,TSU,34,HARD,new,fixed_context,H-M-H,2,18.447536,10.522142,25.558634,0.002000,-3.531820,21.869938,True,False,GREEN,0.483084
monza_tsu_lap35_to_soft_new_fixed_context,TSU,35,SOFT,new,fixed_context,H-M-S,2,-5.960312,-12.816548,0.622000,0.864000,-27.585090,21.658602,True,False,GREEN,0.478834
monza_tsu_lap35_to_medium_new_fixed_context,TSU,35,MEDIUM,new,fixed_context,H-M-M,2,8.660602,4.390047,13.273639,0.010000,-13.157179,21.891733,True,False,GREEN,0.477500
monza_tsu_lap35_to_hard_new_fixed_context,TSU,35,HARD,new,fixed_context,H-M-H,2,18.276630,10.573103,24.908706,0.002000,-3.712076,21.869938,True,False,GREEN,0.475167
monza_tsu_lap36_to_soft_new_fixed_context,TSU,36,SOFT,new,fixed_context,H-M-S,2,-4.828760,-11.105631,1.582920,0.824000,-26.403105,21.658602,True,False,GREEN,0.478334
monza_tsu_lap36_to_medium_new_fixed_context,TSU,36,MEDIUM,new,fixed_context,H-M-M,2,9.022311,4.810095,13.568973,0.008000,-12.773028,21.891733,True,False,GREEN,0.509917
monza_tsu_lap36_to_hard_new_fixed_context,TSU,36,HARD,new,fixed_context,H-M-H,2,18.174932,10.797787,24.436665,0.002000,-3.845191,21.869938,True,False,GREEN,0.510209
monza_tsu_lap37_to_soft_new_fixed_context,TSU,37,SOFT,new,fixed_context,H-M-S,2,-3.552529,-9.470776,2.620159,0.770000,-25.172664,21.658602,True,False,GREEN,0.494333
monza_tsu_lap37_to_medium_new_fixed_context,TSU,37,MEDIUM,new,fixed_context,H-M-M,2,9.477709,5.246892,13.902675,0.006000,-12.340858,21.891733,True,False,GREEN,0.545708
monza_tsu_lap37_to_hard_new_fixed_context,TSU,37,HARD,new,fixed_context,H-M-H,2,18.042703,11.002143,24.147814,0.002000,-3.931165,21.869938,True,False,GREEN,0.529792
monza_tsu_lap38_to_soft_new_fixed_context,TSU,38,SOFT,new,fixed_context,H-M-S,2,-2.232208,-8.052181,3.494511,0.698000,-23.893766,21.658602,True,False,GREEN,0.505458
monza_tsu_lap38_to_medium_new_fixed_context,TSU,38,MEDIUM,new,fixed_context,H-M-M,2,9.987506,5.747159,14.346497,0.004000,-11.860669,21.891733,True,False,GREEN,0.500542
monza_tsu_lap38_to_hard_new_fixed_context,TSU,38,HARD,new,fixed_context,H-M-H,2,18.059830,11.152782,23.916245,0.002000,-3.969997,21.869938,True,False,GREEN,0.488291
monza_tsu_lap39_to_soft_new_fixed_context,TSU,39,SOFT,new,fixed_context,H-M-S,2,-0.938631,-6.456183,4.519720,0.576000,-22.566413,21.658602,True,False,GREEN,0.474542
monza_tsu_lap39_to_medium_new_fixed_context,TSU,39,MEDIUM,new,fixed_context,H-M-M,2,10.565702,6.404979,14.832349,0.004000,-11.332461,21.891733,True,False,GREEN,0.499167
monza_tsu_lap39_to_hard_new_fixed_context,TSU,39,HARD,new,fixed_context,H-M-H,2,18.113855,11.423970,23.660089,0.002000,-3.961689,21.869938,True,False,GREEN,0.481708
monza_tsu_lap40_to_soft_new_fixed_context,TSU,40,SOFT,new,fixed_context,H-M-S,2,0.524402,-4.789687,5.622986,0.464000,-21.190603,21.658602,True,False,GREEN,0.514584
monza_tsu_lap40_to_medium_new_fixed_context,TSU,40,MEDIUM,new,fixed_context,H-M-M,2,11.148667,6.985602,15.352413,0.002000,-10.756234,21.891733,True,False,GREEN,0.488625
monza_tsu_lap40_to_hard_new_fixed_context,TSU,40,HARD,new,fixed_context,H-M-H,2,18.177941,11.819510,23.380227,0.002000,-3.906240,21.869938,True,False,GREEN,0.477958
monza_tsu_lap41_to_soft_new_fixed_context,TSU,41,SOFT,new,fixed_context,H-M-S,2,1.840058,-3.039941,6.788146,0.306000,-19.766337,21.658602,True,False,GREEN,0.477708
monza_tsu_lap41_to_medium_new_fixed_context,TSU,41,MEDIUM,new,fixed_context,H-M-M,2,11.753918,7.731750,15.974918,0.000000,-10.131989,21.891733,True,False,GREEN,0.514000
monza_tsu_lap41_to_hard_new_fixed_context,TSU,41,HARD,new,fixed_context,H-M-H,2,18.328735,12.204372,23.309766,0.000000,-3.803650,21.869938,True,False,GREEN,0.513667
monza_tsu_lap42_to_soft_new_fixed_context,TSU,42,SOFT,new,fixed_context,H-M-S,2,3.312770,-1.387390,8.038800,0.172000,-18.293615,21.658602,True,False,GREEN,0.569667
monza_tsu_lap42_to_medium_new_fixed_context,TSU,42,MEDIUM,new,fixed_context,H-M-M,2,12.423834,8.557524,16.637865,0.000000,-9.459724,21.891733,True,False,GREEN,0.492625
monza_tsu_lap42_to_hard_new_fixed_context,TSU,42,HARD,new,fixed_context,H-M-H,2,18.382458,12.670636,23.364270,0.000000,-3.653918,21.869938,True,False,GREEN,0.469000
monza_tsu_lap43_to_soft_new_fixed_context,TSU,43,SOFT,new,fixed_context,H-M-S,2,4.853768,0.295407,9.528102,0.086000,-16.772437,21.658602,True,False,GREEN,0.474500
monza_tsu_lap43_to_medium_new_fixed_context,TSU,43,MEDIUM,new,fixed_context,H-M-M,2,13.171688,9.400596,17.305138,0.000000,-8.739440,21.891733,True,False,GREEN,0.472625
monza_tsu_lap43_to_hard_new_fixed_context,TSU,43,HARD,new,fixed_context,H-M-H,2,18.595744,13.140451,23.250055,0.000000,-3.457046,21.869938,True,False,GREEN,0.476250
monza_tsu_lap44_to_soft_new_fixed_context,TSU,44,SOFT,new,fixed_context,H-M-S,2,6.415485,2.018622,11.036484,0.036000,-15.202802,21.658602,True,False,GREEN,0.479041
monza_tsu_lap44_to_medium_new_fixed_context,TSU,44,MEDIUM,new,fixed_context,H-M-M,2,13.923496,10.276813,17.944398,0.000000,-7.971138,21.891733,True,False,GREEN,0.474667
monza_tsu_lap44_to_hard_new_fixed_context,TSU,44,HARD,new,fixed_context,H-M-H,2,18.805554,13.548167,23.366339,0.000000,-3.213032,21.869938,True,False,GREEN,0.479292
monza_tsu_lap45_to_soft_new_fixed_context,TSU,45,SOFT,new,fixed_context,H-M-S,2,8.058723,3.800422,12.331681,0.014000,-13.584712,21.658602,True,False,GREEN,0.474791
monza_tsu_lap45_to_medium_new_fixed_context,TSU,45,MEDIUM,new,fixed_context,H-M-M,2,14.746642,11.185117,18.789148,0.000000,-7.154817,21.891733,True,False,GREEN,0.473541
monza_tsu_lap45_to_hard_new_fixed_context,TSU,45,HARD,new,fixed_context,H-M-H,2,19.084157,14.060562,23.454722,0.000000,-2.921878,21.869938,True,False,GREEN,0.470625
monza_tsu_lap46_to_soft_new_fixed_context,TSU,46,SOFT,new,fixed_context,H-M-S,2,9.671774,5.635293,13.887691,0.008000,-11.918165,21.658602,True,False,GREEN,0.477500
monza_tsu_lap46_to_medium_new_fixed_context,TSU,46,MEDIUM,new,fixed_context,H-M-M,2,15.556893,12.061083,19.473741,0.000000,-6.290476,21.891733,True,False,GREEN,0.488208
monza_tsu_lap46_to_hard_new_fixed_context,TSU,46,HARD,new,fixed_context,H-M-H,2,19.420363,14.764881,23.587576,0.000000,-2.583582,21.869938,True,False,GREEN,0.469708
monza_tsu_lap47_to_soft_new_fixed_context,TSU,47,SOFT,new,fixed_context,H-M-S,2,11.304397,7.524482,15.522388,0.004000,-10.203162,21.658602,True,False,GREEN,0.470292
monza_tsu_lap47_to_medium_new_fixed_context,TSU,47,MEDIUM,new,fixed_context,H-M-M,2,16.466154,12.925262,20.309990,0.000000,-5.378117,21.891733,True,False,GREEN,0.469292
monza_tsu_lap47_to_hard_new_fixed_context,TSU,47,HARD,new,fixed_context,H-M-H,2,19.827962,15.428194,23.839028,0.000000,-2.198146,21.869938,True,False,GREEN,0.473709
monza_tsu_lap48_to_soft_new_fixed_context,TSU,48,SOFT,new,fixed_context,H-M-S,2,13.221239,9.265264,17.154698,0.002000,-8.439703,21.658602,True,False,GREEN,0.475750
monza_tsu_lap48_to_medium_new_fixed_context,TSU,48,MEDIUM,new,fixed_context,H-M-M,2,17.382249,13.868229,21.196779,0.000000,-4.417739,21.891733,True,False,GREEN,0.468375
monza_tsu_lap48_to_hard_new_fixed_context,TSU,48,HARD,new,fixed_context,H-M-H,2,20.186988,16.184377,24.131290,0.000000,-1.765568,21.869938,True,False,GREEN,0.465958
monza_tsu_lap49_to_soft_new_fixed_context,TSU,49,SOFT,new,fixed_context,H-M-S,2,15.136781,11.191618,18.831027,0.000000,-6.627788,21.658602,True,False,GREEN,0.468500
monza_tsu_lap49_to_medium_new_fixed_context,TSU,49,MEDIUM,new,fixed_context,H-M-M,2,18.401839,14.956857,22.032452,0.000000,-3.409342,21.891733,True,False,GREEN,0.477791
monza_tsu_lap49_to_hard_new_fixed_context,TSU,49,HARD,new,fixed_context,H-M-H,2,20.537878,16.768681,24.518223,0.000000,-1.285850,21.869938,True,False,GREEN,0.470459
monza_tsu_lap50_to_soft_new_fixed_context,TSU,50,SOFT,new,fixed_context,H-M-S,2,16.994490,13.096823,20.718650,0.000000,-4.767416,21.658602,True,False,GREEN,0.471500
monza_tsu_lap50_to_medium_new_fixed_context,TSU,50,MEDIUM,new,fixed_context,H-M-M,2,19.482569,15.955810,23.021986,0.000000,-2.352926,21.891733,True,False,GREEN,0.471458
monza_tsu_lap50_to_hard_new_fixed_context,TSU,50,HARD,new,fixed_context,H-M-H,2,20.982428,17.372110,24.840506,0.000000,-0.758990,21.869938,True,False,GREEN,0.476875
monza_tsu_lap51_to_soft_new_fixed_context,TSU,51,SOFT,new,fixed_context,H-M-S,2,19.067641,15.318119,22.675386,0.000000,-2.858589,21.920263,True,False,GREEN,0.472250
monza_tsu_lap51_to_medium_new_fixed_context,TSU,51,MEDIUM,new,fixed_context,H-M-M,2,20.854363,17.413221,24.294593,0.000000,-1.248491,22.090607,True,False,GREEN,0.468791
monza_tsu_lap51_to_hard_new_fixed_context,TSU,51,HARD,new,fixed_context,H-M-H,2,21.652946,18.282751,25.452996,0.000000,-0.184990,21.915726,True,False,GREEN,0.470000
monza_tsu_lap52_to_soft_new_fixed_context,TSU,52,SOFT,new,fixed_context,H-M-S,2,21.033300,17.683781,24.549531,0.000000,-0.901305,22.037352,True,False,GREEN,0.469875
monza_tsu_lap52_to_medium_new_fixed_context,TSU,52,MEDIUM,new,fixed_context,H-M-M,2,21.820304,18.528810,25.385649,0.000000,-0.096038,22.037352,True,False,GREEN,0.468417
monza_tsu_lap52_to_hard_new_fixed_context,TSU,52,HARD,new,fixed_context,H-M-H,2,22.316379,18.883988,25.998398,0.000000,0.436152,22.037352,True,False,GREEN,0.471292
monza_ver_lap2_to_soft_new_fixed_context,VER,2,SOFT,new,fixed_context,S-S-M-H,3,-5.647927,-7.702809,-3.407810,1.000000,0.000000,-5.606512,True,True,GREEN,2.866125
monza_ver_lap2_to_medium_new_fixed_context,VER,2,MEDIUM,new,fixed_context,S-M-M-H,3,-5.647927,-7.702809,-3.407810,1.000000,0.000000,-5.606512,True,True,GREEN,0.515459
monza_ver_lap2_to_hard_new_fixed_context,VER,2,HARD,new,fixed_context,S-H-M-H,3,-5.647927,-7.702809,-3.407810,1.000000,0.000000,-5.606512,True,True,GREEN,0.485291
monza_ver_lap3_to_soft_new_fixed_context,VER,3,SOFT,new,fixed_context,S-S-H,2,-23.030934,-30.588847,-16.593784,1.000000,-17.790689,-5.669299,True,True,RED,0.487417
monza_ver_lap3_to_medium_new_fixed_context,VER,3,MEDIUM,new,fixed_context,S-M-H,2,-5.647927,-7.702809,-3.407810,1.000000,0.000000,-5.606512,True,True,RED,0.477041
monza_ver_lap3_to_hard_new_fixed_context,VER,3,HARD,new,fixed_context,S-H-H,2,4.275234,-3.173910,10.297569,0.204000,9.682629,-5.453426,True,True,RED,0.482084
monza_ver_lap4_to_soft_new_fixed_context,VER,4,SOFT,new,fixed_context,S-M-S-H,3,-23.637230,-30.809071,-17.276403,1.000000,-18.304243,-5.669299,True,True,RED,0.488667
monza_ver_lap4_to_medium_new_fixed_context,VER,4,MEDIUM,new,fixed_context,S-M-M-H,3,-6.225441,-8.284032,-3.978048,1.000000,-0.575761,-5.606512,True,True,RED,0.492583
monza_ver_lap4_to_hard_new_fixed_context,VER,4,HARD,new,fixed_context,S-M-H-H,3,3.785185,-3.643312,9.812757,0.224000,9.214854,-5.453426,True,True,RED,0.506750
monza_ver_lap5_to_soft_new_fixed_context,VER,5,SOFT,new,fixed_context,S-M-S-H,3,-24.332156,-31.023689,-18.026341,1.000000,-18.817797,-5.669299,True,True,RED,0.478875
monza_ver_lap5_to_medium_new_fixed_context,VER,5,MEDIUM,new,fixed_context,S-M-M-H,3,-6.813747,-8.874336,-4.572831,1.000000,-1.151521,-5.606512,True,True,RED,0.478209
monza_ver_lap5_to_hard_new_fixed_context,VER,5,HARD,new,fixed_context,S-M-H-H,3,3.335054,-4.093477,9.274248,0.264000,8.747079,-5.453426,True,True,RED,0.484458
monza_ver_lap6_to_soft_new_fixed_context,VER,6,SOFT,new,fixed_context,S-M-S-H,3,-3.316903,-11.874968,5.318083,0.692000,-19.331351,15.989303,True,False,MISSING,0.488375
monza_ver_lap6_to_medium_new_fixed_context,VER,6,MEDIUM,new,fixed_context,S-M-M-H,3,14.561046,8.949425,20.140710,0.002000,-1.727282,16.285220,True,False,MISSING,0.477833
monza_ver_lap6_to_hard_new_fixed_context,VER,6,HARD,new,fixed_context,S-M-H-H,3,25.161565,15.558173,32.909436,0.002000,8.279303,16.416512,True,False,MISSING,0.479792
monza_ver_lap7_to_soft_new_fixed_context,VER,7,SOFT,new,fixed_context,S-M-S-H,3,-2.980966,-10.691925,5.160920,0.672000,-18.929531,16.052090,True,False,GREEN,0.476417
monza_ver_lap7_to_medium_new_fixed_context,VER,7,MEDIUM,new,fixed_context,S-M-M-H,3,14.072660,8.463499,19.661699,0.004000,-2.193374,16.285220,True,False,GREEN,0.478958
monza_ver_lap7_to_hard_new_fixed_context,VER,7,HARD,new,fixed_context,S-M-H-H,3,24.011741,14.966951,31.394327,0.002000,7.388129,16.263426,True,False,GREEN,0.479625
monza_ver_lap8_to_soft_new_fixed_context,VER,8,SOFT,new,fixed_context,S-M-S-H,3,-2.552856,-9.878016,5.252295,0.660000,-18.475840,16.052090,True,False,GREEN,0.490583
monza_ver_lap8_to_medium_new_fixed_context,VER,8,MEDIUM,new,fixed_context,S-M-M-H,3,13.673801,8.067436,19.271000,0.006000,-2.604631,16.285220,True,False,GREEN,0.512333
monza_ver_lap8_to_hard_new_fixed_context,VER,8,HARD,new,fixed_context,S-M-H-H,3,23.138465,14.334468,30.313674,0.002000,6.546647,16.263426,True,False,GREEN,0.479000
monza_ver_lap9_to_soft_new_fixed_context,VER,9,SOFT,new,fixed_context,S-M-S-H,3,-2.017745,-9.209301,5.700514,0.638000,-17.970276,16.052090,True,False,GREEN,0.482917
monza_ver_lap9_to_medium_new_fixed_context,VER,9,MEDIUM,new,fixed_context,S-M-M-H,3,13.329006,7.748242,18.891754,0.006000,-2.961055,16.285220,True,False,GREEN,0.491042
monza_ver_lap9_to_hard_new_fixed_context,VER,9,HARD,new,fixed_context,S-M-H-H,3,22.313187,13.688609,29.339728,0.002000,5.754857,16.263426,True,False,GREEN,0.496583
monza_ver_lap10_to_soft_new_fixed_context,VER,10,SOFT,new,fixed_context,S-M-S-H,3,-1.385993,-8.464292,5.981007,0.604000,-17.412841,16.052090,True,False,GREEN,0.471209
monza_ver_lap10_to_medium_new_fixed_context,VER,10,MEDIUM,new,fixed_context,S-M-M-H,3,13.030440,7.420200,18.604209,0.006000,-3.262643,16.285220,True,False,GREEN,0.473250
monza_ver_lap10_to_hard_new_fixed_context,VER,10,HARD,new,fixed_context,S-M-H-H,3,21.468626,13.327039,28.467827,0.002000,5.012759,16.263426,True,False,GREEN,0.470625
monza_ver_lap11_to_soft_new_fixed_context,VER,11,SOFT,new,fixed_context,S-M-S-H,3,-0.847088,-7.891959,6.401239,0.552000,-16.803533,16.052090,True,False,GREEN,0.477834
monza_ver_lap11_to_medium_new_fixed_context,VER,11,MEDIUM,new,fixed_context,S-M-M-H,3,12.775441,7.151802,18.356144,0.006000,-3.509398,16.285220,True,False,GREEN,0.491791
monza_ver_lap11_to_hard_new_fixed_context,VER,11,HARD,new,fixed_context,S-M-H-H,3,20.770382,12.874752,27.740119,0.002000,4.320353,16.263426,True,False,GREEN,0.493708
monza_ver_lap12_to_soft_new_fixed_context,VER,12,SOFT,new,fixed_context,S-M-S-H,3,-0.112861,-7.047577,6.912121,0.514000,-16.142353,16.052090,True,False,GREEN,0.477417
monza_ver_lap12_to_medium_new_fixed_context,VER,12,MEDIUM,new,fixed_context,S-M-M-H,3,12.602743,6.943048,18.151412,0.006000,-3.701318,16.285220,True,False,GREEN,0.469166
monza_ver_lap12_to_hard_new_fixed_context,VER,12,HARD,new,fixed_context,S-M-H-H,3,20.093171,12.537362,26.941516,0.002000,3.677640,16.263426,True,False,GREEN,0.467834
monza_ver_lap13_to_soft_new_fixed_context,VER,13,SOFT,new,fixed_context,S-M-S-H,3,0.470721,-6.217559,7.384041,0.456000,-15.429301,16.052090,True,False,GREEN,0.469084
monza_ver_lap13_to_medium_new_fixed_context,VER,13,MEDIUM,new,fixed_context,S-M-M-H,3,12.482771,6.793937,18.010491,0.006000,-3.838404,16.285220,True,False,GREEN,0.467458
monza_ver_lap13_to_hard_new_fixed_context,VER,13,HARD,new,fixed_context,S-M-H-H,3,19.524896,11.963961,26.212422,0.002000,3.084618,16.263426,True,False,GREEN,0.466250
monza_ver_lap14_to_soft_new_fixed_context,VER,14,SOFT,new,fixed_context,S-M-S-H,3,1.391760,-5.214554,8.131437,0.410000,-14.664377,16.052090,True,False,GREEN,0.501041
monza_ver_lap14_to_medium_new_fixed_context,VER,14,MEDIUM,new,fixed_context,S-M-M-H,3,12.398295,6.704471,17.933700,0.006000,-3.920656,16.285220,True,False,GREEN,0.489584
monza_ver_lap14_to_hard_new_fixed_context,VER,14,HARD,new,fixed_context,S-M-H-H,3,18.922318,11.744799,25.652817,0.002000,2.541289,16.263426,True,False,GREEN,0.481250
monza_ver_lap15_to_soft_new_fixed_context,VER,15,SOFT,new,fixed_context,S-M-S-H,3,2.174179,-4.098997,8.778333,0.338000,-13.847581,16.052090,True,False,GREEN,0.485791
monza_ver_lap15_to_medium_new_fixed_context,VER,15,MEDIUM,new,fixed_context,S-M-M-H,3,12.370136,6.674649,17.906976,0.006000,-3.948073,16.285220,True,False,GREEN,0.489916
monza_ver_lap15_to_hard_new_fixed_context,VER,15,HARD,new,fixed_context,S-M-H-H,3,18.361520,11.255837,25.101011,0.004000,2.047652,16.263426,True,False,GREEN,0.479542
monza_ver_lap16_to_soft_new_fixed_context,VER,16,SOFT,new,fixed_context,S-M-S-H,3,3.039839,-3.157099,9.432882,0.260000,-12.978912,16.052090,True,False,GREEN,0.480042
monza_ver_lap16_to_medium_new_fixed_context,VER,16,MEDIUM,new,fixed_context,S-M-M-H,3,12.398295,6.704471,17.933700,0.006000,-3.920656,16.285220,True,False,GREEN,0.490167
monza_ver_lap16_to_hard_new_fixed_context,VER,16,HARD,new,fixed_context,S-M-H-H,3,17.924663,10.878754,24.597495,0.004000,1.603708,16.263426,True,False,GREEN,0.478917
monza_ver_lap17_to_soft_new_fixed_context,VER,17,SOFT,new,fixed_context,S-M-S-H,3,4.012533,-2.141013,10.110838,0.186000,-12.058372,16.052090,True,False,GREEN,0.490125
monza_ver_lap17_to_medium_new_fixed_context,VER,17,MEDIUM,new,fixed_context,S-M-M-H,3,12.482771,6.793937,18.010491,0.006000,-3.838404,16.285220,True,False,GREEN,0.483375
monza_ver_lap17_to_hard_new_fixed_context,VER,17,HARD,new,fixed_context,S-M-H-H,3,17.507789,10.686618,24.055986,0.004000,1.209455,16.263426,True,False,GREEN,0.534958
monza_ver_lap18_to_soft_new_fixed_context,VER,18,SOFT,new,fixed_context,S-M-S,2,-33.094927,-47.270028,-21.533182,1.000000,-36.641010,2.680513,False,False,GREEN,0.506292
monza_ver_lap18_to_medium_new_fixed_context,VER,18,MEDIUM,new,fixed_context,S-M-M,2,-5.293523,-13.122843,2.703127,0.796000,-8.248765,2.976430,True,False,GREEN,0.462167
monza_ver_lap18_to_hard_new_fixed_context,VER,18,HARD,new,fixed_context,S-M-H,2,9.548570,4.472630,13.976909,0.008000,6.210899,3.107721,True,False,GREEN,0.466000
monza_ver_lap19_to_soft_new_fixed_context,VER,19,SOFT,new,fixed_context,S-M-S,2,-32.829681,-46.355263,-21.793171,1.000000,-36.203644,2.680513,False,False,GREEN,0.490000
monza_ver_lap19_to_medium_new_fixed_context,VER,19,MEDIUM,new,fixed_context,S-M-M,2,-5.750776,-13.543563,2.196896,0.818000,-8.714857,2.976430,True,False,GREEN,0.474375
monza_ver_lap19_to_hard_new_fixed_context,VER,19,HARD,new,fixed_context,S-M-H,2,8.656818,3.879250,13.092886,0.008000,5.381430,3.107721,True,False,GREEN,0.483875
monza_ver_lap20_to_soft_new_fixed_context,VER,20,SOFT,new,fixed_context,S-M-S,2,-32.438376,-45.343219,-21.764621,1.000000,-35.714405,2.680513,False,False,GREEN,0.472375
monza_ver_lap20_to_medium_new_fixed_context,VER,20,MEDIUM,new,fixed_context,S-M-M,2,-6.188410,-13.975064,1.735028,0.834000,-9.126115,2.976430,True,False,GREEN,0.470875
monza_ver_lap20_to_hard_new_fixed_context,VER,20,HARD,new,fixed_context,S-M-H,2,7.741301,3.335876,12.136472,0.010000,4.601654,3.107721,True,False,GREEN,0.474791
monza_ver_lap21_to_soft_new_fixed_context,VER,21,SOFT,new,fixed_context,S-M-S,2,-31.978135,-44.367359,-21.941686,1.000000,-35.173295,2.680513,False,False,GREEN,0.475292
monza_ver_lap21_to_medium_new_fixed_context,VER,21,MEDIUM,new,fixed_context,S-M-M,2,-6.596861,-14.370055,1.334743,0.844000,-9.482538,2.976430,True,False,GREEN,0.469709
monza_ver_lap21_to_hard_new_fixed_context,VER,21,HARD,new,fixed_context,S-M-H,2,7.030940,2.842491,11.267275,0.014000,3.871570,3.107721,True,False,GREEN,0.470000
monza_ver_lap22_to_soft_new_fixed_context,VER,22,SOFT,new,fixed_context,S-M-S,2,-31.452019,-43.205453,-21.758596,1.000000,-34.580313,2.680513,False,False,GREEN,0.468958
monza_ver_lap22_to_medium_new_fixed_context,VER,22,MEDIUM,new,fixed_context,S-M-M,2,-6.920044,-14.704277,0.996041,0.864000,-9.784127,2.976430,True,False,GREEN,0.471542
monza_ver_lap22_to_hard_new_fixed_context,VER,22,HARD,new,fixed_context,S-M-H,2,6.327692,2.340211,10.402361,0.018000,3.191178,3.107721,True,False,GREEN,0.468042
monza_ver_lap23_to_soft_new_fixed_context,VER,23,SOFT,new,fixed_context,S-M-S,2,-30.777276,-42.125379,-21.488604,1.000000,-33.935458,2.680513,False,False,GREEN,0.478166
monza_ver_lap23_to_medium_new_fixed_context,VER,23,MEDIUM,new,fixed_context,S-M-M,2,-7.177987,-14.953407,0.718920,0.876000,-10.030881,2.976430,True,False,GREEN,0.468292
monza_ver_lap23_to_hard_new_fixed_context,VER,23,HARD,new,fixed_context,S-M-H,2,5.636361,1.733794,9.670363,0.026000,2.560478,3.107721,True,False,GREEN,0.471500
monza_ver_lap24_to_soft_new_fixed_context,VER,24,SOFT,new,fixed_context,S-M-S,2,-30.113920,-41.073175,-21.258594,1.000000,-33.238732,2.680513,False,False,GREEN,0.469250
monza_ver_lap24_to_medium_new_fixed_context,VER,24,MEDIUM,new,fixed_context,S-M-M,2,-7.369835,-15.127437,0.507218,0.884000,-10.222801,2.976430,True,False,GREEN,0.467625
monza_ver_lap24_to_hard_new_fixed_context,VER,24,HARD,new,fixed_context,S-M-H,2,5.018905,1.177102,8.948008,0.036000,1.979470,3.107721,True,False,GREEN,0.468542
monza_ver_lap25_to_soft_new_fixed_context,VER,25,SOFT,new,fixed_context,S-M-S,2,-29.192866,-39.665624,-20.300662,1.000000,-32.490133,2.942174,False,False,GREEN,0.501125
monza_ver_lap25_to_medium_new_fixed_context,VER,25,MEDIUM,new,fixed_context,S-M-M,2,-7.303366,-15.169838,0.407107,0.882000,-10.359887,3.175304,True,False,GREEN,0.489625
monza_ver_lap25_to_hard_new_fixed_context,VER,25,HARD,new,fixed_context,S-M-H,2,4.565427,1.098454,8.438154,0.048000,1.448155,3.153510,True,False,GREEN,0.466875
monza_ver_lap26_to_soft_new_fixed_context,VER,26,SOFT,new,fixed_context,S-M-S,2,-28.171807,-38.137127,-19.737717,1.000000,-31.689662,3.059263,False,False,GREEN,0.470792
monza_ver_lap26_to_medium_new_fixed_context,VER,26,MEDIUM,new,fixed_context,S-M-M,2,-7.356775,-15.282167,0.489428,0.890000,-10.442139,3.122049,True,False,GREEN,0.469917
monza_ver_lap26_to_hard_new_fixed_context,VER,26,HARD,new,fixed_context,S-M-H,2,4.157249,0.517588,7.786726,0.058000,0.966531,3.275135,True,False,GREEN,0.470584
monza_ver_lap27_to_soft_new_fixed_context,VER,27,SOFT,new,fixed_context,S-M-S,2,-34.949603,-44.311907,-26.909676,1.000000,-30.837319,-4.372734,False,False,GREEN,0.468625
monza_ver_lap27_to_medium_new_fixed_context,VER,27,MEDIUM,new,fixed_context,S-M-M,2,-14.777670,-22.174270,-7.048839,0.998000,-10.469556,-4.247160,True,False,GREEN,0.467875
monza_ver_lap27_to_hard_new_fixed_context,VER,27,HARD,new,fixed_context,S-M-H,2,-3.464339,-5.698039,-1.085395,0.958000,0.534600,-3.940989,True,False,GREEN,0.469667
monza_ver_lap28_to_soft_new_fixed_context,VER,28,SOFT,new,fixed_context,S-M-S,2,-37.221137,-46.189720,-29.195243,1.000000,-31.424238,-6.033720,True,False,VSC,0.473667
monza_ver_lap28_to_medium_new_fixed_context,VER,28,MEDIUM,new,fixed_context,S-M-M,2,-16.784694,-24.327501,-9.081344,1.000000,-11.127568,-5.737803,True,False,VSC,0.477417
monza_ver_lap28_to_hard_new_fixed_context,VER,28,HARD,new,fixed_context,S-M-H,2,-5.647927,-7.702809,-3.407810,1.000000,0.000000,-5.606512,True,False,VSC,0.480000
monza_ver_lap29_to_soft_new_fixed_context,VER,29,SOFT,new,fixed_context,S-M-S,2,-30.665088,-39.469667,-22.697336,1.000000,-32.011156,1.136615,True,False,VSC,0.497417
monza_ver_lap29_to_medium_new_fixed_context,VER,29,MEDIUM,new,fixed_context,S-M-M,2,-10.420299,-17.998665,-2.749515,0.950000,-11.785580,1.432532,True,False,VSC,0.482792
monza_ver_lap29_to_hard_new_fixed_context,VER,29,HARD,new,fixed_context,S-M-H,2,0.968979,-2.281893,4.314100,0.358000,-0.534600,1.563823,True,False,VSC,0.472958
monza_ver_lap30_to_soft_new_fixed_context,VER,30,SOFT,new,fixed_context,S-M-S,2,-28.086449,-36.322762,-20.290766,1.000000,-31.052107,2.743300,True,False,GREEN,0.468042
monza_ver_lap30_to_medium_new_fixed_context,VER,30,MEDIUM,new,fixed_context,S-M-M,2,-8.808907,-16.714680,-1.117138,0.918000,-11.703329,2.976430,True,False,GREEN,0.466084
monza_ver_lap30_to_hard_new_fixed_context,VER,30,HARD,new,fixed_context,S-M-H,2,2.027772,-1.385955,5.824927,0.230000,-0.862005,2.954635,True,False,GREEN,0.481834
monza_ver_lap31_to_soft_new_fixed_context,VER,31,SOFT,new,fixed_context,S-M-S,2,-27.229366,-35.205335,-19.278238,1.000000,-30.041185,2.743300,True,False,GREEN,0.473834
monza_ver_lap31_to_medium_new_fixed_context,VER,31,MEDIUM,new,fixed_context,S-M-M,2,-8.673068,-16.582327,-0.981567,0.914000,-11.566243,2.976430,True,False,GREEN,0.467042
monza_ver_lap31_to_hard_new_fixed_context,VER,31,HARD,new,fixed_context,S-M-H,2,1.733811,-1.706427,5.680778,0.260000,-1.139717,2.954635,True,False,GREEN,0.470250
monza_ver_lap32_to_soft_new_fixed_context,VER,32,SOFT,new,fixed_context,S-M-S,2,-26.037814,-33.799980,-18.362418,1.000000,-28.978392,2.743300,True,False,GREEN,0.470208
monza_ver_lap32_to_medium_new_fixed_context,VER,32,MEDIUM,new,fixed_context,S-M-M,2,-8.474637,-16.353877,-0.771927,0.914000,-11.374323,2.976430,True,False,GREEN,0.467000
monza_ver_lap32_to_hard_new_fixed_context,VER,32,HARD,new,fixed_context,S-M-H,2,1.534340,-2.016009,5.465985,0.292000,-1.367737,2.954635,True,False,GREEN,0.469458
monza_ver_lap33_to_soft_new_fixed_context,VER,33,SOFT,new,fixed_context,S-M-S,2,-24.936230,-32.398037,-17.172832,1.000000,-27.863726,2.743300,True,False,GREEN,0.467375
monza_ver_lap33_to_medium_new_fixed_context,VER,33,MEDIUM,new,fixed_context,S-M-M,2,-8.244250,-16.059350,-0.498496,0.908000,-11.127568,2.976430,True,False,GREEN,0.468875
monza_ver_lap33_to_hard_new_fixed_context,VER,33,HARD,new,fixed_context,S-M-H,2,1.369804,-2.324636,5.329371,0.322000,-1.546065,2.954635,True,False,GREEN,0.465125
monza_ver_lap34_to_soft_new_fixed_context,VER,34,SOFT,new,fixed_context,S-M-S,2,-23.819739,-31.008339,-16.184286,1.000000,-26.697188,2.743300,True,False,GREEN,0.467333
monza_ver_lap34_to_medium_new_fixed_context,VER,34,MEDIUM,new,fixed_context,S-M-M,2,-7.965513,-15.696085,-0.163305,0.902000,-10.825979,2.976430,True,False,GREEN,0.464792
monza_ver_lap34_to_hard_new_fixed_context,VER,34,HARD,new,fixed_context,S-M-H,2,1.204302,-2.535067,5.246316,0.354000,-1.674701,2.954635,True,False,GREEN,0.468209
monza_ver_lap35_to_soft_new_fixed_context,VER,35,SOFT,new,fixed_context,S-M-S,2,-22.670277,-29.652113,-15.030682,1.000000,-25.478778,2.743300,True,False,GREEN,0.484667
monza_ver_lap35_to_medium_new_fixed_context,VER,35,MEDIUM,new,fixed_context,S-M-M,2,-7.631712,-15.351190,0.232913,0.892000,-10.469556,2.976430,True,False,GREEN,0.484625
monza_ver_lap35_to_hard_new_fixed_context,VER,35,HARD,new,fixed_context,S-M-H,2,1.097294,-2.784091,5.308122,0.362000,-1.753645,2.954635,True,False,GREEN,0.508041
monza_ver_lap36_to_soft_new_fixed_context,VER,36,SOFT,new,fixed_context,S-M-S,2,-21.447134,-28.328899,-13.961567,1.000000,-24.208496,2.743300,True,False,GREEN,0.645333
monza_ver_lap36_to_medium_new_fixed_context,VER,36,MEDIUM,new,fixed_context,S-M-M,2,-7.205394,-14.978269,0.688129,0.876000,-10.058298,2.976430,True,False,GREEN,0.534125
monza_ver_lap36_to_hard_new_fixed_context,VER,36,HARD,new,fixed_context,S-M-H,2,1.066621,-2.980275,5.287994,0.376000,-1.782896,2.954635,True,False,GREEN,0.505292
monza_ver_lap37_to_soft_new_fixed_context,VER,37,SOFT,new,fixed_context,S-M-S,2,-20.211239,-27.070901,-12.755306,1.000000,-22.886341,2.743300,True,False,GREEN,0.492875
monza_ver_lap37_to_medium_new_fixed_context,VER,37,MEDIUM,new,fixed_context,S-M-M,2,-6.715217,-14.491590,1.211579,0.852000,-9.592206,2.976430,True,False,GREEN,0.473959
monza_ver_lap37_to_hard_new_fixed_context,VER,37,HARD,new,fixed_context,S-M-H,2,1.098188,-3.108993,5.487680,0.378000,-1.762455,2.954635,True,False,GREEN,0.470334
monza_ver_lap38_to_soft_new_fixed_context,VER,38,SOFT,new,fixed_context,S-M-S,2,-18.957782,-25.924413,-11.477343,1.000000,-21.512315,2.743300,True,False,GREEN,0.464333
monza_ver_lap38_to_medium_new_fixed_context,VER,38,MEDIUM,new,fixed_context,S-M-M,2,-6.125572,-13.914297,1.796611,0.834000,-9.071280,2.976430,True,False,GREEN,0.464834
monza_ver_lap38_to_hard_new_fixed_context,VER,38,HARD,new,fixed_context,S-M-H,2,1.176196,-3.325099,5.799769,0.372000,-1.692322,2.954635,True,False,GREEN,0.479833
monza_ver_lap39_to_soft_new_fixed_context,VER,39,SOFT,new,fixed_context,S-M-H-S,3,-5.652853,-12.810812,1.039013,0.850000,-21.944272,16.052090,True,False,GREEN,0.460292
monza_ver_lap39_to_medium_new_fixed_context,VER,39,MEDIUM,new,fixed_context,S-M-H-M,3,5.807972,-0.882116,12.697731,0.138000,-10.353375,16.285220,True,False,GREEN,0.478750
monza_ver_lap39_to_hard_new_fixed_context,VER,39,HARD,new,fixed_context,S-M-H-H,3,12.650869,7.100766,18.598775,0.004000,-3.430352,16.263426,True,False,GREEN,0.495875
monza_ver_lap40_to_soft_new_fixed_context,VER,40,SOFT,new,fixed_context,S-M-H-S,3,-4.385757,-11.427807,2.055704,0.786000,-20.680569,16.052090,True,False,GREEN,0.493667
monza_ver_lap40_to_medium_new_fixed_context,VER,40,MEDIUM,new,fixed_context,S-M-H-M,3,6.215118,-0.191872,12.942875,0.110000,-9.936847,16.285220,True,False,GREEN,0.485083
monza_ver_lap40_to_hard_new_fixed_context,VER,40,HARD,new,fixed_context,S-M-H-H,3,12.614996,7.056157,18.562954,0.004000,-3.474902,16.263426,True,False,GREEN,0.485375
monza_ver_lap41_to_soft_new_fixed_context,VER,41,SOFT,new,fixed_context,S-M-H-S,3,-3.111784,-9.993652,3.269873,0.736000,-19.370135,16.052090,True,False,GREEN,0.496041
monza_ver_lap41_to_medium_new_fixed_context,VER,41,MEDIUM,new,fixed_context,S-M-H-M,3,6.748830,0.404784,13.309412,0.090000,-9.470628,16.285220,True,False,GREEN,0.481000
monza_ver_lap41_to_hard_new_fixed_context,VER,41,HARD,new,fixed_context,S-M-H-H,3,12.614996,7.056157,18.562954,0.004000,-3.474902,16.263426,True,False,GREEN,0.493375
monza_ver_lap42_to_soft_new_fixed_context,VER,42,SOFT,new,fixed_context,S-M-H-S,3,-1.803931,-8.411545,4.446794,0.654000,-18.012972,16.052090,True,False,GREEN,0.493667
monza_ver_lap42_to_medium_new_fixed_context,VER,42,MEDIUM,new,fixed_context,S-M-H-M,3,7.278347,0.992435,13.801979,0.066000,-8.954716,16.285220,True,False,GREEN,0.512958
monza_ver_lap42_to_hard_new_fixed_context,VER,42,HARD,new,fixed_context,S-M-H-H,3,12.650869,7.100766,18.598775,0.004000,-3.430352,16.263426,True,False,GREEN,0.495208
monza_ver_lap43_to_soft_new_fixed_context,VER,43,SOFT,new,fixed_context,S-M-H-S,3,-0.397312,-6.794903,5.689187,0.538000,-16.609079,16.052090,True,False,GREEN,0.500125
monza_ver_lap43_to_medium_new_fixed_context,VER,43,MEDIUM,new,fixed_context,S-M-H-M,3,7.887711,1.687171,14.410254,0.056000,-8.389112,16.285220,True,False,GREEN,0.485125
monza_ver_lap43_to_hard_new_fixed_context,VER,43,HARD,new,fixed_context,S-M-H-H,3,12.725328,7.189984,18.670416,0.004000,-3.341252,16.263426,True,False,GREEN,0.500875
monza_ver_lap44_to_soft_new_fixed_context,VER,44,SOFT,new,fixed_context,S-M-H-S,3,1.058654,-5.086811,7.013482,0.430000,-15.158456,16.052090,True,False,GREEN,0.477833
monza_ver_lap44_to_medium_new_fixed_context,VER,44,MEDIUM,new,fixed_context,S-M-H-M,3,8.459497,2.518126,14.848312,0.044000,-7.773815,16.285220,True,False,GREEN,0.477833
monza_ver_lap44_to_hard_new_fixed_context,VER,44,HARD,new,fixed_context,S-M-H-H,3,12.865906,7.323811,18.777877,0.004000,-3.207602,16.263426,True,False,GREEN,0.474167
monza_ver_lap45_to_soft_new_fixed_context,VER,45,SOFT,new,fixed_context,S-M-H-S,3,2.458970,-3.451135,8.410110,0.328000,-13.661103,16.052090,True,False,GREEN,0.473041
monza_ver_lap45_to_medium_new_fixed_context,VER,45,MEDIUM,new,fixed_context,S-M-H-M,3,9.091223,3.228900,15.393167,0.024000,-7.108827,16.285220,True,False,GREEN,0.477792
monza_ver_lap45_to_hard_new_fixed_context,VER,45,HARD,new,fixed_context,S-M-H-H,3,13.047198,7.502659,18.953906,0.004000,-3.029402,16.263426,True,False,GREEN,0.487958
monza_ver_lap46_to_soft_new_fixed_context,VER,46,SOFT,new,fixed_context,S-M-H-S,3,3.987896,-1.925688,9.788253,0.210000,-12.117020,16.052090,True,False,GREEN,0.475583
monza_ver_lap46_to_medium_new_fixed_context,VER,46,MEDIUM,new,fixed_context,S-M-H-M,3,9.858002,4.219899,16.012081,0.010000,-6.394146,16.285220,True,False,GREEN,0.578000
monza_ver_lap46_to_hard_new_fixed_context,VER,46,HARD,new,fixed_context,S-M-H-H,3,13.260792,7.715294,19.174117,0.004000,-2.806652,16.263426,True,False,GREEN,0.509500
monza_ver_lap47_to_soft_new_fixed_context,VER,47,SOFT,new,fixed_context,S-M-H-S,3,5.527832,-0.301557,11.456118,0.112000,-10.526207,16.052090,True,False,GREEN,0.470333
monza_ver_lap47_to_medium_new_fixed_context,VER,47,MEDIUM,new,fixed_context,S-M-H-M,3,10.621399,5.017498,16.687039,0.006000,-5.629773,16.285220,True,False,GREEN,0.472500
monza_ver_lap47_to_hard_new_fixed_context,VER,47,HARD,new,fixed_context,S-M-H-H,3,13.517106,7.978364,19.434762,0.004000,-2.539352,16.263426,True,False,GREEN,0.468083
monza_ver_lap48_to_soft_new_fixed_context,VER,48,SOFT,new,fixed_context,S-M-H-S,3,7.068524,1.417821,13.047131,0.058000,-8.888664,16.052090,True,False,GREEN,0.473125
monza_ver_lap48_to_medium_new_fixed_context,VER,48,MEDIUM,new,fixed_context,S-M-H-M,3,11.317399,5.931652,17.103381,0.004000,-4.815708,16.285220,True,False,GREEN,0.470666
monza_ver_lap48_to_hard_new_fixed_context,VER,48,HARD,new,fixed_context,S-M-H-H,3,13.826578,8.302238,19.672670,0.004000,-2.227502,16.263426,True,False,GREEN,0.468917
monza_ver_lap49_to_soft_new_fixed_context,VER,49,SOFT,new,fixed_context,S-M-H-S,3,8.797039,3.217657,14.757490,0.028000,-7.204391,16.052090,True,False,GREEN,0.473000
monza_ver_lap49_to_medium_new_fixed_context,VER,49,MEDIUM,new,fixed_context,S-M-H-M,3,12.206761,6.907517,17.816440,0.002000,-3.951951,16.285220,True,False,GREEN,0.477042
monza_ver_lap49_to_hard_new_fixed_context,VER,49,HARD,new,fixed_context,S-M-H-H,3,14.212180,8.637820,20.077849,0.004000,-1.871101,16.263426,True,False,GREEN,0.466667
monza_ver_lap50_to_soft_new_fixed_context,VER,50,SOFT,new,fixed_context,S-M-H-S,3,10.510569,5.068363,16.387346,0.012000,-5.473388,16.052090,True,False,GREEN,0.465417
monza_ver_lap50_to_medium_new_fixed_context,VER,50,MEDIUM,new,fixed_context,S-M-H-M,3,13.116586,7.879710,18.788938,0.002000,-3.038501,16.285220,True,False,GREEN,0.465333
monza_ver_lap50_to_hard_new_fixed_context,VER,50,HARD,new,fixed_context,S-M-H-H,3,14.612503,9.109448,20.405033,0.002000,-1.470151,16.263426,True,False,GREEN,0.469209
monza_ver_lap51_to_soft_new_fixed_context,VER,51,SOFT,new,fixed_context,S-M-H-S,3,12.590430,7.050059,18.051856,0.006000,-3.695656,16.313751,True,False,GREEN,0.467666
monza_ver_lap51_to_medium_new_fixed_context,VER,51,MEDIUM,new,fixed_context,S-M-H-M,3,14.368873,9.060164,19.990630,0.002000,-2.075360,16.484095,True,False,GREEN,0.466750
monza_ver_lap51_to_hard_new_fixed_context,VER,51,HARD,new,fixed_context,S-M-H-H,3,15.090219,9.717227,21.066202,0.002000,-1.024651,16.309214,True,False,GREEN,0.464000
monza_ver_lap52_to_soft_new_fixed_context,VER,52,SOFT,new,fixed_context,S-M-H-S,3,14.432508,8.997633,20.282091,0.002000,-1.871193,16.430840,True,False,GREEN,0.463250
monza_ver_lap52_to_medium_new_fixed_context,VER,52,MEDIUM,new,fixed_context,S-M-H-M,3,15.294148,9.943867,21.041262,0.002000,-1.062526,16.430840,True,False,GREEN,0.468875
monza_ver_lap52_to_hard_new_fixed_context,VER,52,HARD,new,fixed_context,S-M-H-H,3,15.835286,10.453094,21.676373,0.002000,-0.534600,16.430840,True,False,GREEN,0.461833
