scenario_id,driver,lap,to_compound,set_status,mode,plan,n_stops_cf,elapsed_delta_median_s,elapsed_delta_q10_s,elapsed_delta_q90_s,probability_of_gain,tyre_delta_mean_s,pit_delta_mean_s,in_support,free_stop,stop_lap_status,compile_ms
monza_alb_lap2_to_soft_new_tyre_only,ALB,2,SOFT,new,tyre_only,M-S-S,2,-61.463901,-85.355142,-42.911232,1.000000,-56.552659,-6.472685,False,True,YELLOW,65.214084
monza_alb_lap2_to_medium_new_tyre_only,ALB,2,MEDIUM,new,tyre_only,M-M-S,2,-24.881511,-39.190086,-10.517311,0.990000,-18.169403,-6.472685,True,True,YELLOW,0.736000
monza_alb_lap2_to_hard_new_tyre_only,ALB,2,HARD,new,tyre_only,M-H-S,2,-6.562338,-10.286447,-2.686769,0.986000,0.000000,-6.472685,True,True,YELLOW,0.644334
monza_alb_lap3_to_soft_new_tyre_only,ALB,3,SOFT,new,tyre_only,M-H-S-S,3,-61.103811,-84.366557,-43.334103,1.000000,-56.266580,-6.472685,False,True,RED,0.522584
monza_alb_lap3_to_medium_new_tyre_only,ALB,3,MEDIUM,new,tyre_only,M-H-M-S,3,-25.457117,-39.460698,-11.723773,0.992000,-18.819350,-6.472685,True,True,RED,0.505792
monza_alb_lap3_to_hard_new_tyre_only,ALB,3,HARD,new,tyre_only,M-H-H-S,3,-6.537103,-10.260931,-2.670432,0.986000,0.023099,-6.472685,True,True,RED,0.470625
monza_alb_lap4_to_soft_new_tyre_only,ALB,4,SOFT,new,tyre_only,M-H-S-S,3,-60.788950,-83.302572,-43.743449,1.000000,-55.932951,-6.472685,False,True,RED,0.491916
monza_alb_lap4_to_medium_new_tyre_only,ALB,4,MEDIUM,new,tyre_only,M-H-M-S,3,-26.020722,-39.711076,-12.614365,0.994000,-19.418786,-6.472685,True,True,RED,0.516250
monza_alb_lap4_to_hard_new_tyre_only,ALB,4,HARD,new,tyre_only,M-H-H-S,3,-7.486604,-11.250865,-3.745437,0.992000,-0.923974,-6.472685,True,True,RED,0.514708
monza_alb_lap5_to_soft_new_tyre_only,ALB,5,SOFT,new,tyre_only,M-H-S-S,3,-60.640060,-82.179163,-43.981839,1.000000,-55.551772,-6.472685,False,True,RED,0.509250
monza_alb_lap5_to_medium_new_tyre_only,ALB,5,MEDIUM,new,tyre_only,M-H-M-S,3,-26.568509,-39.916321,-13.287377,0.998000,-19.967711,-6.472685,True,True,RED,0.500958
monza_alb_lap5_to_hard_new_tyre_only,ALB,5,HARD,new,tyre_only,M-H-H-S,3,-8.365895,-12.096270,-4.709035,0.994000,-1.824849,-6.472685,True,True,RED,0.503959
monza_alb_lap6_to_soft_new_tyre_only,ALB,6,SOFT,new,tyre_only,M-H-S-S,3,-39.079878,-60.551181,-21.442015,0.998000,-55.123045,15.185917,False,False,YELLOW,0.499542
monza_alb_lap6_to_medium_new_tyre_only,ALB,6,MEDIUM,new,tyre_only,M-H-M-S,3,-5.186638,-20.078095,9.478095,0.654000,-20.466125,15.419047,True,False,YELLOW,0.494708
monza_alb_lap6_to_hard_new_tyre_only,ALB,6,HARD,new,tyre_only,M-H-H-S,3,12.596291,5.805857,19.729667,0.010000,-2.679526,15.397253,True,False,YELLOW,0.496791
monza_alb_lap7_to_soft_new_tyre_only,ALB,7,SOFT,new,tyre_only,M-H-S-S,3,-38.659618,-58.995751,-21.457690,0.998000,-54.646769,15.185917,False,False,GREEN,0.497209
monza_alb_lap7_to_medium_new_tyre_only,ALB,7,MEDIUM,new,tyre_only,M-H-M-S,3,-5.627621,-20.235303,8.861265,0.674000,-20.914029,15.419047,True,False,GREEN,0.492958
monza_alb_lap7_to_hard_new_tyre_only,ALB,7,HARD,new,tyre_only,M-H-H-S,3,11.796422,5.088424,18.900912,0.018000,-3.488003,15.397253,True,False,GREEN,0.496875
monza_alb_lap8_to_soft_new_tyre_only,ALB,8,SOFT,new,tyre_only,M-H-S-S,3,-38.191926,-57.850329,-21.417302,0.998000,-54.122943,15.185917,False,False,GREEN,0.495833
monza_alb_lap8_to_medium_new_tyre_only,ALB,8,MEDIUM,new,tyre_only,M-H-M-S,3,-6.171345,-20.189701,8.221406,0.692000,-21.311421,15.419047,True,False,GREEN,0.493875
monza_alb_lap8_to_hard_new_tyre_only,ALB,8,HARD,new,tyre_only,M-H-H-S,3,11.036002,4.403225,18.117454,0.028000,-4.250282,15.397253,True,False,GREEN,0.499125
monza_alb_lap9_to_soft_new_tyre_only,ALB,9,SOFT,new,tyre_only,M-H-S-S,3,-37.709551,-56.211656,-21.425271,0.998000,-53.551568,15.185917,False,False,GREEN,0.489167
monza_alb_lap9_to_medium_new_tyre_only,ALB,9,MEDIUM,new,tyre_only,M-H-M-S,3,-6.546242,-20.187282,7.615381,0.714000,-21.658301,15.419047,True,False,GREEN,0.487208
monza_alb_lap9_to_hard_new_tyre_only,ALB,9,HARD,new,tyre_only,M-H-H-S,3,10.317150,3.652515,17.314311,0.036000,-4.966362,15.397253,True,False,GREEN,0.488083
monza_alb_lap10_to_soft_new_tyre_only,ALB,10,SOFT,new,tyre_only,M-H-S-S,3,-37.159131,-55.292855,-21.484920,0.998000,-52.932644,15.185917,False,False,GREEN,0.486625
monza_alb_lap10_to_medium_new_tyre_only,ALB,10,MEDIUM,new,tyre_only,M-H-M-S,3,-6.813821,-20.150328,7.018426,0.732000,-21.954671,15.419047,True,False,GREEN,0.488333
monza_alb_lap10_to_hard_new_tyre_only,ALB,10,HARD,new,tyre_only,M-H-H-S,3,9.651063,2.963044,16.759817,0.044000,-5.636244,15.397253,True,False,GREEN,0.496709
monza_alb_lap11_to_soft_new_tyre_only,ALB,11,SOFT,new,tyre_only,M-H-S-S,3,-36.540109,-53.816314,-21.484235,0.998000,-52.266171,15.185917,False,False,GREEN,0.487292
monza_alb_lap11_to_medium_new_tyre_only,ALB,11,MEDIUM,new,tyre_only,M-H-M-S,3,-7.096260,-20.104723,6.471005,0.748000,-22.200530,15.419047,True,False,GREEN,0.485250
monza_alb_lap11_to_hard_new_tyre_only,ALB,11,HARD,new,tyre_only,M-H-H-S,3,9.017002,2.280257,16.095842,0.048000,-6.259927,15.397253,True,False,GREEN,0.492416
monza_alb_lap12_to_soft_new_tyre_only,ALB,12,SOFT,new,tyre_only,M-H-S-S,3,-35.750266,-52.315372,-21.136168,0.998000,-51.552148,15.185917,False,False,GREEN,0.491292
monza_alb_lap12_to_medium_new_tyre_only,ALB,12,MEDIUM,new,tyre_only,M-H-M-S,3,-7.427598,-19.927369,6.055946,0.760000,-22.395878,15.419047,True,False,GREEN,0.483291
monza_alb_lap12_to_hard_new_tyre_only,ALB,12,HARD,new,tyre_only,M-H-H-S,3,8.438916,1.705850,15.509184,0.058000,-6.837411,15.397253,True,False,GREEN,0.492334
monza_alb_lap13_to_soft_new_tyre_only,ALB,13,SOFT,new,tyre_only,M-H-S-S,3,-34.994114,-51.153837,-20.996126,0.998000,-50.790577,15.185917,False,False,GREEN,0.486125
monza_alb_lap13_to_medium_new_tyre_only,ALB,13,MEDIUM,new,tyre_only,M-H-M-S,3,-7.548804,-19.780167,5.758980,0.770000,-22.540715,15.419047,True,False,GREEN,0.484333
monza_alb_lap13_to_hard_new_tyre_only,ALB,13,HARD,new,tyre_only,M-H-H-S,3,7.887072,1.097111,14.989491,0.072000,-7.368696,15.397253,True,False,GREEN,0.486834
monza_alb_lap14_to_soft_new_tyre_only,ALB,14,SOFT,new,tyre_only,M-H-S-S,3,-34.226155,-49.630886,-20.633409,1.000000,-49.981456,15.185917,False,False,GREEN,0.481250
monza_alb_lap14_to_medium_new_tyre_only,ALB,14,MEDIUM,new,tyre_only,M-H-M-S,3,-7.489566,-19.574036,5.361797,0.776000,-22.635041,15.419047,True,False,GREEN,0.454208
monza_alb_lap14_to_hard_new_tyre_only,ALB,14,HARD,new,tyre_only,M-H-H-S,3,7.419553,0.577201,14.497445,0.086000,-7.853783,15.397253,True,False,GREEN,0.456209
monza_alb_lap15_to_soft_new_tyre_only,ALB,15,SOFT,new,tyre_only,M-H-S-S,3,-33.511126,-48.330448,-20.330718,1.000000,-49.124786,15.185917,False,False,GREEN,0.452083
monza_alb_lap15_to_medium_new_tyre_only,ALB,15,MEDIUM,new,tyre_only,M-H-M-S,3,-7.531232,-19.295380,5.006666,0.782000,-22.678855,15.419047,True,False,GREEN,0.456375
monza_alb_lap15_to_hard_new_tyre_only,ALB,15,HARD,new,tyre_only,M-H-H-S,3,6.984195,0.080709,14.170585,0.098000,-8.292670,15.397253,True,False,GREEN,0.478875
monza_alb_lap16_to_soft_new_tyre_only,ALB,16,SOFT,new,tyre_only,M-H-S-S,3,-32.575320,-47.188720,-19.964283,1.000000,-48.220567,15.185917,False,False,GREEN,0.490292
monza_alb_lap16_to_medium_new_tyre_only,ALB,16,MEDIUM,new,tyre_only,M-H-M-S,3,-7.496177,-18.981698,4.669978,0.782000,-22.672159,15.419047,True,False,GREEN,0.481375
monza_alb_lap16_to_hard_new_tyre_only,ALB,16,HARD,new,tyre_only,M-H-H-S,3,6.636269,-0.325770,13.875273,0.114000,-8.685359,15.397253,True,False,GREEN,0.485292
monza_alb_lap17_to_soft_new_tyre_only,ALB,17,SOFT,new,tyre_only,M-H-S-S,3,-31.562059,-45.563250,-19.538273,1.000000,-47.268799,15.185917,False,False,GREEN,0.486041
monza_alb_lap17_to_medium_new_tyre_only,ALB,17,MEDIUM,new,tyre_only,M-H-M-S,3,-7.473646,-18.638583,4.337020,0.784000,-22.614951,15.419047,True,False,GREEN,0.482500
monza_alb_lap17_to_hard_new_tyre_only,ALB,17,HARD,new,tyre_only,M-H-H-S,3,6.351280,-0.681617,13.614633,0.138000,-9.031850,15.397253,True,False,GREEN,0.493292
monza_alb_lap18_to_soft_new_tyre_only,ALB,18,SOFT,new,tyre_only,M-H-S-S,3,-30.700456,-44.006155,-18.955970,1.000000,-46.269481,15.185917,False,False,GREEN,0.490916
monza_alb_lap18_to_medium_new_tyre_only,ALB,18,MEDIUM,new,tyre_only,M-H-M-S,3,-7.429095,-18.262104,4.048544,0.782000,-22.507233,15.419047,True,False,GREEN,0.486750
monza_alb_lap18_to_hard_new_tyre_only,ALB,18,HARD,new,tyre_only,M-H-H-S,3,6.067536,-0.997283,13.304583,0.156000,-9.332142,15.397253,True,False,GREEN,0.481834
monza_alb_lap19_to_soft_new_tyre_only,ALB,19,SOFT,new,tyre_only,M-H-S-S,3,-29.717132,-42.572873,-18.132942,1.000000,-45.222615,15.185917,False,False,GREEN,0.483584
monza_alb_lap19_to_medium_new_tyre_only,ALB,19,MEDIUM,new,tyre_only,M-H-M-S,3,-7.324939,-17.842246,3.944869,0.778000,-22.349003,15.419047,True,False,GREEN,0.479917
monza_alb_lap19_to_hard_new_tyre_only,ALB,19,HARD,new,tyre_only,M-H-H-S,3,5.802754,-1.271577,12.986243,0.168000,-9.586235,15.397253,True,False,GREEN,0.484292
monza_alb_lap20_to_soft_new_tyre_only,ALB,20,SOFT,new,tyre_only,M-H-S-S,3,-28.548560,-41.258866,-17.434883,1.000000,-44.128199,15.185917,False,False,GREEN,0.480958
monza_alb_lap20_to_medium_new_tyre_only,ALB,20,MEDIUM,new,tyre_only,M-H-M-S,3,-7.110559,-17.698835,4.090928,0.776000,-22.140263,15.419047,True,False,GREEN,0.477250
monza_alb_lap20_to_hard_new_tyre_only,ALB,20,HARD,new,tyre_only,M-H-H-S,3,5.580607,-1.500264,12.725783,0.182000,-9.794129,15.397253,True,False,GREEN,0.502000
monza_alb_lap21_to_soft_new_tyre_only,ALB,21,SOFT,new,tyre_only,M-H-S-S,3,-27.327732,-39.727633,-16.557070,1.000000,-42.986234,15.185917,True,False,GREEN,0.506042
monza_alb_lap21_to_medium_new_tyre_only,ALB,21,MEDIUM,new,tyre_only,M-H-M-S,3,-6.755899,-17.251794,4.120770,0.772000,-21.881011,15.419047,True,False,GREEN,0.512500
monza_alb_lap21_to_hard_new_tyre_only,ALB,21,HARD,new,tyre_only,M-H-H-S,3,5.428364,-1.678132,12.523203,0.190000,-9.955824,15.397253,True,False,GREEN,0.494792
monza_alb_lap22_to_soft_new_tyre_only,ALB,22,SOFT,new,tyre_only,M-H-S-S,3,-25.990351,-38.190698,-15.578555,1.000000,-41.796720,15.185917,True,False,GREEN,0.507167
monza_alb_lap22_to_medium_new_tyre_only,ALB,22,MEDIUM,new,tyre_only,M-H-M-S,3,-6.356059,-16.580586,4.189959,0.768000,-21.571248,15.419047,True,False,GREEN,0.491708
monza_alb_lap22_to_hard_new_tyre_only,ALB,22,HARD,new,tyre_only,M-H-H-S,3,5.319619,-1.801240,12.378502,0.194000,-10.071321,15.397253,True,False,GREEN,0.483584
monza_alb_lap23_to_soft_new_tyre_only,ALB,23,SOFT,new,tyre_only,M-H-S-S,3,-24.752945,-36.776679,-14.795342,1.000000,-40.559656,15.185917,True,False,GREEN,0.482125
monza_alb_lap23_to_medium_new_tyre_only,ALB,23,MEDIUM,new,tyre_only,M-H-M-S,3,-6.055519,-15.922010,4.293681,0.768000,-21.210975,15.419047,True,False,GREEN,0.511417
monza_alb_lap23_to_hard_new_tyre_only,ALB,23,HARD,new,tyre_only,M-H-H-S,3,5.254373,-1.874798,12.301559,0.194000,-10.140619,15.397253,True,False,GREEN,0.482208
monza_alb_lap24_to_soft_new_tyre_only,ALB,24,SOFT,new,tyre_only,M-H-S-S,3,-23.614846,-34.995000,-13.824979,0.998000,-39.275044,15.185917,True,False,GREEN,0.521541
monza_alb_lap24_to_medium_new_tyre_only,ALB,24,MEDIUM,new,tyre_only,M-H-M-S,3,-5.578257,-15.433568,4.596614,0.754000,-20.800190,15.419047,True,False,GREEN,0.504709
monza_alb_lap24_to_hard_new_tyre_only,ALB,24,HARD,new,tyre_only,M-H-H-S,3,5.232624,-1.899317,12.280504,0.198000,-10.163719,15.397253,True,False,GREEN,0.514042
monza_alb_lap25_to_soft_new_tyre_only,ALB,25,SOFT,new,tyre_only,M-H-S-S,3,-22.150983,-33.156902,-12.780599,0.998000,-37.942882,15.185917,True,False,GREEN,0.474750
monza_alb_lap25_to_medium_new_tyre_only,ALB,25,MEDIUM,new,tyre_only,M-H-M-S,3,-5.099232,-14.875950,4.746840,0.740000,-20.338894,15.419047,True,False,GREEN,0.530416
monza_alb_lap25_to_hard_new_tyre_only,ALB,25,HARD,new,tyre_only,M-H-H-S,3,5.254373,-1.874798,12.301559,0.194000,-10.140619,15.397253,True,False,GREEN,0.485083
monza_alb_lap26_to_soft_new_tyre_only,ALB,26,SOFT,new,tyre_only,M-H-S-S,3,-20.913144,-31.525351,-11.591650,0.998000,-36.563172,15.185917,True,False,GREEN,0.502667
monza_alb_lap26_to_medium_new_tyre_only,ALB,26,MEDIUM,new,tyre_only,M-H-M-S,3,-4.499190,-13.960853,5.205800,0.716000,-19.827087,15.419047,True,False,GREEN,0.469750
monza_alb_lap26_to_hard_new_tyre_only,ALB,26,HARD,new,tyre_only,M-H-H-S,3,5.319619,-1.801240,12.378502,0.194000,-10.071321,15.397253,True,False,GREEN,0.476875
monza_alb_lap27_to_soft_new_tyre_only,ALB,27,SOFT,new,tyre_only,M-H-S-S,3,-19.447804,-29.739794,-10.447621,0.998000,-35.135911,15.185917,True,False,VSC,0.479042
monza_alb_lap27_to_medium_new_tyre_only,ALB,27,MEDIUM,new,tyre_only,M-H-M-S,3,-3.867227,-13.179897,5.518610,0.696000,-19.264769,15.419047,True,False,VSC,0.476625
monza_alb_lap27_to_hard_new_tyre_only,ALB,27,HARD,new,tyre_only,M-H-H-S,3,5.428364,-1.678132,12.523203,0.190000,-9.955824,15.397253,True,False,VSC,0.478708
monza_alb_lap28_to_soft_new_tyre_only,ALB,28,SOFT,new,tyre_only,M-H-S-S,3,-18.012920,-27.814881,-9.046313,0.998000,-33.661102,15.185917,True,False,VSC,0.478250
monza_alb_lap28_to_medium_new_tyre_only,ALB,28,MEDIUM,new,tyre_only,M-H-M-S,3,-3.297667,-12.391480,5.914314,0.666000,-18.651940,15.419047,True,False,VSC,0.477125
monza_alb_lap28_to_hard_new_tyre_only,ALB,28,HARD,new,tyre_only,M-H-H-S,3,5.580607,-1.500264,12.725783,0.182000,-9.794129,15.397253,True,False,VSC,0.478000
monza_alb_lap29_to_soft_new_tyre_only,ALB,29,SOFT,new,tyre_only,M-H-S-S,3,-16.487593,-26.048938,-7.579860,0.992000,-32.138744,15.185917,True,False,GREEN,0.476416
monza_alb_lap29_to_medium_new_tyre_only,ALB,29,MEDIUM,new,tyre_only,M-H-M-S,3,-2.642278,-11.480653,6.441539,0.640000,-17.988600,15.419047,True,False,GREEN,0.492834
monza_alb_lap29_to_hard_new_tyre_only,ALB,29,HARD,new,tyre_only,M-H-H-S,3,5.802754,-1.271577,12.986243,0.168000,-9.586235,15.397253,True,False,GREEN,0.482333
monza_alb_lap30_to_soft_new_tyre_only,ALB,30,SOFT,new,tyre_only,M-H-S-S,3,-14.968015,-24.265659,-6.265722,0.986000,-30.568836,15.185917,True,False,GREEN,0.479333
monza_alb_lap30_to_medium_new_tyre_only,ALB,30,MEDIUM,new,tyre_only,M-H-M-S,3,-1.931775,-10.484493,7.020429,0.598000,-17.274749,15.419047,True,False,GREEN,0.479292
monza_alb_lap30_to_hard_new_tyre_only,ALB,30,HARD,new,tyre_only,M-H-H-S,3,6.067536,-0.997283,13.304583,0.156000,-9.332142,15.397253,True,False,GREEN,0.480625
monza_alb_lap31_to_soft_new_tyre_only,ALB,31,SOFT,new,tyre_only,M-H-S-S,3,-13.487597,-22.402146,-4.863049,0.980000,-28.951380,15.185917,True,False,GREEN,0.489000
monza_alb_lap31_to_medium_new_tyre_only,ALB,31,MEDIUM,new,tyre_only,M-H-M-S,3,-1.065404,-9.474918,7.646484,0.560000,-16.510387,15.419047,True,False,GREEN,0.483167
monza_alb_lap31_to_hard_new_tyre_only,ALB,31,HARD,new,tyre_only,M-H-H-S,3,6.351280,-0.681617,13.614633,0.138000,-9.031850,15.397253,True,False,GREEN,0.480084
monza_alb_lap32_to_soft_new_tyre_only,ALB,32,SOFT,new,tyre_only,M-H-S-S,3,-11.894835,-20.619563,-3.456769,0.964000,-27.286374,15.185917,True,False,GREEN,0.482916
monza_alb_lap32_to_medium_new_tyre_only,ALB,32,MEDIUM,new,tyre_only,M-H-M-S,3,-0.292072,-8.427217,8.342676,0.518000,-15.695514,15.419047,True,False,GREEN,0.481250
monza_alb_lap32_to_hard_new_tyre_only,ALB,32,HARD,new,tyre_only,M-H-H-S,3,6.636269,-0.325770,13.875273,0.114000,-8.685359,15.397253,True,False,GREEN,0.500416
monza_alb_lap33_to_soft_new_tyre_only,ALB,33,SOFT,new,tyre_only,M-H-S-S,3,-10.146025,-18.730908,-1.901565,0.948000,-25.573819,15.185917,True,False,GREEN,0.481917
monza_alb_lap33_to_medium_new_tyre_only,ALB,33,MEDIUM,new,tyre_only,M-H-M-S,3,0.552807,-7.368045,8.991197,0.476000,-14.830129,15.419047,True,False,GREEN,0.479500
monza_alb_lap33_to_hard_new_tyre_only,ALB,33,HARD,new,tyre_only,M-H-H-S,3,6.984195,0.080709,14.170585,0.098000,-8.292670,15.397253,True,False,GREEN,0.479500
monza_alb_lap34_to_soft_new_tyre_only,ALB,34,SOFT,new,tyre_only,M-H-S-S,3,-8.412641,-16.691747,-0.476196,0.908000,-23.813715,15.185917,True,False,GREEN,0.481000
monza_alb_lap34_to_medium_new_tyre_only,ALB,34,MEDIUM,new,tyre_only,M-H-M-S,3,1.506914,-6.305054,9.687608,0.420000,-13.914234,15.419047,True,False,GREEN,0.479834
monza_alb_lap34_to_hard_new_tyre_only,ALB,34,HARD,new,tyre_only,M-H-H-S,3,7.419553,0.577201,14.497445,0.086000,-7.853783,15.397253,True,False,GREEN,0.478500
monza_alb_lap35_to_soft_new_tyre_only,ALB,35,SOFT,new,tyre_only,M-H-S-S,3,-6.628754,-14.675498,1.369198,0.856000,-22.006061,15.185917,True,False,GREEN,0.482417
monza_alb_lap35_to_medium_new_tyre_only,ALB,35,MEDIUM,new,tyre_only,M-H-M-S,3,2.474835,-5.152345,10.505434,0.356000,-12.947828,15.419047,True,False,GREEN,0.480833
monza_alb_lap35_to_hard_new_tyre_only,ALB,35,HARD,new,tyre_only,M-H-H-S,3,7.887072,1.097111,14.989491,0.072000,-7.368696,15.397253,True,False,GREEN,0.476750
monza_alb_lap36_to_soft_new_tyre_only,ALB,36,SOFT,new,tyre_only,M-H-S,2,-24.912331,-30.465495,-20.208870,1.000000,-18.683870,-6.472685,True,False,GREEN,0.480916
monza_alb_lap36_to_medium_new_tyre_only,ALB,36,MEDIUM,new,tyre_only,M-H-M,2,-11.694928,-16.840311,-6.323166,0.996000,-5.389782,-6.239555,True,False,GREEN,0.480584
monza_alb_lap36_to_hard_new_tyre_only,ALB,36,HARD,new,tyre_only,M-H-H,2,-3.689672,-7.719732,0.395248,0.880000,2.552825,-6.261350,True,False,GREEN,0.478375
monza_alb_lap37_to_soft_new_tyre_only,ALB,37,SOFT,new,tyre_only,M-H-S,2,-23.155611,-28.305518,-18.667212,1.000000,-16.927817,-6.472685,True,False,GREEN,0.475959
monza_alb_lap37_to_medium_new_tyre_only,ALB,37,MEDIUM,new,tyre_only,M-H-M,2,-10.788766,-15.732554,-5.665328,0.994000,-4.486824,-6.239555,True,False,GREEN,0.474542
monza_alb_lap37_to_hard_new_tyre_only,ALB,37,HARD,new,tyre_only,M-H-H,2,-3.269835,-7.238051,0.809216,0.848000,2.991713,-6.261350,True,False,GREEN,0.477667
monza_alb_lap38_to_soft_new_tyre_only,ALB,38,SOFT,new,tyre_only,M-H-S,2,-21.342401,-26.185072,-16.976959,1.000000,-15.124215,-6.472685,True,False,GREEN,0.478792
monza_alb_lap38_to_medium_new_tyre_only,ALB,38,MEDIUM,new,tyre_only,M-H-M,2,-9.829903,-14.558934,-4.931068,0.988000,-3.533355,-6.239555,True,False,GREEN,0.474958
monza_alb_lap38_to_hard_new_tyre_only,ALB,38,HARD,new,tyre_only,M-H-H,2,-2.805057,-6.661549,1.243463,0.820000,3.476800,-6.261350,True,False,GREEN,0.475833
monza_alb_lap39_to_soft_new_tyre_only,ALB,39,SOFT,new,tyre_only,M-H-S,2,-19.575786,-24.020147,-15.235288,1.000000,-13.273064,-6.472685,True,False,GREEN,0.476291
monza_alb_lap39_to_medium_new_tyre_only,ALB,39,MEDIUM,new,tyre_only,M-H-M,2,-8.774934,-13.410571,-4.262554,0.988000,-2.529374,-6.239555,True,False,GREEN,0.480792
monza_alb_lap39_to_hard_new_tyre_only,ALB,39,HARD,new,tyre_only,M-H-H,2,-2.306373,-6.100211,1.765517,0.762000,4.008085,-6.261350,True,False,GREEN,0.473458
monza_alb_lap40_to_soft_new_tyre_only,ALB,40,SOFT,new,tyre_only,M-H-S,2,-17.732592,-22.041140,-13.639727,1.000000,-11.374363,-6.472685,True,False,GREEN,0.476000
monza_alb_lap40_to_medium_new_tyre_only,ALB,40,MEDIUM,new,tyre_only,M-H-M,2,-7.762712,-12.092840,-3.484415,0.988000,-1.474883,-6.239555,True,False,GREEN,0.477000
monza_alb_lap40_to_hard_new_tyre_only,ALB,40,HARD,new,tyre_only,M-H-H,2,-1.683619,-5.574480,2.229604,0.714000,4.585569,-6.261350,True,False,GREEN,0.476250
monza_alb_lap41_to_soft_new_tyre_only,ALB,41,SOFT,new,tyre_only,M-H-S,2,-15.802798,-19.888387,-11.865528,1.000000,-9.428114,-6.472685,True,False,GREEN,0.485250
monza_alb_lap41_to_medium_new_tyre_only,ALB,41,MEDIUM,new,tyre_only,M-H-M,2,-6.625650,-10.726069,-2.497077,0.976000,-0.369880,-6.239555,True,False,GREEN,0.472416
monza_alb_lap41_to_hard_new_tyre_only,ALB,41,HARD,new,tyre_only,M-H-H,2,-1.076496,-4.909055,2.867848,0.634000,5.209252,-6.261350,True,False,GREEN,0.479542
monza_alb_lap42_to_soft_new_tyre_only,ALB,42,SOFT,new,tyre_only,M-H-S,2,-13.899856,-17.727851,-9.983181,1.000000,-7.434315,-6.472685,True,False,GREEN,0.485583
monza_alb_lap42_to_medium_new_tyre_only,ALB,42,MEDIUM,new,tyre_only,M-H-M,2,-5.537374,-9.295619,-1.391404,0.954000,0.785633,-6.239555,True,False,GREEN,0.481042
monza_alb_lap42_to_hard_new_tyre_only,ALB,42,HARD,new,tyre_only,M-H-H,2,-0.408323,-4.258911,3.513494,0.554000,5.879133,-6.261350,True,False,GREEN,0.476167
monza_alb_lap43_to_soft_new_tyre_only,ALB,43,SOFT,new,tyre_only,M-H-S,2,-12.000162,-15.677531,-7.960093,1.000000,-5.392967,-6.472685,True,False,GREEN,0.445167
monza_alb_lap43_to_medium_new_tyre_only,ALB,43,MEDIUM,new,tyre_only,M-H-M,2,-4.351179,-7.838800,-0.406355,0.908000,1.991658,-6.239555,True,False,GREEN,0.442584
monza_alb_lap43_to_hard_new_tyre_only,ALB,43,HARD,new,tyre_only,M-H-H,2,0.291828,-3.557806,4.155315,0.456000,6.595213,-6.261350,True,False,GREEN,0.476542
monza_alb_lap44_to_soft_new_tyre_only,ALB,44,SOFT,new,tyre_only,M-H-S,2,-9.908997,-13.572246,-5.960136,1.000000,-3.304070,-6.472685,True,False,GREEN,0.476166
monza_alb_lap44_to_medium_new_tyre_only,ALB,44,MEDIUM,new,tyre_only,M-H-M,2,-3.068552,-6.535132,0.802733,0.838000,3.248194,-6.239555,True,False,GREEN,0.473125
monza_alb_lap44_to_hard_new_tyre_only,ALB,44,HARD,new,tyre_only,M-H-H,2,1.102601,-2.755548,4.845088,0.370000,7.357492,-6.261350,True,False,GREEN,0.476833
monza_alb_lap45_to_soft_new_tyre_only,ALB,45,SOFT,new,tyre_only,M-H-S,2,-7.784654,-11.411303,-3.808843,0.990000,-1.167624,-6.472685,True,False,GREEN,0.476041
monza_alb_lap45_to_medium_new_tyre_only,ALB,45,MEDIUM,new,tyre_only,M-H-M,2,-1.768660,-5.144023,2.061542,0.712000,4.555241,-6.239555,True,False,GREEN,0.476083
monza_alb_lap45_to_hard_new_tyre_only,ALB,45,HARD,new,tyre_only,M-H-H,2,1.945737,-1.863032,5.591002,0.252000,8.165970,-6.261350,True,False,GREEN,0.481208
monza_alb_lap46_to_soft_new_tyre_only,ALB,46,SOFT,new,tyre_only,M-H-S,2,-6.562338,-10.286447,-2.686769,0.986000,0.000000,-6.472685,True,False,GREEN,0.451458
monza_alb_lap46_to_medium_new_tyre_only,ALB,46,MEDIUM,new,tyre_only,M-H-M,2,-1.387867,-4.836958,2.320906,0.678000,4.896426,-6.239555,True,False,GREEN,0.448417
monza_alb_lap46_to_hard_new_tyre_only,ALB,46,HARD,new,tyre_only,M-H-H,2,1.784966,-2.045804,5.446525,0.280000,8.004274,-6.261350,True,False,GREEN,0.454000
monza_alb_lap47_to_soft_new_tyre_only,ALB,47,SOFT,new,tyre_only,M-H-S,2,-3.243513,-7.094150,0.589623,0.854000,3.247916,-6.472685,True,False,GREEN,0.475291
monza_alb_lap47_to_medium_new_tyre_only,ALB,47,MEDIUM,new,tyre_only,M-H-M,2,0.976926,-2.440427,4.783037,0.362000,7.320867,-6.239555,True,False,GREEN,0.474209
monza_alb_lap47_to_hard_new_tyre_only,ALB,47,HARD,new,tyre_only,M-H-H,2,3.704119,-0.214578,7.393036,0.122000,9.921521,-6.261350,True,False,GREEN,0.472166
monza_alb_lap48_to_soft_new_tyre_only,ALB,48,SOFT,new,tyre_only,M-H-S,2,-0.824138,-4.881745,2.884705,0.612000,5.527010,-6.472685,True,False,GREEN,0.476750
monza_alb_lap48_to_medium_new_tyre_only,ALB,48,MEDIUM,new,tyre_only,M-H-M,2,2.496077,-0.988434,6.223822,0.176000,8.779447,-6.239555,True,False,GREEN,0.472625
monza_alb_lap48_to_hard_new_tyre_only,ALB,48,HARD,new,tyre_only,M-H-H,2,4.663451,0.767037,8.355537,0.056000,10.868595,-6.261350,True,False,GREEN,0.484917
monza_alb_lap49_to_soft_new_tyre_only,ALB,49,SOFT,new,tyre_only,M-H-S,2,1.556694,-2.693267,5.324210,0.324000,7.853653,-6.472685,True,False,GREEN,0.487167
monza_alb_lap49_to_medium_new_tyre_only,ALB,49,MEDIUM,new,tyre_only,M-H-M,2,3.988076,0.389008,7.740135,0.082000,10.288538,-6.239555,True,False,GREEN,0.484000
monza_alb_lap49_to_hard_new_tyre_only,ALB,49,HARD,new,tyre_only,M-H-H,2,5.666971,1.688277,9.474843,0.032000,11.861867,-6.261350,True,False,GREEN,0.508334
monza_alb_lap50_to_soft_new_tyre_only,ALB,50,SOFT,new,tyre_only,M-H-S,2,4.146433,-0.030609,7.825236,0.102000,10.227845,-6.211024,True,False,GREEN,0.485500
monza_alb_lap50_to_medium_new_tyre_only,ALB,50,MEDIUM,new,tyre_only,M-H-M,2,5.904942,2.171788,9.717775,0.028000,11.848140,-6.040681,True,False,GREEN,0.478584
monza_alb_lap50_to_hard_new_tyre_only,ALB,50,HARD,new,tyre_only,M-H-H,2,6.761217,2.763665,10.778711,0.012000,12.901339,-6.215561,True,False,GREEN,0.494542
monza_alb_lap51_to_soft_new_tyre_only,ALB,51,SOFT,new,tyre_only,M-H-S,2,6.790144,2.654467,10.406907,0.018000,12.649587,-6.093935,True,False,GREEN,0.503208
monza_alb_lap51_to_medium_new_tyre_only,ALB,51,MEDIUM,new,tyre_only,M-H-M,2,7.551164,3.499804,11.274499,0.010000,13.458253,-6.093935,True,False,GREEN,0.452375
monza_alb_lap51_to_hard_new_tyre_only,ALB,51,HARD,new,tyre_only,M-H-H,2,8.039579,3.996200,11.891628,0.008000,13.987009,-6.093935,True,False,GREEN,0.452125
monza_alo_lap2_to_soft_new_tyre_only,ALO,2,SOFT,new,tyre_only,H-S,1,0.000000,0.000000,0.000000,0.000000,0.000000,0.000000,True,True,YELLOW,2.843458
monza_alo_lap2_to_medium_new_tyre_only,ALO,2,MEDIUM,new,tyre_only,H-M,1,17.972922,12.669763,23.861039,0.000000,18.117509,0.000000,True,True,YELLOW,0.514958
monza_alo_lap2_to_hard_new_tyre_only,ALO,2,HARD,new,tyre_only,H-H,1,28.059759,22.701796,33.969167,0.000000,28.321997,0.000000,True,True,YELLOW,0.586875
monza_alo_lap3_to_soft_new_tyre_only,ALO,3,SOFT,new,tyre_only,H-S-S,2,0.024725,0.005514,0.041961,0.054000,0.024452,0.000000,True,True,RED,0.505208
monza_alo_lap3_to_medium_new_tyre_only,ALO,3,MEDIUM,new,tyre_only,H-S-M,2,16.541884,11.426058,22.394190,0.000000,16.760565,0.000000,True,True,RED,0.474417
monza_alo_lap3_to_hard_new_tyre_only,ALO,3,HARD,new,tyre_only,H-S-H,2,26.286362,21.144320,32.041362,0.000000,26.521980,0.000000,True,True,RED,0.466458
monza_alo_lap4_to_soft_new_tyre_only,ALO,4,SOFT,new,tyre_only,H-S-S,2,-0.420329,-0.713332,-0.093740,0.946000,-0.415681,0.000000,True,True,RED,0.471167
monza_alo_lap4_to_medium_new_tyre_only,ALO,4,MEDIUM,new,tyre_only,H-S-M,2,15.182776,10.228181,20.846333,0.000000,15.455487,0.000000,True,True,RED,0.461583
monza_alo_lap4_to_hard_new_tyre_only,ALO,4,HARD,new,tyre_only,H-S-H,2,24.502978,19.620997,30.167795,0.000000,24.769542,0.000000,True,True,RED,0.461333
monza_alo_lap5_to_soft_new_tyre_only,ALO,5,SOFT,new,tyre_only,H-S-S,2,-0.815933,-1.384703,-0.181966,0.946000,-0.806911,0.000000,True,True,RED,0.458416
monza_alo_lap5_to_medium_new_tyre_only,ALO,5,MEDIUM,new,tyre_only,H-S-M,2,13.916963,9.158466,19.431555,0.000000,14.202275,0.000000,True,True,RED,0.458084
monza_alo_lap5_to_hard_new_tyre_only,ALO,5,HARD,new,tyre_only,H-S-H,2,22.866430,18.096521,28.280993,0.000000,23.064686,0.000000,True,True,RED,0.459125
monza_alo_lap6_to_soft_new_tyre_only,ALO,6,SOFT,new,tyre_only,H-S-S,2,20.591445,16.567200,24.211653,0.000000,-1.149237,21.658602,True,False,YELLOW,0.458417
monza_alo_lap6_to_medium_new_tyre_only,ALO,6,MEDIUM,new,tyre_only,H-S-M,2,34.652530,28.943938,40.547154,0.000000,13.000928,21.891733,True,False,YELLOW,0.458667
monza_alo_lap6_to_hard_new_tyre_only,ALO,6,HARD,new,tyre_only,H-S-H,2,43.260727,36.987650,49.284823,0.000000,21.407409,21.869938,True,False,YELLOW,0.454833
monza_alo_lap7_to_soft_new_tyre_only,ALO,7,SOFT,new,tyre_only,H-S-S,2,20.363949,16.228659,23.956691,0.000000,-1.442659,21.658602,True,False,GREEN,0.457875
monza_alo_lap7_to_medium_new_tyre_only,ALO,7,MEDIUM,new,tyre_only,H-S-M,2,33.592861,27.977702,39.272992,0.000000,11.851447,21.891733,True,False,GREEN,0.452833
monza_alo_lap7_to_hard_new_tyre_only,ALO,7,HARD,new,tyre_only,H-S-H,2,41.769230,35.620329,47.561585,0.000000,19.797713,21.869938,True,False,GREEN,0.464292
monza_alo_lap8_to_soft_new_tyre_only,ALO,8,SOFT,new,tyre_only,H-S-S,2,20.029443,15.911582,23.774838,0.000000,-1.687178,21.658602,True,False,GREEN,0.475250
monza_alo_lap8_to_medium_new_tyre_only,ALO,8,MEDIUM,new,tyre_only,H-S-M,2,32.487794,27.018610,38.107180,0.000000,10.753832,21.891733,True,False,GREEN,0.457000
monza_alo_lap8_to_hard_new_tyre_only,ALO,8,HARD,new,tyre_only,H-S-H,2,40.226146,34.258073,45.860397,0.000000,18.235596,21.869938,True,False,GREEN,0.452541
monza_alo_lap9_to_soft_new_tyre_only,ALO,9,SOFT,new,tyre_only,H-S-S,2,19.859479,15.569643,23.589954,0.000000,-1.882792,21.658602,True,False,GREEN,0.452667
monza_alo_lap9_to_medium_new_tyre_only,ALO,9,MEDIUM,new,tyre_only,H-S-M,2,31.429648,26.178060,36.882066,0.000000,9.708082,21.891733,True,False,GREEN,0.451875
monza_alo_lap9_to_hard_new_tyre_only,ALO,9,HARD,new,tyre_only,H-S-H,2,38.727080,32.935744,44.155621,0.000000,16.721061,21.869938,True,False,GREEN,0.450709
monza_alo_lap10_to_soft_new_tyre_only,ALO,10,SOFT,new,tyre_only,H-S-S,2,19.697660,15.394157,23.444886,0.000000,-2.029503,21.658602,True,False,GREEN,0.448875
monza_alo_lap10_to_medium_new_tyre_only,ALO,10,MEDIUM,new,tyre_only,H-S-M,2,30.513864,25.303871,35.697760,0.000000,8.714199,21.891733,True,False,GREEN,0.451000
monza_alo_lap10_to_hard_new_tyre_only,ALO,10,HARD,new,tyre_only,H-S-H,2,37.297182,31.628582,42.467452,0.000000,15.254105,21.869938,True,False,GREEN,0.449292
monza_alo_lap11_to_soft_new_tyre_only,ALO,11,SOFT,new,tyre_only,H-S-S,2,19.588864,15.273602,23.354536,0.000000,-2.127311,21.658602,True,False,GREEN,0.453917
monza_alo_lap11_to_medium_new_tyre_only,ALO,11,MEDIUM,new,tyre_only,H-S-M,2,29.531764,24.549161,34.590374,0.000000,7.772180,21.891733,True,False,GREEN,0.451375
monza_alo_lap11_to_hard_new_tyre_only,ALO,11,HARD,new,tyre_only,H-S-H,2,35.855585,30.394045,40.815991,0.000000,13.834730,21.869938,True,False,GREEN,0.449167
monza_alo_lap12_to_soft_new_tyre_only,ALO,12,SOFT,new,tyre_only,H-S-S,2,19.538542,15.215078,23.312367,0.000000,-2.176215,21.658602,True,False,GREEN,0.446917
monza_alo_lap12_to_medium_new_tyre_only,ALO,12,MEDIUM,new,tyre_only,H-S-M,2,28.598713,24.031891,33.701944,0.000000,6.882028,21.891733,True,False,GREEN,0.448709
monza_alo_lap12_to_hard_new_tyre_only,ALO,12,HARD,new,tyre_only,H-S-H,2,34.474939,29.346200,39.249527,0.000000,12.462935,21.869938,True,False,GREEN,0.447416
monza_alo_lap13_to_soft_new_tyre_only,ALO,13,SOFT,new,tyre_only,H-S-S,2,19.538542,15.215078,23.312367,0.000000,-2.176215,21.658602,True,False,GREEN,0.448792
monza_alo_lap13_to_medium_new_tyre_only,ALO,13,MEDIUM,new,tyre_only,H-S-M,2,27.698475,23.434338,32.653488,0.000000,6.043741,21.891733,True,False,GREEN,0.445375
monza_alo_lap13_to_hard_new_tyre_only,ALO,13,HARD,new,tyre_only,H-S-H,2,33.110922,28.253800,37.706422,0.000000,11.138720,21.869938,True,False,GREEN,0.453250
monza_alo_lap14_to_soft_new_tyre_only,ALO,14,SOFT,new,tyre_only,H-S-S,2,19.588864,15.273602,23.354536,0.000000,-2.127311,21.658602,True,False,GREEN,0.474917
monza_alo_lap14_to_medium_new_tyre_only,ALO,14,MEDIUM,new,tyre_only,H-S-M,2,26.878216,22.923829,31.664036,0.000000,5.257320,21.891733,True,False,GREEN,0.467791
monza_alo_lap14_to_hard_new_tyre_only,ALO,14,HARD,new,tyre_only,H-S-H,2,31.780828,27.160025,36.275147,0.000000,9.862086,21.869938,True,False,GREEN,0.450333
monza_alo_lap15_to_soft_new_tyre_only,ALO,15,SOFT,new,tyre_only,H-S-S,2,19.697660,15.394157,23.444886,0.000000,-2.029503,21.658602,True,False,GREEN,0.448625
monza_alo_lap15_to_medium_new_tyre_only,ALO,15,MEDIUM,new,tyre_only,H-S-M,2,26.110026,22.339296,30.709250,0.000000,4.522765,21.891733,True,False,GREEN,0.420500
monza_alo_lap15_to_hard_new_tyre_only,ALO,15,HARD,new,tyre_only,H-S-H,2,30.525787,26.133699,34.967363,0.000000,8.633032,21.869938,True,False,GREEN,0.418375
monza_alo_lap16_to_soft_new_tyre_only,ALO,16,SOFT,new,tyre_only,H-S-S,2,19.859479,15.569643,23.589954,0.000000,-1.882792,21.658602,True,False,GREEN,0.421250
monza_alo_lap16_to_medium_new_tyre_only,ALO,16,MEDIUM,new,tyre_only,H-S-M,2,25.380213,21.791982,29.903435,0.000000,3.840076,21.891733,True,False,GREEN,0.415042
monza_alo_lap16_to_hard_new_tyre_only,ALO,16,HARD,new,tyre_only,H-S-H,2,29.377359,25.173657,33.545654,0.000000,7.451558,21.869938,True,False,GREEN,0.428583
monza_alo_lap17_to_soft_new_tyre_only,ALO,17,SOFT,new,tyre_only,H-S-S,2,20.029443,15.911582,23.774838,0.000000,-1.687178,21.658602,True,False,GREEN,0.445292
monza_alo_lap17_to_medium_new_tyre_only,ALO,17,MEDIUM,new,tyre_only,H-S-M,2,24.749765,21.371483,29.116237,0.000000,3.209252,21.891733,True,False,GREEN,0.450084
monza_alo_lap17_to_hard_new_tyre_only,ALO,17,HARD,new,tyre_only,H-S-H,2,28.213996,24.113926,32.124065,0.000000,6.317664,21.869938,True,False,GREEN,0.451250
monza_alo_lap18_to_soft_new_tyre_only,ALO,18,SOFT,new,tyre_only,H-S-S,2,20.363949,16.228659,23.956691,0.000000,-1.442659,21.658602,True,False,GREEN,0.445875
monza_alo_lap18_to_medium_new_tyre_only,ALO,18,MEDIUM,new,tyre_only,H-S-M,2,24.316510,20.987639,28.268212,0.000000,2.630294,21.891733,True,False,GREEN,0.451334
monza_alo_lap18_to_hard_new_tyre_only,ALO,18,HARD,new,tyre_only,H-S-H,2,27.097486,23.123702,30.970408,0.000000,5.231351,21.869938,True,False,GREEN,0.450959
monza_alo_lap19_to_soft_new_tyre_only,ALO,19,SOFT,new,tyre_only,H-S-S,2,20.591445,16.567200,24.211653,0.000000,-1.149237,21.658602,True,False,GREEN,0.444375
monza_alo_lap19_to_medium_new_tyre_only,ALO,19,MEDIUM,new,tyre_only,H-S-M,2,23.894536,20.525464,27.675732,0.000000,2.103201,21.891733,True,False,GREEN,0.446208
monza_alo_lap19_to_hard_new_tyre_only,ALO,19,HARD,new,tyre_only,H-S-H,2,26.082946,22.308009,29.783913,0.000000,4.192618,21.869938,True,False,GREEN,0.448666
monza_alo_lap20_to_soft_new_tyre_only,ALO,20,SOFT,new,tyre_only,H-S-S,2,20.817516,16.968959,24.587322,0.000000,-0.806911,21.658602,True,False,GREEN,0.441709
monza_alo_lap20_to_medium_new_tyre_only,ALO,20,MEDIUM,new,tyre_only,H-S-M,2,23.403545,20.098564,27.076574,0.000000,1.627975,21.891733,True,False,GREEN,0.465458
monza_alo_lap20_to_hard_new_tyre_only,ALO,20,HARD,new,tyre_only,H-S-H,2,25.087387,21.424782,28.709304,0.000000,3.201465,21.869938,True,False,GREEN,0.446250
monza_alo_lap21_to_soft_new_tyre_only,ALO,21,SOFT,new,tyre_only,H-S-S,2,21.495288,17.935408,25.013157,0.000000,-0.415681,21.920263,True,False,GREEN,0.446458
monza_alo_lap21_to_medium_new_tyre_only,ALO,21,MEDIUM,new,tyre_only,H-S-M,2,23.269987,19.853128,26.699214,0.000000,1.204614,22.090607,True,False,GREEN,0.451583
monza_alo_lap21_to_hard_new_tyre_only,ALO,21,HARD,new,tyre_only,H-S-H,2,24.238427,20.738864,27.922705,0.000000,2.257893,21.915726,True,False,GREEN,0.445125
monza_alo_lap22_to_soft_new_tyre_only,ALO,22,SOFT,new,tyre_only,H-S-S,2,21.938967,18.648617,25.524743,0.000000,0.024452,22.037352,True,False,GREEN,0.444291
monza_alo_lap22_to_medium_new_tyre_only,ALO,22,MEDIUM,new,tyre_only,H-S-M,2,22.780847,19.438366,26.417377,0.000000,0.833118,22.037352,True,False,GREEN,0.442041
monza_alo_lap22_to_hard_new_tyre_only,ALO,22,HARD,new,tyre_only,H-S-H,2,23.255876,19.878988,26.945731,0.000000,1.361901,22.037352,True,False,GREEN,0.446083
monza_ant_lap2_to_soft_new_tyre_only,ANT,2,SOFT,new,tyre_only,H-S-M-M,3,1.177834,-2.358626,4.737936,0.356000,-1.383710,2.560261,True,True,YELLOW,2.669833
monza_ant_lap2_to_medium_new_tyre_only,ANT,2,MEDIUM,new,tyre_only,H-M-M-M,3,1.957057,-1.579582,5.488688,0.246000,-0.574528,2.560261,True,True,YELLOW,0.510416
monza_ant_lap2_to_hard_new_tyre_only,ANT,2,HARD,new,tyre_only,H-H-M-M,3,2.497314,-0.969264,6.042553,0.174000,-0.046259,2.560261,True,True,YELLOW,0.491167
monza_ant_lap3_to_soft_new_tyre_only,ANT,3,SOFT,new,tyre_only,H-S-M,2,-18.494996,-27.075291,-10.501957,0.998000,-21.272956,2.560261,True,True,RED,0.498625
monza_ant_lap3_to_medium_new_tyre_only,ANT,3,MEDIUM,new,tyre_only,H-M-M,2,2.545656,-0.929278,6.087067,0.172000,0.000000,2.560261,True,True,RED,0.470208
monza_ant_lap3_to_hard_new_tyre_only,ANT,3,HARD,new,tyre_only,H-H-M,2,14.618723,5.738439,22.443200,0.008000,11.767060,2.560261,True,True,RED,0.485834
monza_ant_lap4_to_soft_new_tyre_only,ANT,4,SOFT,new,tyre_only,H-M-S-M,3,-18.347519,-26.481432,-10.731931,0.998000,-21.050580,2.560261,True,True,RED,0.483791
monza_ant_lap4_to_medium_new_tyre_only,ANT,4,MEDIUM,new,tyre_only,H-M-M-M,3,1.867863,-1.602540,5.388123,0.260000,-0.670278,2.560261,True,True,RED,0.489875
monza_ant_lap4_to_hard_new_tyre_only,ANT,4,HARD,new,tyre_only,H-M-H-M,3,13.537498,4.742893,21.121481,0.012000,10.683686,2.560261,True,True,RED,0.517000
monza_ant_lap5_to_soft_new_tyre_only,ANT,5,SOFT,new,tyre_only,H-M-S-M,3,-18.067314,-25.972984,-10.701569,0.998000,-20.775826,2.560261,True,True,RED,0.484250
monza_ant_lap5_to_medium_new_tyre_only,ANT,5,MEDIUM,new,tyre_only,H-M-M-M,3,1.263836,-2.256084,4.778175,0.326000,-1.284700,2.560261,True,True,RED,0.498167
monza_ant_lap5_to_hard_new_tyre_only,ANT,5,HARD,new,tyre_only,H-M-H-M,3,12.497116,3.981274,19.774738,0.024000,9.651369,2.560261,True,True,RED,0.494375
monza_ant_lap6_to_soft_new_tyre_only,ANT,6,SOFT,new,tyre_only,H-M-S-M,3,3.958053,-5.700130,13.757796,0.308000,-20.448693,24.218863,True,False,YELLOW,0.501708
monza_ant_lap6_to_medium_new_tyre_only,ANT,6,MEDIUM,new,tyre_only,H-M-M-M,3,22.561620,15.607557,29.608932,0.000000,-1.843265,24.451994,True,False,YELLOW,0.521375
monza_ant_lap6_to_hard_new_tyre_only,ANT,6,HARD,new,tyre_only,H-M-H-M,3,33.245652,23.026439,42.673153,0.000000,8.670110,24.430199,True,False,YELLOW,0.483500
monza_ant_lap7_to_soft_new_tyre_only,ANT,7,SOFT,new,tyre_only,H-M-S-M,3,4.158103,-5.020274,13.980094,0.280000,-20.069182,24.218863,True,False,GREEN,0.489167
monza_ant_lap7_to_medium_new_tyre_only,ANT,7,MEDIUM,new,tyre_only,H-M-M-M,3,22.077137,15.059390,29.111433,0.000000,-2.345974,24.451994,True,False,GREEN,0.508667
monza_ant_lap7_to_hard_new_tyre_only,ANT,7,HARD,new,tyre_only,H-M-H-M,3,32.235550,22.259533,41.597923,0.000000,7.739909,24.430199,True,False,GREEN,0.503000
monza_ant_lap8_to_soft_new_tyre_only,ANT,8,SOFT,new,tyre_only,H-M-S-M,3,4.490105,-4.268375,14.084801,0.248000,-19.637292,24.218863,True,False,GREEN,0.492375
monza_ant_lap8_to_medium_new_tyre_only,ANT,8,MEDIUM,new,tyre_only,H-M-M-M,3,21.641152,14.594172,28.664211,0.000000,-2.792826,24.451994,True,False,GREEN,0.491125
monza_ant_lap8_to_hard_new_tyre_only,ANT,8,HARD,new,tyre_only,H-M-H-M,3,31.220436,21.666664,40.448179,0.000000,6.860765,24.430199,True,False,GREEN,0.486583
monza_ant_lap9_to_soft_new_tyre_only,ANT,9,SOFT,new,tyre_only,H-M-S-M,3,5.004603,-3.629013,14.175602,0.218000,-19.153024,24.218863,True,False,GREEN,0.482459
monza_ant_lap9_to_medium_new_tyre_only,ANT,9,MEDIUM,new,tyre_only,H-M-M-M,3,21.258012,14.171032,28.256586,0.002000,-3.183822,24.451994,True,False,GREEN,0.530542
monza_ant_lap9_to_hard_new_tyre_only,ANT,9,HARD,new,tyre_only,H-M-H-M,3,30.409825,21.070964,39.440159,0.000000,6.032679,24.430199,True,False,GREEN,0.540416
monza_ant_lap10_to_soft_new_tyre_only,ANT,10,SOFT,new,tyre_only,H-M-S-M,3,5.449371,-2.814321,14.676575,0.192000,-18.616377,24.218863,True,False,GREEN,0.541584
monza_ant_lap10_to_medium_new_tyre_only,ANT,10,MEDIUM,new,tyre_only,H-M-M-M,3,20.921534,13.814359,27.870652,0.002000,-3.518961,24.451994,True,False,GREEN,0.439125
monza_ant_lap10_to_hard_new_tyre_only,ANT,10,HARD,new,tyre_only,H-M-H-M,3,29.521479,20.722566,38.497585,0.000000,5.255651,24.430199,True,False,GREEN,0.437959
monza_ant_lap11_to_soft_new_tyre_only,ANT,11,SOFT,new,tyre_only,H-M-S-M,3,6.201845,-2.226757,14.862965,0.154000,-18.027351,24.218863,True,False,GREEN,0.439750
monza_ant_lap11_to_medium_new_tyre_only,ANT,11,MEDIUM,new,tyre_only,H-M-M-M,3,20.643947,13.517738,27.570174,0.002000,-3.798244,24.451994,True,False,GREEN,0.439084
monza_ant_lap11_to_hard_new_tyre_only,ANT,11,HARD,new,tyre_only,H-M-H-M,3,28.832421,20.130161,37.614271,0.000000,4.529680,24.430199,True,False,GREEN,0.463583
monza_ant_lap12_to_soft_new_tyre_only,ANT,12,SOFT,new,tyre_only,H-M-S-M,3,6.827516,-1.366212,15.197019,0.138000,-17.385947,24.218863,True,False,GREEN,0.473250
monza_ant_lap12_to_medium_new_tyre_only,ANT,12,MEDIUM,new,tyre_only,H-M-M-M,3,20.409524,13.280441,27.368207,0.002000,-4.021670,24.451994,True,False,GREEN,0.471166
monza_ant_lap12_to_hard_new_tyre_only,ANT,12,HARD,new,tyre_only,H-M-H-M,3,28.241686,19.567685,36.870318,0.000000,3.854767,24.430199,True,False,GREEN,0.467084
monza_ant_lap13_to_soft_new_tyre_only,ANT,13,SOFT,new,tyre_only,H-M-S-M,3,7.513898,-0.466619,15.705109,0.120000,-16.692165,24.218863,True,False,GREEN,0.469125
monza_ant_lap13_to_medium_new_tyre_only,ANT,13,MEDIUM,new,tyre_only,H-M-M-M,3,20.231323,13.108932,27.197576,0.002000,-4.189239,24.451994,True,False,GREEN,0.474000
monza_ant_lap13_to_hard_new_tyre_only,ANT,13,HARD,new,tyre_only,H-M-H-M,3,27.583634,19.068678,36.101313,0.000000,3.230912,24.430199,True,False,GREEN,0.470500
monza_ant_lap14_to_soft_new_tyre_only,ANT,14,SOFT,new,tyre_only,H-M-S-M,3,8.206411,0.269373,16.305119,0.086000,-15.946003,24.218863,True,False,GREEN,0.468541
monza_ant_lap14_to_medium_new_tyre_only,ANT,14,MEDIUM,new,tyre_only,H-M-M-M,3,20.111171,12.993276,27.095584,0.002000,-4.300952,24.451994,True,False,GREEN,0.468875
monza_ant_lap14_to_hard_new_tyre_only,ANT,14,HARD,new,tyre_only,H-M-H-M,3,27.023772,18.664698,35.594850,0.000000,2.658114,24.430199,True,False,GREEN,0.464917
monza_ant_lap15_to_soft_new_tyre_only,ANT,15,SOFT,new,tyre_only,H-M-S-M,3,8.969624,1.289947,16.914120,0.066000,-15.147464,24.218863,True,False,GREEN,0.464750
monza_ant_lap15_to_medium_new_tyre_only,ANT,15,MEDIUM,new,tyre_only,H-M-M-M,3,20.051095,12.933143,27.043377,0.002000,-4.356809,24.451994,True,False,GREEN,0.464209
monza_ant_lap15_to_hard_new_tyre_only,ANT,15,HARD,new,tyre_only,H-M-H-M,3,26.380566,18.357129,34.724003,0.000000,2.136374,24.430199,True,False,GREEN,0.462458
monza_ant_lap16_to_soft_new_tyre_only,ANT,16,SOFT,new,tyre_only,H-M-S-M,3,9.840227,2.205307,17.654492,0.048000,-14.296546,24.218863,True,False,GREEN,0.462208
monza_ant_lap16_to_medium_new_tyre_only,ANT,16,MEDIUM,new,tyre_only,H-M-M-M,3,20.051095,12.933143,27.043377,0.002000,-4.356809,24.451994,True,False,GREEN,0.464208
monza_ant_lap16_to_hard_new_tyre_only,ANT,16,HARD,new,tyre_only,H-M-H-M,3,25.905085,17.949321,34.029756,0.000000,1.665692,24.430199,True,False,GREEN,0.463084
monza_ant_lap17_to_soft_new_tyre_only,ANT,17,SOFT,new,tyre_only,H-M-S-M,3,10.810329,3.360421,18.564345,0.040000,-13.393249,24.218863,True,False,GREEN,0.472750
monza_ant_lap17_to_medium_new_tyre_only,ANT,17,MEDIUM,new,tyre_only,H-M-M-M,3,20.111171,12.993276,27.095584,0.002000,-4.300952,24.451994,True,False,GREEN,0.467875
monza_ant_lap17_to_hard_new_tyre_only,ANT,17,HARD,new,tyre_only,H-M-H-M,3,25.599506,17.562005,33.535784,0.000000,1.246067,24.430199,True,False,GREEN,0.477708
monza_ant_lap18_to_soft_new_tyre_only,ANT,18,SOFT,new,tyre_only,H-M-S,2,-24.255228,-39.962593,-11.428975,0.990000,-27.597959,2.327131,False,False,GREEN,0.478084
monza_ant_lap18_to_medium_new_tyre_only,ANT,18,MEDIUM,new,tyre_only,H-M-M,2,5.362836,1.837797,8.876833,0.034000,2.792826,2.560261,True,False,GREEN,0.515166
monza_ant_lap18_to_hard_new_tyre_only,ANT,18,HARD,new,tyre_only,H-M-H,2,21.350094,8.786987,31.475539,0.004000,18.426907,2.538466,True,False,GREEN,0.474500
monza_ant_lap19_to_soft_new_tyre_only,ANT,19,SOFT,new,tyre_only,H-M-S,2,-23.883562,-38.837736,-11.544885,0.990000,-27.201162,2.327131,False,False,GREEN,0.472250
monza_ant_lap19_to_medium_new_tyre_only,ANT,19,MEDIUM,new,tyre_only,H-M-M,2,4.812668,1.287595,8.353228,0.044000,2.262189,2.560261,True,False,GREEN,0.471583
monza_ant_lap19_to_hard_new_tyre_only,ANT,19,HARD,new,tyre_only,H-M-H,2,20.391057,8.265738,30.238570,0.004000,17.531163,2.538466,True,False,GREEN,0.468625
monza_ant_lap20_to_soft_new_tyre_only,ANT,20,SOFT,new,tyre_only,H-M-S,2,-23.498368,-37.797768,-11.785623,0.990000,-26.751986,2.327131,False,False,GREEN,0.473625
monza_ant_lap20_to_medium_new_tyre_only,ANT,20,MEDIUM,new,tyre_only,H-M-M,2,4.334969,0.765116,7.926568,0.058000,1.787409,2.560261,True,False,GREEN,0.469625
monza_ant_lap20_to_hard_new_tyre_only,ANT,20,HARD,new,tyre_only,H-M-H,2,19.589165,7.719849,29.180434,0.004000,16.686476,2.538466,True,False,GREEN,0.469417
monza_ant_lap21_to_soft_new_tyre_only,ANT,21,SOFT,new,tyre_only,H-M-S,2,-23.111750,-36.536497,-11.842385,0.990000,-26.250433,2.327131,False,False,GREEN,0.470000
monza_ant_lap21_to_medium_new_tyre_only,ANT,21,MEDIUM,new,tyre_only,H-M-M,2,3.913974,0.303193,7.459517,0.092000,1.368485,2.560261,True,False,GREEN,0.477167
monza_ant_lap21_to_hard_new_tyre_only,ANT,21,HARD,new,tyre_only,H-M-H,2,18.829913,7.228495,28.197924,0.004000,15.892847,2.538466,True,False,GREEN,0.466000
monza_ant_lap22_to_soft_new_tyre_only,ANT,22,SOFT,new,tyre_only,H-M-S,2,-22.648555,-35.371847,-11.887654,0.994000,-25.696500,2.327131,False,False,GREEN,0.468459
monza_ant_lap22_to_medium_new_tyre_only,ANT,22,MEDIUM,new,tyre_only,H-M-M,2,3.562529,-0.049711,7.071755,0.104000,1.005417,2.560261,True,False,GREEN,0.467334
monza_ant_lap22_to_hard_new_tyre_only,ANT,22,HARD,new,tyre_only,H-M-H,2,18.042356,6.803966,27.200763,0.004000,15.150276,2.538466,True,False,GREEN,0.481667
monza_ant_lap23_to_soft_new_tyre_only,ANT,23,SOFT,new,tyre_only,H-M-S,2,-22.014315,-34.130335,-11.882783,0.994000,-25.090189,2.327131,False,False,GREEN,0.467833
monza_ant_lap23_to_medium_new_tyre_only,ANT,23,MEDIUM,new,tyre_only,H-M-M,2,3.258592,-0.318468,6.801143,0.114000,0.698207,2.560261,True,False,GREEN,0.477917
monza_ant_lap23_to_hard_new_tyre_only,ANT,23,HARD,new,tyre_only,H-M-H,2,17.390644,6.432117,26.204132,0.004000,14.458763,2.538466,True,False,GREEN,0.467000
monza_ant_lap24_to_soft_new_tyre_only,ANT,24,SOFT,new,tyre_only,H-M-S,2,-21.402990,-32.767028,-11.797325,0.994000,-24.431500,2.327131,False,False,GREEN,0.466625
monza_ant_lap24_to_medium_new_tyre_only,ANT,24,MEDIUM,new,tyre_only,H-M-M,2,3.001367,-0.538359,6.549229,0.142000,0.446852,2.560261,True,False,GREEN,0.468166
monza_ant_lap24_to_hard_new_tyre_only,ANT,24,HARD,new,tyre_only,H-M-H,2,16.772426,6.213442,25.237907,0.004000,13.818307,2.538466,True,False,GREEN,0.464667
monza_ant_lap25_to_soft_new_tyre_only,ANT,25,SOFT,new,tyre_only,H-M-S,2,-20.782609,-31.451300,-11.405499,0.996000,-23.720432,2.327131,False,False,GREEN,0.465166
monza_ant_lap25_to_medium_new_tyre_only,ANT,25,MEDIUM,new,tyre_only,H-M-M,2,2.796891,-0.709386,6.350240,0.148000,0.251354,2.560261,True,False,GREEN,0.472750
monza_ant_lap25_to_hard_new_tyre_only,ANT,25,HARD,new,tyre_only,H-M-H,2,16.161794,6.066301,24.322253,0.006000,13.228909,2.538466,True,False,GREEN,0.462916
monza_ant_lap26_to_soft_new_tyre_only,ANT,26,SOFT,new,tyre_only,H-M-S,2,-20.135238,-30.226109,-11.194726,0.996000,-22.956985,2.327131,False,False,GREEN,0.464666
monza_ant_lap26_to_medium_new_tyre_only,ANT,26,MEDIUM,new,tyre_only,H-M-M,2,2.649333,-0.831548,6.204095,0.162000,0.111713,2.560261,True,False,GREEN,0.463500
monza_ant_lap26_to_hard_new_tyre_only,ANT,26,HARD,new,tyre_only,H-M-H,2,15.586937,5.852851,23.474286,0.006000,12.690568,2.538466,True,False,GREEN,0.463084
monza_ant_lap27_to_soft_new_tyre_only,ANT,27,SOFT,new,tyre_only,H-M-S,2,-19.368396,-29.002104,-10.967210,0.996000,-22.141160,2.327131,False,False,GREEN,0.465209
monza_ant_lap27_to_medium_new_tyre_only,ANT,27,MEDIUM,new,tyre_only,H-M-M,2,2.566184,-0.904845,6.116324,0.170000,0.027928,2.560261,True,False,GREEN,0.463417
monza_ant_lap27_to_hard_new_tyre_only,ANT,27,HARD,new,tyre_only,H-M-H,2,15.097615,5.668835,22.857015,0.006000,12.203285,2.538466,True,False,GREEN,0.466709
monza_ant_lap28_to_soft_new_tyre_only,ANT,28,SOFT,new,tyre_only,H-M-S,2,-18.615115,-27.604417,-10.652979,0.998000,-21.272956,2.327131,True,False,VSC,0.464375
monza_ant_lap28_to_medium_new_tyre_only,ANT,28,MEDIUM,new,tyre_only,H-M-M,2,2.545656,-0.929278,6.087067,0.172000,0.000000,2.560261,True,False,VSC,0.451959
monza_ant_lap28_to_hard_new_tyre_only,ANT,28,HARD,new,tyre_only,H-M-H,2,14.639545,5.450420,22.081915,0.006000,11.767060,2.538466,True,False,VSC,0.462667
monza_ant_lap29_to_soft_new_tyre_only,ANT,29,SOFT,new,tyre_only,H-M-S,2,-17.768074,-26.362134,-10.055724,0.998000,-20.352374,2.327131,True,False,VSC,0.465083
monza_ant_lap29_to_medium_new_tyre_only,ANT,29,MEDIUM,new,tyre_only,H-M-M,2,2.566184,-0.904845,6.116324,0.170000,0.027928,2.560261,True,False,VSC,0.462875
monza_ant_lap29_to_hard_new_tyre_only,ANT,29,HARD,new,tyre_only,H-M-H,2,14.197287,5.439893,21.362103,0.006000,11.381892,2.538466,True,False,VSC,0.465583
monza_ant_lap30_to_soft_new_tyre_only,ANT,30,SOFT,new,tyre_only,H-M-S,2,-16.800500,-24.990510,-9.487516,0.998000,-19.379413,2.327131,True,False,GREEN,0.464959
monza_ant_lap30_to_medium_new_tyre_only,ANT,30,MEDIUM,new,tyre_only,H-M-M,2,2.649333,-0.831548,6.204095,0.162000,0.111713,2.560261,True,False,GREEN,0.469042
monza_ant_lap30_to_hard_new_tyre_only,ANT,30,HARD,new,tyre_only,H-M-H,2,13.863514,5.416433,20.736420,0.006000,11.047782,2.538466,True,False,GREEN,0.464000
monza_ant_lap31_to_soft_new_tyre_only,ANT,31,SOFT,new,tyre_only,H-M-S,2,-15.802802,-23.502252,-8.805105,0.998000,-18.354074,2.327131,True,False,GREEN,0.474833
monza_ant_lap31_to_medium_new_tyre_only,ANT,31,MEDIUM,new,tyre_only,H-M-M,2,2.796891,-0.709386,6.350240,0.148000,0.251354,2.560261,True,False,GREEN,0.474000
monza_ant_lap31_to_hard_new_tyre_only,ANT,31,HARD,new,tyre_only,H-M-H,2,13.617867,5.413403,20.259671,0.006000,10.764730,2.538466,True,False,GREEN,0.465791
monza_ant_lap32_to_soft_new_tyre_only,ANT,32,SOFT,new,tyre_only,H-M-S,2,-14.743511,-22.067196,-7.941160,0.996000,-17.276356,2.327131,True,False,GREEN,0.465458
monza_ant_lap32_to_medium_new_tyre_only,ANT,32,MEDIUM,new,tyre_only,H-M-M,2,3.001367,-0.538359,6.549229,0.142000,0.446852,2.560261,True,False,GREEN,0.464833
monza_ant_lap32_to_hard_new_tyre_only,ANT,32,HARD,new,tyre_only,H-M-H,2,13.410306,5.353563,19.827162,0.006000,10.532735,2.538466,True,False,GREEN,0.461875
monza_ant_lap33_to_soft_new_tyre_only,ANT,33,SOFT,new,tyre_only,H-M-S,2,-13.677412,-20.575073,-7.121653,0.994000,-16.146259,2.327131,True,False,GREEN,0.467583
monza_ant_lap33_to_medium_new_tyre_only,ANT,33,MEDIUM,new,tyre_only,H-M-M,2,3.258592,-0.318468,6.801143,0.114000,0.698207,2.560261,True,False,GREEN,0.467833
monza_ant_lap33_to_hard_new_tyre_only,ANT,33,HARD,new,tyre_only,H-M-H,2,13.242965,5.567843,19.327631,0.008000,10.351798,2.538466,True,False,GREEN,0.476750
monza_ant_lap34_to_soft_new_tyre_only,ANT,34,SOFT,new,tyre_only,H-M-S,2,-12.464209,-19.066286,-6.181637,0.990000,-14.963784,2.327131,True,False,GREEN,0.487583
monza_ant_lap34_to_medium_new_tyre_only,ANT,34,MEDIUM,new,tyre_only,H-M-M,2,3.562529,-0.049711,7.071755,0.104000,1.005417,2.560261,True,False,GREEN,0.468417
monza_ant_lap34_to_hard_new_tyre_only,ANT,34,HARD,new,tyre_only,H-M-H,2,13.107860,5.809799,18.956243,0.006000,10.221919,2.538466,True,False,GREEN,0.498416
monza_ant_lap35_to_soft_new_tyre_only,ANT,35,SOFT,new,tyre_only,H-M-S,2,-11.303048,-17.550712,-5.293341,0.988000,-13.728931,2.327131,True,False,GREEN,0.485792
monza_ant_lap35_to_medium_new_tyre_only,ANT,35,MEDIUM,new,tyre_only,H-M-M,2,3.913974,0.303193,7.459517,0.092000,1.368485,2.560261,True,False,GREEN,0.482375
monza_ant_lap35_to_hard_new_tyre_only,ANT,35,HARD,new,tyre_only,H-M-H,2,13.020900,5.944725,18.663093,0.004000,10.143097,2.538466,True,False,GREEN,0.443541
monza_ant_lap36_to_soft_new_tyre_only,ANT,36,SOFT,new,tyre_only,H-M-S,2,-10.147345,-15.971213,-4.132876,0.982000,-12.441699,2.327131,True,False,GREEN,0.434833
monza_ant_lap36_to_medium_new_tyre_only,ANT,36,MEDIUM,new,tyre_only,H-M-M,2,4.334969,0.765116,7.926568,0.058000,1.787409,2.560261,True,False,GREEN,0.448875
monza_ant_lap36_to_hard_new_tyre_only,ANT,36,HARD,new,tyre_only,H-M-H,2,12.921541,6.187686,18.484527,0.004000,10.115333,2.538466,True,False,GREEN,0.449208
monza_ant_lap37_to_soft_new_tyre_only,ANT,37,SOFT,new,tyre_only,H-M-S,2,-8.884721,-14.322067,-2.885909,0.974000,-11.102088,2.327131,True,False,GREEN,0.455875
monza_ant_lap37_to_medium_new_tyre_only,ANT,37,MEDIUM,new,tyre_only,H-M-M,2,4.812668,1.287595,8.353228,0.044000,2.262189,2.560261,True,False,GREEN,0.493500
monza_ant_lap37_to_hard_new_tyre_only,ANT,37,HARD,new,tyre_only,H-M-H,2,12.895375,6.498240,18.325189,0.004000,10.138627,2.538466,True,False,GREEN,0.482334
monza_ant_lap38_to_soft_new_tyre_only,ANT,38,SOFT,new,tyre_only,H-M-S,2,-7.506278,-12.641567,-1.936162,0.950000,-9.710099,2.327131,True,False,GREEN,0.496791
monza_ant_lap38_to_medium_new_tyre_only,ANT,38,MEDIUM,new,tyre_only,H-M-M,2,5.362836,1.837797,8.876833,0.034000,2.792826,2.560261,True,False,GREEN,0.480375
monza_ant_lap38_to_hard_new_tyre_only,ANT,38,HARD,new,tyre_only,H-M-H,2,12.914328,6.926966,18.198350,0.004000,10.212978,2.538466,True,False,GREEN,0.502916
monza_ant_lap39_to_soft_new_tyre_only,ANT,39,SOFT,new,tyre_only,H-M-M-S,3,8.206411,0.269373,16.305119,0.086000,-15.946003,24.218863,True,False,GREEN,0.503750
monza_ant_lap39_to_medium_new_tyre_only,ANT,39,MEDIUM,new,tyre_only,H-M-M-M,3,20.111171,12.993276,27.095584,0.002000,-4.300952,24.451994,True,False,GREEN,0.533458
monza_ant_lap39_to_hard_new_tyre_only,ANT,39,HARD,new,tyre_only,H-M-M-H,3,27.023772,18.664698,35.594850,0.000000,2.658114,24.430199,True,False,GREEN,0.462709
monza_ant_lap40_to_soft_new_tyre_only,ANT,40,SOFT,new,tyre_only,H-M-M-S,3,8.969624,1.289947,16.914120,0.066000,-15.147464,24.218863,True,False,GREEN,0.461750
monza_ant_lap40_to_medium_new_tyre_only,ANT,40,MEDIUM,new,tyre_only,H-M-M-M,3,20.051095,12.933143,27.043377,0.002000,-4.356809,24.451994,True,False,GREEN,0.463875
monza_ant_lap40_to_hard_new_tyre_only,ANT,40,HARD,new,tyre_only,H-M-M-H,3,26.380566,18.357129,34.724003,0.000000,2.136374,24.430199,True,False,GREEN,0.468084
monza_ant_lap41_to_soft_new_tyre_only,ANT,41,SOFT,new,tyre_only,H-M-M-S,3,9.840227,2.205307,17.654492,0.048000,-14.296546,24.218863,True,False,GREEN,0.466875
monza_ant_lap41_to_medium_new_tyre_only,ANT,41,MEDIUM,new,tyre_only,H-M-M-M,3,20.051095,12.933143,27.043377,0.002000,-4.356809,24.451994,True,False,GREEN,0.461792
monza_ant_lap41_to_hard_new_tyre_only,ANT,41,HARD,new,tyre_only,H-M-M-H,3,25.905085,17.949321,34.029756,0.000000,1.665692,24.430199,True,False,GREEN,0.463042
monza_ant_lap42_to_soft_new_tyre_only,ANT,42,SOFT,new,tyre_only,H-M-M-S,3,10.810329,3.360421,18.564345,0.040000,-13.393249,24.218863,True,False,GREEN,0.471333
monza_ant_lap42_to_medium_new_tyre_only,ANT,42,MEDIUM,new,tyre_only,H-M-M-M,3,20.111171,12.993276,27.095584,0.002000,-4.300952,24.451994,True,False,GREEN,0.462084
monza_ant_lap42_to_hard_new_tyre_only,ANT,42,HARD,new,tyre_only,H-M-M-H,3,25.599506,17.562005,33.535784,0.000000,1.246067,24.430199,True,False,GREEN,0.486083
monza_ant_lap43_to_soft_new_tyre_only,ANT,43,SOFT,new,tyre_only,H-M-M-S,3,11.824177,4.431380,19.408763,0.030000,-12.437573,24.218863,True,False,GREEN,0.466250
monza_ant_lap43_to_medium_new_tyre_only,ANT,43,MEDIUM,new,tyre_only,H-M-M-M,3,20.231323,13.108932,27.197576,0.002000,-4.189239,24.451994,True,False,GREEN,0.465042
monza_ant_lap43_to_hard_new_tyre_only,ANT,43,HARD,new,tyre_only,H-M-M-H,3,25.283843,17.396399,33.355295,0.000000,0.877500,24.430199,True,False,GREEN,0.459875
monza_ant_lap44_to_soft_new_tyre_only,ANT,44,SOFT,new,tyre_only,H-M-M-S,3,12.957134,5.531970,20.386398,0.020000,-11.429520,24.218863,True,False,GREEN,0.461542
monza_ant_lap44_to_medium_new_tyre_only,ANT,44,MEDIUM,new,tyre_only,H-M-M-M,3,20.409524,13.280441,27.368207,0.002000,-4.021670,24.451994,True,False,GREEN,0.461291
monza_ant_lap44_to_hard_new_tyre_only,ANT,44,HARD,new,tyre_only,H-M-M-H,3,25.099539,17.254407,32.816051,0.000000,0.559991,24.430199,True,False,GREEN,0.458416
monza_ant_lap45_to_soft_new_tyre_only,ANT,45,SOFT,new,tyre_only,H-M-M-S,3,14.030814,6.699814,21.211109,0.014000,-10.369087,24.218863,True,False,GREEN,0.465583
monza_ant_lap45_to_medium_new_tyre_only,ANT,45,MEDIUM,new,tyre_only,H-M-M-M,3,20.643947,13.517738,27.570174,0.002000,-3.798244,24.451994,True,False,GREEN,0.458042
monza_ant_lap45_to_hard_new_tyre_only,ANT,45,HARD,new,tyre_only,H-M-M-H,3,24.851717,17.047702,32.508095,0.000000,0.293539,24.430199,True,False,GREEN,0.458791
monza_ant_lap46_to_soft_new_tyre_only,ANT,46,SOFT,new,tyre_only,H-M-M-S,3,15.102052,7.919447,22.179918,0.006000,-9.256276,24.218863,True,False,GREEN,0.459084
monza_ant_lap46_to_medium_new_tyre_only,ANT,46,MEDIUM,new,tyre_only,H-M-M-M,3,20.921534,13.814359,27.870652,0.002000,-3.518961,24.451994,True,False,GREEN,0.490458
monza_ant_lap46_to_hard_new_tyre_only,ANT,46,HARD,new,tyre_only,H-M-M-H,3,24.608337,16.905535,31.902828,0.000000,0.078145,24.430199,True,False,GREEN,0.455583
monza_ant_lap47_to_soft_new_tyre_only,ANT,47,SOFT,new,tyre_only,H-M-M-S,3,16.278769,9.176164,23.247027,0.006000,-8.091087,24.218863,True,False,GREEN,0.458500
monza_ant_lap47_to_medium_new_tyre_only,ANT,47,MEDIUM,new,tyre_only,H-M-M-M,3,21.258012,14.171032,28.256586,0.002000,-3.183822,24.451994,True,False,GREEN,0.458541
monza_ant_lap47_to_hard_new_tyre_only,ANT,47,HARD,new,tyre_only,H-M-M-H,3,24.337961,16.864152,31.641994,0.000000,-0.086192,24.430199,True,False,GREEN,0.457917
monza_ant_lap48_to_soft_new_tyre_only,ANT,48,SOFT,new,tyre_only,H-M-M-S,3,17.495038,10.466369,24.286147,0.006000,-6.873519,24.218863,True,False,GREEN,0.460875
monza_ant_lap48_to_medium_new_tyre_only,ANT,48,MEDIUM,new,tyre_only,H-M-M-M,3,21.641152,14.594172,28.664211,0.000000,-2.792826,24.451994,True,False,GREEN,0.467209
monza_ant_lap48_to_hard_new_tyre_only,ANT,48,HARD,new,tyre_only,H-M-M-H,3,24.217036,16.947667,31.439704,0.000000,-0.199471,24.430199,True,False,GREEN,0.458083
monza_ant_lap49_to_soft_new_tyre_only,ANT,49,SOFT,new,tyre_only,H-M-M-S,3,18.648941,11.768350,25.450862,0.006000,-5.603572,24.218863,True,False,GREEN,0.459916
monza_ant_lap49_to_medium_new_tyre_only,ANT,49,MEDIUM,new,tyre_only,H-M-M-M,3,22.077137,15.059390,29.111433,0.000000,-2.345974,24.451994,True,False,GREEN,0.463375
monza_ant_lap49_to_hard_new_tyre_only,ANT,49,HARD,new,tyre_only,H-M-M-H,3,24.170182,16.895495,31.368571,0.000000,-0.261692,24.430199,True,False,GREEN,0.456750
monza_ant_lap50_to_soft_new_tyre_only,ANT,50,SOFT,new,tyre_only,H-M-M-S,3,19.963678,13.039377,26.834812,0.006000,-4.281247,24.218863,True,False,GREEN,0.456291
monza_ant_lap50_to_medium_new_tyre_only,ANT,50,MEDIUM,new,tyre_only,H-M-M-M,3,22.561620,15.607557,29.608932,0.000000,-1.843265,24.451994,True,False,GREEN,0.457791
monza_ant_lap50_to_hard_new_tyre_only,ANT,50,HARD,new,tyre_only,H-M-M-H,3,24.099017,16.799006,31.351498,0.000000,-0.272855,24.430199,True,False,GREEN,0.454750
monza_ant_lap51_to_soft_new_tyre_only,ANT,51,SOFT,new,tyre_only,H-M-M-S,3,21.494965,14.504924,28.405737,0.000000,-2.906543,24.480524,True,False,GREEN,0.456459
monza_ant_lap51_to_medium_new_tyre_only,ANT,51,MEDIUM,new,tyre_only,H-M-M-M,3,23.353030,16.398390,30.337293,0.000000,-1.284700,24.650868,True,False,GREEN,0.454208
monza_ant_lap51_to_hard_new_tyre_only,ANT,51,HARD,new,tyre_only,H-M-M-H,3,24.175228,17.053716,31.443529,0.000000,-0.232961,24.475987,True,False,GREEN,0.450542
monza_ant_lap52_to_soft_new_tyre_only,ANT,52,SOFT,new,tyre_only,H-M-M-S,3,22.983615,16.154221,30.097488,0.000000,-1.479461,24.597613,True,False,GREEN,0.463250
monza_ant_lap52_to_medium_new_tyre_only,ANT,52,MEDIUM,new,tyre_only,H-M-M-M,3,23.767848,17.032953,30.844399,0.000000,-0.670278,24.597613,True,False,GREEN,0.455000
monza_ant_lap52_to_hard_new_tyre_only,ANT,52,HARD,new,tyre_only,H-M-M-H,3,24.325884,17.451263,31.429468,0.000000,-0.142009,24.597613,True,False,GREEN,0.453833
monza_bea_lap2_to_soft_new_tyre_only,BEA,2,SOFT,new,tyre_only,S-S-H,2,-0.049456,-0.084708,-0.010163,0.944000,-0.048897,0.000000,True,True,GREEN,2.609208
monza_bea_lap2_to_medium_new_tyre_only,BEA,2,MEDIUM,new,tyre_only,S-M-H,2,0.757869,0.561061,0.955365,0.000000,0.759770,0.000000,True,True,GREEN,0.454875
monza_bea_lap2_to_hard_new_tyre_only,BEA,2,HARD,new,tyre_only,S-H-H,2,1.283760,1.070498,1.491014,0.000000,1.283934,0.000000,True,True,GREEN,0.437291
monza_bea_lap3_to_soft_new_tyre_only,BEA,3,SOFT,new,tyre_only,S-S,1,-58.431682,-87.672924,-34.443819,0.998000,-59.362997,0.000000,False,True,RED,0.451583
monza_bea_lap3_to_medium_new_tyre_only,BEA,3,MEDIUM,new,tyre_only,S-M,1,-15.531933,-31.526254,1.282009,0.880000,-15.301503,0.000000,True,True,RED,0.447709
monza_bea_lap3_to_hard_new_tyre_only,BEA,3,HARD,new,tyre_only,S-H,1,0.000000,0.000000,0.000000,0.000000,0.000000,0.000000,True,True,RED,0.441042
monza_bea_lap4_to_soft_new_tyre_only,BEA,4,SOFT,new,tyre_only,S-H-S,2,-58.295634,-86.527698,-34.885296,1.000000,-59.228137,0.000000,False,True,RED,0.481250
monza_bea_lap4_to_medium_new_tyre_only,BEA,4,MEDIUM,new,tyre_only,S-H-M,2,-16.365558,-32.081114,0.067085,0.898000,-16.120437,0.000000,True,True,RED,0.477834
monza_bea_lap4_to_hard_new_tyre_only,BEA,4,HARD,new,tyre_only,S-H-H,2,-0.914632,-1.138381,-0.682303,1.000000,-0.906829,0.000000,True,True,RED,0.479417
monza_bea_lap5_to_soft_new_tyre_only,BEA,5,SOFT,new,tyre_only,S-H-S,2,-58.267903,-85.224851,-35.442697,1.000000,-59.050321,0.000000,False,True,RED,0.479042
monza_bea_lap5_to_medium_new_tyre_only,BEA,5,MEDIUM,new,tyre_only,S-H-M,2,-17.105934,-32.684238,-1.005589,0.914000,-16.893453,0.000000,True,True,RED,0.472125
monza_bea_lap5_to_hard_new_tyre_only,BEA,5,HARD,new,tyre_only,S-H-H,2,-1.791933,-2.230297,-1.336756,1.000000,-1.776644,0.000000,True,True,RED,0.478875
monza_bea_lap6_to_soft_new_tyre_only,BEA,6,SOFT,new,tyre_only,S-H-S,2,-35.790478,-62.943341,-14.866460,0.980000,-58.829551,21.658602,False,False,MISSING,0.487708
monza_bea_lap6_to_medium_new_tyre_only,BEA,6,MEDIUM,new,tyre_only,S-H-M,2,4.453935,-11.423374,19.482284,0.366000,-17.620552,21.891733,True,False,MISSING,0.481458
monza_bea_lap6_to_hard_new_tyre_only,BEA,6,HARD,new,tyre_only,S-H-H,2,19.181387,15.584364,22.877989,0.000000,-2.609446,21.869938,True,False,MISSING,0.483208
monza_bea_lap7_to_soft_new_tyre_only,BEA,7,SOFT,new,tyre_only,S-H-S,2,-35.731804,-61.770249,-15.290876,0.980000,-58.565825,21.658602,False,False,GREEN,0.476750
monza_bea_lap7_to_medium_new_tyre_only,BEA,7,MEDIUM,new,tyre_only,S-H-M,2,3.630776,-11.728161,18.585848,0.384000,-18.301735,21.891733,True,False,GREEN,0.470500
monza_bea_lap7_to_hard_new_tyre_only,BEA,7,HARD,new,tyre_only,S-H-H,2,18.445290,14.706799,22.140454,0.000000,-3.405235,21.869938,True,False,GREEN,0.475500
monza_bea_lap8_to_soft_new_tyre_only,BEA,8,SOFT,new,tyre_only,S-H-S,2,-35.512790,-60.815907,-15.761804,0.984000,-58.259145,21.658602,False,False,GREEN,0.472625
monza_bea_lap8_to_medium_new_tyre_only,BEA,8,MEDIUM,new,tyre_only,S-H-M,2,2.960418,-11.945505,17.840367,0.390000,-18.937000,21.891733,True,False,GREEN,0.472708
monza_bea_lap8_to_hard_new_tyre_only,BEA,8,HARD,new,tyre_only,S-H-H,2,17.685832,13.885399,21.400191,0.000000,-4.164010,21.869938,True,False,GREEN,0.623125
monza_bea_lap9_to_soft_new_tyre_only,BEA,9,SOFT,new,tyre_only,S-H-S,2,-35.160151,-59.890548,-16.183883,0.986000,-57.909509,21.658602,False,False,GREEN,0.599916
monza_bea_lap9_to_medium_new_tyre_only,BEA,9,MEDIUM,new,tyre_only,S-H-M,2,2.275457,-12.186619,17.045355,0.426000,-19.526349,21.891733,True,False,GREEN,0.508375
monza_bea_lap9_to_hard_new_tyre_only,BEA,9,HARD,new,tyre_only,S-H-H,2,16.972425,13.101436,20.771925,0.000000,-4.885772,21.869938,True,False,GREEN,0.499334
monza_bea_lap10_to_soft_new_tyre_only,BEA,10,SOFT,new,tyre_only,S-H-S,2,-34.824096,-58.535976,-16.453641,0.988000,-57.516918,21.658602,False,False,GREEN,0.580208
monza_bea_lap10_to_medium_new_tyre_only,BEA,10,MEDIUM,new,tyre_only,S-H-M,2,1.789383,-12.408237,16.106603,0.434000,-20.069781,21.891733,True,False,GREEN,0.526541
monza_bea_lap10_to_hard_new_tyre_only,BEA,10,HARD,new,tyre_only,S-H-H,2,16.307204,12.352260,20.161563,0.000000,-5.570520,21.869938,True,False,GREEN,0.501334
monza_bea_lap11_to_soft_new_tyre_only,BEA,11,SOFT,new,tyre_only,S-H-S,2,-34.317831,-56.999122,-16.591773,0.990000,-57.081372,21.658602,False,False,GREEN,0.470708
monza_bea_lap11_to_medium_new_tyre_only,BEA,11,MEDIUM,new,tyre_only,S-H-M,2,1.356168,-12.702121,15.368051,0.454000,-20.567296,21.891733,True,False,GREEN,0.496250
monza_bea_lap11_to_hard_new_tyre_only,BEA,11,HARD,new,tyre_only,S-H-H,2,15.723620,11.594193,19.624991,0.000000,-6.218255,21.869938,True,False,GREEN,0.474625
monza_bea_lap12_to_soft_new_tyre_only,BEA,12,SOFT,new,tyre_only,S-H-S,2,-34.199428,-55.854244,-16.853632,0.994000,-56.602871,21.658602,False,False,GREEN,0.468666
monza_bea_lap12_to_medium_new_tyre_only,BEA,12,MEDIUM,new,tyre_only,S-H-M,2,0.945358,-12.790742,14.578998,0.474000,-21.018894,21.891733,True,False,GREEN,0.453041
monza_bea_lap12_to_hard_new_tyre_only,BEA,12,HARD,new,tyre_only,S-H-H,2,15.085088,10.929173,18.980446,0.000000,-6.828977,21.869938,True,False,GREEN,0.466000
monza_bea_lap13_to_soft_new_tyre_only,BEA,13,SOFT,new,tyre_only,S-H-S,2,-33.732897,-54.351427,-16.924022,0.998000,-56.081415,21.658602,False,False,GREEN,0.483667
monza_bea_lap13_to_medium_new_tyre_only,BEA,13,MEDIUM,new,tyre_only,S-H-M,2,0.522247,-12.821979,13.835305,0.490000,-21.424576,21.891733,True,False,GREEN,0.501458
monza_bea_lap13_to_hard_new_tyre_only,BEA,13,HARD,new,tyre_only,S-H-H,2,14.535832,10.341016,18.448798,0.000000,-7.402685,21.869938,True,False,GREEN,0.500542
monza_bea_lap14_to_soft_new_tyre_only,BEA,14,SOFT,new,tyre_only,S-H-S,2,-33.071322,-52.824649,-16.774771,0.998000,-55.517004,21.658602,False,False,GREEN,0.506000
monza_bea_lap14_to_medium_new_tyre_only,BEA,14,MEDIUM,new,tyre_only,S-H-M,2,0.031779,-12.933869,13.136972,0.498000,-21.784340,21.891733,True,False,GREEN,0.499125
monza_bea_lap14_to_hard_new_tyre_only,BEA,14,HARD,new,tyre_only,S-H-H,2,13.964075,9.737207,17.953983,0.000000,-7.939380,21.869938,True,False,GREEN,0.489333
monza_bea_lap15_to_soft_new_tyre_only,BEA,15,SOFT,new,tyre_only,S-H-S,2,-32.663740,-51.791439,-16.822802,0.998000,-54.909637,21.658602,False,False,GREEN,0.502292
monza_bea_lap15_to_medium_new_tyre_only,BEA,15,MEDIUM,new,tyre_only,S-H-M,2,-0.389954,-12.993967,12.692542,0.506000,-22.098188,21.891733,True,False,GREEN,0.570292
monza_bea_lap15_to_hard_new_tyre_only,BEA,15,HARD,new,tyre_only,S-H-H,2,13.474214,9.198340,17.535238,0.000000,-8.439061,21.869938,True,False,GREEN,0.517625
monza_bea_lap16_to_soft_new_tyre_only,BEA,16,SOFT,new,tyre_only,S-H-S,2,-32.012781,-50.599760,-16.881033,0.998000,-54.259316,21.658602,False,False,GREEN,0.475208
monza_bea_lap16_to_medium_new_tyre_only,BEA,16,MEDIUM,new,tyre_only,S-H-M,2,-0.689994,-12.975015,12.297481,0.518000,-22.366118,21.891733,True,False,GREEN,0.478375
monza_bea_lap16_to_hard_new_tyre_only,BEA,16,HARD,new,tyre_only,S-H-H,2,12.989066,8.707295,17.127563,0.000000,-8.901729,21.869938,True,False,GREEN,0.474542
monza_bea_lap17_to_soft_new_tyre_only,BEA,17,SOFT,new,tyre_only,S-H-S,2,-31.322112,-49.099000,-16.741777,0.998000,-53.566039,21.658602,False,False,GREEN,0.473416
monza_bea_lap17_to_medium_new_tyre_only,BEA,17,MEDIUM,new,tyre_only,S-H-M,2,-0.990811,-12.849486,11.629281,0.526000,-22.588132,21.891733,True,False,GREEN,0.473041
monza_bea_lap17_to_hard_new_tyre_only,BEA,17,HARD,new,tyre_only,S-H-H,2,12.552112,8.205191,16.754303,0.000000,-9.327383,21.869938,True,False,GREEN,0.475500
monza_bea_lap18_to_soft_new_tyre_only,BEA,18,SOFT,new,tyre_only,S-H-S,2,-30.475109,-47.594972,-16.658766,0.998000,-52.829808,21.658602,False,False,GREEN,0.474666
monza_bea_lap18_to_medium_new_tyre_only,BEA,18,MEDIUM,new,tyre_only,S-H-M,2,-1.121263,-12.606382,10.943955,0.536000,-22.764229,21.891733,True,False,GREEN,0.474167
monza_bea_lap18_to_hard_new_tyre_only,BEA,18,HARD,new,tyre_only,S-H-H,2,12.180143,7.796537,16.415126,0.002000,-9.716024,21.869938,True,False,GREEN,0.473417
monza_bea_lap19_to_soft_new_tyre_only,BEA,19,SOFT,new,tyre_only,S-H-S,2,-29.774970,-46.004174,-16.491715,0.998000,-52.050621,21.658602,False,False,GREEN,0.473458
monza_bea_lap19_to_medium_new_tyre_only,BEA,19,MEDIUM,new,tyre_only,S-H-M,2,-1.174748,-12.419901,10.536699,0.544000,-22.894409,21.891733,True,False,GREEN,0.471916
monza_bea_lap19_to_hard_new_tyre_only,BEA,19,HARD,new,tyre_only,S-H-H,2,11.841613,7.424498,16.106559,0.002000,-10.067651,21.869938,True,False,GREEN,0.470458
monza_bea_lap20_to_soft_new_tyre_only,BEA,20,SOFT,new,tyre_only,S-H-S,2,-29.214045,-44.425151,-16.441931,0.998000,-51.228480,21.658602,False,False,GREEN,0.465750
monza_bea_lap20_to_medium_new_tyre_only,BEA,20,MEDIUM,new,tyre_only,S-H-M,2,-1.217565,-12.158463,10.167491,0.548000,-22.978673,21.891733,True,False,GREEN,0.470500
monza_bea_lap20_to_hard_new_tyre_only,BEA,20,HARD,new,tyre_only,S-H-H,2,11.532455,7.080384,15.832201,0.002000,-10.382266,21.869938,True,False,GREEN,0.499625
monza_bea_lap21_to_soft_new_tyre_only,BEA,21,SOFT,new,tyre_only,S-H-S,2,-28.400336,-42.844648,-16.094843,0.998000,-50.363383,21.658602,False,False,GREEN,0.471959
monza_bea_lap21_to_medium_new_tyre_only,BEA,21,MEDIUM,new,tyre_only,S-H-M,2,-1.215514,-11.879544,9.733388,0.552000,-23.017019,21.891733,True,False,GREEN,0.473084
monza_bea_lap21_to_hard_new_tyre_only,BEA,21,HARD,new,tyre_only,S-H-H,2,11.259398,6.710577,15.585878,0.002000,-10.659866,21.869938,True,False,GREEN,0.470375
monza_bea_lap22_to_soft_new_tyre_only,BEA,22,SOFT,new,tyre_only,S-H-S,2,-27.415612,-41.225794,-15.721187,0.998000,-49.455331,21.658602,False,False,GREEN,0.476333
monza_bea_lap22_to_medium_new_tyre_only,BEA,22,MEDIUM,new,tyre_only,S-H-M,2,-1.231793,-11.623359,9.490885,0.554000,-23.009449,21.891733,True,False,GREEN,0.467417
monza_bea_lap22_to_hard_new_tyre_only,BEA,22,HARD,new,tyre_only,S-H-H,2,11.050464,6.396174,15.370156,0.002000,-10.900454,21.869938,True,False,GREEN,0.468917
monza_bea_lap23_to_soft_new_tyre_only,BEA,23,SOFT,new,tyre_only,S-H-S,2,-26.360139,-39.594204,-15.266804,0.998000,-48.504324,21.658602,False,False,GREEN,0.468875
monza_bea_lap23_to_medium_new_tyre_only,BEA,23,MEDIUM,new,tyre_only,S-H-M,2,-1.189080,-11.378067,9.348060,0.552000,-22.955961,21.891733,True,False,GREEN,0.468125
monza_bea_lap23_to_hard_new_tyre_only,BEA,23,HARD,new,tyre_only,S-H-H,2,10.874241,6.143699,15.183689,0.002000,-11.104027,21.869938,True,False,GREEN,0.471792
monza_bea_lap24_to_soft_new_tyre_only,BEA,24,SOFT,new,tyre_only,S-H-S,2,-25.254677,-37.999004,-14.778443,0.998000,-47.510362,21.658602,False,False,GREEN,0.468291
monza_bea_lap24_to_medium_new_tyre_only,BEA,24,MEDIUM,new,tyre_only,S-H-M,2,-1.121553,-10.996310,9.184361,0.548000,-22.856557,21.891733,True,False,GREEN,0.463208
monza_bea_lap24_to_hard_new_tyre_only,BEA,24,HARD,new,tyre_only,S-H-H,2,10.725128,5.971575,15.012917,0.002000,-11.270588,21.869938,True,False,GREEN,0.469291
monza_bea_lap25_to_soft_new_tyre_only,BEA,25,SOFT,new,tyre_only,S-H-S,2,-24.281514,-36.363830,-14.079461,0.998000,-46.473445,21.658602,False,False,GREEN,0.462625
monza_bea_lap25_to_medium_new_tyre_only,BEA,25,MEDIUM,new,tyre_only,S-H-M,2,-1.011730,-10.530678,9.091578,0.548000,-22.711236,21.891733,True,False,GREEN,0.465625
monza_bea_lap25_to_hard_new_tyre_only,BEA,25,HARD,new,tyre_only,S-H-H,2,10.596461,5.823967,14.880095,0.002000,-11.400135,21.869938,True,False,GREEN,0.478459
monza_bea_lap26_to_soft_new_tyre_only,BEA,26,SOFT,new,tyre_only,S-H-S,2,-23.285857,-34.779278,-13.452091,0.998000,-45.393572,21.658602,False,False,GREEN,0.469917
monza_bea_lap26_to_medium_new_tyre_only,BEA,26,MEDIUM,new,tyre_only,S-H-M,2,-0.699413,-10.079600,9.056014,0.536000,-22.519998,21.891733,True,False,GREEN,0.463000
monza_bea_lap26_to_hard_new_tyre_only,BEA,26,HARD,new,tyre_only,S-H-H,2,10.514780,5.698918,14.789828,0.002000,-11.492668,21.869938,True,False,GREEN,0.469417
monza_bea_lap27_to_soft_new_tyre_only,BEA,27,SOFT,new,tyre_only,S-H-S,2,-22.225201,-33.354365,-12.594587,0.998000,-44.270745,21.658602,False,False,VSC,0.463792
monza_bea_lap27_to_medium_new_tyre_only,BEA,27,MEDIUM,new,tyre_only,S-H-M,2,-0.397922,-9.682527,9.061218,0.522000,-22.282843,21.891733,True,False,VSC,0.461750
monza_bea_lap27_to_hard_new_tyre_only,BEA,27,HARD,new,tyre_only,S-H-H,2,10.470285,5.633672,14.738532,0.002000,-11.548188,21.869938,True,False,VSC,0.465250
monza_bea_lap28_to_soft_new_tyre_only,BEA,28,SOFT,new,tyre_only,S-H-S,2,-21.005554,-31.584148,-11.844150,0.998000,-43.104963,21.658602,True,False,VSC,0.469208
monza_bea_lap28_to_medium_new_tyre_only,BEA,28,MEDIUM,new,tyre_only,S-H-M,2,-0.093969,-9.154129,9.109217,0.508000,-21.999772,21.891733,True,False,VSC,0.462250
monza_bea_lap28_to_hard_new_tyre_only,BEA,28,HARD,new,tyre_only,S-H-H,2,10.453941,5.615039,14.721433,0.002000,-11.566695,21.869938,True,False,VSC,0.463666
monza_bea_lap29_to_soft_new_tyre_only,BEA,29,SOFT,new,tyre_only,S-H-S,2,-19.837391,-29.805797,-11.070140,0.998000,-41.896225,21.658602,True,False,GREEN,0.468583
monza_bea_lap29_to_medium_new_tyre_only,BEA,29,MEDIUM,new,tyre_only,S-H-M,2,0.264683,-8.521805,9.169923,0.482000,-21.670783,21.891733,True,False,GREEN,0.462250
monza_bea_lap29_to_hard_new_tyre_only,BEA,29,HARD,new,tyre_only,S-H-H,2,10.470285,5.633672,14.738532,0.002000,-11.548188,21.869938,True,False,GREEN,0.465708
monza_bea_lap30_to_soft_new_tyre_only,BEA,30,SOFT,new,tyre_only,S-H-S,2,-18.645162,-28.083395,-10.169499,0.998000,-40.644533,21.658602,True,False,GREEN,0.458833
monza_bea_lap30_to_medium_new_tyre_only,BEA,30,MEDIUM,new,tyre_only,S-H-M,2,0.630621,-7.900488,9.340210,0.460000,-21.295878,21.891733,True,False,GREEN,0.459500
monza_bea_lap30_to_hard_new_tyre_only,BEA,30,HARD,new,tyre_only,S-H-H,2,10.514780,5.698918,14.789828,0.002000,-11.492668,21.869938,True,False,GREEN,0.465666
monza_bea_lap31_to_soft_new_tyre_only,BEA,31,SOFT,new,tyre_only,S-H-S,2,-17.366828,-26.294645,-9.240507,0.998000,-39.349885,21.658602,True,False,GREEN,0.461250
monza_bea_lap31_to_medium_new_tyre_only,BEA,31,MEDIUM,new,tyre_only,S-H-M,2,1.049707,-7.238763,9.522662,0.428000,-20.875056,21.891733,True,False,GREEN,0.475542
monza_bea_lap31_to_hard_new_tyre_only,BEA,31,HARD,new,tyre_only,S-H-H,2,10.596461,5.823967,14.880095,0.002000,-11.400135,21.869938,True,False,GREEN,0.463875
monza_bea_lap32_to_soft_new_tyre_only,BEA,32,SOFT,new,tyre_only,S-H-S,2,-16.100814,-24.555848,-8.201793,0.996000,-38.012282,21.658602,True,False,GREEN,0.476208
monza_bea_lap32_to_medium_new_tyre_only,BEA,32,MEDIUM,new,tyre_only,S-H-M,2,1.501757,-6.465689,9.748179,0.396000,-20.408317,21.891733,True,False,GREEN,0.464250
monza_bea_lap32_to_hard_new_tyre_only,BEA,32,HARD,new,tyre_only,S-H-H,2,10.725128,5.971575,15.012917,0.002000,-11.270588,21.869938,True,False,GREEN,0.470959
monza_bea_lap33_to_soft_new_tyre_only,BEA,33,SOFT,new,tyre_only,S-H-S,2,-14.847002,-22.788787,-7.399417,0.996000,-36.631724,21.658602,True,False,GREEN,0.460875
monza_bea_lap33_to_medium_new_tyre_only,BEA,33,MEDIUM,new,tyre_only,S-H-M,2,2.059917,-5.681800,9.904395,0.364000,-19.895661,21.891733,True,False,GREEN,0.460125
monza_bea_lap33_to_hard_new_tyre_only,BEA,33,HARD,new,tyre_only,S-H-H,2,10.874241,6.143699,15.183689,0.002000,-11.104027,21.869938,True,False,GREEN,0.470583
monza_bea_lap34_to_soft_new_tyre_only,BEA,34,SOFT,new,tyre_only,S-H-S,2,-13.517734,-21.055113,-6.337501,0.994000,-35.208211,21.658602,True,False,GREEN,0.456833
monza_bea_lap34_to_medium_new_tyre_only,BEA,34,MEDIUM,new,tyre_only,S-H-M,2,2.595736,-4.800583,10.104001,0.344000,-19.337088,21.891733,True,False,GREEN,0.455666
monza_bea_lap34_to_hard_new_tyre_only,BEA,34,HARD,new,tyre_only,S-H-H,2,11.050464,6.396174,15.370156,0.002000,-10.900454,21.869938,True,False,GREEN,0.469208
monza_bea_lap35_to_soft_new_tyre_only,BEA,35,SOFT,new,tyre_only,S-H-S,2,-12.004854,-19.278957,-5.096468,0.992000,-33.741743,21.658602,True,False,GREEN,0.466209
monza_bea_lap35_to_medium_new_tyre_only,BEA,35,MEDIUM,new,tyre_only,S-H-M,2,3.287485,-3.872610,10.450814,0.306000,-18.732598,21.891733,True,False,GREEN,0.460375
monza_bea_lap35_to_hard_new_tyre_only,BEA,35,HARD,new,tyre_only,S-H-H,2,11.259398,6.710577,15.585878,0.002000,-10.659866,21.869938,True,False,GREEN,0.472458
monza_bea_lap36_to_soft_new_tyre_only,BEA,36,SOFT,new,tyre_only,S-H-S,2,-10.464380,-17.303481,-3.894456,0.990000,-32.232320,21.658602,True,False,GREEN,0.498250
monza_bea_lap36_to_medium_new_tyre_only,BEA,36,MEDIUM,new,tyre_only,S-H-M,2,3.967050,-3.001227,10.819826,0.254000,-18.082192,21.891733,True,False,GREEN,0.545833
monza_bea_lap36_to_hard_new_tyre_only,BEA,36,HARD,new,tyre_only,S-H-H,2,11.532455,7.080384,15.832201,0.002000,-10.382266,21.869938,True,False,GREEN,0.478917
monza_bea_lap37_to_soft_new_tyre_only,BEA,37,SOFT,new,tyre_only,S-H-S,2,-8.917269,-15.549775,-2.607043,0.962000,-30.679942,21.658602,True,False,GREEN,0.468458
monza_bea_lap37_to_medium_new_tyre_only,BEA,37,MEDIUM,new,tyre_only,S-H-M,2,4.685161,-2.062418,11.282147,0.208000,-17.385868,21.891733,True,False,GREEN,0.457417
monza_bea_lap37_to_hard_new_tyre_only,BEA,37,HARD,new,tyre_only,S-H-H,2,11.841613,7.424498,16.106559,0.002000,-10.067651,21.869938,True,False,GREEN,0.455750
monza_bea_lap38_to_soft_new_tyre_only,BEA,38,SOFT,new,tyre_only,S-H-S,2,-7.302485,-13.596214,-1.333915,0.934000,-29.084609,21.658602,True,False,GREEN,0.470000
monza_bea_lap38_to_medium_new_tyre_only,BEA,38,MEDIUM,new,tyre_only,S-H-M,2,5.472648,-1.002216,11.775712,0.150000,-16.643628,21.891733,True,False,GREEN,0.472833
monza_bea_lap38_to_hard_new_tyre_only,BEA,38,HARD,new,tyre_only,S-H-H,2,12.180143,7.796537,16.415126,0.002000,-9.716024,21.869938,True,False,GREEN,0.462542
monza_bea_lap39_to_soft_new_tyre_only,BEA,39,SOFT,new,tyre_only,S-H-S,2,-5.546449,-11.742605,0.045322,0.892000,-27.446321,21.658602,True,False,GREEN,0.488917
monza_bea_lap39_to_medium_new_tyre_only,BEA,39,MEDIUM,new,tyre_only,S-H-M,2,6.206224,0.084910,12.268320,0.098000,-15.855471,21.891733,True,False,GREEN,0.463375
monza_bea_lap39_to_hard_new_tyre_only,BEA,39,HARD,new,tyre_only,S-H-H,2,12.552112,8.205191,16.754303,0.000000,-9.327383,21.869938,True,False,GREEN,0.460250
monza_bea_lap40_to_soft_new_tyre_only,BEA,40,SOFT,new,tyre_only,S-H-S,2,-3.979253,-9.848448,1.454290,0.834000,-25.765077,21.658602,True,False,GREEN,0.465959
monza_bea_lap40_to_medium_new_tyre_only,BEA,40,MEDIUM,new,tyre_only,S-H-M,2,6.996498,1.211910,12.849941,0.060000,-15.021397,21.891733,True,False,GREEN,0.464334
monza_bea_lap40_to_hard_new_tyre_only,BEA,40,HARD,new,tyre_only,S-H-H,2,12.989066,8.707295,17.127563,0.000000,-8.901729,21.869938,True,False,GREEN,0.460709
monza_bea_lap41_to_soft_new_tyre_only,BEA,41,SOFT,new,tyre_only,S-H-S,2,-2.312200,-7.863824,2.848677,0.696000,-24.040879,21.658602,True,False,GREEN,0.454000
monza_bea_lap41_to_medium_new_tyre_only,BEA,41,MEDIUM,new,tyre_only,S-H-M,2,7.829398,2.300648,13.384953,0.030000,-14.141406,21.891733,True,False,GREEN,0.475083
monza_bea_lap41_to_hard_new_tyre_only,BEA,41,HARD,new,tyre_only,S-H-H,2,13.474214,9.198340,17.535238,0.000000,-8.439061,21.869938,True,False,GREEN,0.452375
monza_bea_lap42_to_soft_new_tyre_only,BEA,42,SOFT,new,tyre_only,S-H-S,2,-0.460562,-5.770405,4.533407,0.538000,-22.273725,21.658602,True,False,GREEN,0.451500
monza_bea_lap42_to_medium_new_tyre_only,BEA,42,MEDIUM,new,tyre_only,S-H-M,2,8.754846,3.520638,13.939018,0.012000,-13.215498,21.891733,True,False,GREEN,0.454041
monza_bea_lap42_to_hard_new_tyre_only,BEA,42,HARD,new,tyre_only,S-H-H,2,13.964075,9.737207,17.953983,0.000000,-7.939380,21.869938,True,False,GREEN,0.492167
monza_bea_lap43_to_soft_new_tyre_only,BEA,43,SOFT,new,tyre_only,S-H-S,2,1.415275,-3.783992,6.186477,0.366000,-20.463616,21.658602,True,False,GREEN,0.476042
monza_bea_lap43_to_medium_new_tyre_only,BEA,43,MEDIUM,new,tyre_only,S-H-M,2,9.607366,4.666082,14.568910,0.002000,-12.243673,21.891733,True,False,GREEN,0.465083
monza_bea_lap43_to_hard_new_tyre_only,BEA,43,HARD,new,tyre_only,S-H-H,2,14.535832,10.341016,18.448798,0.000000,-7.402685,21.869938,True,False,GREEN,0.462792
monza_bea_lap44_to_soft_new_tyre_only,BEA,44,SOFT,new,tyre_only,S-H-S,2,3.257233,-1.674236,7.676023,0.232000,-18.610553,21.658602,True,False,GREEN,0.493584
monza_bea_lap44_to_medium_new_tyre_only,BEA,44,MEDIUM,new,tyre_only,S-H-M,2,10.613890,5.907368,15.387166,0.002000,-11.225932,21.891733,True,False,GREEN,0.481792
monza_bea_lap44_to_hard_new_tyre_only,BEA,44,HARD,new,tyre_only,S-H-H,2,15.085088,10.929173,18.980446,0.000000,-6.828977,21.869938,True,False,GREEN,0.552250
monza_bea_lap45_to_soft_new_tyre_only,BEA,45,SOFT,new,tyre_only,S-H-S,2,5.121643,0.522637,9.376936,0.084000,-16.714534,21.658602,True,False,GREEN,0.457333
monza_bea_lap45_to_medium_new_tyre_only,BEA,45,MEDIUM,new,tyre_only,S-H-M,2,11.696917,7.180854,16.173186,0.000000,-10.162274,21.891733,True,False,GREEN,0.450375
monza_bea_lap45_to_hard_new_tyre_only,BEA,45,HARD,new,tyre_only,S-H-H,2,15.723620,11.594193,19.624991,0.000000,-6.218255,21.869938,True,False,GREEN,0.450125
monza_bea_lap46_to_soft_new_tyre_only,BEA,46,SOFT,new,tyre_only,S-H-S,2,7.040243,2.595638,11.183284,0.026000,-14.775560,21.658602,True,False,GREEN,0.451334
monza_bea_lap46_to_medium_new_tyre_only,BEA,46,MEDIUM,new,tyre_only,S-H-M,2,12.852722,8.601089,17.157261,0.000000,-9.052699,21.891733,True,False,GREEN,0.448833
monza_bea_lap46_to_hard_new_tyre_only,BEA,46,HARD,new,tyre_only,S-H-H,2,16.307204,12.352260,20.161563,0.000000,-5.570520,21.869938,True,False,GREEN,0.448083
monza_bea_lap47_to_soft_new_tyre_only,BEA,47,SOFT,new,tyre_only,S-H-S,2,9.091068,4.649389,13.023587,0.004000,-12.793631,21.658602,True,False,GREEN,0.451750
monza_bea_lap47_to_medium_new_tyre_only,BEA,47,MEDIUM,new,tyre_only,S-H-M,2,14.056799,9.964888,18.191393,0.000000,-7.897206,21.891733,True,False,GREEN,0.455584
monza_bea_lap47_to_hard_new_tyre_only,BEA,47,HARD,new,tyre_only,S-H-H,2,16.972425,13.101436,20.771925,0.000000,-4.885772,21.869938,True,False,GREEN,0.450375
monza_bea_lap48_to_soft_new_tyre_only,BEA,48,SOFT,new,tyre_only,S-H-S,2,11.002128,6.836551,14.962041,0.002000,-10.768747,21.658602,True,False,GREEN,0.448458
monza_bea_lap48_to_medium_new_tyre_only,BEA,48,MEDIUM,new,tyre_only,S-H-M,2,15.274076,11.344261,19.154486,0.000000,-6.695798,21.891733,True,False,GREEN,0.450709
monza_bea_lap48_to_hard_new_tyre_only,BEA,48,HARD,new,tyre_only,S-H-H,2,17.685832,13.885399,21.400191,0.000000,-4.164010,21.869938,True,False,GREEN,0.447542
monza_bea_lap49_to_soft_new_tyre_only,BEA,49,SOFT,new,tyre_only,S-H-S,2,13.013290,8.971564,16.862841,0.000000,-8.700908,21.658602,True,False,GREEN,0.447542
monza_bea_lap49_to_medium_new_tyre_only,BEA,49,MEDIUM,new,tyre_only,S-H-M,2,16.528112,12.765097,20.149979,0.000000,-5.448472,21.891733,True,False,GREEN,0.446291
monza_bea_lap49_to_hard_new_tyre_only,BEA,49,HARD,new,tyre_only,S-H-H,2,18.445290,14.706799,22.140454,0.000000,-3.405235,21.869938,True,False,GREEN,0.453459
monza_bea_lap50_to_soft_new_tyre_only,BEA,50,SOFT,new,tyre_only,S-H-S,2,15.035999,11.238696,18.831137,0.000000,-6.590113,21.658602,True,False,GREEN,0.445833
monza_bea_lap50_to_medium_new_tyre_only,BEA,50,MEDIUM,new,tyre_only,S-H-M,2,17.720996,14.188580,21.318397,0.000000,-4.155229,21.891733,True,False,GREEN,0.449375
monza_bea_lap50_to_hard_new_tyre_only,BEA,50,HARD,new,tyre_only,S-H-H,2,19.181387,15.584364,22.877989,0.000000,-2.609446,21.869938,True,False,GREEN,0.446334
monza_bea_lap51_to_soft_new_tyre_only,BEA,51,SOFT,new,tyre_only,S-H-S,2,17.460105,13.930041,20.928502,0.000000,-4.436364,21.920263,True,False,GREEN,0.451625
monza_bea_lap51_to_medium_new_tyre_only,BEA,51,MEDIUM,new,tyre_only,S-H-M,2,19.285443,15.892573,22.749032,0.000000,-2.816070,22.090607,True,False,GREEN,0.448083
monza_bea_lap51_to_hard_new_tyre_only,BEA,51,HARD,new,tyre_only,S-H-H,2,20.041264,16.760246,23.749852,0.000000,-1.776644,21.915726,True,False,GREEN,0.444875
monza_bea_lap52_to_soft_new_tyre_only,BEA,52,SOFT,new,tyre_only,S-H-S,2,19.688943,16.383189,23.142974,0.000000,-2.239660,22.037352,True,False,GREEN,0.443042
monza_bea_lap52_to_medium_new_tyre_only,BEA,52,MEDIUM,new,tyre_only,S-H-M,2,20.480877,17.275762,24.041576,0.000000,-1.430993,22.037352,True,False,GREEN,0.444375
monza_bea_lap52_to_hard_new_tyre_only,BEA,52,HARD,new,tyre_only,S-H-H,2,20.984776,17.683043,24.509210,0.000000,-0.906829,22.037352,True,False,GREEN,0.446500
monza_bor_lap2_to_soft_new_tyre_only,BOR,2,SOFT,new,tyre_only,S-S-M,2,-0.049456,-0.084689,-0.010184,0.944000,-0.048897,0.000000,True,True,GREEN,2.850292
monza_bor_lap2_to_medium_new_tyre_only,BOR,2,MEDIUM,new,tyre_only,S-M-M,2,0.757306,0.560098,0.954505,0.000000,0.758936,0.000000,True,True,GREEN,0.635625
monza_bor_lap2_to_hard_new_tyre_only,BOR,2,HARD,new,tyre_only,S-H-M,2,1.288506,1.075062,1.495539,0.000000,1.288557,0.000000,True,True,GREEN,0.582792
monza_bor_lap3_to_soft_new_tyre_only,BOR,3,SOFT,new,tyre_only,S-S,1,-41.827385,-71.766507,-16.928927,0.986000,-42.999532,0.000000,False,True,RED,0.586375
monza_bor_lap3_to_medium_new_tyre_only,BOR,3,MEDIUM,new,tyre_only,S-M,1,0.000000,0.000000,0.000000,0.000000,0.000000,0.000000,True,True,RED,0.525542
monza_bor_lap3_to_hard_new_tyre_only,BOR,3,HARD,new,tyre_only,S-H,1,22.406571,5.811425,38.077433,0.040000,22.258692,0.000000,True,True,RED,0.539166
monza_bor_lap4_to_soft_new_tyre_only,BOR,4,SOFT,new,tyre_only,S-M-S,2,-42.236848,-70.995464,-18.279152,0.988000,-43.389673,0.000000,False,True,RED,0.538291
monza_bor_lap4_to_medium_new_tyre_only,BOR,4,MEDIUM,new,tyre_only,S-M-M,2,-1.307872,-1.524866,-1.094087,1.000000,-1.302289,0.000000,True,True,RED,0.535000
monza_bor_lap4_to_hard_new_tyre_only,BOR,4,HARD,new,tyre_only,S-M-H,2,20.790758,4.459949,36.046407,0.058000,20.595677,0.000000,True,True,RED,0.525917
monza_bor_lap5_to_soft_new_tyre_only,BOR,5,SOFT,new,tyre_only,S-M-S,2,-42.674480,-70.385290,-19.623748,0.990000,-43.728789,0.000000,False,True,RED,0.525292
monza_bor_lap5_to_medium_new_tyre_only,BOR,5,MEDIUM,new,tyre_only,S-M-M,2,-2.562362,-2.987492,-2.143518,1.000000,-2.551423,0.000000,True,True,RED,0.525833
monza_bor_lap5_to_hard_new_tyre_only,BOR,5,HARD,new,tyre_only,S-M-H,2,19.183378,3.108766,34.175553,0.070000,18.982369,0.000000,True,True,RED,0.524875
monza_bor_lap6_to_soft_new_tyre_only,BOR,6,SOFT,new,tyre_only,S-M-S,2,-20.580307,-47.662291,1.176419,0.886000,-44.016878,21.658602,False,False,YELLOW,0.522291
monza_bor_lap6_to_medium_new_tyre_only,BOR,6,MEDIUM,new,tyre_only,S-M-M,2,18.055270,14.615418,21.672300,0.000000,-3.747403,21.891733,True,False,YELLOW,0.523250
monza_bor_lap6_to_hard_new_tyre_only,BOR,6,HARD,new,tyre_only,S-M-H,2,39.803360,22.529727,54.311847,0.000000,17.418769,21.869938,True,False,YELLOW,0.516250
monza_bor_lap7_to_soft_new_tyre_only,BOR,7,SOFT,new,tyre_only,S-M-S,2,-20.928249,-46.869094,-0.090304,0.902000,-44.253942,21.658602,False,False,GREEN,0.521500
monza_bor_lap7_to_medium_new_tyre_only,BOR,7,MEDIUM,new,tyre_only,S-M-M,2,16.925201,13.421867,20.644292,0.000000,-4.890228,21.891733,True,False,GREEN,0.522541
monza_bor_lap7_to_hard_new_tyre_only,BOR,7,HARD,new,tyre_only,S-M-H,2,38.242352,21.424147,52.384469,0.002000,15.904877,21.869938,True,False,GREEN,0.548917
monza_bor_lap8_to_soft_new_tyre_only,BOR,8,SOFT,new,tyre_only,S-M-S,2,-21.078925,-46.112327,-1.215393,0.914000,-44.439980,21.658602,False,False,GREEN,0.824416
monza_bor_lap8_to_medium_new_tyre_only,BOR,8,MEDIUM,new,tyre_only,S-M-M,2,15.832513,12.346090,19.705658,0.000000,-5.979898,21.891733,True,False,GREEN,0.857959
monza_bor_lap8_to_hard_new_tyre_only,BOR,8,HARD,new,tyre_only,S-M-H,2,36.715142,20.288683,50.500413,0.002000,14.440692,21.869938,True,False,GREEN,0.572792
monza_bor_lap9_to_soft_new_tyre_only,BOR,9,SOFT,new,tyre_only,S-M-S,2,-21.281602,-45.321426,-2.164671,0.924000,-44.574992,21.658602,False,False,GREEN,0.517375
monza_bor_lap9_to_medium_new_tyre_only,BOR,9,MEDIUM,new,tyre_only,S-M-M,2,14.827035,11.299858,18.683174,0.000000,-7.016414,21.891733,True,False,GREEN,0.501125
monza_bor_lap9_to_hard_new_tyre_only,BOR,9,HARD,new,tyre_only,S-M-H,2,35.329020,19.173409,48.792038,0.002000,13.026216,21.869938,True,False,GREEN,0.485709
monza_bor_lap10_to_soft_new_tyre_only,BOR,10,SOFT,new,tyre_only,S-M-S,2,-21.421012,-44.709211,-3.090440,0.926000,-44.658978,21.658602,False,False,GREEN,0.482042
monza_bor_lap10_to_medium_new_tyre_only,BOR,10,MEDIUM,new,tyre_only,S-M-M,2,13.851245,10.329482,17.813819,0.000000,-7.999775,21.891733,True,False,GREEN,0.480500
monza_bor_lap10_to_hard_new_tyre_only,BOR,10,HARD,new,tyre_only,S-M-H,2,33.900750,18.113869,47.084434,0.002000,11.661447,21.869938,True,False,GREEN,0.475083
monza_bor_lap11_to_soft_new_tyre_only,BOR,11,SOFT,new,tyre_only,S-M-S,2,-21.608999,-43.889701,-3.922174,0.934000,-44.691939,21.658602,False,False,GREEN,0.476542
monza_bor_lap11_to_medium_new_tyre_only,BOR,11,MEDIUM,new,tyre_only,S-M-M,2,12.974379,9.400949,17.014218,0.000000,-8.929981,21.891733,True,False,GREEN,0.471833
monza_bor_lap11_to_hard_new_tyre_only,BOR,11,HARD,new,tyre_only,S-M-H,2,32.535421,17.159112,45.532767,0.002000,10.346386,21.869938,True,False,GREEN,0.472334
monza_bor_lap12_to_soft_new_tyre_only,BOR,12,SOFT,new,tyre_only,S-M-S,2,-21.691758,-43.258464,-4.507726,0.946000,-44.673873,21.658602,False,False,GREEN,0.472916
monza_bor_lap12_to_medium_new_tyre_only,BOR,12,MEDIUM,new,tyre_only,S-M-M,2,12.079756,8.444410,16.101010,0.000000,-9.807033,21.891733,True,False,GREEN,0.472125
monza_bor_lap12_to_hard_new_tyre_only,BOR,12,HARD,new,tyre_only,S-M-H,2,31.224455,16.050208,43.933123,0.002000,9.081033,21.869938,True,False,GREEN,0.477709
monza_bor_lap13_to_soft_new_tyre_only,BOR,13,SOFT,new,tyre_only,S-M-S,2,-21.775899,-42.404612,-5.201586,0.950000,-44.604782,21.658602,False,False,GREEN,0.492084
monza_bor_lap13_to_medium_new_tyre_only,BOR,13,MEDIUM,new,tyre_only,S-M-M,2,11.287672,7.524598,15.393990,0.000000,-10.630930,21.891733,True,False,GREEN,0.480583
monza_bor_lap13_to_hard_new_tyre_only,BOR,13,HARD,new,tyre_only,S-M-H,2,29.977073,15.346615,42.342927,0.002000,7.865388,21.869938,True,False,GREEN,0.489667
monza_bor_lap14_to_soft_new_tyre_only,BOR,14,SOFT,new,tyre_only,S-M-S,2,-21.725109,-41.545536,-5.726748,0.956000,-44.484665,21.658602,False,False,GREEN,0.481875
monza_bor_lap14_to_medium_new_tyre_only,BOR,14,MEDIUM,new,tyre_only,S-M-M,2,10.463429,6.659706,14.671935,0.002000,-11.401672,21.891733,True,False,GREEN,0.519209
monza_bor_lap14_to_hard_new_tyre_only,BOR,14,HARD,new,tyre_only,S-M-H,2,28.739042,14.436033,40.980537,0.002000,6.699451,21.869938,True,False,GREEN,0.498417
monza_bor_lap15_to_soft_new_tyre_only,BOR,15,SOFT,new,tyre_only,S-M-S,2,-21.588724,-40.716860,-6.109862,0.958000,-44.313523,21.658602,False,False,GREEN,0.490375
monza_bor_lap15_to_medium_new_tyre_only,BOR,15,MEDIUM,new,tyre_only,S-M-M,2,9.765055,5.818766,13.999598,0.006000,-12.119260,21.891733,True,False,GREEN,0.492125
monza_bor_lap15_to_hard_new_tyre_only,BOR,15,HARD,new,tyre_only,S-M-H,2,27.536075,13.575057,39.522385,0.002000,5.583221,21.869938,True,False,GREEN,0.486458
monza_bor_lap16_to_soft_new_tyre_only,BOR,16,SOFT,new,tyre_only,S-M-S,2,-21.523684,-39.726546,-6.573751,0.962000,-44.091354,21.658602,False,False,GREEN,0.497833
monza_bor_lap16_to_medium_new_tyre_only,BOR,16,MEDIUM,new,tyre_only,S-M-M,2,9.085880,5.041494,13.318203,0.008000,-12.783693,21.891733,True,False,GREEN,0.509041
monza_bor_lap16_to_hard_new_tyre_only,BOR,16,HARD,new,tyre_only,S-M-H,2,26.444153,12.840489,38.090555,0.002000,4.516699,21.869938,True,False,GREEN,0.478750
monza_bor_lap17_to_soft_new_tyre_only,BOR,17,SOFT,new,tyre_only,S-M-S,2,-21.415751,-38.593435,-6.900745,0.966000,-43.818160,21.658602,False,False,GREEN,0.497000
monza_bor_lap17_to_medium_new_tyre_only,BOR,17,MEDIUM,new,tyre_only,S-M-M,2,8.505404,4.348955,12.718836,0.008000,-13.394972,21.891733,True,False,GREEN,0.493834
monza_bor_lap17_to_hard_new_tyre_only,BOR,17,HARD,new,tyre_only,S-M-H,2,25.509198,12.142240,36.710322,0.002000,3.499885,21.869938,True,False,GREEN,0.499833
monza_bor_lap18_to_soft_new_tyre_only,BOR,18,SOFT,new,tyre_only,S-M-S,2,-21.177310,-37.521793,-7.153426,0.970000,-43.493940,21.658602,False,False,GREEN,0.486042
monza_bor_lap18_to_medium_new_tyre_only,BOR,18,MEDIUM,new,tyre_only,S-M-M,2,7.943030,3.802330,12.213639,0.014000,-13.953096,21.891733,True,False,GREEN,0.488500
monza_bor_lap18_to_hard_new_tyre_only,BOR,18,HARD,new,tyre_only,S-M-H,2,24.499078,11.549234,35.387534,0.002000,2.532779,21.869938,True,False,GREEN,0.460667
monza_bor_lap19_to_soft_new_tyre_only,BOR,19,SOFT,new,tyre_only,S-M-S,2,-20.883166,-36.521102,-7.594469,0.970000,-43.118695,21.658602,False,False,GREEN,0.480000
monza_bor_lap19_to_medium_new_tyre_only,BOR,19,MEDIUM,new,tyre_only,S-M-M,2,7.400177,3.195509,11.723893,0.014000,-14.458065,21.891733,True,False,GREEN,0.530708
monza_bor_lap19_to_hard_new_tyre_only,BOR,19,HARD,new,tyre_only,S-M-H,2,23.529508,10.946566,34.111689,0.002000,1.615381,21.869938,True,False,GREEN,0.548666
monza_bor_lap20_to_soft_new_tyre_only,BOR,20,SOFT,new,tyre_only,S-M-S,2,-20.442609,-35.378793,-7.675280,0.970000,-42.692423,21.658602,False,False,GREEN,0.508875
monza_bor_lap20_to_medium_new_tyre_only,BOR,20,MEDIUM,new,tyre_only,S-M-M,2,6.938706,2.684460,11.267902,0.022000,-14.909879,21.891733,True,False,GREEN,0.477958
monza_bor_lap20_to_hard_new_tyre_only,BOR,20,HARD,new,tyre_only,S-M-H,2,22.644072,10.460503,33.056409,0.002000,0.747691,21.869938,True,False,GREEN,0.469583
monza_bor_lap21_to_soft_new_tyre_only,BOR,21,SOFT,new,tyre_only,S-M-S,2,-19.899507,-34.293597,-7.714987,0.972000,-42.215126,21.658602,False,False,GREEN,0.697458
monza_bor_lap21_to_medium_new_tyre_only,BOR,21,MEDIUM,new,tyre_only,S-M-M,2,6.508156,2.280372,10.938656,0.028000,-15.308539,21.891733,True,False,GREEN,0.848625
monza_bor_lap21_to_hard_new_tyre_only,BOR,21,HARD,new,tyre_only,S-M-H,2,21.831563,9.966192,31.879573,0.002000,-0.070292,21.869938,True,False,GREEN,0.636584
monza_bor_lap22_to_soft_new_tyre_only,BOR,22,SOFT,new,tyre_only,S-M-S,2,-19.371912,-33.161586,-7.711916,0.974000,-41.686803,21.658602,False,False,GREEN,0.577875
monza_bor_lap22_to_medium_new_tyre_only,BOR,22,MEDIUM,new,tyre_only,S-M-M,2,6.164991,1.930786,10.649571,0.038000,-15.654044,21.891733,True,False,GREEN,0.549417
monza_bor_lap22_to_hard_new_tyre_only,BOR,22,HARD,new,tyre_only,S-M-H,2,21.084499,9.478147,30.850146,0.002000,-0.838567,21.869938,True,False,GREEN,0.528791
monza_bor_lap23_to_soft_new_tyre_only,BOR,23,SOFT,new,tyre_only,S-M-S,2,-18.834947,-32.081641,-7.584272,0.974000,-41.107454,21.658602,False,False,GREEN,0.528625
monza_bor_lap23_to_medium_new_tyre_only,BOR,23,MEDIUM,new,tyre_only,S-M-M,2,5.850187,1.637596,10.419324,0.038000,-15.946395,21.891733,True,False,GREEN,0.529500
monza_bor_lap23_to_hard_new_tyre_only,BOR,23,HARD,new,tyre_only,S-M-H,2,20.473415,9.031722,29.878157,0.002000,-1.557133,21.869938,True,False,GREEN,0.520458
monza_bor_lap24_to_soft_new_tyre_only,BOR,24,SOFT,new,tyre_only,S-M-S,2,-18.270299,-30.739469,-7.606999,0.976000,-40.477079,21.658602,False,False,GREEN,0.519416
monza_bor_lap24_to_medium_new_tyre_only,BOR,24,MEDIUM,new,tyre_only,S-M-M,2,5.629800,1.382496,10.225658,0.046000,-16.185591,21.891733,True,False,GREEN,0.513500
monza_bor_lap24_to_hard_new_tyre_only,BOR,24,HARD,new,tyre_only,S-M-H,2,19.822908,8.808928,29.034686,0.002000,-2.225993,21.869938,True,False,GREEN,0.508417
monza_bor_lap25_to_soft_new_tyre_only,BOR,25,SOFT,new,tyre_only,S-M-S,2,-17.665135,-29.229237,-7.503533,0.976000,-39.795679,21.658602,False,False,GREEN,0.509541
monza_bor_lap25_to_medium_new_tyre_only,BOR,25,MEDIUM,new,tyre_only,S-M-M,2,5.448986,1.163558,10.054143,0.048000,-16.371632,21.891733,True,False,GREEN,0.510333
monza_bor_lap25_to_hard_new_tyre_only,BOR,25,HARD,new,tyre_only,S-M-H,2,19.149502,8.591813,28.216871,0.002000,-2.845144,21.869938,True,False,GREEN,0.557584
monza_bor_lap26_to_soft_new_tyre_only,BOR,26,SOFT,new,tyre_only,S-M-S,2,-17.087412,-27.938047,-7.284774,0.976000,-39.063253,21.658602,False,False,GREEN,0.608417
monza_bor_lap26_to_medium_new_tyre_only,BOR,26,MEDIUM,new,tyre_only,S-M-M,2,5.321730,1.040042,9.907731,0.054000,-16.504519,21.891733,True,False,GREEN,0.498250
monza_bor_lap26_to_hard_new_tyre_only,BOR,26,HARD,new,tyre_only,S-M-H,2,18.570096,8.291622,27.396119,0.004000,-3.414587,21.869938,True,False,GREEN,0.481417
monza_bor_lap27_to_soft_new_tyre_only,BOR,27,SOFT,new,tyre_only,S-M-S,2,-16.375078,-26.660921,-6.964418,0.972000,-38.279801,21.658602,False,False,VSC,0.473917
monza_bor_lap27_to_medium_new_tyre_only,BOR,27,MEDIUM,new,tyre_only,S-M-M,2,5.236319,0.965932,9.819884,0.054000,-16.584251,21.891733,True,False,VSC,0.457000
monza_bor_lap27_to_hard_new_tyre_only,BOR,27,HARD,new,tyre_only,S-M-H,2,18.087380,8.166810,26.620661,0.004000,-3.934323,21.869938,True,False,VSC,0.483666
monza_bor_lap28_to_soft_new_tyre_only,BOR,28,SOFT,new,tyre_only,S-M-S,2,-15.542516,-25.277329,-6.536908,0.970000,-37.445323,21.658602,True,False,VSC,0.478708
monza_bor_lap28_to_medium_new_tyre_only,BOR,28,MEDIUM,new,tyre_only,S-M-M,2,5.207228,0.941229,9.790602,0.058000,-16.610828,21.891733,True,False,VSC,0.491334
monza_bor_lap28_to_hard_new_tyre_only,BOR,28,HARD,new,tyre_only,S-M-H,2,17.607108,7.917740,25.860980,0.004000,-4.404351,21.869938,True,False,VSC,0.473375
monza_bor_lap29_to_soft_new_tyre_only,BOR,29,SOFT,new,tyre_only,S-M-S,2,-14.701005,-23.915772,-6.062653,0.970000,-36.559820,21.658602,True,False,GREEN,0.474791
monza_bor_lap29_to_medium_new_tyre_only,BOR,29,MEDIUM,new,tyre_only,S-M-M,2,5.236319,0.965932,9.819884,0.054000,-16.584251,21.891733,True,False,GREEN,0.481416
monza_bor_lap29_to_hard_new_tyre_only,BOR,29,HARD,new,tyre_only,S-M-H,2,17.228273,7.848420,25.249913,0.004000,-4.824670,21.869938,True,False,GREEN,0.471583
monza_bor_lap30_to_soft_new_tyre_only,BOR,30,SOFT,new,tyre_only,S-M-S,2,-13.859359,-22.416557,-5.591175,0.970000,-35.623290,21.658602,True,False,GREEN,0.467708
monza_bor_lap30_to_medium_new_tyre_only,BOR,30,MEDIUM,new,tyre_only,S-M-M,2,5.321730,1.040042,9.907731,0.054000,-16.504519,21.891733,True,False,GREEN,0.469209
monza_bor_lap30_to_hard_new_tyre_only,BOR,30,HARD,new,tyre_only,S-M-H,2,16.910434,7.863379,24.630166,0.004000,-5.195283,21.869938,True,False,GREEN,0.467167
monza_bor_lap31_to_soft_new_tyre_only,BOR,31,SOFT,new,tyre_only,S-M-S,2,-12.872837,-21.136781,-5.109178,0.968000,-34.635735,21.658602,True,False,GREEN,0.462959
monza_bor_lap31_to_medium_new_tyre_only,BOR,31,MEDIUM,new,tyre_only,S-M-M,2,5.448986,1.163558,10.054143,0.048000,-16.371632,21.891733,True,False,GREEN,0.463625
monza_bor_lap31_to_hard_new_tyre_only,BOR,31,HARD,new,tyre_only,S-M-H,2,16.522725,7.856115,24.082770,0.004000,-5.516187,21.869938,True,False,GREEN,0.462166
monza_bor_lap32_to_soft_new_tyre_only,BOR,32,SOFT,new,tyre_only,S-M-S,2,-11.893817,-19.694576,-4.341171,0.966000,-33.597154,21.658602,True,False,GREEN,0.463833
monza_bor_lap32_to_medium_new_tyre_only,BOR,32,MEDIUM,new,tyre_only,S-M-M,2,5.629800,1.382496,10.225658,0.046000,-16.185591,21.891733,True,False,GREEN,0.465041
monza_bor_lap32_to_hard_new_tyre_only,BOR,32,HARD,new,tyre_only,S-M-H,2,16.219777,7.892384,23.596173,0.004000,-5.787383,21.869938,True,False,GREEN,0.463583
monza_bor_lap33_to_soft_new_tyre_only,BOR,33,SOFT,new,tyre_only,S-M-S,2,-10.852460,-18.328020,-3.592166,0.962000,-32.507548,21.658602,True,False,GREEN,0.462917
monza_bor_lap33_to_medium_new_tyre_only,BOR,33,MEDIUM,new,tyre_only,S-M-M,2,5.850187,1.637596,10.419324,0.038000,-15.946395,21.891733,True,False,GREEN,0.465125
monza_bor_lap33_to_hard_new_tyre_only,BOR,33,HARD,new,tyre_only,S-M-H,2,15.999912,7.922995,23.093028,0.004000,-6.008872,21.869938,True,False,GREEN,0.457875
monza_bor_lap34_to_soft_new_tyre_only,BOR,34,SOFT,new,tyre_only,S-M-S,2,-9.692499,-16.769122,-2.860715,0.956000,-31.366915,21.658602,True,False,GREEN,0.467708
monza_bor_lap34_to_medium_new_tyre_only,BOR,34,MEDIUM,new,tyre_only,S-M-M,2,6.164991,1.930786,10.649571,0.038000,-15.654044,21.891733,True,False,GREEN,0.459334
monza_bor_lap34_to_hard_new_tyre_only,BOR,34,HARD,new,tyre_only,S-M-H,2,15.845745,7.985157,22.664802,0.002000,-6.180653,21.869938,True,False,GREEN,0.458458
monza_bor_lap35_to_soft_new_tyre_only,BOR,35,SOFT,new,tyre_only,S-M-S,2,-8.504300,-15.179467,-2.078024,0.946000,-30.175257,21.658602,True,False,GREEN,0.459417
monza_bor_lap35_to_medium_new_tyre_only,BOR,35,MEDIUM,new,tyre_only,S-M-M,2,6.508156,2.280372,10.938656,0.028000,-15.308539,21.891733,True,False,GREEN,0.460292
monza_bor_lap35_to_hard_new_tyre_only,BOR,35,HARD,new,tyre_only,S-M-H,2,15.654832,8.107406,22.210378,0.002000,-6.302726,21.869938,True,False,GREEN,0.456042
monza_bor_lap36_to_soft_new_tyre_only,BOR,36,SOFT,new,tyre_only,S-M-S,2,-7.364947,-13.508559,-1.078608,0.940000,-28.932573,21.658602,True,False,GREEN,0.456667
monza_bor_lap36_to_medium_new_tyre_only,BOR,36,MEDIUM,new,tyre_only,S-M-M,2,6.938706,2.684460,11.267902,0.022000,-14.909879,21.891733,True,False,GREEN,0.461416
monza_bor_lap36_to_hard_new_tyre_only,BOR,36,HARD,new,tyre_only,S-M-H,2,15.608035,8.318785,21.778400,0.002000,-6.375091,21.869938,True,False,GREEN,0.454208
monza_bor_lap37_to_soft_new_tyre_only,BOR,37,SOFT,new,tyre_only,S-M-S,2,-6.041373,-12.006329,-0.112136,0.902000,-27.638863,21.658602,True,False,GREEN,0.459125
monza_bor_lap37_to_medium_new_tyre_only,BOR,37,MEDIUM,new,tyre_only,S-M-M,2,7.400177,3.195509,11.723893,0.014000,-14.458065,21.891733,True,False,GREEN,0.454583
monza_bor_lap37_to_hard_new_tyre_only,BOR,37,HARD,new,tyre_only,S-M-H,2,15.545163,8.522448,21.525298,0.002000,-6.397748,21.869938,True,False,GREEN,0.459375
monza_bor_lap38_to_soft_new_tyre_only,BOR,38,SOFT,new,tyre_only,S-M-S,2,-4.675676,-10.280967,0.895229,0.842000,-26.294128,21.658602,True,False,GREEN,0.454959
monza_bor_lap38_to_medium_new_tyre_only,BOR,38,MEDIUM,new,tyre_only,S-M-M,2,7.943030,3.802330,12.213639,0.014000,-13.953096,21.891733,True,False,GREEN,0.462625
monza_bor_lap38_to_hard_new_tyre_only,BOR,38,HARD,new,tyre_only,S-M-H,2,15.585989,8.765380,21.399600,0.002000,-6.370698,21.869938,True,False,GREEN,0.453625
monza_bor_lap39_to_soft_new_tyre_only,BOR,39,SOFT,new,tyre_only,S-M-S,2,-3.239598,-8.716909,2.157103,0.772000,-24.898366,21.658602,True,False,GREEN,0.460750
monza_bor_lap39_to_medium_new_tyre_only,BOR,39,MEDIUM,new,tyre_only,S-M-M,2,8.505404,4.348955,12.718836,0.008000,-13.394972,21.891733,True,False,GREEN,0.454542
monza_bor_lap39_to_hard_new_tyre_only,BOR,39,HARD,new,tyre_only,S-M-H,2,15.748420,9.192747,21.205201,0.002000,-6.293939,21.869938,True,False,GREEN,0.449833
monza_bor_lap40_to_soft_new_tyre_only,BOR,40,SOFT,new,tyre_only,S-M-S,2,-1.737387,-6.995758,3.236984,0.670000,-23.451579,21.658602,True,False,GREEN,0.455167
monza_bor_lap40_to_medium_new_tyre_only,BOR,40,MEDIUM,new,tyre_only,S-M-M,2,9.085880,5.041494,13.318203,0.008000,-12.783693,21.891733,True,False,GREEN,0.454958
monza_bor_lap40_to_hard_new_tyre_only,BOR,40,HARD,new,tyre_only,S-M-H,2,15.890918,9.462707,21.051465,0.002000,-6.167473,21.869938,True,False,GREEN,0.454708
monza_bor_lap41_to_soft_new_tyre_only,BOR,41,SOFT,new,tyre_only,S-M-S,2,-0.355785,-5.231842,4.557937,0.526000,-21.953766,21.658602,True,False,GREEN,0.460334
monza_bor_lap41_to_medium_new_tyre_only,BOR,41,MEDIUM,new,tyre_only,S-M-M,2,9.765055,5.818766,13.999598,0.006000,-12.119260,21.891733,True,False,GREEN,0.452583
monza_bor_lap41_to_hard_new_tyre_only,BOR,41,HARD,new,tyre_only,S-M-H,2,16.089327,10.041277,21.134428,0.002000,-5.991299,21.869938,True,False,GREEN,0.453458
monza_bor_lap42_to_soft_new_tyre_only,BOR,42,SOFT,new,tyre_only,S-M-S,2,1.186525,-3.476850,5.915142,0.378000,-20.404927,21.658602,True,False,GREEN,0.468875
monza_bor_lap42_to_medium_new_tyre_only,BOR,42,MEDIUM,new,tyre_only,S-M-M,2,10.463429,6.659706,14.671935,0.002000,-11.401672,21.891733,True,False,GREEN,0.470000
monza_bor_lap42_to_hard_new_tyre_only,BOR,42,HARD,new,tyre_only,S-M-H,2,16.329101,10.557611,21.161071,0.002000,-5.765417,21.869938,True,False,GREEN,0.458208
monza_bor_lap43_to_soft_new_tyre_only,BOR,43,SOFT,new,tyre_only,S-M-S,2,2.843658,-1.739340,7.507427,0.194000,-18.805063,21.658602,True,False,GREEN,0.461167
monza_bor_lap43_to_medium_new_tyre_only,BOR,43,MEDIUM,new,tyre_only,S-M-M,2,11.287672,7.524598,15.393990,0.000000,-10.630930,21.891733,True,False,GREEN,0.497083
monza_bor_lap43_to_hard_new_tyre_only,BOR,43,HARD,new,tyre_only,S-M-H,2,16.555818,11.094319,21.160296,0.000000,-5.489827,21.869938,True,False,GREEN,0.461500
monza_bor_lap44_to_soft_new_tyre_only,BOR,44,SOFT,new,tyre_only,S-M-S,2,4.453308,0.067276,9.051713,0.096000,-17.154173,21.658602,True,False,GREEN,0.460708
monza_bor_lap44_to_medium_new_tyre_only,BOR,44,MEDIUM,new,tyre_only,S-M-M,2,12.079756,8.444410,16.101010,0.000000,-9.807033,21.891733,True,False,GREEN,0.472541
monza_bor_lap44_to_hard_new_tyre_only,BOR,44,HARD,new,tyre_only,S-M-H,2,16.860071,11.628777,21.413400,0.000000,-5.164530,21.869938,True,False,GREEN,0.445167
monza_bor_lap45_to_soft_new_tyre_only,BOR,45,SOFT,new,tyre_only,S-M-S,2,6.184009,1.943968,10.467191,0.036000,-15.452257,21.658602,True,False,GREEN,0.453000
monza_bor_lap45_to_medium_new_tyre_only,BOR,45,MEDIUM,new,tyre_only,S-M-M,2,12.974379,9.400949,17.014218,0.000000,-8.929981,21.891733,True,False,GREEN,0.445208
monza_bor_lap45_to_hard_new_tyre_only,BOR,45,HARD,new,tyre_only,S-M-H,2,17.218180,12.193470,21.588412,0.000000,-4.789525,21.869938,True,False,GREEN,0.455084
monza_bor_lap46_to_soft_new_tyre_only,BOR,46,SOFT,new,tyre_only,S-M-S,2,7.897599,3.848150,12.102626,0.012000,-13.699315,21.658602,True,False,GREEN,0.471917
monza_bor_lap46_to_medium_new_tyre_only,BOR,46,MEDIUM,new,tyre_only,S-M-M,2,13.851245,10.329482,17.813819,0.000000,-7.999775,21.891733,True,False,GREEN,0.487167
monza_bor_lap46_to_hard_new_tyre_only,BOR,46,HARD,new,tyre_only,S-M-H,2,17.648110,12.970897,21.824521,0.000000,-4.364811,21.869938,True,False,GREEN,0.446833
monza_bor_lap47_to_soft_new_tyre_only,BOR,47,SOFT,new,tyre_only,S-M-S,2,9.654049,5.813294,13.821228,0.006000,-11.895347,21.658602,True,False,GREEN,0.471750
monza_bor_lap47_to_medium_new_tyre_only,BOR,47,MEDIUM,new,tyre_only,S-M-M,2,14.827035,11.299858,18.683174,0.000000,-7.016414,21.891733,True,False,GREEN,0.451625
monza_bor_lap47_to_hard_new_tyre_only,BOR,47,HARD,new,tyre_only,S-M-H,2,18.135719,13.706618,22.172122,0.000000,-3.890390,21.869938,True,False,GREEN,0.536292
monza_bor_lap48_to_soft_new_tyre_only,BOR,48,SOFT,new,tyre_only,S-M-S,2,11.597700,7.674493,15.591832,0.004000,-10.040354,21.658602,True,False,GREEN,0.473833
monza_bor_lap48_to_medium_new_tyre_only,BOR,48,MEDIUM,new,tyre_only,S-M-M,2,15.832513,12.346090,19.705658,0.000000,-5.979898,21.891733,True,False,GREEN,0.481792
monza_bor_lap48_to_hard_new_tyre_only,BOR,48,HARD,new,tyre_only,S-M-H,2,18.619466,14.481181,22.491590,0.000000,-3.366262,21.869938,True,False,GREEN,0.448458
monza_bor_lap49_to_soft_new_tyre_only,BOR,49,SOFT,new,tyre_only,S-M-S,2,13.595324,9.667375,17.392552,0.002000,-8.134335,21.658602,True,False,GREEN,0.448083
monza_bor_lap49_to_medium_new_tyre_only,BOR,49,MEDIUM,new,tyre_only,S-M-M,2,16.925201,13.421867,20.644292,0.000000,-4.890228,21.891733,True,False,GREEN,0.447000
monza_bor_lap49_to_hard_new_tyre_only,BOR,49,HARD,new,tyre_only,S-M-H,2,19.013838,15.306863,22.903777,0.000000,-2.792425,21.869938,True,False,GREEN,0.444209
monza_bor_lap50_to_soft_new_tyre_only,BOR,50,SOFT,new,tyre_only,S-M-S,2,15.610102,11.715652,19.323369,0.000000,-6.177290,21.658602,True,False,GREEN,0.442791
monza_bor_lap50_to_medium_new_tyre_only,BOR,50,MEDIUM,new,tyre_only,S-M-M,2,18.055270,14.615418,21.672300,0.000000,-3.747403,21.891733,True,False,GREEN,0.447667
monza_bor_lap50_to_hard_new_tyre_only,BOR,50,HARD,new,tyre_only,S-M-H,2,19.552253,15.910372,23.500813,0.000000,-2.168880,21.869938,True,False,GREEN,0.442084
monza_bor_lap51_to_soft_new_tyre_only,BOR,51,SOFT,new,tyre_only,S-M-S,2,17.741756,14.036687,21.373339,0.000000,-4.169219,21.920263,True,False,GREEN,0.442791
monza_bor_lap51_to_medium_new_tyre_only,BOR,51,MEDIUM,new,tyre_only,S-M-M,2,19.583805,16.105720,22.934311,0.000000,-2.551423,22.090607,True,False,GREEN,0.446458
monza_bor_lap51_to_hard_new_tyre_only,BOR,51,HARD,new,tyre_only,S-M-H,2,20.300995,16.942185,24.230835,0.000000,-1.495628,21.915726,True,False,GREEN,0.444167
monza_bor_lap52_to_soft_new_tyre_only,BOR,52,SOFT,new,tyre_only,S-M-S,2,19.789771,16.400452,23.425632,0.000000,-2.110122,22.037352,True,False,GREEN,0.448667
monza_bor_lap52_to_medium_new_tyre_only,BOR,52,MEDIUM,new,tyre_only,S-M-M,2,20.628664,17.234217,24.181505,0.000000,-1.302289,22.037352,True,False,GREEN,0.442292
monza_bor_lap52_to_hard_new_tyre_only,BOR,52,HARD,new,tyre_only,S-M-H,2,21.172834,17.669436,24.786280,0.000000,-0.772668,22.037352,True,False,GREEN,0.444875
monza_bot_lap2_to_soft_new_tyre_only,BOT,2,SOFT,new,tyre_only,S-S-S,2,-18.010433,-31.531469,-6.354620,0.974000,-8.574891,-10.294402,True,True,YELLOW,2.754542
monza_bot_lap2_to_medium_new_tyre_only,BOT,2,MEDIUM,new,tyre_only,S-M-S,2,-10.384054,-14.108164,-6.508486,1.000000,0.000000,-10.294402,True,True,YELLOW,0.505833
monza_bot_lap2_to_hard_new_tyre_only,BOT,2,HARD,new,tyre_only,S-H-S,2,2.779976,-6.209270,10.258472,0.342000,12.707757,-10.294402,True,True,YELLOW,0.497250
monza_bot_lap3_to_soft_new_tyre_only,BOT,3,SOFT,new,tyre_only,S-M-S-S,3,-18.791309,-31.483435,-8.073906,0.988000,-9.257560,-10.294402,True,True,RED,0.488083
monza_bot_lap3_to_medium_new_tyre_only,BOT,3,MEDIUM,new,tyre_only,S-M-M-S,3,-10.355245,-14.080499,-6.484069,1.000000,0.027112,-10.294402,True,True,RED,0.475917
monza_bot_lap3_to_hard_new_tyre_only,BOT,3,HARD,new,tyre_only,S-M-H-S,3,1.619746,-6.955913,8.901158,0.410000,11.623751,-10.294402,True,True,RED,0.488917
monza_bot_lap4_to_soft_new_tyre_only,BOT,4,SOFT,new,tyre_only,S-M-S-S,3,-19.461700,-31.381000,-9.321375,0.990000,-9.852498,-10.294402,True,True,RED,0.482291
monza_bot_lap4_to_medium_new_tyre_only,BOT,4,MEDIUM,new,tyre_only,S-M-M-S,3,-10.946828,-14.620419,-7.116977,1.000000,-0.569351,-10.294402,True,True,RED,0.480125
monza_bot_lap4_to_hard_new_tyre_only,BOT,4,HARD,new,tyre_only,S-M-H-S,3,0.593205,-7.657778,7.594376,0.456000,10.589979,-10.294402,True,True,RED,0.477583
monza_bot_lap5_to_soft_new_tyre_only,BOT,5,SOFT,new,tyre_only,S-M-S-S,3,-20.020797,-31.182183,-10.528858,0.994000,-10.359705,-10.294402,True,True,RED,0.475417
monza_bot_lap5_to_medium_new_tyre_only,BOT,5,MEDIUM,new,tyre_only,S-M-M-S,3,-11.490356,-15.167577,-7.650971,1.000000,-1.111591,-10.294402,True,True,RED,0.476667
monza_bot_lap5_to_hard_new_tyre_only,BOT,5,HARD,new,tyre_only,S-M-H-S,3,-0.278130,-8.323245,6.413027,0.520000,9.606440,-10.294402,True,True,RED,0.478917
monza_bot_lap6_to_soft_new_tyre_only,BOT,6,SOFT,new,tyre_only,S-M-S-S,3,0.688458,-11.557587,11.682305,0.462000,-10.779180,11.364200,True,False,YELLOW,0.475292
monza_bot_lap6_to_medium_new_tyre_only,BOT,6,MEDIUM,new,tyre_only,S-M-M-S,3,9.893575,3.138756,16.804433,0.044000,-1.599606,11.597330,True,False,YELLOW,0.494459
monza_bot_lap6_to_hard_new_tyre_only,BOT,6,HARD,new,tyre_only,S-M-H-S,3,20.564651,10.207746,29.606912,0.006000,8.673136,11.575536,True,False,YELLOW,0.474208
monza_bot_lap7_to_soft_new_tyre_only,BOT,7,SOFT,new,tyre_only,S-M-S-S,3,0.306367,-11.229720,10.922420,0.480000,-11.110923,11.364200,True,False,GREEN,0.473875
monza_bot_lap7_to_medium_new_tyre_only,BOT,7,MEDIUM,new,tyre_only,S-M-M-S,3,9.434479,2.705928,16.375526,0.048000,-2.033398,11.597330,True,False,GREEN,0.475417
monza_bot_lap7_to_hard_new_tyre_only,BOT,7,HARD,new,tyre_only,S-M-H-S,3,19.593772,9.571704,28.754002,0.006000,7.790066,11.575536,True,False,GREEN,0.473042
monza_bot_lap8_to_soft_new_tyre_only,BOT,8,SOFT,new,tyre_only,S-M-S-S,3,0.010674,-10.641916,10.554578,0.500000,-11.354935,11.364200,True,False,GREEN,0.505875
monza_bot_lap8_to_medium_new_tyre_only,BOT,8,MEDIUM,new,tyre_only,S-M-M-S,3,9.049682,2.354671,16.000233,0.052000,-2.412966,11.597330,True,False,GREEN,0.478125
monza_bot_lap8_to_hard_new_tyre_only,BOT,8,HARD,new,tyre_only,S-M-H-S,3,18.663681,9.041997,27.825032,0.008000,6.957230,11.575536,True,False,GREEN,0.470583
monza_bot_lap9_to_soft_new_tyre_only,BOT,9,SOFT,new,tyre_only,S-M-S-S,3,-0.090767,-10.236513,10.400941,0.510000,-11.511216,11.364200,True,False,GREEN,0.475833
monza_bot_lap9_to_medium_new_tyre_only,BOT,9,MEDIUM,new,tyre_only,S-M-M-S,3,8.746449,2.011071,15.674969,0.060000,-2.738309,11.597330,True,False,GREEN,0.474541
monza_bot_lap9_to_hard_new_tyre_only,BOT,9,HARD,new,tyre_only,S-M-H-S,3,17.844581,8.511639,26.739663,0.008000,6.174628,11.575536,True,False,GREEN,0.473458
monza_bot_lap10_to_soft_new_tyre_only,BOT,10,SOFT,new,tyre_only,S-M-S-S,3,-0.204122,-9.872164,9.736764,0.512000,-11.579765,11.364200,True,False,GREEN,0.473208
monza_bot_lap10_to_medium_new_tyre_only,BOT,10,MEDIUM,new,tyre_only,S-M-M-S,3,8.471482,1.728899,15.405556,0.062000,-3.009429,11.597330,True,False,GREEN,0.470917
monza_bot_lap10_to_hard_new_tyre_only,BOT,10,HARD,new,tyre_only,S-M-H-S,3,17.165259,7.835169,25.633452,0.008000,5.442259,11.575536,True,False,GREEN,0.477417
monza_bot_lap11_to_soft_new_tyre_only,BOT,11,SOFT,new,tyre_only,S-M-S-S,3,-0.246936,-9.226886,9.468188,0.516000,-11.560583,11.364200,True,False,GREEN,0.470167
monza_bot_lap11_to_medium_new_tyre_only,BOT,11,MEDIUM,new,tyre_only,S-M-M-S,3,8.236548,1.529111,15.200319,0.064000,-3.226325,11.597330,True,False,GREEN,0.471250
monza_bot_lap11_to_hard_new_tyre_only,BOT,11,HARD,new,tyre_only,S-M-H-S,3,16.440984,7.380092,24.743298,0.008000,4.760125,11.575536,True,False,GREEN,0.472333
monza_bot_lap12_to_soft_new_tyre_only,BOT,12,SOFT,new,tyre_only,S-M-S-S,3,-0.044516,-8.956856,9.302268,0.508000,-11.453670,11.364200,True,False,GREEN,0.472833
monza_bot_lap12_to_medium_new_tyre_only,BOT,12,MEDIUM,new,tyre_only,S-M-M-S,3,8.074960,1.380377,15.041669,0.068000,-3.388997,11.597330,True,False,GREEN,0.470709
monza_bot_lap12_to_hard_new_tyre_only,BOT,12,HARD,new,tyre_only,S-M-H-S,3,15.788435,7.095283,23.942503,0.008000,4.128225,11.575536,True,False,GREEN,0.470458
monza_bot_lap13_to_soft_new_tyre_only,BOT,13,SOFT,new,tyre_only,S-M-S-S,3,0.063490,-8.457811,9.107492,0.496000,-11.259025,11.364200,True,False,GREEN,0.472708
monza_bot_lap13_to_medium_new_tyre_only,BOT,13,MEDIUM,new,tyre_only,S-M-M-S,3,7.957897,1.281220,14.935902,0.070000,-3.497444,11.597330,True,False,GREEN,0.472250
monza_bot_lap13_to_hard_new_tyre_only,BOT,13,HARD,new,tyre_only,S-M-H-S,3,15.157474,6.489675,23.297845,0.010000,3.546559,11.575536,True,False,GREEN,0.469125
monza_bot_lap14_to_soft_new_tyre_only,BOT,14,SOFT,new,tyre_only,S-M-S-S,3,0.306289,-7.867616,8.958638,0.476000,-10.976649,11.364200,True,False,GREEN,0.472042
monza_bot_lap14_to_medium_new_tyre_only,BOT,14,MEDIUM,new,tyre_only,S-M-M-S,3,7.903487,1.231642,14.882809,0.074000,-3.551668,11.597330,True,False,GREEN,0.472000
monza_bot_lap14_to_hard_new_tyre_only,BOT,14,HARD,new,tyre_only,S-M-H-S,3,14.704874,6.322726,22.697418,0.010000,3.015126,11.575536,True,False,GREEN,0.472375
monza_bot_lap15_to_soft_new_tyre_only,BOT,15,SOFT,new,tyre_only,S-M-S-S,3,0.705499,-7.241114,9.154056,0.458000,-10.606541,11.364200,True,False,GREEN,0.470375
monza_bot_lap15_to_medium_new_tyre_only,BOT,15,MEDIUM,new,tyre_only,S-M-M-S,3,7.903487,1.231642,14.882809,0.074000,-3.551668,11.597330,True,False,GREEN,0.471583
monza_bot_lap15_to_hard_new_tyre_only,BOT,15,HARD,new,tyre_only,S-M-H-S,3,14.308878,5.991040,22.077180,0.010000,2.533928,11.575536,True,False,GREEN,0.469125
monza_bot_lap16_to_soft_new_tyre_only,BOT,16,SOFT,new,tyre_only,S-M-S-S,3,1.210088,-6.682898,9.436107,0.434000,-10.148702,11.364200,True,False,GREEN,0.470042
monza_bot_lap16_to_medium_new_tyre_only,BOT,16,MEDIUM,new,tyre_only,S-M-M-S,3,7.957897,1.281220,14.935902,0.070000,-3.497444,11.597330,True,False,GREEN,0.472708
monza_bot_lap16_to_hard_new_tyre_only,BOT,16,HARD,new,tyre_only,S-M-H-S,3,13.845985,5.676226,21.566686,0.010000,2.102964,11.575536,True,False,GREEN,0.474167
monza_bot_lap17_to_soft_new_tyre_only,BOT,17,SOFT,new,tyre_only,S-M-S,2,-4.768826,-16.984185,4.874514,0.728000,4.945530,-10.294402,False,False,GREEN,0.482833
monza_bot_lap17_to_medium_new_tyre_only,BOT,17,MEDIUM,new,tyre_only,S-M-M,2,1.986665,-8.973481,14.665129,0.432000,12.402549,-10.061272,True,False,GREEN,0.483125
monza_bot_lap17_to_hard_new_tyre_only,BOT,17,HARD,new,tyre_only,S-M-H,2,18.183234,5.648186,31.010250,0.040000,28.152828,-10.083067,True,False,GREEN,0.475250
monza_bot_lap18_to_soft_new_tyre_only,BOT,18,SOFT,new,tyre_only,S-M-S,2,-5.569396,-16.488356,3.161898,0.802000,4.123966,-10.294402,False,False,GREEN,0.481166
monza_bot_lap18_to_medium_new_tyre_only,BOT,18,MEDIUM,new,tyre_only,S-M-M,2,1.502967,-9.449468,14.139051,0.454000,11.914534,-10.061272,True,False,GREEN,0.482667
monza_bot_lap18_to_hard_new_tyre_only,BOT,18,HARD,new,tyre_only,S-M-H,2,17.137754,4.910170,29.873834,0.042000,27.267403,-10.083067,True,False,GREEN,0.492667
monza_bot_lap19_to_soft_new_tyre_only,BOT,19,SOFT,new,tyre_only,S-M-S,2,-6.341489,-16.023970,1.722395,0.864000,3.390133,-10.294402,False,False,GREEN,0.514959
monza_bot_lap19_to_medium_new_tyre_only,BOT,19,MEDIUM,new,tyre_only,S-M-M,2,1.059828,-9.898418,13.708949,0.466000,11.480742,-10.061272,True,False,GREEN,0.486042
monza_bot_lap19_to_hard_new_tyre_only,BOT,19,HARD,new,tyre_only,S-M-H,2,16.219152,4.335733,28.920048,0.044000,26.432212,-10.083067,True,False,GREEN,0.487791
monza_bot_lap20_to_soft_new_tyre_only,BOT,20,SOFT,new,tyre_only,S-M-S,2,-7.228235,-15.578872,0.202936,0.896000,2.744031,-10.294402,False,False,GREEN,0.505250
monza_bot_lap20_to_medium_new_tyre_only,BOT,20,MEDIUM,new,tyre_only,S-M-M,2,0.687301,-10.319072,13.313101,0.484000,11.101175,-10.061272,True,False,GREEN,0.488000
monza_bot_lap20_to_hard_new_tyre_only,BOT,20,HARD,new,tyre_only,S-M-H,2,15.395161,3.826422,27.925944,0.048000,25.647256,-10.083067,True,False,GREEN,0.488833
monza_bot_lap21_to_soft_new_tyre_only,BOT,21,SOFT,new,tyre_only,S-M-S,2,-7.801124,-15.435336,-1.161119,0.938000,2.185661,-10.294402,False,False,GREEN,0.511500
monza_bot_lap21_to_medium_new_tyre_only,BOT,21,MEDIUM,new,tyre_only,S-M-M,2,0.386702,-10.614065,12.964836,0.486000,10.775831,-10.061272,True,False,GREEN,0.474542
monza_bot_lap21_to_hard_new_tyre_only,BOT,21,HARD,new,tyre_only,S-M-H,2,14.602229,3.170881,27.060617,0.052000,24.912533,-10.083067,True,False,GREEN,0.476542
monza_bot_lap22_to_soft_new_tyre_only,BOT,22,SOFT,new,tyre_only,S-M-S,2,-8.301698,-14.941398,-2.429351,0.964000,1.715022,-10.294402,False,False,GREEN,0.490208
monza_bot_lap22_to_medium_new_tyre_only,BOT,22,MEDIUM,new,tyre_only,S-M-M,2,0.136204,-10.878456,12.674570,0.498000,10.504711,-10.061272,True,False,GREEN,0.508875
monza_bot_lap22_to_hard_new_tyre_only,BOT,22,HARD,new,tyre_only,S-M-H,2,13.886641,2.630733,26.259128,0.060000,24.228044,-10.083067,True,False,GREEN,0.505750
monza_bot_lap23_to_soft_new_tyre_only,BOT,23,SOFT,new,tyre_only,S-M-S,2,-8.917211,-14.401127,-3.529256,0.986000,1.332115,-10.294402,False,False,GREEN,0.487292
monza_bot_lap23_to_medium_new_tyre_only,BOT,23,MEDIUM,new,tyre_only,S-M-M,2,-0.064195,-11.126043,12.481394,0.504000,10.287815,-10.061272,True,False,GREEN,0.478500
monza_bot_lap23_to_hard_new_tyre_only,BOT,23,HARD,new,tyre_only,S-M-H,2,13.302023,2.062012,25.600704,0.062000,23.593789,-10.083067,True,False,GREEN,0.478042
monza_bot_lap24_to_soft_new_tyre_only,BOT,24,SOFT,new,tyre_only,S-M-S,2,-9.241397,-13.905170,-4.443373,0.996000,1.036939,-10.294402,False,False,GREEN,0.481333
monza_bot_lap24_to_medium_new_tyre_only,BOT,24,MEDIUM,new,tyre_only,S-M-M,2,-0.214494,-11.311480,12.336832,0.514000,10.125144,-10.061272,True,False,GREEN,0.476750
monza_bot_lap24_to_hard_new_tyre_only,BOT,24,HARD,new,tyre_only,S-M-H,2,12.728497,1.753898,24.922355,0.070000,23.009769,-10.083067,True,False,GREEN,0.476208
monza_bot_lap25_to_soft_new_tyre_only,BOT,25,SOFT,new,tyre_only,S-M-S,2,-9.488493,-13.687717,-5.217920,1.000000,0.829494,-10.294402,False,False,GREEN,0.480083
monza_bot_lap25_to_medium_new_tyre_only,BOT,25,MEDIUM,new,tyre_only,S-M-M,2,-0.314694,-11.435104,12.239708,0.518000,10.016696,-10.061272,True,False,GREEN,0.475000
monza_bot_lap25_to_hard_new_tyre_only,BOT,25,HARD,new,tyre_only,S-M-H,2,12.182237,1.210600,24.214102,0.078000,22.475982,-10.083067,True,False,GREEN,0.472667
monza_bot_lap26_to_soft_new_tyre_only,BOT,26,SOFT,new,tyre_only,S-M-S,2,-9.687543,-13.413542,-5.687911,1.000000,0.709781,-10.294402,True,False,GREEN,0.479500
monza_bot_lap26_to_medium_new_tyre_only,BOT,26,MEDIUM,new,tyre_only,S-M-M,2,-0.364793,-11.496917,12.180771,0.524000,9.962472,-10.061272,True,False,GREEN,0.475083
monza_bot_lap26_to_hard_new_tyre_only,BOT,26,HARD,new,tyre_only,S-M-H,2,11.641544,0.630203,23.619216,0.086000,21.992429,-10.083067,True,False,GREEN,0.473875
monza_bot_lap27_to_soft_new_tyre_only,BOT,27,SOFT,new,tyre_only,S-M-S,2,-10.384054,-14.108164,-6.508486,1.000000,0.000000,-10.294402,True,False,VSC,0.448667
monza_bot_lap27_to_medium_new_tyre_only,BOT,27,MEDIUM,new,tyre_only,S-M-M,2,-1.031769,-12.200714,11.433953,0.554000,9.284672,-10.061272,True,False,VSC,0.471416
monza_bot_lap27_to_hard_new_tyre_only,BOT,27,HARD,new,tyre_only,S-M-H,2,10.604472,-0.539164,22.453354,0.114000,20.881311,-10.083067,True,False,VSC,0.463042
monza_bot_lap28_to_soft_new_tyre_only,BOT,28,SOFT,new,tyre_only,S-M-S,2,-9.538664,-13.511957,-5.776748,0.996000,0.733549,-10.294402,True,False,VSC,0.481917
monza_bot_lap28_to_medium_new_tyre_only,BOT,28,MEDIUM,new,tyre_only,S-M-M,2,-0.314694,-11.435104,12.239708,0.518000,10.016696,-10.061272,True,False,VSC,0.476417
monza_bot_lap28_to_hard_new_tyre_only,BOT,28,HARD,new,tyre_only,S-M-H,2,10.846154,-0.229332,22.852794,0.106000,21.176026,-10.083067,True,False,VSC,0.480375
monza_bot_lap29_to_soft_new_tyre_only,BOT,29,SOFT,new,tyre_only,S-M-S,2,-9.441624,-13.729793,-5.539398,0.994000,0.877030,-10.294402,True,False,GREEN,0.482292
monza_bot_lap29_to_medium_new_tyre_only,BOT,29,MEDIUM,new,tyre_only,S-M-M,2,-0.214494,-11.311480,12.336832,0.514000,10.125144,-10.061272,True,False,GREEN,0.472875
monza_bot_lap29_to_hard_new_tyre_only,BOT,29,HARD,new,tyre_only,S-M-H,2,10.499765,-0.410392,22.533265,0.110000,20.843175,-10.083067,True,False,GREEN,0.476083
monza_bot_lap30_to_soft_new_tyre_only,BOT,30,SOFT,new,tyre_only,S-M-S,2,-9.195731,-13.815188,-5.118654,0.994000,1.108242,-10.294402,True,False,GREEN,0.479042
monza_bot_lap30_to_medium_new_tyre_only,BOT,30,MEDIUM,new,tyre_only,S-M-M,2,-0.064195,-11.126043,12.481394,0.504000,10.287815,-10.061272,True,False,GREEN,0.479584
monza_bot_lap30_to_hard_new_tyre_only,BOT,30,HARD,new,tyre_only,S-M-H,2,10.261263,-0.410692,22.347392,0.116000,20.560558,-10.083067,True,False,GREEN,0.478250
monza_bot_lap31_to_soft_new_tyre_only,BOT,31,SOFT,new,tyre_only,S-M-S,2,-8.813215,-13.692133,-4.344256,0.988000,1.427186,-10.294402,True,False,GREEN,0.492625
monza_bot_lap31_to_medium_new_tyre_only,BOT,31,MEDIUM,new,tyre_only,S-M-M,2,0.136204,-10.878456,12.674570,0.498000,10.504711,-10.061272,True,False,GREEN,0.474250
monza_bot_lap31_to_hard_new_tyre_only,BOT,31,HARD,new,tyre_only,S-M-H,2,9.905737,-0.482456,22.160155,0.122000,20.328175,-10.083067,True,False,GREEN,0.476000
monza_bot_lap32_to_soft_new_tyre_only,BOT,32,SOFT,new,tyre_only,S-M-S,2,-8.340227,-13.865433,-3.263124,0.978000,1.833861,-10.294402,True,False,GREEN,0.476417
monza_bot_lap32_to_medium_new_tyre_only,BOT,32,MEDIUM,new,tyre_only,S-M-M,2,0.386702,-10.614065,12.964836,0.486000,10.775831,-10.061272,True,False,GREEN,0.473083
monza_bot_lap32_to_hard_new_tyre_only,BOT,32,HARD,new,tyre_only,S-M-H,2,9.683663,-0.573656,21.940521,0.130000,20.146026,-10.083067,True,False,GREEN,0.477959
monza_bot_lap33_to_soft_new_tyre_only,BOT,33,SOFT,new,tyre_only,S-M-S,2,-7.780581,-13.784762,-2.242960,0.970000,2.328268,-10.294402,True,False,GREEN,0.805292
monza_bot_lap33_to_medium_new_tyre_only,BOT,33,MEDIUM,new,tyre_only,S-M-M,2,0.687301,-10.319072,13.313101,0.484000,11.101175,-10.061272,True,False,GREEN,0.549458
monza_bot_lap33_to_hard_new_tyre_only,BOT,33,HARD,new,tyre_only,S-M-H,2,9.509216,-0.501433,21.837152,0.132000,20.014111,-10.083067,True,False,GREEN,0.487750
monza_bot_lap34_to_soft_new_tyre_only,BOT,34,SOFT,new,tyre_only,S-M-S,2,-7.148591,-13.584994,-0.985915,0.940000,2.910406,-10.294402,True,False,GREEN,0.475250
monza_bot_lap34_to_medium_new_tyre_only,BOT,34,MEDIUM,new,tyre_only,S-M-M,2,1.059828,-9.898418,13.708949,0.466000,11.480742,-10.061272,True,False,GREEN,0.470166
monza_bot_lap34_to_hard_new_tyre_only,BOT,34,HARD,new,tyre_only,S-M-H,2,9.371359,-0.634636,21.728666,0.128000,19.932431,-10.083067,True,False,GREEN,0.462125
monza_bot_lap35_to_soft_new_tyre_only,BOT,35,SOFT,new,tyre_only,S-M-S,2,-6.560652,-13.494983,0.423671,0.882000,3.580275,-10.294402,True,False,GREEN,0.462791
monza_bot_lap35_to_medium_new_tyre_only,BOT,35,MEDIUM,new,tyre_only,S-M-M,2,1.502967,-9.449468,14.139051,0.454000,11.914534,-10.061272,True,False,GREEN,0.457042
monza_bot_lap35_to_hard_new_tyre_only,BOT,35,HARD,new,tyre_only,S-M-H,2,9.334624,-0.795595,21.704789,0.124000,19.900984,-10.083067,True,False,GREEN,0.457917
monza_bot_lap36_to_soft_new_tyre_only,BOT,36,SOFT,new,tyre_only,S-M-S,2,-5.815865,-13.078655,1.829438,0.832000,4.337876,-10.294402,True,False,GREEN,0.457667
monza_bot_lap36_to_medium_new_tyre_only,BOT,36,MEDIUM,new,tyre_only,S-M-M,2,1.986665,-8.973481,14.665129,0.432000,12.402549,-10.061272,True,False,GREEN,0.453625
monza_bot_lap36_to_hard_new_tyre_only,BOT,36,HARD,new,tyre_only,S-M-H,2,9.427153,-0.652257,21.585268,0.124000,19.919771,-10.083067,True,False,GREEN,0.452333
monza_bot_lap37_to_soft_new_tyre_only,BOT,37,SOFT,new,tyre_only,S-M-S,2,-4.912424,-12.485359,3.244081,0.784000,5.183208,-10.294402,True,False,GREEN,0.452917
monza_bot_lap37_to_medium_new_tyre_only,BOT,37,MEDIUM,new,tyre_only,S-M-M,2,2.526647,-8.465347,15.247395,0.404000,12.944789,-10.061272,True,False,GREEN,0.453875
monza_bot_lap37_to_hard_new_tyre_only,BOT,37,HARD,new,tyre_only,S-M-H,2,9.612782,-0.568934,21.891768,0.120000,19.988792,-10.083067,True,False,GREEN,0.453500
monza_bot_lap38_to_soft_new_tyre_only,BOT,38,SOFT,new,tyre_only,S-M-S-S,3,3.024407,-6.266981,10.832711,0.348000,-8.668578,11.364200,True,False,GREEN,0.439709
monza_bot_lap38_to_medium_new_tyre_only,BOT,38,MEDIUM,new,tyre_only,S-M-S-M,3,10.177705,-0.265633,20.878084,0.104000,-1.243597,11.597330,True,False,GREEN,0.436292
monza_bot_lap38_to_hard_new_tyre_only,BOT,38,HARD,new,tyre_only,S-M-S-H,3,16.771786,6.379196,27.266537,0.018000,5.323197,11.575536,True,False,GREEN,0.439333
monza_bot_lap39_to_soft_new_tyre_only,BOT,39,SOFT,new,tyre_only,S-M-S-S,3,2.980313,-6.338278,10.761686,0.352000,-8.729197,11.364200,True,False,GREEN,0.435125
monza_bot_lap39_to_medium_new_tyre_only,BOT,39,MEDIUM,new,tyre_only,S-M-S-M,3,9.757865,-0.267685,20.015756,0.106000,-1.674324,11.597330,True,False,GREEN,0.437084
monza_bot_lap39_to_hard_new_tyre_only,BOT,39,HARD,new,tyre_only,S-M-S-H,3,15.884998,5.724718,26.184355,0.024000,4.411272,11.575536,True,False,GREEN,0.434250
monza_bot_lap40_to_soft_new_tyre_only,BOT,40,SOFT,new,tyre_only,S-M-S-S,3,3.024407,-6.266981,10.832711,0.348000,-8.668578,11.364200,True,False,GREEN,0.621459
monza_bot_lap40_to_medium_new_tyre_only,BOT,40,MEDIUM,new,tyre_only,S-M-S-M,3,9.391284,-0.182046,19.457105,0.110000,-2.017320,11.597330,True,False,GREEN,0.478209
monza_bot_lap40_to_hard_new_tyre_only,BOT,40,HARD,new,tyre_only,S-M-S-H,3,15.124182,5.107327,25.129896,0.028000,3.583088,11.575536,True,False,GREEN,0.445500
monza_bot_lap41_to_soft_new_tyre_only,BOT,41,SOFT,new,tyre_only,S-M-S-S,3,3.200789,-6.063171,11.008589,0.340000,-8.486720,11.364200,True,False,GREEN,0.443084
monza_bot_lap41_to_medium_new_tyre_only,BOT,41,MEDIUM,new,tyre_only,S-M-S-M,3,9.166844,-0.296518,18.974121,0.106000,-2.272584,11.597330,True,False,GREEN,0.453333
monza_bot_lap41_to_hard_new_tyre_only,BOT,41,HARD,new,tyre_only,S-M-S-H,3,14.418143,4.666038,24.051797,0.030000,2.838646,11.575536,True,False,GREEN,0.433875
monza_bot_lap42_to_soft_new_tyre_only,BOT,42,SOFT,new,tyre_only,S-M-S-S,3,3.436678,-5.733379,11.282877,0.320000,-8.183622,11.364200,True,False,GREEN,0.432125
monza_bot_lap42_to_medium_new_tyre_only,BOT,42,MEDIUM,new,tyre_only,S-M-S-M,3,8.978802,-0.024148,18.321375,0.104000,-2.440117,11.597330,True,False,GREEN,0.429625
monza_bot_lap42_to_hard_new_tyre_only,BOT,42,HARD,new,tyre_only,S-M-S-H,3,13.727562,4.389653,23.177778,0.030000,2.177945,11.575536,True,False,GREEN,0.436583
monza_bot_lap43_to_soft_new_tyre_only,BOT,43,SOFT,new,tyre_only,S-M-S-S,3,3.761950,-5.234881,11.736933,0.290000,-7.759286,11.364200,True,False,GREEN,0.439042
monza_bot_lap43_to_medium_new_tyre_only,BOT,43,MEDIUM,new,tyre_only,S-M-S-M,3,8.732401,0.129757,17.681172,0.096000,-2.519919,11.597330,True,False,GREEN,0.431209
monza_bot_lap43_to_hard_new_tyre_only,BOT,43,HARD,new,tyre_only,S-M-S-H,3,13.207777,4.167174,22.007472,0.030000,1.600985,11.575536,True,False,GREEN,0.431750
monza_bot_lap44_to_soft_new_tyre_only,BOT,44,SOFT,new,tyre_only,S-M-S-S,3,4.322365,-4.545806,12.111606,0.260000,-7.213712,11.364200,True,False,GREEN,0.459291
monza_bot_lap44_to_medium_new_tyre_only,BOT,44,MEDIUM,new,tyre_only,S-M-S-M,3,8.734703,0.419358,17.523343,0.082000,-2.511989,11.597330,True,False,GREEN,0.461000
monza_bot_lap44_to_hard_new_tyre_only,BOT,44,HARD,new,tyre_only,S-M-S-H,3,12.776667,4.182058,21.002879,0.028000,1.107767,11.575536,True,False,GREEN,0.456542
monza_bot_lap45_to_soft_new_tyre_only,BOT,45,SOFT,new,tyre_only,S-M-S-S,3,4.876208,-3.791785,12.665176,0.230000,-6.546898,11.364200,True,False,GREEN,0.463708
monza_bot_lap45_to_medium_new_tyre_only,BOT,45,MEDIUM,new,tyre_only,S-M-S-M,3,8.892389,0.886395,17.159700,0.076000,-2.416327,11.597330,True,False,GREEN,0.457000
monza_bot_lap45_to_hard_new_tyre_only,BOT,45,HARD,new,tyre_only,S-M-S-H,3,12.272819,4.183252,20.090003,0.030000,0.698290,11.575536,True,False,GREEN,0.457750
monza_bot_lap46_to_soft_new_tyre_only,BOT,46,SOFT,new,tyre_only,S-M-S-S,3,5.711529,-2.894291,13.242936,0.200000,-5.758845,11.364200,True,False,GREEN,0.457084
monza_bot_lap46_to_medium_new_tyre_only,BOT,46,MEDIUM,new,tyre_only,S-M-S-M,3,9.175596,1.208703,17.212825,0.060000,-2.232935,11.597330,True,False,GREEN,0.456459
monza_bot_lap46_to_hard_new_tyre_only,BOT,46,HARD,new,tyre_only,S-M-S-H,3,12.085296,4.162949,19.615454,0.028000,0.372555,11.575536,True,False,GREEN,0.455917
monza_bot_lap47_to_soft_new_tyre_only,BOT,47,SOFT,new,tyre_only,S-M-S-S,3,6.646660,-1.665745,14.138289,0.154000,-4.849554,11.364200,True,False,GREEN,0.463291
monza_bot_lap47_to_medium_new_tyre_only,BOT,47,MEDIUM,new,tyre_only,S-M-S-M,3,9.489169,1.866339,17.025839,0.048000,-1.961811,11.597330,True,False,GREEN,0.463250
monza_bot_lap47_to_hard_new_tyre_only,BOT,47,HARD,new,tyre_only,S-M-S-H,3,11.755468,4.235590,19.382832,0.026000,0.130561,11.575536,True,False,GREEN,0.464042
monza_bot_lap48_to_soft_new_tyre_only,BOT,48,SOFT,new,tyre_only,S-M-S-S,3,7.830802,-0.462699,14.970805,0.120000,-3.819024,11.364200,True,False,GREEN,0.460500
monza_bot_lap48_to_medium_new_tyre_only,BOT,48,MEDIUM,new,tyre_only,S-M-S-M,3,9.934620,2.620922,17.206599,0.042000,-1.602955,11.597330,True,False,GREEN,0.470083
monza_bot_lap48_to_hard_new_tyre_only,BOT,48,HARD,new,tyre_only,S-M-S-H,3,11.647607,4.393975,18.941691,0.026000,-0.027691,11.575536,True,False,GREEN,0.469250
monza_bot_lap49_to_soft_new_tyre_only,BOT,49,SOFT,new,tyre_only,S-M-S-S,3,9.039156,1.471083,16.070328,0.058000,-2.667255,11.625861,True,False,GREEN,0.494292
monza_bot_lap49_to_medium_new_tyre_only,BOT,49,MEDIUM,new,tyre_only,S-M-S-M,3,10.706173,3.430385,17.524802,0.032000,-1.156368,11.796205,True,False,GREEN,0.456625
monza_bot_lap49_to_hard_new_tyre_only,BOT,49,HARD,new,tyre_only,S-M-S-H,3,11.608474,4.460544,18.537752,0.018000,-0.102202,11.621324,True,False,GREEN,0.459292
monza_bot_lap50_to_soft_new_tyre_only,BOT,50,SOFT,new,tyre_only,S-M-S-S,3,10.381662,3.319156,17.327285,0.040000,-1.394247,11.742950,True,False,GREEN,0.457458
monza_bot_lap50_to_medium_new_tyre_only,BOT,50,MEDIUM,new,tyre_only,S-M-S-M,3,11.096961,4.172245,18.024364,0.024000,-0.622050,11.742950,True,False,GREEN,0.454500
monza_bot_lap50_to_hard_new_tyre_only,BOT,50,HARD,new,tyre_only,S-M-S-H,3,11.706983,4.648177,18.714109,0.020000,-0.092972,11.742950,True,False,GREEN,0.452750
monza_col_lap2_to_soft_new_tyre_only,COL,2,SOFT,new,tyre_only,M-S-H,2,-0.864856,-1.055450,-0.671394,1.000000,-0.863489,0.000000,True,True,GREEN,2.860042
monza_col_lap2_to_medium_new_tyre_only,COL,2,MEDIUM,new,tyre_only,M-M-H,2,-0.055031,-0.063123,-0.047058,1.000000,-0.054823,0.000000,True,True,GREEN,0.537000
monza_col_lap2_to_hard_new_tyre_only,COL,2,HARD,new,tyre_only,M-H-H,2,0.485471,0.190207,0.758653,0.010000,0.475190,0.000000,True,True,GREEN,0.518334
monza_col_lap3_to_soft_new_tyre_only,COL,3,SOFT,new,tyre_only,M-S,1,-66.044718,-94.953489,-42.002772,1.000000,-66.819242,0.000000,False,True,RED,0.555958
monza_col_lap3_to_medium_new_tyre_only,COL,3,MEDIUM,new,tyre_only,M-M,1,-22.979556,-38.768638,-6.462668,0.966000,-22.757651,0.000000,True,True,RED,0.485208
monza_col_lap3_to_hard_new_tyre_only,COL,3,HARD,new,tyre_only,M-H,1,0.000000,0.000000,0.000000,0.000000,0.000000,0.000000,True,True,RED,0.448500
monza_col_lap4_to_soft_new_tyre_only,COL,4,SOFT,new,tyre_only,M-H-S,2,-65.754735,-93.674936,-42.744165,1.000000,-66.678588,0.000000,False,True,RED,0.480334
monza_col_lap4_to_medium_new_tyre_only,COL,4,MEDIUM,new,tyre_only,M-H-M,2,-23.903512,-39.366472,-7.633778,0.974000,-23.570795,0.000000,True,True,RED,0.479042
monza_col_lap4_to_hard_new_tyre_only,COL,4,HARD,new,tyre_only,M-H-H,2,-1.200340,-1.398264,-0.994826,1.000000,-1.193437,0.000000,True,True,RED,0.480209
monza_col_lap5_to_soft_new_tyre_only,COL,5,SOFT,new,tyre_only,M-H-S,2,-65.747434,-92.448585,-43.313629,1.000000,-66.489130,0.000000,False,True,RED,0.478625
monza_col_lap5_to_medium_new_tyre_only,COL,5,MEDIUM,new,tyre_only,M-H-M,2,-24.604171,-39.768169,-8.718682,0.980000,-24.332171,0.000000,True,True,RED,0.472625
monza_col_lap5_to_hard_new_tyre_only,COL,5,HARD,new,tyre_only,M-H-H,2,-2.351687,-2.739456,-1.949047,1.000000,-2.338163,0.000000,True,True,RED,0.476917
monza_col_lap6_to_soft_new_tyre_only,COL,6,SOFT,new,tyre_only,M-H-S,2,-42.828300,-69.991490,-22.145445,0.994000,-66.250865,21.658602,False,False,MISSING,0.472375
monza_col_lap6_to_medium_new_tyre_only,COL,6,MEDIUM,new,tyre_only,M-H-M,2,-2.944669,-18.776435,12.356257,0.612000,-25.041781,21.891733,True,False,MISSING,0.475458
monza_col_lap6_to_hard_new_tyre_only,COL,6,HARD,new,tyre_only,M-H-H,2,18.362493,14.787150,22.029935,0.000000,-3.434177,21.869938,True,False,MISSING,0.475041
monza_col_lap7_to_soft_new_tyre_only,COL,7,SOFT,new,tyre_only,M-H-S,2,-42.794646,-68.927185,-22.620649,0.998000,-65.963796,21.658602,False,False,GREEN,0.470083
monza_col_lap7_to_medium_new_tyre_only,COL,7,MEDIUM,new,tyre_only,M-H-M,2,-3.690368,-19.082052,11.259398,0.634000,-25.699623,21.891733,True,False,GREEN,0.473000
monza_col_lap7_to_hard_new_tyre_only,COL,7,HARD,new,tyre_only,M-H-H,2,17.332401,13.642481,21.020301,0.000000,-4.481479,21.869938,True,False,GREEN,0.474166
monza_col_lap8_to_soft_new_tyre_only,COL,8,SOFT,new,tyre_only,M-H-S,2,-42.537189,-67.876101,-23.030776,0.998000,-65.627921,21.658602,False,False,GREEN,0.486833
monza_col_lap8_to_medium_new_tyre_only,COL,8,MEDIUM,new,tyre_only,M-H-M,2,-4.257290,-19.347927,10.216933,0.658000,-26.305698,21.891733,True,False,GREEN,0.469958
monza_col_lap8_to_hard_new_tyre_only,COL,8,HARD,new,tyre_only,M-H-H,2,16.393002,12.576883,20.034237,0.000000,-5.480070,21.869938,True,False,GREEN,0.475833
monza_col_lap9_to_soft_new_tyre_only,COL,9,SOFT,new,tyre_only,M-H-S,2,-42.421496,-66.754091,-23.377646,0.998000,-65.243240,21.658602,False,False,GREEN,0.472625
monza_col_lap9_to_medium_new_tyre_only,COL,9,MEDIUM,new,tyre_only,M-H-M,2,-4.814505,-19.558402,9.228861,0.672000,-26.860005,21.891733,True,False,GREEN,0.500792
monza_col_lap9_to_hard_new_tyre_only,COL,9,HARD,new,tyre_only,M-H-H,2,15.425785,11.593542,19.167898,0.000000,-6.429949,21.869938,True,False,GREEN,0.478834
monza_col_lap10_to_soft_new_tyre_only,COL,10,SOFT,new,tyre_only,M-H-S,2,-41.774252,-65.206114,-23.635938,0.998000,-64.809755,21.658602,False,False,GREEN,0.722959
monza_col_lap10_to_medium_new_tyre_only,COL,10,MEDIUM,new,tyre_only,M-H-M,2,-5.301817,-19.683833,8.364787,0.690000,-27.362546,21.891733,True,False,GREEN,0.504125
monza_col_lap10_to_hard_new_tyre_only,COL,10,HARD,new,tyre_only,M-H-H,2,14.522916,10.654660,18.330584,0.000000,-7.331116,21.869938,True,False,GREEN,0.486000
monza_col_lap11_to_soft_new_tyre_only,COL,11,SOFT,new,tyre_only,M-H-S,2,-41.369118,-63.668036,-23.843305,0.998000,-64.327464,21.658602,False,False,GREEN,0.482458
monza_col_lap11_to_medium_new_tyre_only,COL,11,MEDIUM,new,tyre_only,M-H-M,2,-5.814738,-19.691811,7.606982,0.712000,-27.813319,21.891733,True,False,GREEN,0.477625
monza_col_lap11_to_hard_new_tyre_only,COL,11,HARD,new,tyre_only,M-H-H,2,13.685756,9.732124,17.532047,0.000000,-8.183571,21.869938,True,False,GREEN,0.484417
monza_col_lap12_to_soft_new_tyre_only,COL,12,SOFT,new,tyre_only,M-H-S,2,-41.234906,-62.421545,-23.996901,0.998000,-63.796367,21.658602,False,False,GREEN,0.475125
monza_col_lap12_to_medium_new_tyre_only,COL,12,MEDIUM,new,tyre_only,M-H-M,2,-6.184643,-19.762330,6.962385,0.724000,-28.212325,21.891733,True,False,GREEN,0.472208
monza_col_lap12_to_hard_new_tyre_only,COL,12,HARD,new,tyre_only,M-H-H,2,12.923421,8.882671,16.845067,0.000000,-8.987315,21.869938,True,False,GREEN,0.471917
monza_col_lap13_to_soft_new_tyre_only,COL,13,SOFT,new,tyre_only,M-H-S,2,-40.960592,-61.208849,-24.109101,0.998000,-63.216465,21.658602,False,False,GREEN,0.480250
monza_col_lap13_to_medium_new_tyre_only,COL,13,MEDIUM,new,tyre_only,M-H-M,2,-6.431040,-19.840960,6.380907,0.738000,-28.559564,21.891733,True,False,GREEN,0.467375
monza_col_lap13_to_hard_new_tyre_only,COL,13,HARD,new,tyre_only,M-H-H,2,12.194370,8.024017,16.090626,0.000000,-9.742347,21.869938,True,False,GREEN,0.471417
monza_col_lap14_to_soft_new_tyre_only,COL,14,SOFT,new,tyre_only,M-H-S,2,-40.307761,-59.948108,-24.190619,0.998000,-62.587758,21.658602,False,False,GREEN,0.469083
monza_col_lap14_to_medium_new_tyre_only,COL,14,MEDIUM,new,tyre_only,M-H-M,2,-6.733200,-19.824578,5.809251,0.752000,-28.855035,21.891733,True,False,GREEN,0.468625
monza_col_lap14_to_hard_new_tyre_only,COL,14,HARD,new,tyre_only,M-H-H,2,11.478558,7.303805,15.362917,0.002000,-10.448667,21.869938,True,False,GREEN,0.473167
monza_col_lap15_to_soft_new_tyre_only,COL,15,SOFT,new,tyre_only,M-H-S,2,-39.728860,-58.640420,-24.196890,0.998000,-61.910246,21.658602,False,False,GREEN,0.469792
monza_col_lap15_to_medium_new_tyre_only,COL,15,MEDIUM,new,tyre_only,M-H-M,2,-7.052901,-19.737257,5.222087,0.762000,-29.098740,21.891733,True,False,GREEN,0.465916
monza_col_lap15_to_hard_new_tyre_only,COL,15,HARD,new,tyre_only,M-H-H,2,10.826815,6.634014,14.748616,0.002000,-11.106275,21.869938,True,False,GREEN,0.470291
monza_col_lap16_to_soft_new_tyre_only,COL,16,SOFT,new,tyre_only,M-H-S,2,-39.017524,-57.274076,-23.959518,1.000000,-61.183928,21.658602,False,False,GREEN,0.467708
monza_col_lap16_to_medium_new_tyre_only,COL,16,MEDIUM,new,tyre_only,M-H-M,2,-7.346403,-19.632891,4.716762,0.770000,-29.290677,21.891733,True,False,GREEN,0.464292
monza_col_lap16_to_hard_new_tyre_only,COL,16,HARD,new,tyre_only,M-H-H,2,10.198275,5.972942,14.172913,0.002000,-11.715172,21.869938,True,False,GREEN,0.470084
monza_col_lap17_to_soft_new_tyre_only,COL,17,SOFT,new,tyre_only,M-H-S,2,-38.085980,-55.756238,-23.754372,1.000000,-60.408805,21.658602,False,False,GREEN,0.472250
monza_col_lap17_to_medium_new_tyre_only,COL,17,MEDIUM,new,tyre_only,M-H-M,2,-7.558763,-19.467370,4.389183,0.778000,-29.430847,21.891733,True,False,GREEN,0.464417
monza_col_lap17_to_hard_new_tyre_only,COL,17,HARD,new,tyre_only,M-H-H,2,9.635254,5.375759,13.643267,0.002000,-12.275357,21.869938,True,False,GREEN,0.476042
monza_col_lap18_to_soft_new_tyre_only,COL,18,SOFT,new,tyre_only,M-H-S,2,-37.370937,-54.027177,-23.354786,1.000000,-59.584876,21.658602,False,False,GREEN,0.467500
monza_col_lap18_to_medium_new_tyre_only,COL,18,MEDIUM,new,tyre_only,M-H-M,2,-7.643089,-19.239599,4.051898,0.788000,-29.519249,21.891733,True,False,GREEN,0.469667
monza_col_lap18_to_hard_new_tyre_only,COL,18,HARD,new,tyre_only,M-H-H,2,9.120137,4.842566,13.209577,0.004000,-12.786830,21.869938,True,False,GREEN,0.467833
monza_col_lap19_to_soft_new_tyre_only,COL,19,SOFT,new,tyre_only,M-H-S,2,-36.528304,-52.461517,-23.199682,1.000000,-58.712142,21.658602,False,False,GREEN,0.462125
monza_col_lap19_to_medium_new_tyre_only,COL,19,MEDIUM,new,tyre_only,M-H-M,2,-7.672318,-18.834457,3.779772,0.792000,-29.555885,21.891733,True,False,GREEN,0.464917
monza_col_lap19_to_hard_new_tyre_only,COL,19,HARD,new,tyre_only,M-H-H,2,8.641449,4.358239,12.780055,0.006000,-13.249591,21.869938,True,False,GREEN,0.462625
monza_col_lap20_to_soft_new_tyre_only,COL,20,SOFT,new,tyre_only,M-H-S,2,-35.795890,-50.724407,-22.863703,1.000000,-57.790603,21.658602,False,False,GREEN,0.471959
monza_col_lap20_to_medium_new_tyre_only,COL,20,MEDIUM,new,tyre_only,M-H-M,2,-7.720859,-18.482077,3.444522,0.802000,-29.540753,21.891733,True,False,GREEN,0.468833
monza_col_lap20_to_hard_new_tyre_only,COL,20,HARD,new,tyre_only,M-H-H,2,8.221308,3.879197,12.401441,0.010000,-13.663641,21.869938,True,False,GREEN,0.459625
monza_col_lap21_to_soft_new_tyre_only,COL,21,SOFT,new,tyre_only,M-H-S,2,-34.833391,-48.960057,-22.611907,1.000000,-56.820258,21.658602,False,False,GREEN,0.462500
monza_col_lap21_to_medium_new_tyre_only,COL,21,MEDIUM,new,tyre_only,M-H-M,2,-7.689893,-18.177764,3.098040,0.808000,-29.473854,21.891733,True,False,GREEN,0.465042
monza_col_lap21_to_hard_new_tyre_only,COL,21,HARD,new,tyre_only,M-H-H,2,7.848600,3.496720,12.068230,0.012000,-14.028979,21.869938,True,False,GREEN,0.462167
monza_col_lap22_to_soft_new_tyre_only,COL,22,SOFT,new,tyre_only,M-H-S,2,-33.675237,-47.286837,-22.244807,1.000000,-55.801108,21.658602,False,False,GREEN,0.460000
monza_col_lap22_to_medium_new_tyre_only,COL,22,MEDIUM,new,tyre_only,M-H-M,2,-7.549998,-17.819049,2.885610,0.808000,-29.355188,21.891733,True,False,GREEN,0.458792
monza_col_lap22_to_hard_new_tyre_only,COL,22,HARD,new,tyre_only,M-H-H,2,7.550452,3.169772,11.774315,0.012000,-14.345605,21.869938,True,False,GREEN,0.460833
monza_col_lap23_to_soft_new_tyre_only,COL,23,SOFT,new,tyre_only,M-H-S,2,-32.717453,-45.661575,-21.909103,1.000000,-54.733153,21.658602,False,False,GREEN,0.459792
monza_col_lap23_to_medium_new_tyre_only,COL,23,MEDIUM,new,tyre_only,M-H-M,2,-7.377431,-17.400287,2.788034,0.810000,-29.184755,21.891733,True,False,GREEN,0.456459
monza_col_lap23_to_hard_new_tyre_only,COL,23,HARD,new,tyre_only,M-H-H,2,7.287436,2.894976,11.529312,0.018000,-14.613520,21.869938,True,False,GREEN,0.460291
monza_col_lap24_to_soft_new_tyre_only,COL,24,SOFT,new,tyre_only,M-H-S,2,-31.564728,-44.036190,-21.162281,1.000000,-53.616392,21.658602,False,False,GREEN,0.457750
monza_col_lap24_to_medium_new_tyre_only,COL,24,MEDIUM,new,tyre_only,M-H-M,2,-7.168423,-16.968723,2.772820,0.806000,-28.962554,21.891733,True,False,GREEN,0.466125
monza_col_lap24_to_hard_new_tyre_only,COL,24,HARD,new,tyre_only,M-H-H,2,7.078478,2.657443,11.328962,0.020000,-14.832723,21.869938,True,False,GREEN,0.461166
monza_col_lap25_to_soft_new_tyre_only,COL,25,SOFT,new,tyre_only,M-H-S,2,-30.432911,-42.155682,-20.326189,1.000000,-52.450826,21.658602,False,False,GREEN,0.466125
monza_col_lap25_to_medium_new_tyre_only,COL,25,MEDIUM,new,tyre_only,M-H-M,2,-6.964124,-16.489393,2.848799,0.802000,-28.688587,21.891733,True,False,GREEN,0.466542
monza_col_lap25_to_hard_new_tyre_only,COL,25,HARD,new,tyre_only,M-H-H,2,6.904434,2.487577,11.173133,0.022000,-15.003214,21.869938,True,False,GREEN,0.461083
monza_col_lap26_to_soft_new_tyre_only,COL,26,SOFT,new,tyre_only,M-H-S,2,-29.233755,-40.507011,-19.447708,1.000000,-51.236455,21.658602,False,False,GREEN,0.461667
monza_col_lap26_to_medium_new_tyre_only,COL,26,MEDIUM,new,tyre_only,M-H-M,2,-6.616826,-15.936967,2.974881,0.800000,-28.362852,21.891733,True,False,GREEN,0.469333
monza_col_lap26_to_hard_new_tyre_only,COL,26,HARD,new,tyre_only,M-H-H,2,6.779325,2.359142,11.061827,0.022000,-15.124993,21.869938,True,False,GREEN,0.470167
monza_col_lap27_to_soft_new_tyre_only,COL,27,SOFT,new,tyre_only,M-H-S,2,-27.951549,-38.771521,-18.513819,1.000000,-49.973278,21.658602,False,False,VSC,0.462375
monza_col_lap27_to_medium_new_tyre_only,COL,27,MEDIUM,new,tyre_only,M-H-M,2,-6.219339,-15.209426,3.134144,0.796000,-27.985349,21.891733,True,False,VSC,0.482583
monza_col_lap27_to_hard_new_tyre_only,COL,27,HARD,new,tyre_only,M-H-H,2,6.711444,2.282080,10.995044,0.022000,-15.198061,21.869938,True,False,VSC,0.470666
monza_col_lap28_to_soft_new_tyre_only,COL,28,SOFT,new,tyre_only,M-H-S,2,-26.613226,-36.890875,-17.697809,1.000000,-48.661296,21.658602,True,False,VSC,0.478333
monza_col_lap28_to_medium_new_tyre_only,COL,28,MEDIUM,new,tyre_only,M-H-M,2,-5.771778,-14.550819,3.340519,0.790000,-27.556080,21.891733,True,False,VSC,0.469125
monza_col_lap28_to_hard_new_tyre_only,COL,28,HARD,new,tyre_only,M-H-H,2,6.688818,2.256393,10.972783,0.022000,-15.222417,21.869938,True,False,VSC,0.464875
monza_col_lap29_to_soft_new_tyre_only,COL,29,SOFT,new,tyre_only,M-H-S,2,-25.289598,-34.966078,-16.826531,1.000000,-47.300508,21.658602,True,False,GREEN,0.479625
monza_col_lap29_to_medium_new_tyre_only,COL,29,MEDIUM,new,tyre_only,M-H-M,2,-5.276142,-13.776386,3.596550,0.776000,-27.075043,21.891733,True,False,GREEN,0.465500
monza_col_lap29_to_hard_new_tyre_only,COL,29,HARD,new,tyre_only,M-H-H,2,6.711444,2.282080,10.995044,0.022000,-15.198061,21.869938,True,False,GREEN,0.478875
monza_col_lap30_to_soft_new_tyre_only,COL,30,SOFT,new,tyre_only,M-H-S,2,-24.007470,-33.032042,-15.832290,1.000000,-45.890915,21.658602,True,False,GREEN,0.478000
monza_col_lap30_to_medium_new_tyre_only,COL,30,MEDIUM,new,tyre_only,M-H-M,2,-4.678823,-12.996301,3.829357,0.766000,-26.542239,21.891733,True,False,GREEN,0.477333
monza_col_lap30_to_hard_new_tyre_only,COL,30,HARD,new,tyre_only,M-H-H,2,6.779325,2.359142,11.061827,0.022000,-15.124993,21.869938,True,False,GREEN,0.474833
monza_col_lap31_to_soft_new_tyre_only,COL,31,SOFT,new,tyre_only,M-H-S,2,-22.476792,-31.074690,-14.528747,1.000000,-44.432517,21.658602,True,False,GREEN,0.457542
monza_col_lap31_to_medium_new_tyre_only,COL,31,MEDIUM,new,tyre_only,M-H-M,2,-4.064001,-12.131690,4.091215,0.746000,-25.957668,21.891733,True,False,GREEN,0.490084
monza_col_lap31_to_hard_new_tyre_only,COL,31,HARD,new,tyre_only,M-H-H,2,6.904434,2.487577,11.173133,0.022000,-15.003214,21.869938,True,False,GREEN,0.537209
monza_col_lap32_to_soft_new_tyre_only,COL,32,SOFT,new,tyre_only,M-H-S,2,-20.963275,-29.190220,-13.352747,1.000000,-42.925313,21.658602,True,False,GREEN,0.472000
monza_col_lap32_to_medium_new_tyre_only,COL,32,MEDIUM,new,tyre_only,M-H-M,2,-3.423938,-11.216225,4.510438,0.714000,-25.321330,21.891733,True,False,GREEN,0.459000
monza_col_lap32_to_hard_new_tyre_only,COL,32,HARD,new,tyre_only,M-H-H,2,7.078478,2.657443,11.328962,0.020000,-14.832723,21.869938,True,False,GREEN,0.454917
monza_col_lap33_to_soft_new_tyre_only,COL,33,SOFT,new,tyre_only,M-H-S,2,-19.458256,-27.309411,-12.100867,1.000000,-41.369304,21.658602,True,False,GREEN,0.451625
monza_col_lap33_to_medium_new_tyre_only,COL,33,MEDIUM,new,tyre_only,M-H-M,2,-2.645143,-10.251536,4.963551,0.692000,-24.633225,21.891733,True,False,GREEN,0.455250
monza_col_lap33_to_hard_new_tyre_only,COL,33,HARD,new,tyre_only,M-H-H,2,7.287436,2.894976,11.529312,0.018000,-14.613520,21.869938,True,False,GREEN,0.453000
monza_col_lap34_to_soft_new_tyre_only,COL,34,SOFT,new,tyre_only,M-H-S,2,-17.861153,-25.427571,-10.912305,1.000000,-39.764490,21.658602,True,False,GREEN,0.455625
monza_col_lap34_to_medium_new_tyre_only,COL,34,MEDIUM,new,tyre_only,M-H-M,2,-1.895984,-9.253467,5.448878,0.632000,-23.893352,21.891733,True,False,GREEN,0.455250
monza_col_lap34_to_hard_new_tyre_only,COL,34,HARD,new,tyre_only,M-H-H,2,7.550452,3.169772,11.774315,0.012000,-14.345605,21.869938,True,False,GREEN,0.450125
monza_col_lap35_to_soft_new_tyre_only,COL,35,SOFT,new,tyre_only,M-H-S,2,-16.247626,-23.373981,-9.629898,1.000000,-38.110870,21.658602,True,False,GREEN,0.452083
monza_col_lap35_to_medium_new_tyre_only,COL,35,MEDIUM,new,tyre_only,M-H-M,2,-1.063747,-8.195224,5.943562,0.582000,-23.101712,21.891733,True,False,GREEN,0.453791
monza_col_lap35_to_hard_new_tyre_only,COL,35,HARD,new,tyre_only,M-H-H,2,7.848600,3.496720,12.068230,0.012000,-14.028979,21.869938,True,False,GREEN,0.454209
monza_col_lap36_to_soft_new_tyre_only,COL,36,SOFT,new,tyre_only,M-H-S,2,-14.521540,-21.217138,-8.174019,1.000000,-36.408445,21.658602,True,False,GREEN,0.449458
monza_col_lap36_to_medium_new_tyre_only,COL,36,MEDIUM,new,tyre_only,M-H-M,2,-0.187311,-7.022791,6.560533,0.522000,-22.258305,21.891733,True,False,GREEN,0.451542
monza_col_lap36_to_hard_new_tyre_only,COL,36,HARD,new,tyre_only,M-H-H,2,8.221308,3.879197,12.401441,0.010000,-13.663641,21.869938,True,False,GREEN,0.455417
monza_col_lap37_to_soft_new_tyre_only,COL,37,SOFT,new,tyre_only,M-H-S,2,-12.774605,-19.152116,-6.709022,0.996000,-34.657215,21.658602,True,False,GREEN,0.452167
monza_col_lap37_to_medium_new_tyre_only,COL,37,MEDIUM,new,tyre_only,M-H-M,2,0.643128,-5.846190,7.265109,0.450000,-21.363131,21.891733,True,False,GREEN,0.447917
monza_col_lap37_to_hard_new_tyre_only,COL,37,HARD,new,tyre_only,M-H-H,2,8.641449,4.358239,12.780055,0.006000,-13.249591,21.869938,True,False,GREEN,0.453792
monza_col_lap38_to_soft_new_tyre_only,COL,38,SOFT,new,tyre_only,M-H-S,2,-11.008116,-17.160444,-5.167483,0.996000,-32.857179,21.658602,True,False,GREEN,0.454833
monza_col_lap38_to_medium_new_tyre_only,COL,38,MEDIUM,new,tyre_only,M-H-M,2,1.633134,-4.633979,7.891594,0.366000,-20.416189,21.891733,True,False,GREEN,0.460292
monza_col_lap38_to_hard_new_tyre_only,COL,38,HARD,new,tyre_only,M-H-H,2,9.120137,4.842566,13.209577,0.004000,-12.786830,21.869938,True,False,GREEN,0.465000
monza_col_lap39_to_soft_new_tyre_only,COL,39,SOFT,new,tyre_only,M-H-S,2,-9.072072,-15.031313,-3.491663,0.988000,-31.008338,21.658602,True,False,GREEN,0.451708
monza_col_lap39_to_medium_new_tyre_only,COL,39,MEDIUM,new,tyre_only,M-H-M,2,2.622806,-3.411800,8.566209,0.302000,-19.417480,21.891733,True,False,GREEN,0.445667
monza_col_lap39_to_hard_new_tyre_only,COL,39,HARD,new,tyre_only,M-H-H,2,9.635254,5.375759,13.643267,0.002000,-12.275357,21.869938,True,False,GREEN,0.451291
monza_col_lap40_to_soft_new_tyre_only,COL,40,SOFT,new,tyre_only,M-H-S,2,-7.212100,-12.958735,-1.881946,0.964000,-29.110692,21.658602,True,False,GREEN,0.446625
monza_col_lap40_to_medium_new_tyre_only,COL,40,MEDIUM,new,tyre_only,M-H-M,2,3.633706,-2.083810,9.324335,0.226000,-18.367004,21.891733,True,False,GREEN,0.446958
monza_col_lap40_to_hard_new_tyre_only,COL,40,HARD,new,tyre_only,M-H-H,2,10.198275,5.972942,14.172913,0.002000,-11.715172,21.869938,True,False,GREEN,0.450042
monza_col_lap41_to_soft_new_tyre_only,COL,41,SOFT,new,tyre_only,M-H-S,2,-5.364322,-10.834040,-0.358146,0.904000,-27.164240,21.658602,True,False,GREEN,0.448167
monza_col_lap41_to_medium_new_tyre_only,COL,41,MEDIUM,new,tyre_only,M-H-M,2,4.720188,-0.753063,10.138300,0.150000,-17.264761,21.891733,True,False,GREEN,0.448917
monza_col_lap41_to_hard_new_tyre_only,COL,41,HARD,new,tyre_only,M-H-H,2,10.826815,6.634014,14.748616,0.002000,-11.106275,21.869938,True,False,GREEN,0.449959
monza_col_lap42_to_soft_new_tyre_only,COL,42,SOFT,new,tyre_only,M-H-S,2,-3.332545,-8.630776,1.485718,0.814000,-25.168983,21.658602,True,False,GREEN,0.444541
monza_col_lap42_to_medium_new_tyre_only,COL,42,MEDIUM,new,tyre_only,M-H-M,2,5.805640,0.604448,10.930648,0.074000,-16.110751,21.891733,True,False,GREEN,0.455875
monza_col_lap42_to_hard_new_tyre_only,COL,42,HARD,new,tyre_only,M-H-H,2,11.478558,7.303805,15.362917,0.002000,-10.448667,21.869938,True,False,GREEN,0.447625
monza_col_lap43_to_soft_new_tyre_only,COL,43,SOFT,new,tyre_only,M-H-S,2,-1.309780,-6.251208,3.314804,0.634000,-23.124920,21.658602,True,False,GREEN,0.448625
monza_col_lap43_to_medium_new_tyre_only,COL,43,MEDIUM,new,tyre_only,M-H-M,2,6.961207,2.035839,11.872000,0.026000,-14.904973,21.891733,True,False,GREEN,0.443917
monza_col_lap43_to_hard_new_tyre_only,COL,43,HARD,new,tyre_only,M-H-H,2,12.194370,8.024017,16.090626,0.000000,-9.742347,21.869938,True,False,GREEN,0.447708
monza_col_lap44_to_soft_new_tyre_only,COL,44,SOFT,new,tyre_only,M-H-S,2,0.829349,-3.873625,5.207397,0.422000,-21.032052,21.658602,True,False,GREEN,0.446375
monza_col_lap44_to_medium_new_tyre_only,COL,44,MEDIUM,new,tyre_only,M-H-M,2,8.144705,3.572106,12.898600,0.006000,-13.647428,21.891733,True,False,GREEN,0.442750
monza_col_lap44_to_hard_new_tyre_only,COL,44,HARD,new,tyre_only,M-H-H,2,12.923421,8.882671,16.845067,0.000000,-8.987315,21.869938,True,False,GREEN,0.446083
monza_col_lap45_to_soft_new_tyre_only,COL,45,SOFT,new,tyre_only,M-H-S,2,2.951285,-1.519944,7.246500,0.246000,-18.890379,21.658602,True,False,GREEN,0.443334
monza_col_lap45_to_medium_new_tyre_only,COL,45,MEDIUM,new,tyre_only,M-H-M,2,9.537335,5.127630,13.965988,0.002000,-12.338116,21.891733,True,False,GREEN,0.442458
monza_col_lap45_to_hard_new_tyre_only,COL,45,HARD,new,tyre_only,M-H-H,2,13.685756,9.732124,17.532047,0.000000,-8.183571,21.869938,True,False,GREEN,0.447416
monza_col_lap46_to_soft_new_tyre_only,COL,46,SOFT,new,tyre_only,M-H-S,2,5.149660,0.726619,9.293501,0.064000,-16.699900,21.658602,True,False,GREEN,0.446209
monza_col_lap46_to_medium_new_tyre_only,COL,46,MEDIUM,new,tyre_only,M-H-M,2,10.939553,6.701185,15.120483,0.000000,-10.977037,21.891733,True,False,GREEN,0.444000
monza_col_lap46_to_hard_new_tyre_only,COL,46,HARD,new,tyre_only,M-H-H,2,14.522916,10.654660,18.330584,0.000000,-7.331116,21.869938,True,False,GREEN,0.444000
monza_col_lap47_to_soft_new_tyre_only,COL,47,SOFT,new,tyre_only,M-H-S,2,7.378583,3.027351,11.334712,0.022000,-14.460616,21.658602,True,False,GREEN,0.444792
monza_col_lap47_to_medium_new_tyre_only,COL,47,MEDIUM,new,tyre_only,M-H-M,2,12.405853,8.426608,16.436673,0.000000,-9.564190,21.891733,True,False,GREEN,0.444084
monza_col_lap47_to_hard_new_tyre_only,COL,47,HARD,new,tyre_only,M-H-H,2,15.425785,11.593542,19.167898,0.000000,-6.429949,21.869938,True,False,GREEN,0.443583
monza_col_lap48_to_soft_new_tyre_only,COL,48,SOFT,new,tyre_only,M-H-S,2,9.572892,5.521802,13.530826,0.004000,-12.172527,21.658602,True,False,GREEN,0.443459
monza_col_lap48_to_medium_new_tyre_only,COL,48,MEDIUM,new,tyre_only,M-H-M,2,13.857049,10.023221,17.668245,0.000000,-8.099577,21.891733,True,False,GREEN,0.447667
monza_col_lap48_to_hard_new_tyre_only,COL,48,HARD,new,tyre_only,M-H-H,2,16.393002,12.576883,20.034237,0.000000,-5.480070,21.869938,True,False,GREEN,0.447625
monza_col_lap49_to_soft_new_tyre_only,COL,49,SOFT,new,tyre_only,M-H-S,2,11.827932,7.908737,15.655555,0.000000,-9.835632,21.658602,True,False,GREEN,0.445416
monza_col_lap49_to_medium_new_tyre_only,COL,49,MEDIUM,new,tyre_only,M-H-M,2,15.328511,11.677658,18.970870,0.000000,-6.583196,21.891733,True,False,GREEN,0.444333
monza_col_lap49_to_hard_new_tyre_only,COL,49,HARD,new,tyre_only,M-H-H,2,17.332401,13.642481,21.020301,0.000000,-4.481479,21.869938,True,False,GREEN,0.445542
monza_col_lap50_to_soft_new_tyre_only,COL,50,SOFT,new,tyre_only,M-H-S,2,14.158994,10.411341,18.041134,0.000000,-7.449932,21.658602,True,False,GREEN,0.449875
monza_col_lap50_to_medium_new_tyre_only,COL,50,MEDIUM,new,tyre_only,M-H-M,2,16.866556,13.369241,20.449453,0.000000,-5.015048,21.891733,True,False,GREEN,0.441958
monza_col_lap50_to_hard_new_tyre_only,COL,50,HARD,new,tyre_only,M-H-H,2,18.362493,14.787150,22.029935,0.000000,-3.434177,21.869938,True,False,GREEN,0.441875
monza_col_lap51_to_soft_new_tyre_only,COL,51,SOFT,new,tyre_only,M-H-S,2,16.876664,13.366944,20.357423,0.000000,-5.015427,21.920263,True,False,GREEN,0.440500
monza_col_lap51_to_medium_new_tyre_only,COL,51,MEDIUM,new,tyre_only,M-H-M,2,18.680452,15.315897,22.149394,0.000000,-3.395132,22.090607,True,False,GREEN,0.440750
monza_col_lap51_to_hard_new_tyre_only,COL,51,HARD,new,tyre_only,M-H-H,2,19.477351,16.228268,23.213910,0.000000,-2.338163,21.915726,True,False,GREEN,0.441250
monza_col_lap52_to_soft_new_tyre_only,COL,52,SOFT,new,tyre_only,M-H-S,2,19.395587,16.061542,22.867614,0.000000,-2.532116,22.037352,True,False,GREEN,0.444042
monza_col_lap52_to_medium_new_tyre_only,COL,52,MEDIUM,new,tyre_only,M-H-M,2,20.179575,16.992853,23.760447,0.000000,-1.723450,22.037352,True,False,GREEN,0.438083
monza_col_lap52_to_hard_new_tyre_only,COL,52,HARD,new,tyre_only,M-H-H,2,20.710189,17.399334,24.222540,0.000000,-1.193437,22.037352,True,False,GREEN,0.442625
monza_gas_lap2_to_soft_new_tyre_only,GAS,2,SOFT,new,tyre_only,M-S-H,2,-0.865145,-1.055079,-0.671405,1.000000,-0.863501,0.000000,True,True,GREEN,2.651959
monza_gas_lap2_to_medium_new_tyre_only,GAS,2,MEDIUM,new,tyre_only,M-M-H,2,-0.055035,-0.062838,-0.047348,1.000000,-0.054835,0.000000,True,True,GREEN,0.485500
monza_gas_lap2_to_hard_new_tyre_only,GAS,2,HARD,new,tyre_only,M-H-H,2,0.487883,0.193248,0.760851,0.010000,0.477717,0.000000,True,True,GREEN,0.477209
monza_gas_lap3_to_soft_new_tyre_only,GAS,3,SOFT,new,tyre_only,M-S,1,-69.320868,-97.222438,-45.905932,1.000000,-70.057572,0.000000,False,True,RED,0.503583
monza_gas_lap3_to_medium_new_tyre_only,GAS,3,MEDIUM,new,tyre_only,M-M,1,-26.361050,-42.059447,-9.872446,0.986000,-25.995497,0.000000,True,True,RED,0.487667
monza_gas_lap3_to_hard_new_tyre_only,GAS,3,HARD,new,tyre_only,M-H,1,0.000000,0.000000,0.000000,0.000000,0.000000,0.000000,True,True,RED,0.481958
monza_gas_lap4_to_soft_new_tyre_only,GAS,4,SOFT,new,tyre_only,M-H-S,2,-69.282024,-95.898493,-46.506315,1.000000,-69.914651,0.000000,False,True,RED,0.487667
monza_gas_lap4_to_medium_new_tyre_only,GAS,4,MEDIUM,new,tyre_only,M-H-M,2,-27.091579,-42.524149,-11.008021,0.988000,-26.806393,0.000000,True,True,RED,0.485833
monza_gas_lap4_to_hard_new_tyre_only,GAS,4,HARD,new,tyre_only,M-H-H,2,-1.324894,-1.517854,-1.124534,1.000000,-1.318164,0.000000,True,True,RED,0.500000
monza_gas_lap5_to_soft_new_tyre_only,GAS,5,SOFT,new,tyre_only,M-H-S,2,-69.169861,-94.684578,-47.064666,1.000000,-69.720375,0.000000,False,True,RED,0.505292
monza_gas_lap5_to_medium_new_tyre_only,GAS,5,MEDIUM,new,tyre_only,M-H-M,2,-27.837015,-42.927891,-12.093321,0.992000,-27.562971,0.000000,True,True,RED,0.488125
monza_gas_lap5_to_hard_new_tyre_only,GAS,5,HARD,new,tyre_only,M-H-H,2,-2.595710,-2.973754,-2.203168,1.000000,-2.582526,0.000000,True,True,RED,0.497917
monza_gas_lap6_to_soft_new_tyre_only,GAS,6,SOFT,new,tyre_only,M-H-S,2,-46.233426,-72.490901,-26.036796,0.998000,-69.474742,21.658602,False,False,MISSING,0.473958
monza_gas_lap6_to_medium_new_tyre_only,GAS,6,MEDIUM,new,tyre_only,M-H-M,2,-6.196707,-21.931293,9.062000,0.710000,-28.265229,21.891733,True,False,MISSING,0.482791
monza_gas_lap6_to_hard_new_tyre_only,GAS,6,HARD,new,tyre_only,M-H-H,2,18.000733,14.430900,21.666545,0.000000,-3.793084,21.869938,True,False,MISSING,0.505917
monza_gas_lap7_to_soft_new_tyre_only,GAS,7,SOFT,new,tyre_only,M-H-S,2,-45.957123,-71.525636,-26.474072,0.998000,-69.177752,21.658602,False,False,GREEN,0.488916
monza_gas_lap7_to_medium_new_tyre_only,GAS,7,MEDIUM,new,tyre_only,M-H-M,2,-6.874037,-22.176318,7.989290,0.730000,-28.913170,21.891733,True,False,GREEN,0.492750
monza_gas_lap7_to_hard_new_tyre_only,GAS,7,HARD,new,tyre_only,M-H-H,2,16.865187,13.185721,20.556983,0.000000,-4.949841,21.869938,True,False,GREEN,0.481500
monza_gas_lap8_to_soft_new_tyre_only,GAS,8,SOFT,new,tyre_only,M-H-S,2,-45.747581,-70.490033,-26.766816,0.998000,-68.829407,21.658602,False,False,GREEN,0.469417
monza_gas_lap8_to_medium_new_tyre_only,GAS,8,MEDIUM,new,tyre_only,M-H-M,2,-7.459683,-22.423627,6.978487,0.748000,-29.506791,21.891733,True,False,GREEN,0.486625
monza_gas_lap8_to_hard_new_tyre_only,GAS,8,HARD,new,tyre_only,M-H-H,2,15.819827,12.005813,19.480105,0.000000,-6.052794,21.869938,True,False,GREEN,0.515458
monza_gas_lap9_to_soft_new_tyre_only,GAS,9,SOFT,new,tyre_only,M-H-S,2,-45.467427,-69.125261,-26.917561,0.998000,-68.429704,21.658602,False,False,GREEN,0.539042
monza_gas_lap9_to_medium_new_tyre_only,GAS,9,MEDIUM,new,tyre_only,M-H-M,2,-8.124877,-22.593384,6.050110,0.762000,-30.046094,21.891733,True,False,GREEN,0.515250
monza_gas_lap9_to_hard_new_tyre_only,GAS,9,HARD,new,tyre_only,M-H-H,2,14.745145,10.957542,18.474085,0.000000,-7.101945,21.869938,True,False,GREEN,0.471667
monza_gas_lap10_to_soft_new_tyre_only,GAS,10,SOFT,new,tyre_only,M-H-S,2,-44.975879,-67.712641,-27.102216,0.998000,-67.978646,21.658602,False,False,GREEN,0.468625
monza_gas_lap10_to_medium_new_tyre_only,GAS,10,MEDIUM,new,tyre_only,M-H-M,2,-8.551078,-22.641216,5.210699,0.774000,-30.531078,21.891733,True,False,GREEN,0.465834
monza_gas_lap10_to_hard_new_tyre_only,GAS,10,HARD,new,tyre_only,M-H-H,2,13.761358,9.892715,17.550677,0.000000,-8.097294,21.869938,True,False,GREEN,0.466208
monza_gas_lap11_to_soft_new_tyre_only,GAS,11,SOFT,new,tyre_only,M-H-S,2,-44.789749,-66.292398,-27.355636,0.998000,-67.476231,21.658602,False,False,GREEN,0.468584
monza_gas_lap11_to_medium_new_tyre_only,GAS,11,MEDIUM,new,tyre_only,M-H-M,2,-8.964095,-22.707705,4.628438,0.788000,-30.961744,21.891733,True,False,GREEN,0.465917
monza_gas_lap11_to_hard_new_tyre_only,GAS,11,HARD,new,tyre_only,M-H-H,2,12.825102,8.867827,16.677438,0.000000,-9.038839,21.869938,True,False,GREEN,0.471417
monza_gas_lap12_to_soft_new_tyre_only,GAS,12,SOFT,new,tyre_only,M-H-S,2,-44.620643,-65.115747,-27.426849,1.000000,-66.922460,21.658602,False,False,GREEN,0.465916
monza_gas_lap12_to_medium_new_tyre_only,GAS,12,MEDIUM,new,tyre_only,M-H-M,2,-9.246023,-22.706133,3.868293,0.806000,-31.338091,21.891733,True,False,GREEN,0.462708
monza_gas_lap12_to_hard_new_tyre_only,GAS,12,HARD,new,tyre_only,M-H-H,2,11.962262,7.977212,15.890908,0.000000,-9.926583,21.869938,True,False,GREEN,0.467958
monza_gas_lap13_to_soft_new_tyre_only,GAS,13,SOFT,new,tyre_only,M-H-S,2,-44.133717,-63.888204,-27.640497,1.000000,-66.317332,21.658602,False,False,GREEN,0.463375
monza_gas_lap13_to_medium_new_tyre_only,GAS,13,MEDIUM,new,tyre_only,M-H-M,2,-9.624506,-22.857324,3.269972,0.818000,-31.660120,21.891733,True,False,GREEN,0.464292
monza_gas_lap13_to_hard_new_tyre_only,GAS,13,HARD,new,tyre_only,M-H-H,2,11.179711,7.010647,15.090716,0.002000,-10.760523,21.869938,True,False,GREEN,0.463708
monza_gas_lap14_to_soft_new_tyre_only,GAS,14,SOFT,new,tyre_only,M-H-S,2,-43.466319,-62.615626,-27.633994,1.000000,-65.660848,21.658602,False,False,GREEN,0.467541
monza_gas_lap14_to_medium_new_tyre_only,GAS,14,MEDIUM,new,tyre_only,M-H-M,2,-9.917307,-22.803934,2.687817,0.840000,-31.927830,21.891733,True,False,GREEN,0.467334
monza_gas_lap14_to_hard_new_tyre_only,GAS,14,HARD,new,tyre_only,M-H-H,2,10.372878,6.215723,14.269704,0.002000,-11.540661,21.869938,True,False,GREEN,0.468792
monza_gas_lap15_to_soft_new_tyre_only,GAS,15,SOFT,new,tyre_only,M-H-S,2,-42.920140,-61.329010,-27.547269,1.000000,-64.953008,21.658602,False,False,GREEN,0.462583
monza_gas_lap15_to_medium_new_tyre_only,GAS,15,MEDIUM,new,tyre_only,M-H-M,2,-10.208603,-22.682086,2.185502,0.852000,-32.141221,21.891733,True,False,GREEN,0.463416
monza_gas_lap15_to_hard_new_tyre_only,GAS,15,HARD,new,tyre_only,M-H-H,2,9.681828,5.479223,13.574072,0.002000,-12.266996,21.869938,True,False,GREEN,0.470791
monza_gas_lap16_to_soft_new_tyre_only,GAS,16,SOFT,new,tyre_only,M-H-S,2,-41.983596,-59.770335,-27.398618,1.000000,-64.193811,21.658602,False,False,GREEN,0.465709
monza_gas_lap16_to_medium_new_tyre_only,GAS,16,MEDIUM,new,tyre_only,M-H-M,2,-10.412767,-22.497547,1.783756,0.860000,-32.300293,21.891733,True,False,GREEN,0.462542
monza_gas_lap16_to_hard_new_tyre_only,GAS,16,HARD,new,tyre_only,M-H-H,2,8.991677,4.782701,12.932539,0.004000,-12.939529,21.869938,True,False,GREEN,0.465500
monza_gas_lap17_to_soft_new_tyre_only,GAS,17,SOFT,new,tyre_only,M-H-S,2,-41.123320,-58.055922,-27.051843,1.000000,-63.383258,21.658602,False,False,GREEN,0.458209
monza_gas_lap17_to_medium_new_tyre_only,GAS,17,MEDIUM,new,tyre_only,M-H-M,2,-10.607834,-22.290529,1.455321,0.866000,-32.405048,21.891733,True,False,GREEN,0.463292
monza_gas_lap17_to_hard_new_tyre_only,GAS,17,HARD,new,tyre_only,M-H-H,2,8.343096,4.111260,12.343581,0.006000,-13.558259,21.869938,True,False,GREEN,0.465375
monza_gas_lap18_to_soft_new_tyre_only,GAS,18,SOFT,new,tyre_only,M-H-S,2,-40.268467,-56.517422,-26.759485,1.000000,-62.521348,21.658602,False,False,GREEN,0.465250
monza_gas_lap18_to_medium_new_tyre_only,GAS,18,MEDIUM,new,tyre_only,M-H-M,2,-10.562641,-22.032395,1.106878,0.868000,-32.455483,21.891733,True,False,GREEN,0.458375
monza_gas_lap18_to_hard_new_tyre_only,GAS,18,HARD,new,tyre_only,M-H-H,2,7.792370,3.518431,11.835240,0.010000,-14.123187,21.869938,True,False,GREEN,0.462875
monza_gas_lap19_to_soft_new_tyre_only,GAS,19,SOFT,new,tyre_only,M-H-S,2,-39.502323,-54.834143,-26.496614,1.000000,-61.608083,21.658602,False,False,GREEN,0.458916
monza_gas_lap19_to_medium_new_tyre_only,GAS,19,MEDIUM,new,tyre_only,M-H-M,2,-10.630878,-21.692861,0.836016,0.876000,-32.451600,21.891733,True,False,GREEN,0.458208
monza_gas_lap19_to_hard_new_tyre_only,GAS,19,HARD,new,tyre_only,M-H-H,2,7.264659,2.984139,11.386623,0.014000,-14.634311,21.869938,True,False,GREEN,0.465833
monza_gas_lap20_to_soft_new_tyre_only,GAS,20,SOFT,new,tyre_only,M-H-S,2,-38.688675,-53.082310,-26.158320,1.000000,-60.643460,21.658602,False,False,GREEN,0.462583
monza_gas_lap20_to_medium_new_tyre_only,GAS,20,MEDIUM,new,tyre_only,M-H-M,2,-10.578776,-21.396375,0.477319,0.888000,-32.393398,21.891733,True,False,GREEN,0.455750
monza_gas_lap20_to_hard_new_tyre_only,GAS,20,HARD,new,tyre_only,M-H-H,2,6.802074,2.501629,10.931749,0.020000,-15.091634,21.869938,True,False,GREEN,0.463792
monza_gas_lap21_to_soft_new_tyre_only,GAS,21,SOFT,new,tyre_only,M-H-S,2,-37.499595,-51.405405,-25.728498,1.000000,-59.627482,21.658602,False,False,GREEN,0.458417
monza_gas_lap21_to_medium_new_tyre_only,GAS,21,MEDIUM,new,tyre_only,M-H-M,2,-10.453271,-21.025602,0.175336,0.890000,-32.280878,21.891733,True,False,GREEN,0.467167
monza_gas_lap21_to_hard_new_tyre_only,GAS,21,HARD,new,tyre_only,M-H-H,2,6.389450,2.046973,10.570979,0.022000,-15.495153,21.869938,True,False,GREEN,0.464542
monza_gas_lap22_to_soft_new_tyre_only,GAS,22,SOFT,new,tyre_only,M-H-S,2,-36.509167,-49.813014,-25.312152,1.000000,-58.560147,21.658602,False,False,GREEN,0.461458
monza_gas_lap22_to_medium_new_tyre_only,GAS,22,MEDIUM,new,tyre_only,M-H-M,2,-10.295804,-20.597605,0.085256,0.894000,-32.114039,21.891733,True,False,GREEN,0.459917
monza_gas_lap22_to_hard_new_tyre_only,GAS,22,HARD,new,tyre_only,M-H-H,2,6.032551,1.682781,10.246757,0.030000,-15.844870,21.869938,True,False,GREEN,0.460083
monza_gas_lap23_to_soft_new_tyre_only,GAS,23,SOFT,new,tyre_only,M-H-S,2,-35.411519,-48.054973,-24.773028,1.000000,-57.441455,21.658602,False,False,GREEN,0.458375
monza_gas_lap23_to_medium_new_tyre_only,GAS,23,MEDIUM,new,tyre_only,M-H-M,2,-10.072682,-20.115666,0.075819,0.898000,-31.892881,21.891733,True,False,GREEN,0.460500
monza_gas_lap23_to_hard_new_tyre_only,GAS,23,HARD,new,tyre_only,M-H-H,2,5.753101,1.377125,9.971904,0.036000,-16.140785,21.869938,True,False,GREEN,0.466583
monza_gas_lap24_to_soft_new_tyre_only,GAS,24,SOFT,new,tyre_only,M-H-S,2,-34.266319,-46.341250,-23.931596,1.000000,-56.271408,21.658602,False,False,GREEN,0.459208
monza_gas_lap24_to_medium_new_tyre_only,GAS,24,MEDIUM,new,tyre_only,M-H-M,2,-9.862643,-19.648576,0.126300,0.896000,-31.617405,21.891733,True,False,GREEN,0.457583
monza_gas_lap24_to_hard_new_tyre_only,GAS,24,HARD,new,tyre_only,M-H-H,2,5.513098,1.129524,9.748662,0.046000,-16.382896,21.869938,True,False,GREEN,0.460417
monza_gas_lap25_to_soft_new_tyre_only,GAS,25,SOFT,new,tyre_only,M-H-S,2,-33.056075,-44.529390,-23.106458,1.000000,-55.050004,21.658602,False,False,GREEN,0.454708
monza_gas_lap25_to_medium_new_tyre_only,GAS,25,MEDIUM,new,tyre_only,M-H-M,2,-9.604769,-19.072585,0.275790,0.894000,-31.287610,21.891733,True,False,GREEN,0.459584
monza_gas_lap25_to_hard_new_tyre_only,GAS,25,HARD,new,tyre_only,M-H-H,2,5.330907,0.936945,9.572781,0.056000,-16.571206,21.869938,True,False,GREEN,0.456708
monza_gas_lap26_to_soft_new_tyre_only,GAS,26,SOFT,new,tyre_only,M-H-S,2,-31.810342,-42.839373,-22.094231,1.000000,-53.777243,21.658602,False,False,GREEN,0.456375
monza_gas_lap26_to_medium_new_tyre_only,GAS,26,MEDIUM,new,tyre_only,M-H-M,2,-9.182601,-18.433135,0.454082,0.890000,-30.903497,21.891733,True,False,GREEN,0.458250
monza_gas_lap26_to_hard_new_tyre_only,GAS,26,HARD,new,tyre_only,M-H-H,2,5.195989,0.781880,9.448485,0.060000,-16.705712,21.869938,True,False,GREEN,0.455667
monza_gas_lap27_to_soft_new_tyre_only,GAS,27,SOFT,new,tyre_only,M-H-S,2,-30.465561,-41.039687,-21.108807,1.000000,-52.453126,21.658602,False,False,YELLOW,0.454250
monza_gas_lap27_to_medium_new_tyre_only,GAS,27,MEDIUM,new,tyre_only,M-H-M,2,-8.721096,-17.708622,0.670149,0.886000,-30.465065,21.891733,True,False,YELLOW,0.454958
monza_gas_lap27_to_hard_new_tyre_only,GAS,27,HARD,new,tyre_only,M-H-H,2,5.123058,0.703282,9.373908,0.064000,-16.786416,21.869938,True,False,YELLOW,0.455667
monza_gas_lap28_to_soft_new_tyre_only,GAS,28,SOFT,new,tyre_only,M-H-S,2,-29.046704,-39.130313,-20.230698,1.000000,-51.077653,21.658602,True,False,VSC,0.454458
monza_gas_lap28_to_medium_new_tyre_only,GAS,28,MEDIUM,new,tyre_only,M-H-M,2,-8.170133,-16.982467,0.908220,0.884000,-29.972314,21.891733,True,False,VSC,0.455750
monza_gas_lap28_to_hard_new_tyre_only,GAS,28,HARD,new,tyre_only,M-H-H,2,5.098748,0.677083,9.349048,0.064000,-16.813317,21.869938,True,False,VSC,0.468791
monza_gas_lap29_to_soft_new_tyre_only,GAS,29,SOFT,new,tyre_only,M-H-S,2,-27.713865,-37.134742,-19.340772,1.000000,-49.650823,21.658602,True,False,VSC,0.453542
monza_gas_lap29_to_medium_new_tyre_only,GAS,29,MEDIUM,new,tyre_only,M-H-M,2,-7.563288,-16.165614,1.147187,0.874000,-29.425245,21.891733,True,False,VSC,0.456542
monza_gas_lap29_to_hard_new_tyre_only,GAS,29,HARD,new,tyre_only,M-H-H,2,5.123058,0.703282,9.373908,0.064000,-16.786416,21.869938,True,False,VSC,0.457959
monza_gas_lap30_to_soft_new_tyre_only,GAS,30,SOFT,new,tyre_only,M-H-S,2,-26.298842,-35.094288,-18.116732,1.000000,-48.172637,21.658602,True,False,GREEN,0.454708
monza_gas_lap30_to_medium_new_tyre_only,GAS,30,MEDIUM,new,tyre_only,M-H-M,2,-6.893264,-15.234019,1.433250,0.858000,-28.823857,21.891733,True,False,GREEN,0.452375
monza_gas_lap30_to_hard_new_tyre_only,GAS,30,HARD,new,tyre_only,M-H-H,2,5.195989,0.781880,9.448485,0.060000,-16.705712,21.869938,True,False,GREEN,0.457125
monza_gas_lap31_to_soft_new_tyre_only,GAS,31,SOFT,new,tyre_only,M-H-S,2,-24.696549,-33.137328,-16.831997,1.000000,-46.643095,21.658602,True,False,GREEN,0.450500
monza_gas_lap31_to_medium_new_tyre_only,GAS,31,MEDIUM,new,tyre_only,M-H-M,2,-6.274152,-14.368940,1.824086,0.840000,-28.168150,21.891733,True,False,GREEN,0.452292
monza_gas_lap31_to_hard_new_tyre_only,GAS,31,HARD,new,tyre_only,M-H-H,2,5.330907,0.936945,9.572781,0.056000,-16.571206,21.869938,True,False,GREEN,0.466542
monza_gas_lap32_to_soft_new_tyre_only,GAS,32,SOFT,new,tyre_only,M-H-S,2,-23.116253,-31.153215,-15.568242,1.000000,-45.062196,21.658602,True,False,GREEN,0.453208
monza_gas_lap32_to_medium_new_tyre_only,GAS,32,MEDIUM,new,tyre_only,M-H-M,2,-5.533388,-13.383195,2.319699,0.816000,-27.458125,21.891733,True,False,GREEN,0.456333
monza_gas_lap32_to_hard_new_tyre_only,GAS,32,HARD,new,tyre_only,M-H-H,2,5.513098,1.129524,9.748662,0.046000,-16.382896,21.869938,True,False,GREEN,0.451208
monza_gas_lap33_to_soft_new_tyre_only,GAS,33,SOFT,new,tyre_only,M-H-S,2,-21.548977,-29.269399,-14.311744,1.000000,-43.429941,21.658602,True,False,GREEN,0.458833
monza_gas_lap33_to_medium_new_tyre_only,GAS,33,MEDIUM,new,tyre_only,M-H-M,2,-4.712068,-12.340683,2.902906,0.792000,-26.693782,21.891733,True,False,GREEN,0.463000
monza_gas_lap33_to_hard_new_tyre_only,GAS,33,HARD,new,tyre_only,M-H-H,2,5.753101,1.377125,9.971904,0.036000,-16.140785,21.869938,True,False,GREEN,0.455500
monza_gas_lap34_to_soft_new_tyre_only,GAS,34,SOFT,new,tyre_only,M-H-S,2,-19.855139,-27.242706,-12.963778,1.000000,-41.746330,21.658602,True,False,GREEN,0.449542
monza_gas_lap34_to_medium_new_tyre_only,GAS,34,MEDIUM,new,tyre_only,M-H-M,2,-3.889342,-11.289325,3.393530,0.766000,-25.875119,21.891733,True,False,GREEN,0.454459
monza_gas_lap34_to_hard_new_tyre_only,GAS,34,HARD,new,tyre_only,M-H-H,2,6.032551,1.682781,10.246757,0.030000,-15.844870,21.869938,True,False,GREEN,0.460958
monza_gas_lap35_to_soft_new_tyre_only,GAS,35,SOFT,new,tyre_only,M-H-S,2,-18.120375,-25.073641,-11.652031,1.000000,-40.011362,21.658602,True,False,GREEN,0.463833
monza_gas_lap35_to_medium_new_tyre_only,GAS,35,MEDIUM,new,tyre_only,M-H-M,2,-2.969005,-10.083869,4.017771,0.722000,-25.002138,21.891733,True,False,GREEN,0.456625
monza_gas_lap35_to_hard_new_tyre_only,GAS,35,HARD,new,tyre_only,M-H-H,2,6.389450,2.046973,10.570979,0.022000,-15.495153,21.869938,True,False,GREEN,0.457959
monza_gas_lap36_to_soft_new_tyre_only,GAS,36,SOFT,new,tyre_only,M-H-S,2,-16.284859,-22.907383,-10.014281,1.000000,-38.225037,21.658602,True,False,GREEN,0.463167
monza_gas_lap36_to_medium_new_tyre_only,GAS,36,MEDIUM,new,tyre_only,M-H-M,2,-2.011220,-8.839854,4.669704,0.658000,-24.074839,21.891733,True,False,GREEN,0.451250
monza_gas_lap36_to_hard_new_tyre_only,GAS,36,HARD,new,tyre_only,M-H-H,2,6.802074,2.501629,10.931749,0.020000,-15.091634,21.869938,True,False,GREEN,0.454083
monza_gas_lap37_to_soft_new_tyre_only,GAS,37,SOFT,new,tyre_only,M-H-S,2,-14.499164,-20.808355,-8.507780,1.000000,-36.387357,21.658602,True,False,GREEN,0.463750
monza_gas_lap37_to_medium_new_tyre_only,GAS,37,MEDIUM,new,tyre_only,M-H-M,2,-1.094770,-7.592531,5.464466,0.592000,-23.093221,21.891733,True,False,GREEN,0.455750
monza_gas_lap37_to_hard_new_tyre_only,GAS,37,HARD,new,tyre_only,M-H-H,2,7.264659,2.984139,11.386623,0.014000,-14.634311,21.869938,True,False,GREEN,0.452917
monza_gas_lap38_to_soft_new_tyre_only,GAS,38,SOFT,new,tyre_only,M-H-S,2,-12.588901,-18.816430,-6.809521,0.998000,-34.498320,21.658602,True,False,GREEN,0.460417
monza_gas_lap38_to_medium_new_tyre_only,GAS,38,MEDIUM,new,tyre_only,M-H-M,2,-0.016142,-6.235995,6.214205,0.506000,-22.057284,21.891733,True,False,GREEN,0.465250
monza_gas_lap38_to_hard_new_tyre_only,GAS,38,HARD,new,tyre_only,M-H-H,2,7.792370,3.518431,11.835240,0.010000,-14.123187,21.869938,True,False,GREEN,0.511542
monza_gas_lap39_to_soft_new_tyre_only,GAS,39,SOFT,new,tyre_only,M-H-S,2,-10.650930,-16.522115,-5.046032,0.996000,-32.557926,21.658602,True,False,GREEN,0.501917
monza_gas_lap39_to_medium_new_tyre_only,GAS,39,MEDIUM,new,tyre_only,M-H-M,2,1.052898,-4.903953,6.977106,0.424000,-20.967029,21.891733,True,False,GREEN,0.450292
monza_gas_lap39_to_hard_new_tyre_only,GAS,39,HARD,new,tyre_only,M-H-H,2,8.343096,4.111260,12.343581,0.006000,-13.558259,21.869938,True,False,GREEN,0.450584
monza_gas_lap40_to_soft_new_tyre_only,GAS,40,SOFT,new,tyre_only,M-H-S,2,-8.686251,-14.370809,-3.385839,0.988000,-30.566177,21.658602,True,False,GREEN,0.447791
monza_gas_lap40_to_medium_new_tyre_only,GAS,40,MEDIUM,new,tyre_only,M-H-M,2,2.159506,-3.527988,7.845198,0.322000,-19.822455,21.891733,True,False,GREEN,0.445125
monza_gas_lap40_to_hard_new_tyre_only,GAS,40,HARD,new,tyre_only,M-H-H,2,8.991677,4.782701,12.932539,0.004000,-12.939529,21.869938,True,False,GREEN,0.446083
monza_gas_lap41_to_soft_new_tyre_only,GAS,41,SOFT,new,tyre_only,M-H-S,2,-6.706489,-12.138524,-1.726319,0.956000,-28.523071,21.658602,True,False,GREEN,0.443333
monza_gas_lap41_to_medium_new_tyre_only,GAS,41,MEDIUM,new,tyre_only,M-H-M,2,3.370159,-2.098014,8.758474,0.236000,-18.623562,21.891733,True,False,GREEN,0.448792
monza_gas_lap41_to_hard_new_tyre_only,GAS,41,HARD,new,tyre_only,M-H-H,2,9.681828,5.479223,13.574072,0.002000,-12.266996,21.869938,True,False,GREEN,0.450375
monza_gas_lap42_to_soft_new_tyre_only,GAS,42,SOFT,new,tyre_only,M-H-S,2,-4.607420,-9.820207,0.220141,0.896000,-26.428608,21.658602,True,False,GREEN,0.446084
monza_gas_lap42_to_medium_new_tyre_only,GAS,42,MEDIUM,new,tyre_only,M-H-M,2,4.534577,-0.667122,9.628045,0.142000,-17.370351,21.891733,True,False,GREEN,0.449583
monza_gas_lap42_to_hard_new_tyre_only,GAS,42,HARD,new,tyre_only,M-H-H,2,10.372878,6.215723,14.269704,0.002000,-11.540661,21.869938,True,False,GREEN,0.454250
monza_gas_lap43_to_soft_new_tyre_only,GAS,43,SOFT,new,tyre_only,M-H-S,2,-2.466505,-7.336446,2.077883,0.750000,-24.282789,21.658602,True,False,GREEN,0.465500
monza_gas_lap43_to_medium_new_tyre_only,GAS,43,MEDIUM,new,tyre_only,M-H-M,2,5.787120,0.895165,10.685613,0.060000,-16.062821,21.891733,True,False,GREEN,0.444917
monza_gas_lap43_to_hard_new_tyre_only,GAS,43,HARD,new,tyre_only,M-H-H,2,11.179711,7.010647,15.090716,0.002000,-10.760523,21.869938,True,False,GREEN,0.447167
monza_gas_lap44_to_soft_new_tyre_only,GAS,44,SOFT,new,tyre_only,M-H-S,2,-0.262189,-4.924878,4.143028,0.534000,-22.085614,21.658602,True,False,GREEN,0.442584
monza_gas_lap44_to_medium_new_tyre_only,GAS,44,MEDIUM,new,tyre_only,M-H-M,2,7.083491,2.541232,11.817377,0.016000,-14.700973,21.891733,True,False,GREEN,0.443458
monza_gas_lap44_to_hard_new_tyre_only,GAS,44,HARD,new,tyre_only,M-H-H,2,11.962262,7.977212,15.890908,0.000000,-9.926583,21.869938,True,False,GREEN,0.443958
monza_gas_lap45_to_soft_new_tyre_only,GAS,45,SOFT,new,tyre_only,M-H-S,2,1.993027,-2.455508,6.321677,0.302000,-19.837082,21.658602,True,False,GREEN,0.444750
monza_gas_lap45_to_medium_new_tyre_only,GAS,45,MEDIUM,new,tyre_only,M-H-M,2,8.587000,4.168143,13.017802,0.002000,-13.284806,21.891733,True,False,GREEN,0.446458
monza_gas_lap45_to_hard_new_tyre_only,GAS,45,HARD,new,tyre_only,M-H-H,2,12.825102,8.867827,16.677438,0.000000,-9.038839,21.869938,True,False,GREEN,0.466792
monza_gas_lap46_to_soft_new_tyre_only,GAS,46,SOFT,new,tyre_only,M-H-S,2,4.314562,-0.096037,8.433923,0.114000,-17.537194,21.658602,True,False,GREEN,0.451334
monza_gas_lap46_to_medium_new_tyre_only,GAS,46,MEDIUM,new,tyre_only,M-H-M,2,10.081310,5.870371,14.298642,0.002000,-11.814320,21.891733,True,False,GREEN,0.471208
monza_gas_lap46_to_hard_new_tyre_only,GAS,46,HARD,new,tyre_only,M-H-H,2,13.761358,9.892715,17.550677,0.000000,-8.097294,21.869938,True,False,GREEN,0.444083
monza_gas_lap47_to_soft_new_tyre_only,GAS,47,SOFT,new,tyre_only,M-H-S,2,6.641112,2.319228,10.616253,0.030000,-15.185950,21.658602,True,False,GREEN,0.444291
monza_gas_lap47_to_medium_new_tyre_only,GAS,47,MEDIUM,new,tyre_only,M-H-M,2,11.676886,7.719674,15.677711,0.000000,-10.289516,21.891733,True,False,GREEN,0.444208
monza_gas_lap47_to_hard_new_tyre_only,GAS,47,HARD,new,tyre_only,M-H-H,2,14.745145,10.957542,18.474085,0.000000,-7.101945,21.869938,True,False,GREEN,0.447083
monza_gas_lap48_to_soft_new_tyre_only,GAS,48,SOFT,new,tyre_only,M-H-S,2,8.974251,4.936835,12.896017,0.006000,-12.783349,21.658602,True,False,GREEN,0.455042
monza_gas_lap48_to_medium_new_tyre_only,GAS,48,MEDIUM,new,tyre_only,M-H-M,2,13.252450,9.411813,17.013544,0.000000,-8.710393,21.891733,True,False,GREEN,0.443584
monza_gas_lap48_to_hard_new_tyre_only,GAS,48,HARD,new,tyre_only,M-H-H,2,15.819827,12.005813,19.480105,0.000000,-6.052794,21.869938,True,False,GREEN,0.440167
monza_gas_lap49_to_soft_new_tyre_only,GAS,49,SOFT,new,tyre_only,M-H-S,2,11.330848,7.429171,15.134767,0.000000,-10.329392,21.658602,True,False,GREEN,0.444000
monza_gas_lap49_to_medium_new_tyre_only,GAS,49,MEDIUM,new,tyre_only,M-H-M,2,14.824990,11.196325,18.472305,0.000000,-7.076952,21.891733,True,False,GREEN,0.439792
monza_gas_lap49_to_hard_new_tyre_only,GAS,49,HARD,new,tyre_only,M-H-H,2,16.865187,13.185721,20.556983,0.000000,-4.949841,21.869938,True,False,GREEN,0.444916
monza_gas_lap50_to_soft_new_tyre_only,GAS,50,SOFT,new,tyre_only,M-H-S,2,13.772905,10.050320,17.662636,0.000000,-7.824079,21.658602,True,False,GREEN,0.441375
monza_gas_lap50_to_medium_new_tyre_only,GAS,50,MEDIUM,new,tyre_only,M-H-M,2,16.486047,12.995029,20.080562,0.000000,-5.389192,21.891733,True,False,GREEN,0.441625
monza_gas_lap50_to_hard_new_tyre_only,GAS,50,HARD,new,tyre_only,M-H-H,2,18.000733,14.430900,21.666545,0.000000,-3.793084,21.869938,True,False,GREEN,0.445208
monza_gas_lap51_to_soft_new_tyre_only,GAS,51,SOFT,new,tyre_only,M-H-S,2,16.627347,13.119531,20.110586,0.000000,-5.267409,21.920263,True,False,GREEN,0.440542
monza_gas_lap51_to_medium_new_tyre_only,GAS,51,MEDIUM,new,tyre_only,M-H-M,2,18.423895,15.063967,21.892000,0.000000,-3.647113,22.090607,True,False,GREEN,0.443875
monza_gas_lap51_to_hard_new_tyre_only,GAS,51,HARD,new,tyre_only,M-H-H,2,19.235532,15.975014,22.976378,0.000000,-2.582526,21.915726,True,False,GREEN,0.440709
monza_gas_lap52_to_soft_new_tyre_only,GAS,52,SOFT,new,tyre_only,M-H-S,2,19.267597,15.940909,22.743816,0.000000,-2.659383,22.037352,True,False,GREEN,0.438417
monza_gas_lap52_to_medium_new_tyre_only,GAS,52,MEDIUM,new,tyre_only,M-H-M,2,20.053375,16.860563,23.635010,0.000000,-1.850716,22.037352,True,False,GREEN,0.435667
monza_gas_lap52_to_hard_new_tyre_only,GAS,52,HARD,new,tyre_only,M-H-H,2,20.587773,17.274988,24.100485,0.000000,-1.318164,22.037352,True,False,GREEN,0.442250
monza_ham_lap2_to_soft_new_tyre_only,HAM,2,SOFT,new,tyre_only,S-S-M,2,-0.049453,-0.084232,-0.010687,0.946000,-0.048901,0.000000,True,True,GREEN,2.631542
monza_ham_lap2_to_medium_new_tyre_only,HAM,2,MEDIUM,new,tyre_only,S-M-M,2,0.758221,0.560349,0.954962,0.000000,0.759506,0.000000,True,True,GREEN,0.485250
monza_ham_lap2_to_hard_new_tyre_only,HAM,2,HARD,new,tyre_only,S-H-M,2,1.288207,1.074543,1.495429,0.000000,1.288550,0.000000,True,True,GREEN,0.473833
monza_ham_lap3_to_soft_new_tyre_only,HAM,3,SOFT,new,tyre_only,S-S,1,-42.533585,-72.180311,-18.101698,0.988000,-43.730298,0.000000,False,True,RED,0.486583
monza_ham_lap3_to_medium_new_tyre_only,HAM,3,MEDIUM,new,tyre_only,S-M,1,0.000000,0.000000,0.000000,0.000000,0.000000,0.000000,True,True,RED,0.446542
monza_ham_lap3_to_hard_new_tyre_only,HAM,3,HARD,new,tyre_only,S-H,1,21.648282,5.235315,37.300119,0.044000,21.523775,0.000000,True,True,RED,0.476042
monza_ham_lap4_to_soft_new_tyre_only,HAM,4,SOFT,new,tyre_only,S-M-S,2,-42.959106,-71.423222,-19.282745,0.988000,-44.119965,0.000000,False,True,RED,0.482375
monza_ham_lap4_to_medium_new_tyre_only,HAM,4,MEDIUM,new,tyre_only,S-M-M,2,-1.335900,-1.546857,-1.128062,1.000000,-1.330472,0.000000,True,True,RED,0.479833
monza_ham_lap4_to_hard_new_tyre_only,HAM,4,HARD,new,tyre_only,S-M-H,2,20.045276,3.856652,35.281708,0.066000,19.861396,0.000000,True,True,RED,0.475375
monza_ham_lap5_to_soft_new_tyre_only,HAM,5,SOFT,new,tyre_only,S-M-S,2,-43.385558,-70.786998,-20.495829,0.990000,-44.458029,0.000000,False,True,RED,0.478500
monza_ham_lap5_to_medium_new_tyre_only,HAM,5,MEDIUM,new,tyre_only,S-M-M,2,-2.617274,-3.030578,-2.210081,1.000000,-2.606640,0.000000,True,True,RED,0.478042
monza_ham_lap5_to_hard_new_tyre_only,HAM,5,HARD,new,tyre_only,S-M-H,2,18.396362,2.513303,33.353899,0.074000,18.249299,0.000000,True,True,RED,0.488250
monza_ham_lap6_to_soft_new_tyre_only,HAM,6,SOFT,new,tyre_only,S-M-S,2,-21.369341,-48.145522,0.123153,0.898000,-44.744490,21.658602,False,False,MISSING,0.474959
monza_ham_lap6_to_medium_new_tyre_only,HAM,6,MEDIUM,new,tyre_only,S-M-M,2,17.978280,14.549280,21.584515,0.000000,-3.828502,21.891733,True,False,MISSING,0.477666
monza_ham_lap6_to_hard_new_tyre_only,HAM,6,HARD,new,tyre_only,S-M-H,2,39.052260,21.804928,53.384077,0.000000,16.687484,21.869938,True,False,MISSING,0.468917
monza_ham_lap7_to_soft_new_tyre_only,HAM,7,SOFT,new,tyre_only,S-M-S,2,-21.653188,-47.280679,-1.042553,0.912000,-44.979348,21.658602,False,False,GREEN,0.477583
monza_ham_lap7_to_medium_new_tyre_only,HAM,7,MEDIUM,new,tyre_only,S-M-M,2,16.815990,13.326757,20.519769,0.000000,-4.996059,21.891733,True,False,GREEN,0.473583
monza_ham_lap7_to_hard_new_tyre_only,HAM,7,HARD,new,tyre_only,S-M-H,2,37.546709,20.733365,51.467165,0.002000,15.175951,21.869938,True,False,GREEN,0.468041
monza_ham_lap8_to_soft_new_tyre_only,HAM,8,SOFT,new,tyre_only,S-M-S,2,-21.822723,-46.546340,-2.178473,0.920000,-45.162603,21.658602,False,False,GREEN,0.475209
monza_ham_lap8_to_medium_new_tyre_only,HAM,8,MEDIUM,new,tyre_only,S-M-M,2,15.695756,12.206941,19.549349,0.000000,-6.109311,21.891733,True,False,GREEN,0.474041
monza_ham_lap8_to_hard_new_tyre_only,HAM,8,HARD,new,tyre_only,S-M-H,2,35.989524,19.582467,49.700183,0.002000,13.714699,21.869938,True,False,GREEN,0.466291
monza_ham_lap9_to_soft_new_tyre_only,HAM,9,SOFT,new,tyre_only,S-M-S,2,-21.937587,-45.790327,-3.091678,0.928000,-45.294255,21.658602,False,False,GREEN,0.475250
monza_ham_lap9_to_medium_new_tyre_only,HAM,9,MEDIUM,new,tyre_only,S-M-M,2,14.670955,11.140770,18.518451,0.000000,-7.168259,21.891733,True,False,GREEN,0.478125
monza_ham_lap9_to_hard_new_tyre_only,HAM,9,HARD,new,tyre_only,S-M-H,2,34.612131,18.483892,48.022853,0.002000,12.303729,21.869938,True,False,GREEN,0.470458
monza_ham_lap10_to_soft_new_tyre_only,HAM,10,SOFT,new,tyre_only,S-M-S,2,-22.142815,-45.187773,-3.980992,0.936000,-45.374304,21.658602,False,False,GREEN,0.468542
monza_ham_lap10_to_medium_new_tyre_only,HAM,10,MEDIUM,new,tyre_only,S-M-M,2,13.674037,10.177554,17.587727,0.000000,-8.172901,21.891733,True,False,GREEN,0.467791
monza_ham_lap10_to_hard_new_tyre_only,HAM,10,HARD,new,tyre_only,S-M-H,2,33.179259,17.531687,46.380662,0.002000,10.943041,21.869938,True,False,GREEN,0.473584
monza_ham_lap11_to_soft_new_tyre_only,HAM,11,SOFT,new,tyre_only,S-M-S,2,-22.284235,-44.509036,-4.824859,0.946000,-45.402750,21.658602,False,False,GREEN,0.470291
monza_ham_lap11_to_medium_new_tyre_only,HAM,11,MEDIUM,new,tyre_only,S-M-M,2,12.766194,9.200497,16.793108,0.000000,-9.123238,21.891733,True,False,GREEN,0.473625
monza_ham_lap11_to_hard_new_tyre_only,HAM,11,HARD,new,tyre_only,S-M-H,2,31.901875,16.490684,44.755925,0.002000,9.632635,21.869938,True,False,GREEN,0.474500
monza_ham_lap12_to_soft_new_tyre_only,HAM,12,SOFT,new,tyre_only,S-M-S,2,-22.359584,-43.674898,-5.476895,0.952000,-45.379593,21.658602,False,False,GREEN,0.481209
monza_ham_lap12_to_medium_new_tyre_only,HAM,12,MEDIUM,new,tyre_only,S-M-M,2,11.843190,8.246352,15.878636,0.000000,-10.019271,21.891733,True,False,GREEN,0.472250
monza_ham_lap12_to_hard_new_tyre_only,HAM,12,HARD,new,tyre_only,S-M-H,2,30.584862,15.484023,43.218458,0.002000,8.372510,21.869938,True,False,GREEN,0.475167
monza_ham_lap13_to_soft_new_tyre_only,HAM,13,SOFT,new,tyre_only,S-M-S,2,-22.465972,-42.884666,-6.092386,0.956000,-45.304833,21.658602,False,False,GREEN,0.469958
monza_ham_lap13_to_medium_new_tyre_only,HAM,13,MEDIUM,new,tyre_only,S-M-M,2,11.088929,7.345502,15.121456,0.000000,-10.860998,21.891733,True,False,GREEN,0.472750
monza_ham_lap13_to_hard_new_tyre_only,HAM,13,HARD,new,tyre_only,S-M-H,2,29.348411,14.539742,41.547998,0.002000,7.162667,21.869938,True,False,GREEN,0.474958
monza_ham_lap14_to_soft_new_tyre_only,HAM,14,SOFT,new,tyre_only,S-M-S,2,-22.370732,-42.086098,-6.590197,0.958000,-45.178470,21.658602,False,False,GREEN,0.473792
monza_ham_lap14_to_medium_new_tyre_only,HAM,14,MEDIUM,new,tyre_only,S-M-M,2,10.234633,6.463459,14.408017,0.004000,-11.648420,21.891733,True,False,GREEN,0.469875
monza_ham_lap14_to_hard_new_tyre_only,HAM,14,HARD,new,tyre_only,S-M-H,2,28.088124,13.669253,40.155390,0.002000,6.003106,21.869938,True,False,GREEN,0.498334
monza_ham_lap15_to_soft_new_tyre_only,HAM,15,SOFT,new,tyre_only,S-M-S,2,-22.271730,-41.179173,-6.944348,0.964000,-45.000504,21.658602,False,False,GREEN,0.464042
monza_ham_lap15_to_medium_new_tyre_only,HAM,15,MEDIUM,new,tyre_only,S-M-M,2,9.498480,5.617872,13.722361,0.006000,-12.381538,21.891733,True,False,GREEN,0.466916
monza_ham_lap15_to_hard_new_tyre_only,HAM,15,HARD,new,tyre_only,S-M-H,2,26.959095,12.893906,38.697059,0.002000,4.893827,21.869938,True,False,GREEN,0.498750
monza_ham_lap16_to_soft_new_tyre_only,HAM,16,SOFT,new,tyre_only,S-M-S,2,-22.216646,-40.112014,-7.343783,0.968000,-44.770936,21.658602,False,False,GREEN,0.543333
monza_ham_lap16_to_medium_new_tyre_only,HAM,16,MEDIUM,new,tyre_only,S-M-M,2,8.825595,4.824075,13.049202,0.008000,-13.060350,21.891733,True,False,GREEN,0.482958
monza_ham_lap16_to_hard_new_tyre_only,HAM,16,HARD,new,tyre_only,S-M-H,2,25.921362,12.118782,37.432495,0.002000,3.834829,21.869938,True,False,GREEN,0.458125
monza_ham_lap17_to_soft_new_tyre_only,HAM,17,SOFT,new,tyre_only,S-M-S,2,-22.039754,-39.072840,-7.734483,0.970000,-44.489764,21.658602,False,False,GREEN,0.464125
monza_ham_lap17_to_medium_new_tyre_only,HAM,17,MEDIUM,new,tyre_only,S-M-M,2,8.206114,4.100794,12.411901,0.010000,-13.684858,21.891733,True,False,GREEN,0.465125
monza_ham_lap17_to_hard_new_tyre_only,HAM,17,HARD,new,tyre_only,S-M-H,2,24.856932,11.470383,36.075587,0.002000,2.826113,21.869938,True,False,GREEN,0.465208
monza_ham_lap18_to_soft_new_tyre_only,HAM,18,SOFT,new,tyre_only,S-M-S,2,-21.792468,-38.009578,-8.088897,0.972000,-44.156989,21.658602,False,False,GREEN,0.461667
monza_ham_lap18_to_medium_new_tyre_only,HAM,18,MEDIUM,new,tyre_only,S-M-M,2,7.642060,3.493891,11.871151,0.014000,-14.255060,21.891733,True,False,GREEN,0.464750
monza_ham_lap18_to_hard_new_tyre_only,HAM,18,HARD,new,tyre_only,S-M-H,2,23.927963,10.900776,34.756504,0.002000,1.867679,21.869938,True,False,GREEN,0.467500
monza_ham_lap19_to_soft_new_tyre_only,HAM,19,SOFT,new,tyre_only,S-M-S,2,-21.486683,-37.022889,-8.466072,0.972000,-43.772611,21.658602,False,False,GREEN,0.471417
monza_ham_lap19_to_medium_new_tyre_only,HAM,19,MEDIUM,new,tyre_only,S-M-M,2,7.127431,2.962715,11.393450,0.020000,-14.770957,21.891733,True,False,GREEN,0.469125
monza_ham_lap19_to_hard_new_tyre_only,HAM,19,HARD,new,tyre_only,S-M-H,2,22.927111,10.337165,33.489883,0.002000,0.959527,21.869938,True,False,GREEN,0.462834
monza_ham_lap20_to_soft_new_tyre_only,HAM,20,SOFT,new,tyre_only,S-M-S,2,-21.066851,-35.928754,-8.533069,0.974000,-43.336631,21.658602,False,False,GREEN,0.462833
monza_ham_lap20_to_medium_new_tyre_only,HAM,20,MEDIUM,new,tyre_only,S-M-M,2,6.622589,2.413791,10.948664,0.024000,-15.232550,21.891733,True,False,GREEN,0.466375
monza_ham_lap20_to_hard_new_tyre_only,HAM,20,HARD,new,tyre_only,S-M-H,2,22.017262,9.840587,32.296423,0.002000,0.101657,21.869938,True,False,GREEN,0.472125
monza_ham_lap21_to_soft_new_tyre_only,HAM,21,SOFT,new,tyre_only,S-M-S,2,-20.537419,-34.811551,-8.525898,0.976000,-42.849047,21.658602,False,False,GREEN,0.464417
monza_ham_lap21_to_medium_new_tyre_only,HAM,21,MEDIUM,new,tyre_only,S-M-M,2,6.207428,1.955179,10.538919,0.034000,-15.639837,21.891733,True,False,GREEN,0.464792
monza_ham_lap21_to_hard_new_tyre_only,HAM,21,HARD,new,tyre_only,S-M-H,2,21.217823,9.365245,31.226437,0.002000,-0.705932,21.869938,True,False,GREEN,0.465541
monza_ham_lap22_to_soft_new_tyre_only,HAM,22,SOFT,new,tyre_only,S-M-S,2,-19.954616,-33.727781,-8.501256,0.976000,-42.309860,21.658602,False,False,GREEN,0.466333
monza_ham_lap22_to_medium_new_tyre_only,HAM,22,MEDIUM,new,tyre_only,S-M-M,2,5.831771,1.596283,10.238889,0.038000,-15.992820,21.891733,True,False,GREEN,0.462583
monza_ham_lap22_to_hard_new_tyre_only,HAM,22,HARD,new,tyre_only,S-M-H,2,20.461728,8.956779,30.160957,0.002000,-1.463239,21.869938,True,False,GREEN,0.459917
monza_ham_lap23_to_soft_new_tyre_only,HAM,23,SOFT,new,tyre_only,S-M-S,2,-19.406046,-32.579802,-8.273082,0.976000,-41.719071,21.658602,False,False,GREEN,0.462041
monza_ham_lap23_to_medium_new_tyre_only,HAM,23,MEDIUM,new,tyre_only,S-M-M,2,5.514218,1.297261,9.976228,0.046000,-16.291497,21.891733,True,False,GREEN,0.460416
monza_ham_lap23_to_hard_new_tyre_only,HAM,23,HARD,new,tyre_only,S-M-H,2,19.836140,8.524677,29.209372,0.002000,-2.170264,21.869938,True,False,GREEN,0.459500
monza_ham_lap24_to_soft_new_tyre_only,HAM,24,SOFT,new,tyre_only,S-M-S,2,-18.871499,-31.247198,-8.258872,0.976000,-41.076678,21.658602,False,False,GREEN,0.462125
monza_ham_lap24_to_medium_new_tyre_only,HAM,24,MEDIUM,new,tyre_only,S-M-M,2,5.271735,1.046849,9.786262,0.050000,-16.535870,21.891733,True,False,GREEN,0.460625
monza_ham_lap24_to_hard_new_tyre_only,HAM,24,HARD,new,tyre_only,S-M-H,2,19.190384,8.306728,28.283895,0.004000,-2.827008,21.869938,True,False,GREEN,0.462542
monza_ham_lap25_to_soft_new_tyre_only,HAM,25,SOFT,new,tyre_only,S-M-S,2,-18.259625,-29.732391,-8.246987,0.978000,-40.382683,21.658602,False,False,GREEN,0.460667
monza_ham_lap25_to_medium_new_tyre_only,HAM,25,MEDIUM,new,tyre_only,S-M-M,2,5.069977,0.857842,9.634034,0.058000,-16.725937,21.891733,True,False,GREEN,0.466083
monza_ham_lap25_to_hard_new_tyre_only,HAM,25,HARD,new,tyre_only,S-M-H,2,18.491075,8.048394,27.481562,0.004000,-3.433469,21.869938,True,False,GREEN,0.466875
monza_ham_lap26_to_soft_new_tyre_only,HAM,26,SOFT,new,tyre_only,S-M-S,2,-17.667265,-28.416597,-8.016889,0.978000,-39.637084,21.658602,False,False,GREEN,0.460833
monza_ham_lap26_to_medium_new_tyre_only,HAM,26,MEDIUM,new,tyre_only,S-M-M,2,4.945139,0.722985,9.522862,0.064000,-16.861700,21.891733,True,False,GREEN,0.460875
monza_ham_lap26_to_hard_new_tyre_only,HAM,26,HARD,new,tyre_only,S-M-H,2,17.935523,7.753257,26.732506,0.004000,-3.989649,21.869938,True,False,GREEN,0.455875
monza_ham_lap27_to_soft_new_tyre_only,HAM,27,SOFT,new,tyre_only,S-M-S,2,-16.930891,-27.062450,-7.615816,0.978000,-38.839883,21.658602,False,False,GREEN,0.461875
monza_ham_lap27_to_medium_new_tyre_only,HAM,27,MEDIUM,new,tyre_only,S-M-M,2,4.870702,0.636519,9.456159,0.064000,-16.943157,21.891733,True,False,GREEN,0.457625
monza_ham_lap27_to_hard_new_tyre_only,HAM,27,HARD,new,tyre_only,S-M-H,2,17.458884,7.681343,26.024479,0.004000,-4.495547,21.869938,True,False,GREEN,0.456000
monza_ham_lap28_to_soft_new_tyre_only,HAM,28,SOFT,new,tyre_only,S-M-S,2,-16.155294,-25.662533,-7.116276,0.978000,-37.991078,21.658602,True,False,VSC,0.459209
monza_ham_lap28_to_medium_new_tyre_only,HAM,28,MEDIUM,new,tyre_only,S-M-M,2,4.844181,0.604590,9.433925,0.064000,-16.970310,21.891733,True,False,VSC,0.457083
monza_ham_lap28_to_hard_new_tyre_only,HAM,28,HARD,new,tyre_only,S-M-H,2,17.001801,7.444689,25.359958,0.004000,-4.951164,21.869938,True,False,VSC,0.455875
monza_ham_lap29_to_soft_new_tyre_only,HAM,29,SOFT,new,tyre_only,S-M-S,2,-15.260610,-24.465984,-6.567749,0.974000,-37.090671,21.658602,True,False,VSC,0.458084
monza_ham_lap29_to_medium_new_tyre_only,HAM,29,MEDIUM,new,tyre_only,S-M-M,2,4.870702,0.636519,9.456159,0.064000,-16.943157,21.891733,True,False,VSC,0.454167
monza_ham_lap29_to_hard_new_tyre_only,HAM,29,HARD,new,tyre_only,S-M-H,2,16.687032,7.360982,24.647561,0.004000,-5.356498,21.869938,True,False,VSC,0.453459
monza_ham_lap30_to_soft_new_tyre_only,HAM,30,SOFT,new,tyre_only,S-M-S,2,-14.362145,-22.835147,-6.257276,0.972000,-36.138660,21.658602,True,False,GREEN,0.456334
monza_ham_lap30_to_medium_new_tyre_only,HAM,30,MEDIUM,new,tyre_only,S-M-M,2,4.945139,0.722985,9.522862,0.064000,-16.861700,21.891733,True,False,GREEN,0.459791
monza_ham_lap30_to_hard_new_tyre_only,HAM,30,HARD,new,tyre_only,S-M-H,2,16.378857,7.352733,24.069370,0.004000,-5.711551,21.869938,True,False,GREEN,0.456666
monza_ham_lap31_to_soft_new_tyre_only,HAM,31,SOFT,new,tyre_only,S-M-S,2,-13.429084,-21.605774,-5.590027,0.972000,-35.135047,21.658602,True,False,GREEN,0.452584
monza_ham_lap31_to_medium_new_tyre_only,HAM,31,MEDIUM,new,tyre_only,S-M-M,2,5.069977,0.857842,9.634034,0.058000,-16.725937,21.891733,True,False,GREEN,0.460708
monza_ham_lap31_to_hard_new_tyre_only,HAM,31,HARD,new,tyre_only,S-M-H,2,15.999011,7.309843,23.561601,0.004000,-6.016322,21.869938,True,False,GREEN,0.463792
monza_ham_lap32_to_soft_new_tyre_only,HAM,32,SOFT,new,tyre_only,S-M-S,2,-12.363208,-20.131830,-4.840816,0.970000,-34.079830,21.658602,True,False,GREEN,0.457375
monza_ham_lap32_to_medium_new_tyre_only,HAM,32,MEDIUM,new,tyre_only,S-M-M,2,5.271735,1.046849,9.786262,0.050000,-16.535870,21.891733,True,False,GREEN,0.454917
monza_ham_lap32_to_hard_new_tyre_only,HAM,32,HARD,new,tyre_only,S-M-H,2,15.750584,7.351199,22.974253,0.004000,-6.270812,21.869938,True,False,GREEN,0.452834
monza_ham_lap33_to_soft_new_tyre_only,HAM,33,SOFT,new,tyre_only,S-M-S,2,-11.263204,-18.631751,-4.139455,0.968000,-32.973011,21.658602,True,False,GREEN,0.461292
monza_ham_lap33_to_medium_new_tyre_only,HAM,33,MEDIUM,new,tyre_only,S-M-M,2,5.514218,1.297261,9.976228,0.046000,-16.291497,21.891733,True,False,GREEN,0.456083
monza_ham_lap33_to_hard_new_tyre_only,HAM,33,HARD,new,tyre_only,S-M-H,2,15.545945,7.412511,22.506541,0.004000,-6.475019,21.869938,True,False,GREEN,0.461792
monza_ham_lap34_to_soft_new_tyre_only,HAM,34,SOFT,new,tyre_only,S-M-S,2,-10.122482,-17.123266,-3.310296,0.960000,-31.814589,21.658602,True,False,GREEN,0.454000
monza_ham_lap34_to_medium_new_tyre_only,HAM,34,MEDIUM,new,tyre_only,S-M-M,2,5.831771,1.596283,10.238889,0.038000,-15.992820,21.891733,True,False,GREEN,0.456708
monza_ham_lap34_to_hard_new_tyre_only,HAM,34,HARD,new,tyre_only,S-M-H,2,15.374188,7.449868,22.148586,0.004000,-6.628945,21.869938,True,False,GREEN,0.455625
monza_ham_lap35_to_soft_new_tyre_only,HAM,35,SOFT,new,tyre_only,S-M-S,2,-8.930391,-15.521731,-2.543327,0.956000,-30.604564,21.658602,True,False,GREEN,0.451042
monza_ham_lap35_to_medium_new_tyre_only,HAM,35,MEDIUM,new,tyre_only,S-M-M,2,6.207428,1.955179,10.538919,0.034000,-15.639837,21.891733,True,False,GREEN,0.452792
monza_ham_lap35_to_hard_new_tyre_only,HAM,35,HARD,new,tyre_only,S-M-H,2,15.272412,7.638082,21.730831,0.004000,-6.732589,21.869938,True,False,GREEN,0.448792
monza_ham_lap36_to_soft_new_tyre_only,HAM,36,SOFT,new,tyre_only,S-M-S,2,-7.756056,-13.848187,-1.544236,0.944000,-29.342935,21.658602,True,False,GREEN,0.450458
monza_ham_lap36_to_medium_new_tyre_only,HAM,36,MEDIUM,new,tyre_only,S-M-M,2,6.622589,2.413791,10.948664,0.024000,-15.232550,21.891733,True,False,GREEN,0.450250
monza_ham_lap36_to_hard_new_tyre_only,HAM,36,HARD,new,tyre_only,S-M-H,2,15.154533,7.926143,21.318563,0.002000,-6.785951,21.869938,True,False,GREEN,0.449125
monza_ham_lap37_to_soft_new_tyre_only,HAM,37,SOFT,new,tyre_only,S-M-S,2,-6.398039,-12.317544,-0.625268,0.914000,-28.029704,21.658602,True,False,GREEN,0.459125
monza_ham_lap37_to_medium_new_tyre_only,HAM,37,MEDIUM,new,tyre_only,S-M-M,2,7.127431,2.962715,11.393450,0.020000,-14.770957,21.891733,True,False,GREEN,0.455083
monza_ham_lap37_to_hard_new_tyre_only,HAM,37,HARD,new,tyre_only,S-M-H,2,15.146297,8.141100,21.090731,0.002000,-6.789032,21.869938,True,False,GREEN,0.450292
monza_ham_lap38_to_soft_new_tyre_only,HAM,38,SOFT,new,tyre_only,S-M-S,2,-5.028074,-10.615131,0.490193,0.878000,-26.664870,21.658602,True,False,GREEN,0.447625
monza_ham_lap38_to_medium_new_tyre_only,HAM,38,MEDIUM,new,tyre_only,S-M-M,2,7.642060,3.493891,11.871151,0.014000,-14.255060,21.891733,True,False,GREEN,0.450958
monza_ham_lap38_to_hard_new_tyre_only,HAM,38,HARD,new,tyre_only,S-M-H,2,15.187279,8.477725,20.940676,0.002000,-6.741831,21.869938,True,False,GREEN,0.444459
monza_ham_lap39_to_soft_new_tyre_only,HAM,39,SOFT,new,tyre_only,S-M-S,2,-3.584451,-8.977450,1.727453,0.794000,-25.248433,21.658602,True,False,GREEN,0.450333
monza_ham_lap39_to_medium_new_tyre_only,HAM,39,MEDIUM,new,tyre_only,S-M-M,2,8.206114,4.100794,12.411901,0.010000,-13.684858,21.891733,True,False,GREEN,0.447958
monza_ham_lap39_to_hard_new_tyre_only,HAM,39,HARD,new,tyre_only,S-M-H,2,15.374637,8.934731,20.858577,0.002000,-6.644348,21.869938,True,False,GREEN,0.447334
monza_ham_lap40_to_soft_new_tyre_only,HAM,40,SOFT,new,tyre_only,S-M-S,2,-2.126550,-7.252610,2.891765,0.710000,-23.780393,21.658602,True,False,GREEN,0.460542
monza_ham_lap40_to_medium_new_tyre_only,HAM,40,MEDIUM,new,tyre_only,S-M-M,2,8.825595,4.824075,13.049202,0.008000,-13.060350,21.891733,True,False,GREEN,0.478500
monza_ham_lap40_to_hard_new_tyre_only,HAM,40,HARD,new,tyre_only,S-M-H,2,15.580407,9.217334,20.692472,0.002000,-6.496583,21.869938,True,False,GREEN,0.466417
monza_ham_lap41_to_soft_new_tyre_only,HAM,41,SOFT,new,tyre_only,S-M-S,2,-0.630380,-5.520134,4.208521,0.552000,-22.260749,21.658602,True,False,GREEN,0.458666
monza_ham_lap41_to_medium_new_tyre_only,HAM,41,MEDIUM,new,tyre_only,S-M-M,2,9.498480,5.617872,13.722361,0.006000,-12.381538,21.891733,True,False,GREEN,0.447958
monza_ham_lap41_to_hard_new_tyre_only,HAM,41,HARD,new,tyre_only,S-M-H,2,15.820755,9.730153,20.788660,0.002000,-6.298536,21.869938,True,False,GREEN,0.460584
monza_ham_lap42_to_soft_new_tyre_only,HAM,42,SOFT,new,tyre_only,S-M-S,2,0.917461,-3.747203,5.576437,0.414000,-20.689503,21.658602,True,False,GREEN,0.447542
monza_ham_lap42_to_medium_new_tyre_only,HAM,42,MEDIUM,new,tyre_only,S-M-M,2,10.234633,6.463459,14.408017,0.004000,-11.648420,21.891733,True,False,GREEN,0.452417
monza_ham_lap42_to_hard_new_tyre_only,HAM,42,HARD,new,tyre_only,S-M-H,2,16.030504,10.289137,20.832435,0.002000,-6.050208,21.869938,True,False,GREEN,0.462958
monza_ham_lap43_to_soft_new_tyre_only,HAM,43,SOFT,new,tyre_only,S-M-S,2,2.552733,-2.003045,7.265280,0.216000,-19.066654,21.658602,True,False,GREEN,0.449167
monza_ham_lap43_to_medium_new_tyre_only,HAM,43,MEDIUM,new,tyre_only,S-M-M,2,11.088929,7.345502,15.121456,0.000000,-10.860998,21.891733,True,False,GREEN,0.462834
monza_ham_lap43_to_hard_new_tyre_only,HAM,43,HARD,new,tyre_only,S-M-H,2,16.291237,10.794996,20.893412,0.002000,-5.751598,21.869938,True,False,GREEN,0.450375
monza_ham_lap44_to_soft_new_tyre_only,HAM,44,SOFT,new,tyre_only,S-M-S,2,4.227675,-0.154424,8.767483,0.106000,-17.392202,21.658602,True,False,GREEN,0.457625
monza_ham_lap44_to_medium_new_tyre_only,HAM,44,MEDIUM,new,tyre_only,S-M-M,2,11.843190,8.246352,15.878636,0.000000,-10.019271,21.891733,True,False,GREEN,0.456584
monza_ham_lap44_to_hard_new_tyre_only,HAM,44,HARD,new,tyre_only,S-M-H,2,16.604059,11.437070,21.171907,0.000000,-5.402706,21.869938,True,False,GREEN,0.450417
monza_ham_lap45_to_soft_new_tyre_only,HAM,45,SOFT,new,tyre_only,S-M-S,2,5.950941,1.755372,10.281450,0.040000,-15.666147,21.658602,True,False,GREEN,0.447750
monza_ham_lap45_to_medium_new_tyre_only,HAM,45,MEDIUM,new,tyre_only,S-M-M,2,12.766194,9.200497,16.793108,0.000000,-9.123238,21.891733,True,False,GREEN,0.448334
monza_ham_lap45_to_hard_new_tyre_only,HAM,45,HARD,new,tyre_only,S-M-H,2,16.997713,11.985691,21.344074,0.000000,-5.003532,21.869938,True,False,GREEN,0.483292
monza_ham_lap46_to_soft_new_tyre_only,HAM,46,SOFT,new,tyre_only,S-M-S,2,7.702521,3.644623,11.891469,0.014000,-13.888489,21.658602,True,False,GREEN,0.536458
monza_ham_lap46_to_medium_new_tyre_only,HAM,46,MEDIUM,new,tyre_only,S-M-M,2,13.674037,10.177554,17.587727,0.000000,-8.172901,21.891733,True,False,GREEN,0.453417
monza_ham_lap46_to_hard_new_tyre_only,HAM,46,HARD,new,tyre_only,S-M-H,2,17.438535,12.797786,21.624617,0.000000,-4.554077,21.869938,True,False,GREEN,0.453333
monza_ham_lap47_to_soft_new_tyre_only,HAM,47,SOFT,new,tyre_only,S-M-S,2,9.453937,5.666767,13.667603,0.006000,-12.059228,21.658602,True,False,GREEN,0.444917
monza_ham_lap47_to_medium_new_tyre_only,HAM,47,MEDIUM,new,tyre_only,S-M-M,2,14.670955,11.140770,18.518451,0.000000,-7.168259,21.891733,True,False,GREEN,0.447625
monza_ham_lap47_to_hard_new_tyre_only,HAM,47,HARD,new,tyre_only,S-M-H,2,17.978673,13.564464,21.988652,0.000000,-4.054340,21.869938,True,False,GREEN,0.448000
monza_ham_lap48_to_soft_new_tyre_only,HAM,48,SOFT,new,tyre_only,S-M-S,2,11.475989,7.532188,15.424712,0.004000,-10.178364,21.658602,True,False,GREEN,0.442458
monza_ham_lap48_to_medium_new_tyre_only,HAM,48,MEDIUM,new,tyre_only,S-M-M,2,15.695756,12.206941,19.549349,0.000000,-6.109311,21.891733,True,False,GREEN,0.442000
monza_ham_lap48_to_hard_new_tyre_only,HAM,48,HARD,new,tyre_only,S-M-H,2,18.463425,14.383287,22.356249,0.000000,-3.504321,21.869938,True,False,GREEN,0.440333
monza_ham_lap49_to_soft_new_tyre_only,HAM,49,SOFT,new,tyre_only,S-M-S,2,13.471009,9.551052,17.289332,0.002000,-8.245897,21.658602,True,False,GREEN,0.445500
monza_ham_lap49_to_medium_new_tyre_only,HAM,49,MEDIUM,new,tyre_only,S-M-M,2,16.815990,13.326757,20.519769,0.000000,-4.996059,21.891733,True,False,GREEN,0.442500
monza_ham_lap49_to_hard_new_tyre_only,HAM,49,HARD,new,tyre_only,S-M-H,2,18.902805,15.179795,22.816651,0.000000,-2.904020,21.869938,True,False,GREEN,0.441000
monza_ham_lap50_to_soft_new_tyre_only,HAM,50,SOFT,new,tyre_only,S-M-S,2,15.526851,11.626364,19.219681,0.000000,-6.261827,21.658602,True,False,GREEN,0.448541
monza_ham_lap50_to_medium_new_tyre_only,HAM,50,MEDIUM,new,tyre_only,S-M-M,2,17.978280,14.549280,21.584515,0.000000,-3.828502,21.891733,True,False,GREEN,0.441292
monza_ham_lap50_to_hard_new_tyre_only,HAM,50,HARD,new,tyre_only,S-M-H,2,19.463578,15.838385,23.409578,0.000000,-2.253438,21.869938,True,False,GREEN,0.444333
monza_ham_lap51_to_soft_new_tyre_only,HAM,51,SOFT,new,tyre_only,S-M-S,2,17.677187,13.974465,21.297439,0.000000,-4.226155,21.920263,True,False,GREEN,0.442958
monza_ham_lap51_to_medium_new_tyre_only,HAM,51,MEDIUM,new,tyre_only,S-M-M,2,19.528658,16.063134,22.879105,0.000000,-2.606640,22.090607,True,False,GREEN,0.440041
monza_ham_lap51_to_hard_new_tyre_only,HAM,51,HARD,new,tyre_only,S-M-H,2,20.251880,16.878767,24.178432,0.000000,-1.552574,21.915726,True,False,GREEN,0.448375
monza_ham_lap52_to_soft_new_tyre_only,HAM,52,SOFT,new,tyre_only,S-M-S,2,19.761055,16.373193,23.392868,0.000000,-2.138879,22.037352,True,False,GREEN,0.444208
monza_ham_lap52_to_medium_new_tyre_only,HAM,52,MEDIUM,new,tyre_only,S-M-M,2,20.598433,17.209357,24.148407,0.000000,-1.330472,22.037352,True,False,GREEN,0.441125
monza_ham_lap52_to_hard_new_tyre_only,HAM,52,HARD,new,tyre_only,S-M-H,2,21.148013,17.643067,24.760159,0.000000,-0.801428,22.037352,True,False,GREEN,0.449125
monza_hul_lap2_to_soft_new_tyre_only,HUL,2,SOFT,new,tyre_only,M-S-H-M,3,0.489517,-3.068019,3.953526,0.446000,-0.869349,1.324662,True,True,YELLOW,2.617917
monza_hul_lap2_to_medium_new_tyre_only,HUL,2,MEDIUM,new,tyre_only,M-M-H-M,3,1.255401,-2.216531,4.790056,0.328000,-0.058731,1.324662,True,True,YELLOW,0.498833
monza_hul_lap2_to_hard_new_tyre_only,HUL,2,HARD,new,tyre_only,M-H-H-M,3,1.782453,-1.867709,5.296842,0.278000,0.468100,1.324662,True,True,YELLOW,0.494917
monza_hul_lap3_to_soft_new_tyre_only,HUL,3,SOFT,new,tyre_only,M-S-M,2,-30.189559,-38.550962,-22.315467,1.000000,-31.733607,1.324662,True,True,RED,0.485333
monza_hul_lap3_to_medium_new_tyre_only,HUL,3,MEDIUM,new,tyre_only,M-M-M,2,-9.741216,-17.755248,-1.989858,0.934000,-10.922597,1.324662,True,True,RED,0.479375
monza_hul_lap3_to_hard_new_tyre_only,HUL,3,HARD,new,tyre_only,M-H-M,2,1.310057,-2.164877,4.851468,0.322000,0.000000,1.324662,True,True,RED,0.468542
monza_hul_lap4_to_soft_new_tyre_only,HUL,4,SOFT,new,tyre_only,M-H-S-M,3,-29.462207,-37.325592,-22.038363,1.000000,-30.958545,1.324662,True,True,RED,0.478083
monza_hul_lap4_to_medium_new_tyre_only,HUL,4,MEDIUM,new,tyre_only,M-H-M-M,3,-9.909471,-17.559579,-2.402852,0.952000,-11.071168,1.324662,True,True,RED,0.473041
monza_hul_lap4_to_hard_new_tyre_only,HUL,4,HARD,new,tyre_only,M-H-H-M,3,0.750815,-2.692608,4.302154,0.396000,-0.531957,1.324662,True,True,RED,0.477750
monza_hul_lap5_to_soft_new_tyre_only,HUL,5,SOFT,new,tyre_only,M-H-S-M,3,-28.646224,-36.225498,-21.471409,1.000000,-30.135904,1.324662,True,True,RED,0.483708
monza_hul_lap5_to_medium_new_tyre_only,HUL,5,MEDIUM,new,tyre_only,M-H-M-M,3,-9.984111,-17.447169,-2.702981,0.962000,-11.167246,1.324662,True,True,RED,0.472209
monza_hul_lap5_to_hard_new_tyre_only,HUL,5,HARD,new,tyre_only,M-H-H-M,3,0.240111,-3.222640,3.785764,0.466000,-1.017656,1.324662,True,True,RED,0.472958
monza_hul_lap6_to_soft_new_tyre_only,HUL,6,SOFT,new,tyre_only,M-H-S-M,3,-5.732587,-16.074444,3.047538,0.792000,-29.265682,22.983264,True,False,YELLOW,0.477250
monza_hul_lap6_to_medium_new_tyre_only,HUL,6,MEDIUM,new,tyre_only,M-H-M-M,3,11.822042,2.527101,21.331821,0.048000,-11.210829,23.216395,True,False,YELLOW,0.471083
monza_hul_lap6_to_hard_new_tyre_only,HUL,6,HARD,new,tyre_only,M-H-H-M,3,21.831565,14.548216,28.830657,0.002000,-1.457099,23.194600,True,False,YELLOW,0.479625
monza_hul_lap7_to_soft_new_tyre_only,HUL,7,SOFT,new,tyre_only,M-H-S-M,3,-5.004721,-14.817365,3.831044,0.758000,-28.347880,22.983264,True,False,GREEN,0.470375
monza_hul_lap7_to_medium_new_tyre_only,HUL,7,MEDIUM,new,tyre_only,M-H-M-M,3,11.776339,2.567325,21.071055,0.044000,-11.201919,23.216395,True,False,GREEN,0.469709
monza_hul_lap7_to_hard_new_tyre_only,HUL,7,HARD,new,tyre_only,M-H-H-M,3,21.398870,14.085486,28.430185,0.002000,-1.850284,23.194600,True,False,GREEN,0.466917
monza_hul_lap8_to_soft_new_tyre_only,HUL,8,SOFT,new,tyre_only,M-H-S-M,3,-4.004198,-13.605894,4.545688,0.730000,-27.382498,22.983264,True,False,GREEN,0.467125
monza_hul_lap8_to_medium_new_tyre_only,HUL,8,MEDIUM,new,tyre_only,M-H-M-M,3,11.873939,3.119764,20.876712,0.042000,-11.140515,23.216395,True,False,GREEN,0.466125
monza_hul_lap8_to_hard_new_tyre_only,HUL,8,HARD,new,tyre_only,M-H-H-M,3,20.993205,13.803633,28.076828,0.002000,-2.197213,23.194600,True,False,GREEN,0.469166
monza_hul_lap9_to_soft_new_tyre_only,HUL,9,SOFT,new,tyre_only,M-H-S-M,3,-3.013175,-12.601038,5.220031,0.674000,-26.369536,22.983264,True,False,GREEN,0.467084
monza_hul_lap9_to_medium_new_tyre_only,HUL,9,MEDIUM,new,tyre_only,M-H-M-M,3,12.096169,3.342551,20.841328,0.038000,-11.026617,23.216395,True,False,GREEN,0.464959
monza_hul_lap9_to_hard_new_tyre_only,HUL,9,HARD,new,tyre_only,M-H-H-M,3,20.653204,13.503753,27.770585,0.002000,-2.497884,23.194600,True,False,GREEN,0.471084
monza_hul_lap10_to_soft_new_tyre_only,HUL,10,SOFT,new,tyre_only,M-H-S-M,3,-2.074476,-11.107997,5.935937,0.626000,-25.308993,22.983264,True,False,GREEN,0.467291
monza_hul_lap10_to_medium_new_tyre_only,HUL,10,MEDIUM,new,tyre_only,M-H-M-M,3,12.261797,3.866139,20.928105,0.034000,-10.860225,23.216395,True,False,GREEN,0.469458
monza_hul_lap10_to_hard_new_tyre_only,HUL,10,HARD,new,tyre_only,M-H-H-M,3,20.391896,13.205211,27.508836,0.002000,-2.752298,23.194600,True,False,GREEN,0.464208
monza_hul_lap11_to_soft_new_tyre_only,HUL,11,SOFT,new,tyre_only,M-H-S-M,3,-1.046612,-9.813508,6.951283,0.556000,-24.200871,22.983264,True,False,GREEN,0.466042
monza_hul_lap11_to_medium_new_tyre_only,HUL,11,MEDIUM,new,tyre_only,M-H-M-M,3,12.453708,4.296494,21.075376,0.026000,-10.641339,23.216395,True,False,GREEN,0.465375
monza_hul_lap11_to_hard_new_tyre_only,HUL,11,HARD,new,tyre_only,M-H-H-M,3,20.172689,12.960949,27.294045,0.002000,-2.960455,23.194600,True,False,GREEN,0.463250
monza_hul_lap12_to_soft_new_tyre_only,HUL,12,SOFT,new,tyre_only,M-H-S-M,3,0.058140,-8.269903,8.022201,0.494000,-23.045168,22.983264,True,False,GREEN,0.463750
monza_hul_lap12_to_medium_new_tyre_only,HUL,12,MEDIUM,new,tyre_only,M-H-M-M,3,12.757619,4.847970,21.277296,0.022000,-10.369960,23.216395,True,False,GREEN,0.474000
monza_hul_lap12_to_hard_new_tyre_only,HUL,12,HARD,new,tyre_only,M-H-H-M,3,20.000023,12.772066,27.126985,0.002000,-3.122355,23.194600,True,False,GREEN,0.466667
monza_hul_lap13_to_soft_new_tyre_only,HUL,13,SOFT,new,tyre_only,M-H-S-M,3,1.332320,-6.988826,9.228377,0.418000,-21.841885,22.983264,True,False,GREEN,0.461875
monza_hul_lap13_to_medium_new_tyre_only,HUL,13,MEDIUM,new,tyre_only,M-H-M-M,3,13.102096,5.275193,21.271297,0.020000,-10.046086,23.216395,True,False,GREEN,0.469250
monza_hul_lap13_to_hard_new_tyre_only,HUL,13,HARD,new,tyre_only,M-H-H-M,3,19.876690,12.652780,27.007657,0.002000,-3.237997,23.194600,True,False,GREEN,0.466417
monza_hul_lap14_to_soft_new_tyre_only,HUL,14,SOFT,new,tyre_only,M-H-S-M,3,2.564478,-5.565965,10.384822,0.350000,-20.591021,22.983264,True,False,GREEN,0.461083
monza_hul_lap14_to_medium_new_tyre_only,HUL,14,MEDIUM,new,tyre_only,M-H-M-M,3,13.422996,5.656408,21.578370,0.012000,-9.669719,23.216395,True,False,GREEN,0.460792
monza_hul_lap14_to_hard_new_tyre_only,HUL,14,HARD,new,tyre_only,M-H-H-M,3,19.802690,12.581208,26.936060,0.002000,-3.307383,23.194600,True,False,GREEN,0.460125
monza_hul_lap15_to_soft_new_tyre_only,HUL,15,SOFT,new,tyre_only,M-H-S-M,3,3.798870,-4.134535,11.520475,0.290000,-19.292578,22.983264,True,False,GREEN,0.462541
monza_hul_lap15_to_medium_new_tyre_only,HUL,15,MEDIUM,new,tyre_only,M-H-M-M,3,14.009868,6.189111,21.897822,0.008000,-9.240857,23.216395,True,False,GREEN,0.461625
monza_hul_lap15_to_hard_new_tyre_only,HUL,15,HARD,new,tyre_only,M-H-H-M,3,19.778023,12.557351,26.912194,0.002000,-3.330512,23.194600,True,False,GREEN,0.463875
monza_hul_lap16_to_soft_new_tyre_only,HUL,16,SOFT,new,tyre_only,M-H-S-M,3,5.117059,-2.658405,12.666490,0.206000,-17.946554,22.983264,True,False,GREEN,0.462125
monza_hul_lap16_to_medium_new_tyre_only,HUL,16,MEDIUM,new,tyre_only,M-H-M-M,3,14.527087,6.898505,22.239877,0.006000,-8.759502,23.216395,True,False,GREEN,0.471458
monza_hul_lap16_to_hard_new_tyre_only,HUL,16,HARD,new,tyre_only,M-H-H-M,3,19.802690,12.581208,26.936060,0.002000,-3.307383,23.194600,True,False,GREEN,0.463667
monza_hul_lap17_to_soft_new_tyre_only,HUL,17,SOFT,new,tyre_only,M-H-S,2,-32.973948,-48.685913,-20.292904,1.000000,-35.159033,1.091532,False,False,GREEN,0.472084
monza_hul_lap17_to_medium_new_tyre_only,HUL,17,MEDIUM,new,tyre_only,M-H-M,2,-1.676313,-6.450616,3.162400,0.654000,-2.881165,1.324662,True,False,GREEN,0.475792
monza_hul_lap17_to_hard_new_tyre_only,HUL,17,HARD,new,tyre_only,M-H-H,2,13.826395,3.935827,21.719809,0.020000,12.155589,1.302867,True,False,GREEN,0.479042
monza_hul_lap18_to_soft_new_tyre_only,HUL,18,SOFT,new,tyre_only,M-H-S,2,-32.350796,-47.360140,-19.947800,1.000000,-34.353591,1.091532,False,False,GREEN,0.469875
monza_hul_lap18_to_medium_new_tyre_only,HUL,18,MEDIUM,new,tyre_only,M-H-M,2,-1.783811,-6.178477,2.787016,0.678000,-3.058321,1.324662,True,False,GREEN,0.469084
monza_hul_lap18_to_hard_new_tyre_only,HUL,18,HARD,new,tyre_only,M-H-H,2,13.317887,3.565080,21.162568,0.028000,11.669890,1.302867,True,False,GREEN,0.467208
monza_hul_lap19_to_soft_new_tyre_only,HUL,19,SOFT,new,tyre_only,M-H-S,2,-31.734109,-45.896922,-19.608708,1.000000,-33.500570,1.091532,False,False,GREEN,0.481125
monza_hul_lap19_to_medium_new_tyre_only,HUL,19,MEDIUM,new,tyre_only,M-H-M,2,-1.926579,-6.225695,2.545117,0.712000,-3.182982,1.324662,True,False,GREEN,0.482333
monza_hul_lap19_to_hard_new_tyre_only,HUL,19,HARD,new,tyre_only,M-H-H,2,12.841954,3.280693,20.674015,0.032000,11.230447,1.302867,True,False,GREEN,0.474750
monza_hul_lap20_to_soft_new_tyre_only,HUL,20,SOFT,new,tyre_only,M-H-S,2,-30.833276,-44.252051,-19.265840,1.000000,-32.599968,1.091532,False,False,GREEN,0.470125
monza_hul_lap20_to_medium_new_tyre_only,HUL,20,MEDIUM,new,tyre_only,M-H-M,2,-1.974759,-5.931377,2.264663,0.718000,-3.255150,1.324662,True,False,GREEN,0.471333
monza_hul_lap20_to_hard_new_tyre_only,HUL,20,HARD,new,tyre_only,M-H-H,2,12.432702,3.023676,20.258917,0.036000,10.837262,1.302867,True,False,GREEN,0.469625
monza_hul_lap21_to_soft_new_tyre_only,HUL,21,SOFT,new,tyre_only,M-H-S,2,-30.065587,-42.835750,-19.050063,1.000000,-31.651786,1.091532,False,False,GREEN,0.465333
monza_hul_lap21_to_medium_new_tyre_only,HUL,21,MEDIUM,new,tyre_only,M-H-M,2,-1.945134,-5.966860,2.066413,0.724000,-3.274824,1.324662,True,False,GREEN,0.473375
monza_hul_lap21_to_hard_new_tyre_only,HUL,21,HARD,new,tyre_only,M-H-H,2,12.074501,2.654508,19.915274,0.042000,10.490333,1.302867,True,False,GREEN,0.485375
monza_hul_lap22_to_soft_new_tyre_only,HUL,22,SOFT,new,tyre_only,M-H-S,2,-29.000552,-41.168801,-18.442707,1.000000,-30.656024,1.091532,False,False,GREEN,0.473166
monza_hul_lap22_to_medium_new_tyre_only,HUL,22,MEDIUM,new,tyre_only,M-H-M,2,-1.969863,-5.670566,1.891559,0.726000,-3.242003,1.324662,True,False,GREEN,0.490417
monza_hul_lap22_to_hard_new_tyre_only,HUL,22,HARD,new,tyre_only,M-H-H,2,11.761809,2.324171,19.584237,0.048000,10.189662,1.302867,True,False,GREEN,0.526375
monza_hul_lap23_to_soft_new_tyre_only,HUL,23,SOFT,new,tyre_only,M-H-S,2,-27.863682,-39.488550,-17.818834,1.000000,-29.612682,1.091532,False,False,GREEN,0.525375
monza_hul_lap23_to_medium_new_tyre_only,HUL,23,MEDIUM,new,tyre_only,M-H-M,2,-1.840755,-5.391108,1.817484,0.732000,-3.156689,1.324662,True,False,GREEN,0.483708
monza_hul_lap23_to_hard_new_tyre_only,HUL,23,HARD,new,tyre_only,M-H-H,2,11.499749,2.042512,19.296170,0.052000,9.935248,1.302867,True,False,GREEN,0.471625
monza_hul_lap24_to_soft_new_tyre_only,HUL,24,SOFT,new,tyre_only,M-H-S,2,-26.816231,-37.715382,-17.411557,1.000000,-28.521759,1.091532,False,False,GREEN,0.462250
monza_hul_lap24_to_medium_new_tyre_only,HUL,24,MEDIUM,new,tyre_only,M-H-M,2,-1.737600,-5.287315,1.884882,0.712000,-3.018882,1.324662,True,False,GREEN,0.454500
monza_hul_lap24_to_hard_new_tyre_only,HUL,24,HARD,new,tyre_only,M-H-H,2,11.253733,1.812064,19.086375,0.054000,9.727091,1.302867,True,False,GREEN,0.474083
monza_hul_lap25_to_soft_new_tyre_only,HUL,25,SOFT,new,tyre_only,M-H-S,2,-25.663406,-36.373889,-16.613026,1.000000,-27.383257,1.091532,False,False,GREEN,0.471209
monza_hul_lap25_to_medium_new_tyre_only,HUL,25,MEDIUM,new,tyre_only,M-H-M,2,-1.548205,-5.036612,2.091237,0.680000,-2.828580,1.324662,True,False,GREEN,0.465334
monza_hul_lap25_to_hard_new_tyre_only,HUL,25,HARD,new,tyre_only,M-H-H,2,11.073452,1.632826,18.923201,0.060000,9.565191,1.302867,True,False,GREEN,0.461625
monza_hul_lap26_to_soft_new_tyre_only,HUL,26,SOFT,new,tyre_only,M-H-S,2,-24.617171,-34.668538,-15.838306,1.000000,-26.197174,1.091532,False,False,GREEN,0.464000
monza_hul_lap26_to_medium_new_tyre_only,HUL,26,MEDIUM,new,tyre_only,M-H-M,2,-1.290335,-4.791457,2.282899,0.664000,-2.585784,1.324662,True,False,GREEN,0.467792
monza_hul_lap26_to_hard_new_tyre_only,HUL,26,HARD,new,tyre_only,M-H-H,2,10.959946,1.504799,18.806648,0.060000,9.449549,1.302867,True,False,GREEN,0.460834
monza_hul_lap27_to_soft_new_tyre_only,HUL,27,SOFT,new,tyre_only,M-H-S,2,-23.463825,-33.045355,-15.050108,1.000000,-24.963511,1.091532,False,False,VSC,0.469125
monza_hul_lap27_to_medium_new_tyre_only,HUL,27,MEDIUM,new,tyre_only,M-H-M,2,-0.988650,-4.548319,2.509518,0.622000,-2.290495,1.324662,True,False,VSC,0.465208
monza_hul_lap27_to_hard_new_tyre_only,HUL,27,HARD,new,tyre_only,M-H-H,2,10.891843,1.427983,18.736716,0.062000,9.380163,1.302867,True,False,VSC,0.460917
monza_hul_lap28_to_soft_new_tyre_only,HUL,28,SOFT,new,tyre_only,M-H-S,2,-22.338247,-31.416572,-14.138350,1.000000,-23.682267,1.091532,True,False,VSC,0.462459
monza_hul_lap28_to_medium_new_tyre_only,HUL,28,MEDIUM,new,tyre_only,M-H-M,2,-0.589394,-4.186279,2.997710,0.594000,-1.942711,1.324662,True,False,VSC,0.466125
monza_hul_lap28_to_hard_new_tyre_only,HUL,28,HARD,new,tyre_only,M-H-H,2,10.869142,1.402378,18.713406,0.062000,9.357034,1.302867,True,False,VSC,0.460666
monza_hul_lap29_to_soft_new_tyre_only,HUL,29,SOFT,new,tyre_only,M-H-S,2,-21.075185,-29.590210,-13.136446,1.000000,-22.353444,1.091532,True,False,GREEN,0.460708
monza_hul_lap29_to_medium_new_tyre_only,HUL,29,MEDIUM,new,tyre_only,M-H-M,2,-0.220085,-3.854768,3.527408,0.530000,-1.542434,1.324662,True,False,GREEN,0.461333
monza_hul_lap29_to_hard_new_tyre_only,HUL,29,HARD,new,tyre_only,M-H-H,2,10.891843,1.427983,18.736716,0.062000,9.380163,1.302867,True,False,GREEN,0.462125
monza_hul_lap30_to_soft_new_tyre_only,HUL,30,SOFT,new,tyre_only,M-H-S,2,-19.722905,-27.991571,-11.978224,0.998000,-20.977040,1.091532,True,False,GREEN,0.480417
monza_hul_lap30_to_medium_new_tyre_only,HUL,30,MEDIUM,new,tyre_only,M-H-M,2,0.236526,-3.472460,4.059570,0.456000,-1.089663,1.324662,True,False,GREEN,0.477750
monza_hul_lap30_to_hard_new_tyre_only,HUL,30,HARD,new,tyre_only,M-H-H,2,10.959946,1.504799,18.806648,0.060000,9.449549,1.302867,True,False,GREEN,0.464625
monza_hul_lap31_to_soft_new_tyre_only,HUL,31,SOFT,new,tyre_only,M-H-S,2,-18.362898,-26.460200,-10.523511,0.998000,-19.553056,1.091532,True,False,GREEN,0.460375
monza_hul_lap31_to_medium_new_tyre_only,HUL,31,MEDIUM,new,tyre_only,M-H-M,2,0.769553,-3.114072,4.663696,0.404000,-0.584398,1.324662,True,False,GREEN,0.464125
monza_hul_lap31_to_hard_new_tyre_only,HUL,31,HARD,new,tyre_only,M-H-H,2,11.073452,1.632826,18.923201,0.060000,9.565191,1.302867,True,False,GREEN,0.458916
monza_hul_lap32_to_soft_new_tyre_only,HUL,32,SOFT,new,tyre_only,M-H-S,2,-16.824035,-24.551094,-9.095965,0.998000,-18.081492,1.091532,True,False,GREEN,0.459125
monza_hul_lap32_to_medium_new_tyre_only,HUL,32,MEDIUM,new,tyre_only,M-H-M,2,1.294808,-2.622523,5.340978,0.338000,-0.026639,1.324662,True,False,GREEN,0.460750
monza_hul_lap32_to_hard_new_tyre_only,HUL,32,HARD,new,tyre_only,M-H-H,2,11.253733,1.812064,19.086375,0.054000,9.727091,1.302867,True,False,GREEN,0.462625
monza_hul_lap33_to_soft_new_tyre_only,HUL,33,SOFT,new,tyre_only,M-H-S,2,-15.378147,-22.746510,-7.754130,0.990000,-16.562348,1.091532,True,False,GREEN,0.459833
monza_hul_lap33_to_medium_new_tyre_only,HUL,33,MEDIUM,new,tyre_only,M-H-M,2,1.919053,-2.331790,6.055635,0.272000,0.583613,1.324662,True,False,GREEN,0.459375
monza_hul_lap33_to_hard_new_tyre_only,HUL,33,HARD,new,tyre_only,M-H-H,2,11.499749,2.042512,19.296170,0.052000,9.935248,1.302867,True,False,GREEN,0.460750
monza_hul_lap34_to_soft_new_tyre_only,HUL,34,SOFT,new,tyre_only,M-H-S,2,-13.893373,-21.005149,-6.246773,0.984000,-14.995623,1.091532,True,False,GREEN,0.461625
monza_hul_lap34_to_medium_new_tyre_only,HUL,34,MEDIUM,new,tyre_only,M-H-M,2,2.615549,-1.845377,6.935081,0.238000,1.246360,1.324662,True,False,GREEN,0.460208
monza_hul_lap34_to_hard_new_tyre_only,HUL,34,HARD,new,tyre_only,M-H-H,2,11.761809,2.324171,19.584237,0.048000,10.189662,1.302867,True,False,GREEN,0.458250
monza_hul_lap35_to_soft_new_tyre_only,HUL,35,SOFT,new,tyre_only,M-H-S,2,-12.303608,-19.312512,-4.842932,0.978000,-13.381319,1.091532,True,False,GREEN,0.458417
monza_hul_lap35_to_medium_new_tyre_only,HUL,35,MEDIUM,new,tyre_only,M-H-M,2,3.377133,-1.307559,7.937844,0.172000,1.961600,1.324662,True,False,GREEN,0.459666
monza_hul_lap35_to_hard_new_tyre_only,HUL,35,HARD,new,tyre_only,M-H-H,2,12.074501,2.654508,19.915274,0.042000,10.490333,1.302867,True,False,GREEN,0.464125
monza_hul_lap36_to_soft_new_tyre_only,HUL,36,SOFT,new,tyre_only,M-H-S,2,-10.764011,-17.585169,-3.312183,0.954000,-11.719434,1.091532,True,False,GREEN,0.470916
monza_hul_lap36_to_medium_new_tyre_only,HUL,36,MEDIUM,new,tyre_only,M-H-M,2,4.201999,-0.715616,8.979766,0.124000,2.729335,1.324662,True,False,GREEN,0.458875
monza_hul_lap36_to_hard_new_tyre_only,HUL,36,HARD,new,tyre_only,M-H-H,2,12.432702,3.023676,20.258917,0.036000,10.837262,1.302867,True,False,GREEN,0.457792
monza_hul_lap37_to_soft_new_tyre_only,HUL,37,SOFT,new,tyre_only,M-H-S,2,-9.010616,-15.995234,-1.680841,0.940000,-10.009969,1.091532,True,False,GREEN,0.458250
monza_hul_lap37_to_medium_new_tyre_only,HUL,37,MEDIUM,new,tyre_only,M-H-M,2,5.056005,-0.073453,9.897246,0.108000,3.549563,1.324662,True,False,GREEN,0.464042
monza_hul_lap37_to_hard_new_tyre_only,HUL,37,HARD,new,tyre_only,M-H-H,2,12.841954,3.280693,20.674015,0.032000,11.230447,1.302867,True,False,GREEN,0.465292
monza_hul_lap38_to_soft_new_tyre_only,HUL,38,SOFT,new,tyre_only,M-H-M-S,3,4.115605,-3.906654,12.354326,0.254000,-18.841925,22.983264,True,False,GREEN,0.459500
monza_hul_lap38_to_medium_new_tyre_only,HUL,38,MEDIUM,new,tyre_only,M-H-M-M,3,16.975132,9.786850,23.956572,0.006000,-6.166717,23.216395,True,False,GREEN,0.461291
monza_hul_lap38_to_hard_new_tyre_only,HUL,38,HARD,new,tyre_only,M-H-M-H,3,24.313096,15.809840,32.668988,0.002000,1.080888,23.194600,True,False,GREEN,0.463125
monza_hul_lap39_to_soft_new_tyre_only,HUL,39,SOFT,new,tyre_only,M-H-M-S,3,4.957949,-2.978328,13.024016,0.188000,-17.962515,22.983264,True,False,GREEN,0.460000
monza_hul_lap39_to_medium_new_tyre_only,HUL,39,MEDIUM,new,tyre_only,M-H-M-M,3,16.975132,9.786850,23.956572,0.006000,-6.166717,23.216395,True,False,GREEN,0.459750
monza_hul_lap39_to_hard_new_tyre_only,HUL,39,HARD,new,tyre_only,M-H-M-H,3,23.890988,15.596664,32.181193,0.002000,0.641372,23.194600,True,False,GREEN,0.464500
monza_hul_lap40_to_soft_new_tyre_only,HUL,40,SOFT,new,tyre_only,M-H-M-S,3,5.856451,-1.753949,13.801786,0.158000,-17.029289,22.983264,True,False,GREEN,0.459333
monza_hul_lap40_to_medium_new_tyre_only,HUL,40,MEDIUM,new,tyre_only,M-H-M-M,3,17.038278,9.850484,24.010978,0.006000,-6.107986,23.216395,True,False,GREEN,0.458667
monza_hul_lap40_to_hard_new_tyre_only,HUL,40,HARD,new,tyre_only,M-H-M-H,3,23.353675,15.303585,31.663064,0.002000,0.254349,23.194600,True,False,GREEN,0.458125
monza_hul_lap41_to_soft_new_tyre_only,HUL,41,SOFT,new,tyre_only,M-H-M-S,3,6.918943,-0.635032,14.711711,0.120000,-16.042245,22.983264,True,False,GREEN,0.472666
monza_hul_lap41_to_medium_new_tyre_only,HUL,41,MEDIUM,new,tyre_only,M-H-M-M,3,17.164568,9.980130,24.119790,0.006000,-5.990525,23.216395,True,False,GREEN,0.461041
monza_hul_lap41_to_hard_new_tyre_only,HUL,41,HARD,new,tyre_only,M-H-M-H,3,23.012860,15.033748,31.023791,0.002000,-0.080179,23.194600,True,False,GREEN,0.456625
monza_hul_lap42_to_soft_new_tyre_only,HUL,42,SOFT,new,tyre_only,M-H-M-S,3,7.921565,0.525086,15.689983,0.084000,-15.001385,22.983264,True,False,GREEN,0.457166
monza_hul_lap42_to_medium_new_tyre_only,HUL,42,MEDIUM,new,tyre_only,M-H-M-M,3,17.354004,10.174673,24.283009,0.006000,-5.814333,23.216395,True,False,GREEN,0.457625
monza_hul_lap42_to_hard_new_tyre_only,HUL,42,HARD,new,tyre_only,M-H-M-H,3,22.799331,14.847387,30.640425,0.002000,-0.362214,23.194600,True,False,GREEN,0.459000
monza_hul_lap43_to_soft_new_tyre_only,HUL,43,SOFT,new,tyre_only,M-H-M-S,3,9.094770,1.734045,16.670023,0.060000,-13.906708,22.983264,True,False,GREEN,0.458000
monza_hul_lap43_to_medium_new_tyre_only,HUL,43,MEDIUM,new,tyre_only,M-H-M-M,3,17.601025,10.434064,24.512107,0.006000,-5.579410,23.216395,True,False,GREEN,0.456416
monza_hul_lap43_to_hard_new_tyre_only,HUL,43,HARD,new,tyre_only,M-H-M-H,3,22.602372,14.721732,30.732683,0.004000,-0.591755,23.194600,True,False,GREEN,0.454084
monza_hul_lap44_to_soft_new_tyre_only,HUL,44,SOFT,new,tyre_only,M-H-M-S,3,10.360685,2.967002,17.736758,0.040000,-12.758213,22.983264,True,False,GREEN,0.456292
monza_hul_lap44_to_medium_new_tyre_only,HUL,44,MEDIUM,new,tyre_only,M-H-M-M,3,17.874106,10.714287,24.820119,0.004000,-5.285757,23.216395,True,False,GREEN,0.456625
monza_hul_lap44_to_hard_new_tyre_only,HUL,44,HARD,new,tyre_only,M-H-M-H,3,22.509461,14.670707,30.361274,0.004000,-0.768802,23.194600,True,False,GREEN,0.455666
monza_hul_lap45_to_soft_new_tyre_only,HUL,45,SOFT,new,tyre_only,M-H-M-S,3,11.676007,4.257756,18.852802,0.030000,-11.555902,22.983264,True,False,GREEN,0.461667
monza_hul_lap45_to_medium_new_tyre_only,HUL,45,MEDIUM,new,tyre_only,M-H-M-M,3,18.237786,11.102973,25.190946,0.004000,-4.933373,23.216395,True,False,GREEN,0.451500
monza_hul_lap45_to_hard_new_tyre_only,HUL,45,HARD,new,tyre_only,M-H-M-H,3,22.358031,14.583878,30.081068,0.004000,-0.893355,23.194600,True,False,GREEN,0.456000
monza_hul_lap46_to_soft_new_tyre_only,HUL,46,SOFT,new,tyre_only,M-H-M-S,3,12.850141,5.606090,19.847169,0.018000,-10.299773,22.983264,True,False,GREEN,0.453750
monza_hul_lap46_to_medium_new_tyre_only,HUL,46,MEDIUM,new,tyre_only,M-H-M-M,3,18.651403,11.533470,25.641154,0.004000,-4.522259,23.216395,True,False,GREEN,0.452792
monza_hul_lap46_to_hard_new_tyre_only,HUL,46,HARD,new,tyre_only,M-H-M-H,3,22.240489,14.720148,29.689960,0.002000,-0.965414,23.194600,True,False,GREEN,0.459167
monza_hul_lap47_to_soft_new_tyre_only,HUL,47,SOFT,new,tyre_only,M-H-M-S,3,14.112052,6.995896,21.043918,0.014000,-8.989828,22.983264,True,False,GREEN,0.453167
monza_hul_lap47_to_medium_new_tyre_only,HUL,47,MEDIUM,new,tyre_only,M-H-M-M,3,19.149723,12.022393,26.084721,0.002000,-4.052414,23.216395,True,False,GREEN,0.451458
monza_hul_lap47_to_hard_new_tyre_only,HUL,47,HARD,new,tyre_only,M-H-M-H,3,22.149832,14.779571,29.487589,0.002000,-0.984979,23.194600,True,False,GREEN,0.458625
monza_hul_lap48_to_soft_new_tyre_only,HUL,48,SOFT,new,tyre_only,M-H-M-S,3,15.521949,8.448819,22.300083,0.006000,-7.626066,22.983264,True,False,GREEN,0.451458
monza_hul_lap48_to_medium_new_tyre_only,HUL,48,MEDIUM,new,tyre_only,M-H-M-M,3,19.681609,12.582453,26.651339,0.002000,-3.523838,23.216395,True,False,GREEN,0.452125
monza_hul_lap48_to_hard_new_tyre_only,HUL,48,HARD,new,tyre_only,M-H-M-H,3,22.167359,14.926975,29.410944,0.002000,-0.952051,23.194600,True,False,GREEN,0.451875
monza_hul_lap49_to_soft_new_tyre_only,HUL,49,SOFT,new,tyre_only,M-H-M-S,3,16.832003,9.921513,23.623405,0.006000,-6.208487,22.983264,True,False,GREEN,0.458000
monza_hul_lap49_to_medium_new_tyre_only,HUL,49,MEDIUM,new,tyre_only,M-H-M-M,3,20.262446,13.212844,27.284886,0.002000,-2.936532,23.216395,True,False,GREEN,0.449917
monza_hul_lap49_to_hard_new_tyre_only,HUL,49,HARD,new,tyre_only,M-H-M-H,3,22.346153,15.015854,29.554054,0.000000,-0.866628,23.194600,True,False,GREEN,0.453750
monza_hul_lap50_to_soft_new_tyre_only,HUL,50,SOFT,new,tyre_only,M-H-M-S,3,18.268656,11.410775,25.183417,0.006000,-4.737090,22.983264,True,False,GREEN,0.450875
monza_hul_lap50_to_medium_new_tyre_only,HUL,50,MEDIUM,new,tyre_only,M-H-M-M,3,20.878943,13.896943,27.931436,0.002000,-2.290495,23.216395,True,False,GREEN,0.449209
monza_hul_lap50_to_hard_new_tyre_only,HUL,50,HARD,new,tyre_only,M-H-M-H,3,22.419253,15.164802,29.626653,0.000000,-0.728712,23.194600,True,False,GREEN,0.460375
monza_hul_lap51_to_soft_new_tyre_only,HUL,51,SOFT,new,tyre_only,M-H-M-S,3,19.955532,12.973927,26.856451,0.002000,-3.211877,23.244925,True,False,GREEN,0.450209
monza_hul_lap51_to_medium_new_tyre_only,HUL,51,MEDIUM,new,tyre_only,M-H-M-M,3,21.814373,14.892238,28.792976,0.000000,-1.585727,23.415269,True,False,GREEN,0.465209
monza_hul_lap51_to_hard_new_tyre_only,HUL,51,HARD,new,tyre_only,M-H-M-H,3,22.624978,15.514985,29.894332,0.000000,-0.538302,23.240388,True,False,GREEN,0.447750
monza_hul_lap52_to_soft_new_tyre_only,HUL,52,SOFT,new,tyre_only,M-H-M-S,3,21.576149,14.779562,28.689471,0.000000,-1.632847,23.362014,True,False,GREEN,0.449708
monza_hul_lap52_to_medium_new_tyre_only,HUL,52,MEDIUM,new,tyre_only,M-H-M-M,3,22.400681,15.640589,29.466419,0.000000,-0.822229,23.362014,True,False,GREEN,0.503584
monza_hul_lap52_to_hard_new_tyre_only,HUL,52,HARD,new,tyre_only,M-H-M-H,3,22.937613,16.058864,30.022545,0.000000,-0.295398,23.362014,True,False,GREEN,0.519792
monza_law_lap3_to_soft_new_tyre_only,LAW,3,SOFT,new,tyre_only,M-H-S,2,-78.390519,-107.112674,-55.112051,1.000000,-43.915764,-35.526278,False,True,RED,0.582375
monza_law_lap3_to_medium_new_tyre_only,LAW,3,MEDIUM,new,tyre_only,M-H-M,2,-32.784866,-35.526896,-29.723679,1.000000,2.757665,-35.526278,True,True,RED,0.516708
monza_law_lap3_to_hard_new_tyre_only,LAW,3,HARD,new,tyre_only,M-H-H,2,-13.952235,-27.855411,-0.860290,0.916000,21.339210,-35.526278,True,True,RED,0.497000
monza_law_lap4_to_soft_new_tyre_only,LAW,4,SOFT,new,tyre_only,M-H-S,2,-78.186174,-105.888869,-55.629834,1.000000,-43.753235,-35.526278,False,True,RED,0.494000
monza_law_lap4_to_medium_new_tyre_only,LAW,4,MEDIUM,new,tyre_only,M-H-M,2,-33.655460,-36.114861,-30.984609,1.000000,1.863972,-35.526278,True,True,RED,0.491209
monza_law_lap4_to_hard_new_tyre_only,LAW,4,HARD,new,tyre_only,M-H-H,2,-15.036513,-28.816874,-2.043030,0.928000,20.228993,-35.526278,True,True,RED,0.486875
monza_law_lap5_to_soft_new_tyre_only,LAW,5,SOFT,new,tyre_only,M-H-S,2,-77.978621,-104.996330,-56.039597,1.000000,-43.543126,-35.526278,False,True,RED,0.499084
monza_law_lap5_to_medium_new_tyre_only,LAW,5,MEDIUM,new,tyre_only,M-H-M,2,-34.501279,-36.624590,-32.194044,1.000000,1.022869,-35.526278,True,True,RED,0.498042
monza_law_lap5_to_hard_new_tyre_only,LAW,5,HARD,new,tyre_only,M-H-H,2,-16.154924,-29.868848,-3.230673,0.946000,19.165034,-35.526278,True,True,RED,0.482000
monza_law_lap6_to_soft_new_tyre_only,LAW,6,SOFT,new,tyre_only,M-H-S,2,-55.545120,-81.115687,-34.619241,1.000000,-43.285437,-13.867676,False,False,YELLOW,0.484958
monza_law_lap6_to_medium_new_tyre_only,LAW,6,MEDIUM,new,tyre_only,M-H-M,2,-13.421428,-17.253918,-9.167220,1.000000,0.234356,-13.634546,True,False,YELLOW,0.485583
monza_law_lap6_to_hard_new_tyre_only,LAW,6,HARD,new,tyre_only,M-H-H,2,4.953458,-10.026524,17.905649,0.324000,18.147334,-13.656340,True,False,YELLOW,0.483875
monza_law_lap7_to_soft_new_tyre_only,LAW,7,SOFT,new,tyre_only,M-H-S,2,-55.326470,-80.011484,-35.014025,1.000000,-42.980169,-13.867676,False,False,GREEN,0.488125
monza_law_lap7_to_medium_new_tyre_only,LAW,7,MEDIUM,new,tyre_only,M-H-M,2,-14.163358,-17.800501,-10.139742,1.000000,-0.501567,-13.634546,True,False,GREEN,0.484042
monza_law_lap7_to_hard_new_tyre_only,LAW,7,HARD,new,tyre_only,M-H-H,2,4.004458,-11.052961,16.814410,0.348000,17.175894,-13.656340,True,False,GREEN,0.483042
monza_law_lap8_to_soft_new_tyre_only,LAW,8,SOFT,new,tyre_only,M-H-S,2,-54.810387,-78.930333,-35.416327,1.000000,-42.627321,-13.867676,False,False,GREEN,0.479333
monza_law_lap8_to_medium_new_tyre_only,LAW,8,MEDIUM,new,tyre_only,M-H-M,2,-14.784573,-18.380019,-11.023208,1.000000,-1.184900,-13.634546,True,False,GREEN,0.480958
monza_law_lap8_to_hard_new_tyre_only,LAW,8,HARD,new,tyre_only,M-H-H,2,3.055369,-11.979977,15.701735,0.390000,16.250712,-13.656340,True,False,GREEN,0.486542
monza_law_lap9_to_soft_new_tyre_only,LAW,9,SOFT,new,tyre_only,M-H-S,2,-54.674452,-77.685499,-35.823950,1.000000,-42.226894,-13.867676,False,False,GREEN,0.489625
monza_law_lap9_to_medium_new_tyre_only,LAW,9,MEDIUM,new,tyre_only,M-H-M,2,-15.433770,-18.920761,-11.823796,1.000000,-1.815643,-13.634546,True,False,GREEN,0.456000
monza_law_lap9_to_hard_new_tyre_only,LAW,9,HARD,new,tyre_only,M-H-H,2,2.105318,-12.939356,14.712149,0.420000,15.371790,-13.656340,True,False,GREEN,0.478916
monza_law_lap10_to_soft_new_tyre_only,LAW,10,SOFT,new,tyre_only,M-H-S,2,-54.188406,-76.527778,-36.169229,1.000000,-41.778887,-13.867676,False,False,GREEN,0.477875
monza_law_lap10_to_medium_new_tyre_only,LAW,10,MEDIUM,new,tyre_only,M-H-M,2,-16.104688,-19.566307,-12.417736,1.000000,-2.393796,-13.634546,True,False,GREEN,0.486250
monza_law_lap10_to_hard_new_tyre_only,LAW,10,HARD,new,tyre_only,M-H-H,2,1.237214,-13.792916,13.818596,0.444000,14.539127,-13.656340,True,False,GREEN,0.485000
monza_law_lap11_to_soft_new_tyre_only,LAW,11,SOFT,new,tyre_only,M-H-S,2,-53.703149,-75.430785,-36.369633,1.000000,-41.283301,-13.867676,False,False,GREEN,0.477417
monza_law_lap11_to_medium_new_tyre_only,LAW,11,MEDIUM,new,tyre_only,M-H-M,2,-16.591062,-20.102876,-12.942146,1.000000,-2.919360,-13.634546,True,False,GREEN,0.480750
monza_law_lap11_to_hard_new_tyre_only,LAW,11,HARD,new,tyre_only,M-H-H,2,0.496286,-14.511793,12.934591,0.478000,13.752722,-13.656340,True,False,GREEN,0.476292
monza_law_lap12_to_soft_new_tyre_only,LAW,12,SOFT,new,tyre_only,M-H-S,2,-53.300622,-74.640280,-36.779426,1.000000,-40.971430,-13.867676,False,False,GREEN,0.472292
monza_law_lap12_to_medium_new_tyre_only,LAW,12,MEDIUM,new,tyre_only,M-H-M,2,-17.316648,-20.801362,-13.742317,1.000000,-3.623629,-13.634546,True,False,GREEN,0.478458
monza_law_lap12_to_hard_new_tyre_only,LAW,12,HARD,new,tyre_only,M-H-H,2,-0.495560,-15.446812,11.842584,0.516000,12.781282,-13.656340,True,False,GREEN,0.470667
monza_law_lap13_to_soft_new_tyre_only,LAW,13,SOFT,new,tyre_only,M-H-S,2,-52.480620,-73.122085,-36.529186,1.000000,-40.149389,-13.867676,False,False,GREEN,0.477417
monza_law_lap13_to_medium_new_tyre_only,LAW,13,MEDIUM,new,tyre_only,M-H-M,2,-17.490171,-21.001761,-13.695839,1.000000,-3.812717,-13.634546,True,False,GREEN,0.480958
monza_law_lap13_to_hard_new_tyre_only,LAW,13,HARD,new,tyre_only,M-H-H,2,-0.926662,-15.923857,11.322581,0.532000,12.318691,-13.656340,True,False,GREEN,0.483458
monza_law_lap14_to_soft_new_tyre_only,LAW,14,SOFT,new,tyre_only,M-H-S,2,-51.973900,-71.903384,-36.620856,1.000000,-39.511064,-13.867676,False,False,GREEN,0.481625
monza_law_lap14_to_medium_new_tyre_only,LAW,14,MEDIUM,new,tyre_only,M-H-M,2,-17.865138,-21.563196,-13.967025,1.000000,-4.180510,-13.634546,True,False,GREEN,0.479584
monza_law_lap14_to_hard_new_tyre_only,LAW,14,HARD,new,tyre_only,M-H-H,2,-1.579829,-16.567645,10.594577,0.566000,11.671064,-13.656340,True,False,GREEN,0.475666
monza_law_lap15_to_soft_new_tyre_only,LAW,15,SOFT,new,tyre_only,M-H-S,2,-51.512250,-70.571517,-36.389302,1.000000,-38.825159,-13.867676,False,False,GREEN,0.476917
monza_law_lap15_to_medium_new_tyre_only,LAW,15,MEDIUM,new,tyre_only,M-H-M,2,-18.076512,-21.917480,-14.271045,1.000000,-4.495714,-13.634546,True,False,GREEN,0.479791
monza_law_lap15_to_hard_new_tyre_only,LAW,15,HARD,new,tyre_only,M-H-H,2,-2.188394,-17.164703,9.980224,0.596000,11.069696,-13.656340,True,False,GREEN,0.477208
monza_law_lap16_to_soft_new_tyre_only,LAW,16,SOFT,new,tyre_only,M-H-S,2,-50.888711,-69.265626,-36.413091,1.000000,-38.091675,-13.867676,False,False,GREEN,0.480041
monza_law_lap16_to_medium_new_tyre_only,LAW,16,MEDIUM,new,tyre_only,M-H-M,2,-18.264471,-22.338811,-14.409712,1.000000,-4.758328,-13.634546,True,False,GREEN,0.477500
monza_law_lap16_to_hard_new_tyre_only,LAW,16,HARD,new,tyre_only,M-H-H,2,-2.774012,-17.625416,9.478283,0.612000,10.514587,-13.656340,True,False,GREEN,0.477500
monza_law_lap17_to_soft_new_tyre_only,LAW,17,SOFT,new,tyre_only,M-H-S,2,-50.248470,-67.930626,-36.052017,1.000000,-37.310611,-13.867676,False,False,GREEN,0.477417
monza_law_lap17_to_medium_new_tyre_only,LAW,17,MEDIUM,new,tyre_only,M-H-M,2,-18.486985,-22.763774,-14.458645,1.000000,-4.968351,-13.634546,True,False,GREEN,0.476666
monza_law_lap17_to_hard_new_tyre_only,LAW,17,HARD,new,tyre_only,M-H-H,2,-3.296852,-17.952672,9.018170,0.622000,10.005737,-13.656340,True,False,GREEN,0.481083
monza_law_lap18_to_soft_new_tyre_only,LAW,18,SOFT,new,tyre_only,M-H-S,2,-49.437463,-66.378383,-35.494740,1.000000,-36.481967,-13.867676,False,False,GREEN,0.480500
monza_law_lap18_to_medium_new_tyre_only,LAW,18,MEDIUM,new,tyre_only,M-H-M,2,-18.562388,-23.179754,-14.529853,1.000000,-5.125785,-13.634546,True,False,GREEN,0.479791
monza_law_lap18_to_hard_new_tyre_only,LAW,18,HARD,new,tyre_only,M-H-H,2,-3.755043,-18.349037,8.556986,0.640000,9.543147,-13.656340,True,False,GREEN,0.474250
monza_law_lap19_to_soft_new_tyre_only,LAW,19,SOFT,new,tyre_only,M-H-S,2,-48.840958,-64.974113,-34.919218,1.000000,-35.605744,-13.867676,False,False,GREEN,0.485875
monza_law_lap19_to_medium_new_tyre_only,LAW,19,MEDIUM,new,tyre_only,M-H-M,2,-18.769716,-23.366529,-14.528113,1.000000,-5.230629,-13.634546,True,False,GREEN,0.511334
monza_law_lap19_to_hard_new_tyre_only,LAW,19,HARD,new,tyre_only,M-H-H,2,-4.201465,-18.724591,8.046302,0.664000,9.126815,-13.656340,True,False,GREEN,0.473875
monza_law_lap20_to_soft_new_tyre_only,LAW,20,SOFT,new,tyre_only,M-H-S,2,-48.178571,-63.380575,-34.674892,1.000000,-34.681942,-13.867676,False,False,GREEN,0.475041
monza_law_lap20_to_medium_new_tyre_only,LAW,20,MEDIUM,new,tyre_only,M-H-M,2,-18.801747,-23.698641,-14.324869,1.000000,-5.282883,-13.634546,True,False,GREEN,0.581167
monza_law_lap20_to_hard_new_tyre_only,LAW,20,HARD,new,tyre_only,M-H-H,2,-4.569187,-19.058417,7.592360,0.684000,8.756742,-13.656340,True,False,GREEN,0.531125
monza_law_lap21_to_soft_new_tyre_only,LAW,21,SOFT,new,tyre_only,M-H-S,2,-47.557943,-61.770267,-34.236034,1.000000,-33.710559,-13.867676,False,False,GREEN,0.533000
monza_law_lap21_to_medium_new_tyre_only,LAW,21,MEDIUM,new,tyre_only,M-H-M,2,-18.759899,-23.977160,-14.081203,1.000000,-5.282547,-13.634546,True,False,GREEN,0.476125
monza_law_lap21_to_hard_new_tyre_only,LAW,21,HARD,new,tyre_only,M-H-H,2,-4.894844,-19.394500,7.195161,0.698000,8.432929,-13.656340,True,False,GREEN,0.474000
monza_law_lap22_to_soft_new_tyre_only,LAW,22,SOFT,new,tyre_only,M-H-S,2,-46.543970,-60.165845,-33.511772,1.000000,-32.691598,-13.867676,False,False,GREEN,0.482833
monza_law_lap22_to_medium_new_tyre_only,LAW,22,MEDIUM,new,tyre_only,M-H-M,2,-18.642764,-24.133596,-13.945100,1.000000,-5.229621,-13.634546,True,False,GREEN,0.476166
monza_law_lap22_to_hard_new_tyre_only,LAW,22,HARD,new,tyre_only,M-H-H,2,-5.177817,-19.695278,6.882598,0.706000,8.155374,-13.656340,True,False,GREEN,0.495042
monza_law_lap23_to_soft_new_tyre_only,LAW,23,SOFT,new,tyre_only,M-H-M-S,3,-30.616042,-44.172829,-17.980172,1.000000,-38.874317,8.024057,False,False,GREEN,0.477542
monza_law_lap23_to_medium_new_tyre_only,LAW,23,MEDIUM,new,tyre_only,M-H-M-M,3,-4.306057,-11.309113,3.370506,0.762000,-12.373366,8.257187,True,False,GREEN,0.478584
monza_law_lap23_to_hard_new_tyre_only,LAW,23,HARD,new,tyre_only,M-H-M-H,3,9.420075,-3.965178,20.006963,0.174000,0.674819,8.235392,True,False,GREEN,0.478833
monza_law_lap24_to_soft_new_tyre_only,LAW,24,SOFT,new,tyre_only,M-H-M-S,3,-30.084775,-43.100432,-18.107426,1.000000,-38.360207,8.024057,False,False,GREEN,0.470334
monza_law_lap24_to_medium_new_tyre_only,LAW,24,MEDIUM,new,tyre_only,M-H-M-M,3,-4.730222,-11.703806,2.980144,0.796000,-12.815272,8.257187,True,False,GREEN,0.479292
monza_law_lap24_to_hard_new_tyre_only,LAW,24,HARD,new,tyre_only,M-H-M-H,3,8.559894,-4.268529,19.032764,0.190000,-0.110229,8.235392,True,False,GREEN,0.489458
monza_law_lap25_to_soft_new_tyre_only,LAW,25,SOFT,new,tyre_only,M-H-M-S,3,-29.491097,-41.910433,-18.028281,1.000000,-37.792188,8.024057,False,False,GREEN,0.500500
monza_law_lap25_to_medium_new_tyre_only,LAW,25,MEDIUM,new,tyre_only,M-H-M-M,3,-5.097832,-12.069687,2.653312,0.814000,-13.198257,8.257187,True,False,GREEN,0.471875
monza_law_lap25_to_hard_new_tyre_only,LAW,25,HARD,new,tyre_only,M-H-M-H,3,7.834135,-4.663743,18.141953,0.202000,-0.842687,8.235392,True,False,GREEN,0.479834
monza_law_lap26_to_soft_new_tyre_only,LAW,26,SOFT,new,tyre_only,M-H-M-S,3,-28.934091,-40.825766,-17.877283,1.000000,-37.170258,8.024057,False,False,GREEN,0.493041
monza_law_lap26_to_medium_new_tyre_only,LAW,26,MEDIUM,new,tyre_only,M-H-M-M,3,-5.390217,-12.389024,2.341450,0.824000,-13.522321,8.257187,True,False,GREEN,0.486541
monza_law_lap26_to_hard_new_tyre_only,LAW,26,HARD,new,tyre_only,M-H-M-H,3,7.109499,-5.068321,17.241726,0.218000,-1.522556,8.235392,True,False,GREEN,0.480291
monza_law_lap27_to_soft_new_tyre_only,LAW,27,SOFT,new,tyre_only,M-H-M-S,3,-28.331869,-39.848580,-17.662120,1.000000,-36.494417,8.024057,False,False,VSC,0.484792
monza_law_lap27_to_medium_new_tyre_only,LAW,27,MEDIUM,new,tyre_only,M-H-M-M,3,-5.639291,-12.661958,2.082532,0.836000,-13.787465,8.257187,True,False,VSC,0.500041
monza_law_lap27_to_hard_new_tyre_only,LAW,27,HARD,new,tyre_only,M-H-M-H,3,6.371155,-5.462970,16.264752,0.232000,-2.149834,8.235392,True,False,VSC,0.493209
monza_law_lap28_to_soft_new_tyre_only,LAW,28,SOFT,new,tyre_only,M-H-M-S,3,-27.557215,-38.757874,-17.393434,1.000000,-35.764666,8.024057,True,False,VSC,0.470375
monza_law_lap28_to_medium_new_tyre_only,LAW,28,MEDIUM,new,tyre_only,M-H-M-M,3,-5.850152,-12.861876,1.875361,0.840000,-13.993688,8.257187,True,False,VSC,0.479292
monza_law_lap28_to_hard_new_tyre_only,LAW,28,HARD,new,tyre_only,M-H-M-H,3,5.766753,-5.947030,15.537284,0.242000,-2.724522,8.235392,True,False,VSC,0.509083
monza_law_lap29_to_soft_new_tyre_only,LAW,29,SOFT,new,tyre_only,M-H-M-S,3,-26.800614,-37.579826,-17.028930,1.000000,-34.981005,8.024057,True,False,GREEN,0.557333
monza_law_lap29_to_medium_new_tyre_only,LAW,29,MEDIUM,new,tyre_only,M-H-M-M,3,-6.000766,-13.035837,1.719822,0.844000,-14.140990,8.257187,True,False,GREEN,0.515542
monza_law_lap29_to_hard_new_tyre_only,LAW,29,HARD,new,tyre_only,M-H-M-H,3,5.208974,-6.340792,14.905971,0.266000,-3.246620,8.235392,True,False,GREEN,0.468333
monza_law_lap30_to_soft_new_tyre_only,LAW,30,SOFT,new,tyre_only,M-H-M-S,3,-25.957351,-36.429995,-16.446842,1.000000,-34.143433,8.024057,True,False,GREEN,0.470666
monza_law_lap30_to_medium_new_tyre_only,LAW,30,MEDIUM,new,tyre_only,M-H-M-M,3,-6.082724,-13.129928,1.626498,0.848000,-14.229371,8.257187,True,False,GREEN,0.473583
monza_law_lap30_to_hard_new_tyre_only,LAW,30,HARD,new,tyre_only,M-H-M-H,3,4.750181,-6.480299,14.188914,0.286000,-3.716129,8.235392,True,False,GREEN,0.466875
monza_law_lap31_to_soft_new_tyre_only,LAW,31,SOFT,new,tyre_only,M-H-M-S,3,-25.036585,-35.094555,-15.598962,1.000000,-33.251950,8.024057,True,False,GREEN,0.466916
monza_law_lap31_to_medium_new_tyre_only,LAW,31,MEDIUM,new,tyre_only,M-H-M-M,3,-6.108749,-13.161292,1.595390,0.852000,-14.258831,8.257187,True,False,GREEN,0.474833
monza_law_lap31_to_hard_new_tyre_only,LAW,31,HARD,new,tyre_only,M-H-M-H,3,4.352380,-6.458287,13.618848,0.300000,-4.133047,8.235392,True,False,GREEN,0.465833
monza_law_lap32_to_soft_new_tyre_only,LAW,32,SOFT,new,tyre_only,M-H-M-S,3,-24.158515,-33.775086,-14.668146,1.000000,-32.306558,8.024057,True,False,GREEN,0.465083
monza_law_lap32_to_medium_new_tyre_only,LAW,32,MEDIUM,new,tyre_only,M-H-M-M,3,-6.082724,-13.129928,1.626498,0.848000,-14.229371,8.257187,True,False,GREEN,0.465375
monza_law_lap32_to_hard_new_tyre_only,LAW,32,HARD,new,tyre_only,M-H-M-H,3,3.924651,-6.566375,13.097214,0.310000,-4.497376,8.235392,True,False,GREEN,0.462667
monza_law_lap33_to_soft_new_tyre_only,LAW,33,SOFT,new,tyre_only,M-H-M-S,3,-23.132589,-32.374676,-13.968933,1.000000,-31.307254,8.024057,True,False,GREEN,0.463542
monza_law_lap33_to_medium_new_tyre_only,LAW,33,MEDIUM,new,tyre_only,M-H-M-M,3,-6.000766,-13.035837,1.719822,0.844000,-14.140990,8.257187,True,False,GREEN,0.464958
monza_law_lap33_to_hard_new_tyre_only,LAW,33,HARD,new,tyre_only,M-H-M-H,3,3.620165,-6.625015,12.698525,0.320000,-4.809114,8.235392,True,False,GREEN,0.461708
monza_law_lap34_to_soft_new_tyre_only,LAW,34,SOFT,new,tyre_only,M-H-M-S,3,-22.105092,-30.934484,-13.322322,1.000000,-30.254041,8.024057,True,False,GREEN,0.461333
monza_law_lap34_to_medium_new_tyre_only,LAW,34,MEDIUM,new,tyre_only,M-H-M-M,3,-5.850152,-12.861876,1.875361,0.840000,-13.993688,8.257187,True,False,GREEN,0.468667
monza_law_lap34_to_hard_new_tyre_only,LAW,34,HARD,new,tyre_only,M-H-M-H,3,3.424871,-6.624516,12.272414,0.330000,-5.068263,8.235392,True,False,GREEN,0.463583
monza_law_lap35_to_soft_new_tyre_only,LAW,35,SOFT,new,tyre_only,M-H-M-S,3,-21.024903,-29.488493,-12.178262,0.998000,-29.146917,8.024057,True,False,GREEN,0.465792
monza_law_lap35_to_medium_new_tyre_only,LAW,35,MEDIUM,new,tyre_only,M-H-M-M,3,-5.639291,-12.661958,2.082532,0.836000,-13.787465,8.257187,True,False,GREEN,0.466416
monza_law_lap35_to_hard_new_tyre_only,LAW,35,HARD,new,tyre_only,M-H-M-H,3,3.280737,-6.582709,12.093768,0.330000,-5.274821,8.235392,True,False,GREEN,0.471042
monza_law_lap36_to_soft_new_tyre_only,LAW,36,SOFT,new,tyre_only,M-H-M-S,3,-20.022185,-28.107325,-11.101315,0.998000,-27.985882,8.024057,True,False,GREEN,0.466333
monza_law_lap36_to_medium_new_tyre_only,LAW,36,MEDIUM,new,tyre_only,M-H-M-M,3,-5.390217,-12.389024,2.341450,0.824000,-13.522321,8.257187,True,False,GREEN,0.461917
monza_law_lap36_to_hard_new_tyre_only,LAW,36,HARD,new,tyre_only,M-H-M-H,3,3.133936,-6.511947,11.758686,0.332000,-5.428790,8.235392,True,False,GREEN,0.461334
monza_law_lap37_to_soft_new_tyre_only,LAW,37,SOFT,new,tyre_only,M-H-M-S,3,-18.851829,-26.722997,-10.117823,0.998000,-26.770937,8.024057,True,False,GREEN,0.466000
monza_law_lap37_to_medium_new_tyre_only,LAW,37,MEDIUM,new,tyre_only,M-H-M-M,3,-5.097832,-12.069687,2.653312,0.814000,-13.198257,8.257187,True,False,GREEN,0.461292
monza_law_lap37_to_hard_new_tyre_only,LAW,37,HARD,new,tyre_only,M-H-M-H,3,2.892613,-6.335557,11.458267,0.332000,-5.530169,8.235392,True,False,GREEN,0.460625
monza_law_lap38_to_soft_new_tyre_only,LAW,38,SOFT,new,tyre_only,M-H-M-S,3,-17.598064,-25.627103,-9.073525,0.994000,-25.502082,8.024057,True,False,GREEN,0.465500
monza_law_lap38_to_medium_new_tyre_only,LAW,38,MEDIUM,new,tyre_only,M-H-M-M,3,-4.730222,-11.703806,2.980144,0.796000,-12.815272,8.257187,True,False,GREEN,0.462833
monza_law_lap38_to_hard_new_tyre_only,LAW,38,HARD,new,tyre_only,M-H-M-H,3,2.819490,-6.316558,11.210832,0.330000,-5.578958,8.235392,True,False,GREEN,0.456792
monza_law_lap39_to_soft_new_tyre_only,LAW,39,SOFT,new,tyre_only,M-H-M-S,3,-16.190566,-24.004559,-7.825008,0.994000,-24.179316,8.024057,True,False,GREEN,0.461250
monza_law_lap39_to_medium_new_tyre_only,LAW,39,MEDIUM,new,tyre_only,M-H-M-M,3,-4.306057,-11.309113,3.370506,0.762000,-12.373366,8.257187,True,False,GREEN,0.459750
monza_law_lap39_to_hard_new_tyre_only,LAW,39,HARD,new,tyre_only,M-H-M-H,3,2.803558,-6.091902,11.087884,0.324000,-5.575157,8.235392,True,False,GREEN,0.458042
monza_law_lap40_to_soft_new_tyre_only,LAW,40,SOFT,new,tyre_only,M-H-M-S,3,-14.825120,-22.700612,-6.464084,0.992000,-22.802640,8.024057,True,False,GREEN,0.462291
monza_law_lap40_to_medium_new_tyre_only,LAW,40,MEDIUM,new,tyre_only,M-H-M-M,3,-3.791361,-10.834807,3.809869,0.738000,-11.872539,8.257187,True,False,GREEN,0.456666
monza_law_lap40_to_hard_new_tyre_only,LAW,40,HARD,new,tyre_only,M-H-M-H,3,2.832359,-5.666119,11.024586,0.318000,-5.518766,8.235392,True,False,GREEN,0.457500
monza_law_lap41_to_soft_new_tyre_only,LAW,41,SOFT,new,tyre_only,M-H-M-S,3,-13.254849,-21.034234,-5.242997,0.990000,-21.372054,8.024057,True,False,GREEN,0.457583
monza_law_lap41_to_medium_new_tyre_only,LAW,41,MEDIUM,new,tyre_only,M-H-M-M,3,-3.196686,-10.205706,4.288612,0.714000,-11.312792,8.257187,True,False,GREEN,0.456750
monza_law_lap41_to_hard_new_tyre_only,LAW,41,HARD,new,tyre_only,M-H-M-H,3,2.938545,-5.204237,10.826057,0.316000,-5.409785,8.235392,True,False,GREEN,0.466500
monza_law_lap42_to_soft_new_tyre_only,LAW,42,SOFT,new,tyre_only,M-H-M-S,3,-11.870614,-19.365772,-3.851239,0.972000,-19.887556,8.024057,True,False,GREEN,0.457417
monza_law_lap42_to_medium_new_tyre_only,LAW,42,MEDIUM,new,tyre_only,M-H-M-M,3,-2.586464,-9.592486,4.841043,0.662000,-10.694123,8.257187,True,False,GREEN,0.458792
monza_law_lap42_to_hard_new_tyre_only,LAW,42,HARD,new,tyre_only,M-H-M-H,3,3.051467,-4.761423,10.878462,0.306000,-5.248214,8.235392,True,False,GREEN,0.461125
monza_law_lap43_to_soft_new_tyre_only,LAW,43,SOFT,new,tyre_only,M-H-M-S,3,-10.286830,-17.611112,-2.479307,0.954000,-18.349149,8.024057,True,False,GREEN,0.454750
monza_law_lap43_to_medium_new_tyre_only,LAW,43,MEDIUM,new,tyre_only,M-H-M-M,3,-1.932594,-8.864542,5.433967,0.610000,-10.016534,8.257187,True,False,GREEN,0.455334
monza_law_lap43_to_hard_new_tyre_only,LAW,43,HARD,new,tyre_only,M-H-M-H,3,3.153758,-4.340496,11.069364,0.292000,-5.034054,8.235392,True,False,GREEN,0.466666
monza_law_lap44_to_soft_new_tyre_only,LAW,44,SOFT,new,tyre_only,M-H-M-S,3,-8.650759,-15.947465,-1.107394,0.924000,-16.756831,8.024057,True,False,GREEN,0.454375
monza_law_lap44_to_medium_new_tyre_only,LAW,44,MEDIUM,new,tyre_only,M-H-M-M,3,-1.184182,-8.073298,6.076227,0.576000,-9.280024,8.257187,True,False,GREEN,0.456875
monza_law_lap44_to_hard_new_tyre_only,LAW,44,HARD,new,tyre_only,M-H-M-H,3,3.503383,-4.003230,11.397784,0.276000,-4.767303,8.235392,True,False,GREEN,0.457125
monza_law_lap45_to_soft_new_tyre_only,LAW,45,SOFT,new,tyre_only,M-H-M-S,3,-6.927320,-14.248482,0.563653,0.880000,-15.110603,8.024057,True,False,GREEN,0.456542
monza_law_lap45_to_medium_new_tyre_only,LAW,45,MEDIUM,new,tyre_only,M-H-M-M,3,-0.405593,-7.286476,6.859456,0.532000,-8.484594,8.257187,True,False,GREEN,0.464792
monza_law_lap45_to_hard_new_tyre_only,LAW,45,HARD,new,tyre_only,M-H-M-H,3,3.825066,-3.666780,11.557892,0.250000,-4.447962,8.235392,True,False,GREEN,0.452917
monza_law_lap46_to_soft_new_tyre_only,LAW,46,SOFT,new,tyre_only,M-H-M-S,3,-5.238149,-12.632083,2.207456,0.832000,-13.410464,8.024057,True,False,GREEN,0.454750
monza_law_lap46_to_medium_new_tyre_only,LAW,46,MEDIUM,new,tyre_only,M-H-M-M,3,0.472016,-6.406238,7.662859,0.458000,-7.630242,8.257187,True,False,GREEN,0.453125
monza_law_lap46_to_hard_new_tyre_only,LAW,46,HARD,new,tyre_only,M-H-M-H,3,4.093243,-3.268325,11.652553,0.236000,-4.076032,8.235392,True,False,GREEN,0.462458
monza_law_lap47_to_soft_new_tyre_only,LAW,47,SOFT,new,tyre_only,M-H-M-S,3,-3.449060,-10.798751,3.813018,0.732000,-11.656415,8.024057,True,False,GREEN,0.451583
monza_law_lap47_to_medium_new_tyre_only,LAW,47,MEDIUM,new,tyre_only,M-H-M-M,3,1.436042,-5.621920,8.531157,0.412000,-6.716970,8.257187,True,False,GREEN,0.452292
monza_law_lap47_to_hard_new_tyre_only,LAW,47,HARD,new,tyre_only,M-H-M-H,3,4.460174,-2.747964,11.933524,0.212000,-3.651511,8.235392,True,False,GREEN,0.453416
monza_law_lap48_to_soft_new_tyre_only,LAW,48,SOFT,new,tyre_only,M-H-M-S,3,-1.739039,-8.856856,5.444746,0.632000,-9.848455,8.024057,True,False,GREEN,0.453583
monza_law_lap48_to_medium_new_tyre_only,LAW,48,MEDIUM,new,tyre_only,M-H-M-M,3,2.431576,-4.745216,9.425464,0.336000,-5.744777,8.257187,True,False,GREEN,0.452875
monza_law_lap48_to_hard_new_tyre_only,LAW,48,HARD,new,tyre_only,M-H-M-H,3,4.913819,-2.260331,12.389505,0.182000,-3.174401,8.235392,True,False,GREEN,0.458375
monza_law_lap49_to_soft_new_tyre_only,LAW,49,SOFT,new,tyre_only,M-H-M-S,3,0.204581,-6.886372,7.140185,0.480000,-7.986585,8.024057,True,False,GREEN,0.454708
monza_law_lap49_to_medium_new_tyre_only,LAW,49,MEDIUM,new,tyre_only,M-H-M-M,3,3.491860,-3.661363,10.439728,0.258000,-4.713663,8.257187,True,False,GREEN,0.448875
monza_law_lap49_to_hard_new_tyre_only,LAW,49,HARD,new,tyre_only,M-H-M-H,3,5.484902,-1.711446,12.737268,0.156000,-2.644701,8.235392,True,False,GREEN,0.450083
monza_law_lap50_to_soft_new_tyre_only,LAW,50,SOFT,new,tyre_only,M-H-M-S,3,2.017143,-4.885083,8.863514,0.364000,-6.070804,8.024057,True,False,GREEN,0.450667
monza_law_lap50_to_medium_new_tyre_only,LAW,50,MEDIUM,new,tyre_only,M-H-M-M,3,4.623881,-2.501485,11.550566,0.188000,-3.623629,8.257187,True,False,GREEN,0.452708
monza_law_lap50_to_hard_new_tyre_only,LAW,50,HARD,new,tyre_only,M-H-M-H,3,6.133843,-1.022731,13.204547,0.132000,-2.062410,8.235392,True,False,GREEN,0.447667
monza_law_lap51_to_soft_new_tyre_only,LAW,51,SOFT,new,tyre_only,M-H-M-S,3,4.100634,-2.800555,10.984805,0.224000,-4.101113,8.285718,True,False,GREEN,0.451042
monza_law_lap51_to_medium_new_tyre_only,LAW,51,MEDIUM,new,tyre_only,M-H-M-M,3,5.959423,-0.971659,12.932194,0.138000,-2.474673,8.456061,True,False,GREEN,0.459209
monza_law_lap51_to_hard_new_tyre_only,LAW,51,HARD,new,tyre_only,M-H-M-H,3,6.792786,-0.415054,14.008839,0.108000,-1.427530,8.281181,True,False,GREEN,0.450208
monza_law_lap52_to_soft_new_tyre_only,LAW,52,SOFT,new,tyre_only,M-H-M-S,3,6.184039,-0.641713,13.227472,0.124000,-2.077512,8.402807,True,False,GREEN,0.451333
monza_law_lap52_to_medium_new_tyre_only,LAW,52,MEDIUM,new,tyre_only,M-H-M-M,3,7.028371,0.226504,14.082151,0.096000,-1.266797,8.402807,True,False,GREEN,0.448250
monza_law_lap52_to_hard_new_tyre_only,LAW,52,HARD,new,tyre_only,M-H-M-H,3,7.544816,0.613842,14.594051,0.086000,-0.740060,8.402807,True,False,GREEN,0.445917
monza_lin_lap2_to_soft_new_tyre_only,LIN,2,SOFT,new,tyre_only,M-S-H,2,-0.864665,-1.055380,-0.671396,1.000000,-0.863480,0.000000,True,True,GREEN,2.648583
monza_lin_lap2_to_medium_new_tyre_only,LIN,2,MEDIUM,new,tyre_only,M-M-H,2,-0.055028,-0.063326,-0.046852,1.000000,-0.054814,0.000000,True,True,GREEN,0.498500
monza_lin_lap2_to_hard_new_tyre_only,LIN,2,HARD,new,tyre_only,M-H-H,2,0.483935,0.188630,0.757154,0.010000,0.473596,0.000000,True,True,GREEN,0.489000
monza_lin_lap3_to_soft_new_tyre_only,LIN,3,SOFT,new,tyre_only,M-S,1,-63.907473,-93.454737,-39.403420,1.000000,-64.776114,0.000000,False,True,RED,0.486000
monza_lin_lap3_to_medium_new_tyre_only,LIN,3,MEDIUM,new,tyre_only,M-M,1,-20.998538,-37.021969,-3.837645,0.942000,-20.714867,0.000000,True,True,RED,0.485416
monza_lin_lap3_to_hard_new_tyre_only,LIN,3,HARD,new,tyre_only,M-H,1,0.000000,0.000000,0.000000,0.000000,0.000000,0.000000,True,True,RED,0.465584
monza_lin_lap4_to_soft_new_tyre_only,LIN,4,SOFT,new,tyre_only,M-H-S,2,-63.759659,-92.155202,-40.048457,1.000000,-64.636869,0.000000,False,True,RED,0.478333
monza_lin_lap4_to_medium_new_tyre_only,LIN,4,MEDIUM,new,tyre_only,M-H-M,2,-21.790179,-37.636194,-5.165453,0.952000,-21.529405,0.000000,True,True,RED,0.504666
monza_lin_lap4_to_hard_new_tyre_only,LIN,4,HARD,new,tyre_only,M-H-H,2,-1.123035,-1.361347,-0.875583,1.000000,-1.114723,0.000000,True,True,RED,0.498167
monza_lin_lap5_to_soft_new_tyre_only,LIN,5,SOFT,new,tyre_only,M-H-S,2,-63.721335,-90.926614,-40.730996,1.000000,-64.450429,0.000000,False,True,RED,0.487416
monza_lin_lap5_to_medium_new_tyre_only,LIN,5,MEDIUM,new,tyre_only,M-H-M,2,-22.490297,-38.154177,-6.307287,0.962000,-22.293788,0.000000,True,True,RED,0.493375
monza_lin_lap5_to_hard_new_tyre_only,LIN,5,HARD,new,tyre_only,M-H-H,2,-2.200232,-2.667129,-1.715427,1.000000,-2.183948,0.000000,True,True,RED,0.534083
monza_lin_lap6_to_soft_new_tyre_only,LIN,6,SOFT,new,tyre_only,M-H-S,2,-41.173776,-68.839612,-19.659685,0.988000,-64.216794,21.658602,False,False,MISSING,0.516875
monza_lin_lap6_to_medium_new_tyre_only,LIN,6,MEDIUM,new,tyre_only,M-H-M,2,-1.239890,-16.696782,14.597558,0.526000,-23.008013,21.891733,True,False,MISSING,0.506833
monza_lin_lap6_to_hard_new_tyre_only,LIN,6,HARD,new,tyre_only,M-H-H,2,18.619779,14.966428,22.297871,0.000000,-3.207674,21.869938,True,False,MISSING,0.473167
monza_lin_lap7_to_soft_new_tyre_only,LIN,7,SOFT,new,tyre_only,M-H-S,2,-41.099631,-67.503995,-20.119649,0.992000,-63.935965,21.658602,False,False,GREEN,0.473834
monza_lin_lap7_to_medium_new_tyre_only,LIN,7,MEDIUM,new,tyre_only,M-H-M,2,-1.880314,-17.035272,13.727401,0.564000,-23.672083,21.891733,True,False,GREEN,0.469208
monza_lin_lap7_to_hard_new_tyre_only,LIN,7,HARD,new,tyre_only,M-H-H,2,17.687524,13.872027,21.339782,0.000000,-4.185900,21.869938,True,False,GREEN,0.489542
monza_lin_lap8_to_soft_new_tyre_only,LIN,8,SOFT,new,tyre_only,M-H-S,2,-40.667343,-66.451863,-20.596478,0.994000,-63.607940,21.658602,False,False,GREEN,0.464917
monza_lin_lap8_to_medium_new_tyre_only,LIN,8,MEDIUM,new,tyre_only,M-H-M,2,-2.490108,-17.340324,12.731462,0.586000,-24.285995,21.891733,True,False,GREEN,0.476333
monza_lin_lap8_to_hard_new_tyre_only,LIN,8,HARD,new,tyre_only,M-H-H,2,16.746102,12.914118,20.503149,0.000000,-5.118628,21.869938,True,False,GREEN,0.473958
monza_lin_lap9_to_soft_new_tyre_only,LIN,9,SOFT,new,tyre_only,M-H-S,2,-40.508077,-65.393596,-21.055133,0.998000,-63.232720,21.658602,False,False,GREEN,0.469167
monza_lin_lap9_to_medium_new_tyre_only,LIN,9,MEDIUM,new,tyre_only,M-H-M,2,-3.015435,-17.644235,12.077926,0.614000,-24.849751,21.891733,True,False,GREEN,0.462459
monza_lin_lap9_to_hard_new_tyre_only,LIN,9,HARD,new,tyre_only,M-H-H,2,15.859636,11.939905,19.682289,0.000000,-6.005857,21.869938,True,False,GREEN,0.466584
monza_lin_lap10_to_soft_new_tyre_only,LIN,10,SOFT,new,tyre_only,M-H-S,2,-40.038700,-64.174293,-21.366599,0.998000,-62.810305,21.658602,False,False,GREEN,0.470667
monza_lin_lap10_to_medium_new_tyre_only,LIN,10,MEDIUM,new,tyre_only,M-H-M,2,-3.497127,-17.905169,11.371524,0.638000,-25.363350,21.891733,True,False,GREEN,0.463333
monza_lin_lap10_to_hard_new_tyre_only,LIN,10,HARD,new,tyre_only,M-H-H,2,15.046752,11.046207,18.975000,0.000000,-6.847587,21.869938,True,False,GREEN,0.465333
monza_lin_lap11_to_soft_new_tyre_only,LIN,11,SOFT,new,tyre_only,M-H-S,2,-39.554999,-62.758944,-21.627004,0.998000,-62.340695,21.658602,False,False,GREEN,0.467500
monza_lin_lap11_to_medium_new_tyre_only,LIN,11,MEDIUM,new,tyre_only,M-H-M,2,-3.995864,-18.192820,10.576449,0.656000,-25.826793,21.891733,True,False,GREEN,0.465834
monza_lin_lap11_to_hard_new_tyre_only,LIN,11,HARD,new,tyre_only,M-H-H,2,14.287459,10.120359,18.180843,0.000000,-7.643818,21.869938,True,False,GREEN,0.469375
monza_lin_lap12_to_soft_new_tyre_only,LIN,12,SOFT,new,tyre_only,M-H-S,2,-39.428834,-61.233577,-21.801321,0.998000,-61.823890,21.658602,False,False,GREEN,0.464459
monza_lin_lap12_to_medium_new_tyre_only,LIN,12,MEDIUM,new,tyre_only,M-H-M,2,-4.401960,-18.239179,9.819513,0.674000,-26.240080,21.891733,True,False,GREEN,0.462208
monza_lin_lap12_to_hard_new_tyre_only,LIN,12,HARD,new,tyre_only,M-H-H,2,13.553847,9.351239,17.446100,0.000000,-8.394550,21.869938,True,False,GREEN,0.468166
monza_lin_lap13_to_soft_new_tyre_only,LIN,13,SOFT,new,tyre_only,M-H-S,2,-38.785158,-59.568618,-21.775138,0.998000,-61.259890,21.658602,False,False,GREEN,0.468000
monza_lin_lap13_to_medium_new_tyre_only,LIN,13,MEDIUM,new,tyre_only,M-H-M,2,-4.841678,-18.164409,9.111935,0.680000,-26.603209,21.891733,True,False,GREEN,0.488167
monza_lin_lap13_to_hard_new_tyre_only,LIN,13,HARD,new,tyre_only,M-H-H,2,12.813784,8.586320,16.789132,0.000000,-9.099783,21.869938,True,False,GREEN,0.466792
monza_lin_lap14_to_soft_new_tyre_only,LIN,14,SOFT,new,tyre_only,M-H-S,2,-38.117009,-58.139142,-21.808570,0.998000,-60.648695,21.658602,False,False,GREEN,0.463167
monza_lin_lap14_to_medium_new_tyre_only,LIN,14,MEDIUM,new,tyre_only,M-H-M,2,-5.196291,-18.133030,8.453716,0.684000,-26.916182,21.891733,True,False,GREEN,0.460958
monza_lin_lap14_to_hard_new_tyre_only,LIN,14,HARD,new,tyre_only,M-H-H,2,12.152534,7.876851,16.217213,0.002000,-9.759517,21.869938,True,False,GREEN,0.469125
monza_lin_lap15_to_soft_new_tyre_only,LIN,15,SOFT,new,tyre_only,M-H-S,2,-37.450128,-57.103354,-21.783714,0.998000,-59.990305,21.658602,False,False,GREEN,0.462375
monza_lin_lap15_to_medium_new_tyre_only,LIN,15,MEDIUM,new,tyre_only,M-H-M,2,-5.485279,-18.079748,8.042292,0.698000,-27.178999,21.891733,True,False,GREEN,0.460125
monza_lin_lap15_to_hard_new_tyre_only,LIN,15,HARD,new,tyre_only,M-H-H,2,11.518634,7.208960,15.658234,0.002000,-10.373753,21.869938,True,False,GREEN,0.468833
monza_lin_lap16_to_soft_new_tyre_only,LIN,16,SOFT,new,tyre_only,M-H-S,2,-36.885816,-55.934577,-21.680725,0.998000,-59.284721,21.658602,False,False,GREEN,0.478458
monza_lin_lap16_to_medium_new_tyre_only,LIN,16,MEDIUM,new,tyre_only,M-H-M,2,-5.722739,-17.972781,7.504428,0.708000,-27.391659,21.891733,True,False,GREEN,0.468083
monza_lin_lap16_to_hard_new_tyre_only,LIN,16,HARD,new,tyre_only,M-H-H,2,10.938518,6.579734,15.164658,0.002000,-10.942489,21.869938,True,False,GREEN,0.468042
monza_lin_lap17_to_soft_new_tyre_only,LIN,17,SOFT,new,tyre_only,M-H-S,2,-36.211663,-54.368543,-21.469534,0.998000,-58.531941,21.658602,False,False,GREEN,0.466500
monza_lin_lap17_to_medium_new_tyre_only,LIN,17,MEDIUM,new,tyre_only,M-H-M,2,-5.904708,-17.812304,6.736122,0.712000,-27.554162,21.891733,True,False,GREEN,0.479792
monza_lin_lap17_to_hard_new_tyre_only,LIN,17,HARD,new,tyre_only,M-H-H,2,10.439754,6.022890,14.691450,0.002000,-11.465727,21.869938,True,False,GREEN,0.464709
monza_lin_lap18_to_soft_new_tyre_only,LIN,18,SOFT,new,tyre_only,M-H-S,2,-35.437886,-52.856001,-21.336343,0.998000,-57.731966,21.658602,False,False,GREEN,0.461958
monza_lin_lap18_to_medium_new_tyre_only,LIN,18,MEDIUM,new,tyre_only,M-H-M,2,-5.975801,-17.588027,6.259143,0.716000,-27.666509,21.891733,True,False,GREEN,0.461166
monza_lin_lap18_to_hard_new_tyre_only,LIN,18,HARD,new,tyre_only,M-H-H,2,9.972966,5.525848,14.266675,0.002000,-11.943465,21.869938,True,False,GREEN,0.464500
monza_lin_lap19_to_soft_new_tyre_only,LIN,19,SOFT,new,tyre_only,M-H-S,2,-34.680470,-51.299489,-21.124606,0.998000,-56.884796,21.658602,False,False,GREEN,0.458209
monza_lin_lap19_to_medium_new_tyre_only,LIN,19,MEDIUM,new,tyre_only,M-H-M,2,-6.000895,-17.354173,5.917116,0.724000,-27.728699,21.891733,True,False,GREEN,0.455166
monza_lin_lap19_to_hard_new_tyre_only,LIN,19,HARD,new,tyre_only,M-H-H,2,9.555557,4.975376,13.876561,0.004000,-12.375705,21.869938,True,False,GREEN,0.459916
monza_lin_lap20_to_soft_new_tyre_only,LIN,20,SOFT,new,tyre_only,M-H-S,2,-33.802817,-49.558907,-20.938836,0.998000,-55.990431,21.658602,False,False,GREEN,0.458667
monza_lin_lap20_to_medium_new_tyre_only,LIN,20,MEDIUM,new,tyre_only,M-H-M,2,-6.029741,-17.086109,5.545620,0.728000,-27.740733,21.891733,True,False,GREEN,0.457334
monza_lin_lap20_to_hard_new_tyre_only,LIN,20,HARD,new,tyre_only,M-H-H,2,9.205393,4.487057,13.524453,0.006000,-12.762446,21.869938,True,False,GREEN,0.461958
monza_lin_lap21_to_soft_new_tyre_only,LIN,21,SOFT,new,tyre_only,M-H-S,2,-33.014643,-47.782977,-20.624989,0.998000,-55.048871,21.658602,False,False,GREEN,0.458333
monza_lin_lap21_to_medium_new_tyre_only,LIN,21,MEDIUM,new,tyre_only,M-H-M,2,-5.983529,-16.712954,5.281482,0.732000,-27.702610,21.891733,True,False,GREEN,0.459291
monza_lin_lap21_to_hard_new_tyre_only,LIN,21,HARD,new,tyre_only,M-H-H,2,8.892593,4.136719,13.177715,0.012000,-13.103688,21.869938,True,False,GREEN,0.458167
monza_lin_lap22_to_soft_new_tyre_only,LIN,22,SOFT,new,tyre_only,M-H-S,2,-31.865152,-46.010645,-20.164418,1.000000,-54.060117,21.658602,False,False,GREEN,0.459833
monza_lin_lap22_to_medium_new_tyre_only,LIN,22,MEDIUM,new,tyre_only,M-H-M,2,-5.793558,-16.271712,5.092005,0.734000,-27.614330,21.891733,True,False,GREEN,0.459750
monza_lin_lap22_to_hard_new_tyre_only,LIN,22,HARD,new,tyre_only,M-H-H,2,8.621893,3.782009,12.891991,0.014000,-13.399431,21.869938,True,False,GREEN,0.460042
monza_lin_lap23_to_soft_new_tyre_only,LIN,23,SOFT,new,tyre_only,M-H-S,2,-30.805130,-44.345364,-19.632786,1.000000,-53.024167,21.658602,False,False,GREEN,0.460625
monza_lin_lap23_to_medium_new_tyre_only,LIN,23,MEDIUM,new,tyre_only,M-H-M,2,-5.743941,-15.997584,5.064249,0.736000,-27.475894,21.891733,True,False,GREEN,0.457083
monza_lin_lap23_to_hard_new_tyre_only,LIN,23,HARD,new,tyre_only,M-H-H,2,8.327280,3.530289,12.658243,0.014000,-13.649675,21.869938,True,False,GREEN,0.459583
monza_lin_lap24_to_soft_new_tyre_only,LIN,24,SOFT,new,tyre_only,M-H-S,2,-29.751206,-42.679478,-19.030004,1.000000,-51.941022,21.658602,False,False,GREEN,0.457750
monza_lin_lap24_to_medium_new_tyre_only,LIN,24,MEDIUM,new,tyre_only,M-H-M,2,-5.572852,-15.554684,4.971434,0.736000,-27.287301,21.891733,True,False,GREEN,0.460709
monza_lin_lap24_to_hard_new_tyre_only,LIN,24,HARD,new,tyre_only,M-H-H,2,8.106293,3.324337,12.482567,0.016000,-13.854420,21.869938,True,False,GREEN,0.458084
monza_lin_lap25_to_soft_new_tyre_only,LIN,25,SOFT,new,tyre_only,M-H-S,2,-28.582942,-40.972798,-18.311482,1.000000,-50.810682,21.658602,False,False,GREEN,0.458750
monza_lin_lap25_to_medium_new_tyre_only,LIN,25,MEDIUM,new,tyre_only,M-H-M,2,-5.264384,-15.066618,4.921360,0.734000,-27.048552,21.891733,True,False,GREEN,0.457500
monza_lin_lap25_to_hard_new_tyre_only,LIN,25,HARD,new,tyre_only,M-H-H,2,7.966191,3.164152,12.356790,0.020000,-14.013666,21.869938,True,False,GREEN,0.456750
monza_lin_lap26_to_soft_new_tyre_only,LIN,26,SOFT,new,tyre_only,M-H-S,2,-27.398904,-39.150091,-17.597308,1.000000,-49.633147,21.658602,False,False,GREEN,0.453208
monza_lin_lap26_to_medium_new_tyre_only,LIN,26,MEDIUM,new,tyre_only,M-H-M,2,-4.942561,-14.607213,4.902621,0.730000,-26.759646,21.891733,True,False,GREEN,0.454458
monza_lin_lap26_to_hard_new_tyre_only,LIN,26,HARD,new,tyre_only,M-H-H,2,7.867657,3.049733,12.255436,0.020000,-14.127413,21.869938,True,False,GREEN,0.456541
monza_lin_lap27_to_soft_new_tyre_only,LIN,27,SOFT,new,tyre_only,M-H-S,2,-26.279712,-37.588436,-16.676108,1.000000,-48.408417,21.658602,False,False,YELLOW,0.452083
monza_lin_lap27_to_medium_new_tyre_only,LIN,27,MEDIUM,new,tyre_only,M-H-M,2,-4.534774,-14.023504,5.027956,0.726000,-26.420583,21.891733,True,False,YELLOW,0.451667
monza_lin_lap27_to_hard_new_tyre_only,LIN,27,HARD,new,tyre_only,M-H-H,2,7.801352,2.981083,12.182353,0.020000,-14.195662,21.869938,True,False,YELLOW,0.456500
monza_lin_lap28_to_soft_new_tyre_only,LIN,28,SOFT,new,tyre_only,M-H-S,2,-24.851173,-35.909932,-15.761353,1.000000,-47.136493,21.658602,True,False,VSC,0.452250
monza_lin_lap28_to_medium_new_tyre_only,LIN,28,MEDIUM,new,tyre_only,M-H-M,2,-4.141637,-13.344739,5.275803,0.716000,-26.031364,21.891733,True,False,VSC,0.454292
monza_lin_lap28_to_hard_new_tyre_only,LIN,28,HARD,new,tyre_only,M-H-H,2,7.778458,2.958199,12.162698,0.020000,-14.218411,21.869938,True,False,VSC,0.453791
monza_lin_lap29_to_soft_new_tyre_only,LIN,29,SOFT,new,tyre_only,M-H-S,2,-23.712114,-33.979640,-14.806929,1.000000,-45.817373,21.658602,True,False,VSC,0.452792
monza_lin_lap29_to_medium_new_tyre_only,LIN,29,MEDIUM,new,tyre_only,M-H-M,2,-3.631475,-12.590126,5.562142,0.700000,-25.591989,21.891733,True,False,VSC,0.452875
monza_lin_lap29_to_hard_new_tyre_only,LIN,29,HARD,new,tyre_only,M-H-H,2,7.801352,2.981083,12.182353,0.020000,-14.195662,21.869938,True,False,VSC,0.452084
monza_lin_lap30_to_soft_new_tyre_only,LIN,30,SOFT,new,tyre_only,M-H-S,2,-22.424998,-32.029640,-13.812074,1.000000,-44.451058,21.658602,True,False,GREEN,0.450584
monza_lin_lap30_to_medium_new_tyre_only,LIN,30,MEDIUM,new,tyre_only,M-H-M,2,-3.082215,-11.809760,5.787298,0.688000,-25.102457,21.891733,True,False,GREEN,0.451750
monza_lin_lap30_to_hard_new_tyre_only,LIN,30,HARD,new,tyre_only,M-H-H,2,7.867657,3.049733,12.255436,0.020000,-14.127413,21.869938,True,False,GREEN,0.452625
monza_lin_lap31_to_soft_new_tyre_only,LIN,31,SOFT,new,tyre_only,M-H-S,2,-20.972357,-30.169815,-12.805918,1.000000,-43.037548,21.658602,True,False,GREEN,0.449042
monza_lin_lap31_to_medium_new_tyre_only,LIN,31,MEDIUM,new,tyre_only,M-H-M,2,-2.582195,-10.984073,5.978854,0.662000,-24.562768,21.891733,True,False,GREEN,0.449000
monza_lin_lap31_to_hard_new_tyre_only,LIN,31,HARD,new,tyre_only,M-H-H,2,7.966191,3.164152,12.356790,0.020000,-14.013666,21.869938,True,False,GREEN,0.456917
monza_lin_lap32_to_soft_new_tyre_only,LIN,32,SOFT,new,tyre_only,M-H-S,2,-19.627897,-28.283928,-11.737501,1.000000,-41.576844,21.658602,True,False,GREEN,0.451833
monza_lin_lap32_to_medium_new_tyre_only,LIN,32,MEDIUM,new,tyre_only,M-H-M,2,-1.967256,-10.100013,6.200342,0.630000,-23.972922,21.891733,True,False,GREEN,0.448083
monza_lin_lap32_to_hard_new_tyre_only,LIN,32,HARD,new,tyre_only,M-H-H,2,8.106293,3.324337,12.482567,0.016000,-13.854420,21.869938,True,False,GREEN,0.449625
monza_lin_lap33_to_soft_new_tyre_only,LIN,33,SOFT,new,tyre_only,M-H-S,2,-18.298534,-26.391318,-10.571374,1.000000,-40.068944,21.658602,True,False,GREEN,0.447875
monza_lin_lap33_to_medium_new_tyre_only,LIN,33,MEDIUM,new,tyre_only,M-H-M,2,-1.339023,-9.140768,6.498178,0.582000,-23.332921,21.891733,True,False,GREEN,0.448958
monza_lin_lap33_to_hard_new_tyre_only,LIN,33,HARD,new,tyre_only,M-H-H,2,8.327280,3.530289,12.658243,0.014000,-13.649675,21.869938,True,False,GREEN,0.449750
monza_lin_lap34_to_soft_new_tyre_only,LIN,34,SOFT,new,tyre_only,M-H-S,2,-16.795756,-24.529247,-9.425795,0.998000,-38.513849,21.658602,True,False,GREEN,0.450667
monza_lin_lap34_to_medium_new_tyre_only,LIN,34,MEDIUM,new,tyre_only,M-H-M,2,-0.714631,-8.141560,6.866568,0.548000,-22.642762,21.891733,True,False,GREEN,0.445792
monza_lin_lap34_to_hard_new_tyre_only,LIN,34,HARD,new,tyre_only,M-H-H,2,8.621893,3.782009,12.891991,0.014000,-13.399431,21.869938,True,False,GREEN,0.449916
monza_lin_lap35_to_soft_new_tyre_only,LIN,35,SOFT,new,tyre_only,M-H-S,2,-15.180402,-22.605176,-8.102758,0.998000,-36.911559,21.658602,True,False,GREEN,0.449375
monza_lin_lap35_to_medium_new_tyre_only,LIN,35,MEDIUM,new,tyre_only,M-H-M,2,0.104067,-7.186777,7.384191,0.492000,-21.902447,21.891733,True,False,GREEN,0.449083
monza_lin_lap35_to_hard_new_tyre_only,LIN,35,HARD,new,tyre_only,M-H-H,2,8.892593,4.136719,13.177715,0.012000,-13.103688,21.869938,True,False,GREEN,0.457292
monza_lin_lap36_to_soft_new_tyre_only,LIN,36,SOFT,new,tyre_only,M-H-S,2,-13.562116,-20.583776,-6.689319,0.996000,-35.262075,21.658602,True,False,GREEN,0.447166
monza_lin_lap36_to_medium_new_tyre_only,LIN,36,MEDIUM,new,tyre_only,M-H-M,2,0.930192,-6.154083,7.887699,0.438000,-21.111975,21.891733,True,False,GREEN,0.459875
monza_lin_lap36_to_hard_new_tyre_only,LIN,36,HARD,new,tyre_only,M-H-H,2,9.205393,4.487057,13.524453,0.006000,-12.762446,21.869938,True,False,GREEN,0.446917
monza_lin_lap37_to_soft_new_tyre_only,LIN,37,SOFT,new,tyre_only,M-H-S,2,-11.817014,-18.488297,-5.293955,0.996000,-33.565395,21.658602,True,False,GREEN,0.448250
monza_lin_lap37_to_medium_new_tyre_only,LIN,37,MEDIUM,new,tyre_only,M-H-M,2,1.775288,-5.040357,8.517403,0.372000,-20.271347,21.891733,True,False,GREEN,0.445834
monza_lin_lap37_to_hard_new_tyre_only,LIN,37,HARD,new,tyre_only,M-H-H,2,9.555557,4.975376,13.876561,0.004000,-12.375705,21.869938,True,False,GREEN,0.447917
monza_lin_lap38_to_soft_new_tyre_only,LIN,38,SOFT,new,tyre_only,M-H-S,2,-10.078235,-16.450044,-3.858249,0.992000,-31.821520,21.658602,True,False,GREEN,0.446625
monza_lin_lap38_to_medium_new_tyre_only,LIN,38,MEDIUM,new,tyre_only,M-H-M,2,2.706256,-3.855824,9.087402,0.320000,-19.380562,21.891733,True,False,GREEN,0.446292
monza_lin_lap38_to_hard_new_tyre_only,LIN,38,HARD,new,tyre_only,M-H-H,2,9.972966,5.525848,14.266675,0.002000,-11.943465,21.869938,True,False,GREEN,0.446125
monza_lin_lap39_to_soft_new_tyre_only,LIN,39,SOFT,new,tyre_only,M-H-S,2,-8.245290,-14.311941,-2.357312,0.964000,-30.030450,21.658602,True,False,GREEN,0.449333
monza_lin_lap39_to_medium_new_tyre_only,LIN,39,MEDIUM,new,tyre_only,M-H-M,2,3.665802,-2.646645,9.731533,0.258000,-18.439621,21.891733,True,False,GREEN,0.444042
monza_lin_lap39_to_hard_new_tyre_only,LIN,39,HARD,new,tyre_only,M-H-H,2,10.439754,6.022890,14.691450,0.002000,-11.465727,21.869938,True,False,GREEN,0.447291
monza_lin_lap40_to_soft_new_tyre_only,LIN,40,SOFT,new,tyre_only,M-H-S,2,-6.376093,-12.416858,-0.894687,0.924000,-28.192186,21.658602,True,False,GREEN,0.443125
monza_lin_lap40_to_medium_new_tyre_only,LIN,40,MEDIUM,new,tyre_only,M-H-M,2,4.559136,-1.337044,10.481460,0.188000,-17.448523,21.891733,True,False,GREEN,0.444750
monza_lin_lap40_to_hard_new_tyre_only,LIN,40,HARD,new,tyre_only,M-H-H,2,10.938518,6.579734,15.164658,0.002000,-10.942489,21.869938,True,False,GREEN,0.446875
monza_lin_lap41_to_soft_new_tyre_only,LIN,41,SOFT,new,tyre_only,M-H-S,2,-4.554708,-10.231121,0.730373,0.864000,-26.306726,21.658602,True,False,GREEN,0.442541
monza_lin_lap41_to_medium_new_tyre_only,LIN,41,MEDIUM,new,tyre_only,M-H-M,2,5.546397,-0.047910,11.161634,0.104000,-16.407268,21.891733,True,False,GREEN,0.445334
monza_lin_lap41_to_hard_new_tyre_only,LIN,41,HARD,new,tyre_only,M-H-H,2,11.518634,7.208960,15.658234,0.002000,-10.373753,21.869938,True,False,GREEN,0.444583
monza_lin_lap42_to_soft_new_tyre_only,LIN,42,SOFT,new,tyre_only,M-H-S,2,-2.583150,-8.012775,2.498828,0.746000,-24.374071,21.658602,True,False,GREEN,0.442459
monza_lin_lap42_to_medium_new_tyre_only,LIN,42,MEDIUM,new,tyre_only,M-H-M,2,6.623220,1.329002,11.888428,0.054000,-15.315857,21.891733,True,False,GREEN,0.441167
monza_lin_lap42_to_hard_new_tyre_only,LIN,42,HARD,new,tyre_only,M-H-H,2,12.152534,7.876851,16.217213,0.002000,-9.759517,21.869938,True,False,GREEN,0.442083
monza_lin_lap43_to_soft_new_tyre_only,LIN,43,SOFT,new,tyre_only,M-H-S,2,-0.512755,-5.843416,4.325466,0.556000,-22.394222,21.658602,True,False,GREEN,0.446708
monza_lin_lap43_to_medium_new_tyre_only,LIN,43,MEDIUM,new,tyre_only,M-H-M,2,7.750391,2.678964,12.719455,0.016000,-14.174289,21.891733,True,False,GREEN,0.439542
monza_lin_lap43_to_hard_new_tyre_only,LIN,43,HARD,new,tyre_only,M-H-H,2,12.813784,8.586320,16.789132,0.000000,-9.099783,21.869938,True,False,GREEN,0.446208
monza_lin_lap44_to_soft_new_tyre_only,LIN,44,SOFT,new,tyre_only,M-H-S,2,1.514557,-3.551520,6.043299,0.358000,-20.367177,21.658602,True,False,GREEN,0.441292
monza_lin_lap44_to_medium_new_tyre_only,LIN,44,MEDIUM,new,tyre_only,M-H-M,2,8.853092,4.080824,13.705991,0.006000,-12.982565,21.891733,True,False,GREEN,0.441625
monza_lin_lap44_to_hard_new_tyre_only,LIN,44,HARD,new,tyre_only,M-H-H,2,13.553847,9.351239,17.446100,0.000000,-8.394550,21.869938,True,False,GREEN,0.440834
monza_lin_lap45_to_soft_new_tyre_only,LIN,45,SOFT,new,tyre_only,M-H-S,2,3.551185,-1.081288,7.896699,0.196000,-18.292937,21.658602,True,False,GREEN,0.445125
monza_lin_lap45_to_medium_new_tyre_only,LIN,45,MEDIUM,new,tyre_only,M-H-M,2,10.159512,5.631428,14.619188,0.002000,-11.740684,21.891733,True,False,GREEN,0.440667
monza_lin_lap45_to_hard_new_tyre_only,LIN,45,HARD,new,tyre_only,M-H-H,2,14.287459,10.120359,18.180843,0.000000,-7.643818,21.869938,True,False,GREEN,0.441459
monza_lin_lap46_to_soft_new_tyre_only,LIN,46,SOFT,new,tyre_only,M-H-S,2,5.650701,1.163347,9.847134,0.052000,-16.171503,21.658602,True,False,GREEN,0.439916
monza_lin_lap46_to_medium_new_tyre_only,LIN,46,MEDIUM,new,tyre_only,M-H-M,2,11.460129,7.189696,15.797599,0.000000,-10.448647,21.891733,True,False,GREEN,0.442666
monza_lin_lap46_to_hard_new_tyre_only,LIN,46,HARD,new,tyre_only,M-H-H,2,15.046752,11.046207,18.975000,0.000000,-6.847587,21.869938,True,False,GREEN,0.441458
monza_lin_lap47_to_soft_new_tyre_only,LIN,47,SOFT,new,tyre_only,M-H-S,2,7.857822,3.366322,11.847844,0.016000,-14.002873,21.658602,True,False,GREEN,0.440209
monza_lin_lap47_to_medium_new_tyre_only,LIN,47,MEDIUM,new,tyre_only,M-H-M,2,12.854260,8.723330,16.963143,0.000000,-9.106453,21.891733,True,False,GREEN,0.440833
monza_lin_lap47_to_hard_new_tyre_only,LIN,47,HARD,new,tyre_only,M-H-H,2,15.859636,11.939905,19.682289,0.000000,-6.005857,21.869938,True,False,GREEN,0.438291
monza_lin_lap48_to_soft_new_tyre_only,LIN,48,SOFT,new,tyre_only,M-H-S,2,9.993932,5.731801,13.911508,0.004000,-11.787048,21.658602,True,False,GREEN,0.441917
monza_lin_lap48_to_medium_new_tyre_only,LIN,48,MEDIUM,new,tyre_only,M-H-M,2,14.262741,10.293038,18.152227,0.000000,-7.714102,21.891733,True,False,GREEN,0.443167
monza_lin_lap48_to_hard_new_tyre_only,LIN,48,HARD,new,tyre_only,M-H-H,2,16.746102,12.914118,20.503149,0.000000,-5.118628,21.869938,True,False,GREEN,0.438625
monza_lin_lap49_to_soft_new_tyre_only,LIN,49,SOFT,new,tyre_only,M-H-S,2,12.194352,8.119871,16.101850,0.000000,-9.524029,21.658602,True,False,GREEN,0.441000
monza_lin_lap49_to_medium_new_tyre_only,LIN,49,MEDIUM,new,tyre_only,M-H-M,2,15.685161,11.893758,19.365973,0.000000,-6.271595,21.891733,True,False,GREEN,0.436291
monza_lin_lap49_to_hard_new_tyre_only,LIN,49,HARD,new,tyre_only,M-H-H,2,17.687524,13.872027,21.339782,0.000000,-4.185900,21.869938,True,False,GREEN,0.439417
monza_lin_lap50_to_soft_new_tyre_only,LIN,50,SOFT,new,tyre_only,M-H-S,2,14.424247,10.607708,18.178814,0.000000,-7.213814,21.658602,True,False,GREEN,0.439291
monza_lin_lap50_to_medium_new_tyre_only,LIN,50,MEDIUM,new,tyre_only,M-H-M,2,17.106284,13.572271,20.701463,0.000000,-4.778931,21.891733,True,False,GREEN,0.441042
monza_lin_lap50_to_hard_new_tyre_only,LIN,50,HARD,new,tyre_only,M-H-H,2,18.619779,14.966428,22.297871,0.000000,-3.207674,21.869938,True,False,GREEN,0.441209
monza_lin_lap51_to_soft_new_tyre_only,LIN,51,SOFT,new,tyre_only,M-H-S,2,17.049835,13.497050,20.489199,0.000000,-4.856404,21.920263,True,False,GREEN,0.437958
monza_lin_lap51_to_medium_new_tyre_only,LIN,51,MEDIUM,new,tyre_only,M-H-M,2,18.889019,15.471625,22.337802,0.000000,-3.236110,22.090607,True,False,GREEN,0.443584
monza_lin_lap51_to_hard_new_tyre_only,LIN,51,HARD,new,tyre_only,M-H-H,2,19.637077,16.328293,23.355230,0.000000,-2.183948,21.915726,True,False,GREEN,0.438583
monza_lin_lap52_to_soft_new_tyre_only,LIN,52,SOFT,new,tyre_only,M-H-S,2,19.479021,16.178494,22.921117,0.000000,-2.451800,22.037352,True,False,GREEN,0.439458
monza_lin_lap52_to_medium_new_tyre_only,LIN,52,MEDIUM,new,tyre_only,M-H-M,2,20.277166,17.066214,23.820083,0.000000,-1.643134,22.037352,True,False,GREEN,0.437667
monza_lin_lap52_to_hard_new_tyre_only,LIN,52,HARD,new,tyre_only,M-H-H,2,20.773573,17.473513,24.308832,0.000000,-1.114723,22.037352,True,False,GREEN,0.438500
monza_nor_lap2_to_soft_new_tyre_only,NOR,2,SOFT,new,tyre_only,M-S-H,2,-0.864761,-1.055245,-0.671392,1.000000,-0.863496,0.000000,True,True,GREEN,2.624417
monza_nor_lap2_to_medium_new_tyre_only,NOR,2,MEDIUM,new,tyre_only,M-M-H,2,-0.055033,-0.062966,-0.047218,1.000000,-0.054829,0.000000,True,True,GREEN,0.483000
monza_nor_lap2_to_hard_new_tyre_only,NOR,2,HARD,new,tyre_only,M-H-H,2,0.485966,0.191080,0.759052,0.010000,0.475760,0.000000,True,True,GREEN,0.465125
monza_nor_lap3_to_soft_new_tyre_only,NOR,3,SOFT,new,tyre_only,M-S,1,-66.723405,-95.223841,-43.142228,1.000000,-67.555638,0.000000,False,True,RED,0.481667
monza_nor_lap3_to_medium_new_tyre_only,NOR,3,MEDIUM,new,tyre_only,M-M,1,-23.776840,-39.495993,-7.292725,0.974000,-23.493779,0.000000,True,True,RED,0.476625
monza_nor_lap3_to_hard_new_tyre_only,NOR,3,HARD,new,tyre_only,M-H,1,0.000000,0.000000,0.000000,0.000000,0.000000,0.000000,True,True,RED,0.445917
monza_nor_lap4_to_soft_new_tyre_only,NOR,4,SOFT,new,tyre_only,M-H-S,2,-66.679092,-93.875188,-43.780588,1.000000,-67.414558,0.000000,False,True,RED,0.479042
monza_nor_lap4_to_medium_new_tyre_only,NOR,4,MEDIUM,new,tyre_only,M-H-M,2,-24.625419,-40.055060,-8.469648,0.980000,-24.306507,0.000000,True,True,RED,0.478625
monza_nor_lap4_to_hard_new_tyre_only,NOR,4,HARD,new,tyre_only,M-H-H,2,-1.228600,-1.421003,-1.028817,1.000000,-1.221889,0.000000,True,True,RED,0.480042
monza_nor_lap5_to_soft_new_tyre_only,NOR,5,SOFT,new,tyre_only,M-H-S,2,-66.616528,-92.615383,-44.338304,1.000000,-67.224089,0.000000,False,True,RED,0.475292
monza_nor_lap5_to_medium_new_tyre_only,NOR,5,MEDIUM,new,tyre_only,M-H-M,2,-25.353005,-40.461338,-9.617429,0.986000,-25.066884,0.000000,True,True,RED,0.470667
monza_nor_lap5_to_hard_new_tyre_only,NOR,5,HARD,new,tyre_only,M-H-H,2,-2.407052,-2.784006,-2.015641,1.000000,-2.393906,0.000000,True,True,RED,0.473375
monza_nor_lap6_to_soft_new_tyre_only,NOR,6,SOFT,new,tyre_only,M-H-S,2,-43.571616,-70.447566,-23.252307,0.998000,-66.984230,21.658602,False,False,MISSING,0.475042
monza_nor_lap6_to_medium_new_tyre_only,NOR,6,MEDIUM,new,tyre_only,M-H-M,2,-3.744935,-19.483716,11.645843,0.632000,-25.774909,21.891733,True,False,MISSING,0.473750
monza_nor_lap6_to_hard_new_tyre_only,NOR,6,HARD,new,tyre_only,M-H-H,2,18.277449,14.706268,21.943078,0.000000,-3.516049,21.869938,True,False,MISSING,0.472042
monza_nor_lap7_to_soft_new_tyre_only,NOR,7,SOFT,new,tyre_only,M-H-S,2,-43.542429,-69.142747,-23.709621,0.998000,-66.694983,21.658602,False,False,GREEN,0.469250
monza_nor_lap7_to_medium_new_tyre_only,NOR,7,MEDIUM,new,tyre_only,M-H-M,2,-4.354813,-19.709754,10.552127,0.656000,-26.430584,21.891733,True,False,GREEN,0.470291
monza_nor_lap7_to_hard_new_tyre_only,NOR,7,HARD,new,tyre_only,M-H-H,2,17.228642,13.548542,20.918075,0.000000,-4.588319,21.869938,True,False,GREEN,0.474458
monza_nor_lap8_to_soft_new_tyre_only,NOR,8,SOFT,new,tyre_only,M-H-S,2,-43.255794,-68.221780,-24.101836,0.998000,-66.356347,21.658602,False,False,GREEN,0.474417
monza_nor_lap8_to_medium_new_tyre_only,NOR,8,MEDIUM,new,tyre_only,M-H-M,2,-5.019202,-19.973615,9.513326,0.674000,-27.033907,21.891733,True,False,GREEN,0.470125
monza_nor_lap8_to_hard_new_tyre_only,NOR,8,HARD,new,tyre_only,M-H-H,2,16.260017,12.450071,19.924265,0.000000,-5.610716,21.869938,True,False,GREEN,0.478333
monza_nor_lap9_to_soft_new_tyre_only,NOR,9,SOFT,new,tyre_only,M-H-S,2,-43.084576,-66.973969,-24.340213,0.998000,-65.968321,21.658602,False,False,GREEN,0.469917
monza_nor_lap9_to_medium_new_tyre_only,NOR,9,MEDIUM,new,tyre_only,M-H-M,2,-5.611227,-20.170856,8.529439,0.698000,-27.584879,21.891733,True,False,GREEN,0.465000
monza_nor_lap9_to_hard_new_tyre_only,NOR,9,HARD,new,tyre_only,M-H-H,2,15.264526,11.473773,18.988916,0.000000,-6.583240,21.869938,True,False,GREEN,0.474833
monza_nor_lap10_to_soft_new_tyre_only,NOR,10,SOFT,new,tyre_only,M-H-S,2,-42.427359,-65.567030,-24.539522,0.998000,-65.530907,21.658602,False,False,GREEN,0.463125
monza_nor_lap10_to_medium_new_tyre_only,NOR,10,MEDIUM,new,tyre_only,M-H-M,2,-6.081373,-20.288096,7.691389,0.716000,-28.083500,21.891733,True,False,GREEN,0.465541
monza_nor_lap10_to_hard_new_tyre_only,NOR,10,HARD,new,tyre_only,M-H-H,2,14.352224,10.484592,18.138661,0.000000,-7.505891,21.869938,True,False,GREEN,0.477000
monza_nor_lap11_to_soft_new_tyre_only,NOR,11,SOFT,new,tyre_only,M-H-S,2,-42.209557,-64.126456,-24.735022,0.998000,-65.044103,21.658602,False,False,GREEN,0.465292
monza_nor_lap11_to_medium_new_tyre_only,NOR,11,MEDIUM,new,tyre_only,M-H-M,2,-6.514761,-20.289167,7.022180,0.730000,-28.529769,21.891733,True,False,GREEN,0.463583
monza_nor_lap11_to_hard_new_tyre_only,NOR,11,HARD,new,tyre_only,M-H-H,2,13.482889,9.531462,17.333826,0.000000,-8.378670,21.869938,True,False,GREEN,0.468208
monza_nor_lap12_to_soft_new_tyre_only,NOR,12,SOFT,new,tyre_only,M-H-S,2,-42.080937,-62.829100,-24.898659,0.998000,-64.507911,21.658602,False,False,GREEN,0.463917
monza_nor_lap12_to_medium_new_tyre_only,NOR,12,MEDIUM,new,tyre_only,M-H-M,2,-6.841981,-20.361990,6.310505,0.748000,-28.923688,21.891733,True,False,GREEN,0.471917
monza_nor_lap12_to_hard_new_tyre_only,NOR,12,HARD,new,tyre_only,M-H-H,2,12.685143,8.706092,16.613943,0.000000,-9.201575,21.869938,True,False,GREEN,0.465459
monza_nor_lap13_to_soft_new_tyre_only,NOR,13,SOFT,new,tyre_only,M-H-S,2,-41.711414,-61.616546,-24.953198,0.998000,-63.922329,21.658602,False,False,GREEN,0.462708
monza_nor_lap13_to_medium_new_tyre_only,NOR,13,MEDIUM,new,tyre_only,M-H-M,2,-7.202986,-20.440935,5.632208,0.760000,-29.265255,21.891733,True,False,GREEN,0.463833
monza_nor_lap13_to_hard_new_tyre_only,NOR,13,HARD,new,tyre_only,M-H-H,2,11.965306,7.797101,15.877664,0.002000,-9.974607,21.869938,True,False,GREEN,0.493208
monza_nor_lap14_to_soft_new_tyre_only,NOR,14,SOFT,new,tyre_only,M-H-S,2,-41.010253,-60.358947,-25.070110,0.998000,-63.287358,21.658602,False,False,GREEN,0.461500
monza_nor_lap14_to_medium_new_tyre_only,NOR,14,MEDIUM,new,tyre_only,M-H-M,2,-7.533109,-20.432180,5.123015,0.768000,-29.554471,21.891733,True,False,GREEN,0.462500
monza_nor_lap14_to_hard_new_tyre_only,NOR,14,HARD,new,tyre_only,M-H-H,2,11.216353,7.060438,15.111562,0.002000,-10.697766,21.869938,True,False,GREEN,0.465583
monza_nor_lap15_to_soft_new_tyre_only,NOR,15,SOFT,new,tyre_only,M-H-S,2,-40.444390,-59.058456,-25.005404,1.000000,-62.602998,21.658602,False,False,GREEN,0.461417
monza_nor_lap15_to_medium_new_tyre_only,NOR,15,MEDIUM,new,tyre_only,M-H-M,2,-7.819515,-20.333857,4.509143,0.778000,-29.791336,21.891733,True,False,GREEN,0.463500
monza_nor_lap15_to_hard_new_tyre_only,NOR,15,HARD,new,tyre_only,M-H-H,2,10.575704,6.373743,14.467988,0.002000,-11.371052,21.869938,True,False,GREEN,0.462917
monza_nor_lap16_to_soft_new_tyre_only,NOR,16,SOFT,new,tyre_only,M-H-S,2,-39.730182,-57.697104,-24.921975,1.000000,-61.869249,21.658602,False,False,GREEN,0.461167
monza_nor_lap16_to_medium_new_tyre_only,NOR,16,MEDIUM,new,tyre_only,M-H-M,2,-8.055606,-20.223656,4.069570,0.794000,-29.975850,21.891733,True,False,GREEN,0.461042
monza_nor_lap16_to_hard_new_tyre_only,NOR,16,HARD,new,tyre_only,M-H-H,2,9.936667,5.731670,13.875809,0.002000,-11.994464,21.869938,True,False,GREEN,0.460708
monza_nor_lap17_to_soft_new_tyre_only,NOR,17,SOFT,new,tyre_only,M-H-S,2,-38.783885,-56.034360,-24.666125,1.000000,-61.086111,21.658602,False,False,GREEN,0.459958
monza_nor_lap17_to_medium_new_tyre_only,NOR,17,MEDIUM,new,tyre_only,M-H-M,2,-8.279241,-20.053373,3.714982,0.800000,-30.108013,21.891733,True,False,GREEN,0.457834
monza_nor_lap17_to_hard_new_tyre_only,NOR,17,HARD,new,tyre_only,M-H-H,2,9.330574,5.107871,13.331956,0.002000,-12.568004,21.869938,True,False,GREEN,0.463875
monza_nor_lap18_to_soft_new_tyre_only,NOR,18,SOFT,new,tyre_only,M-H-S,2,-37.907148,-54.326738,-24.316038,1.000000,-60.253583,21.658602,False,False,GREEN,0.459167
monza_nor_lap18_to_medium_new_tyre_only,NOR,18,MEDIUM,new,tyre_only,M-H-M,2,-8.274698,-19.821316,3.355690,0.810000,-30.187825,21.891733,True,False,GREEN,0.458750
monza_nor_lap18_to_hard_new_tyre_only,NOR,18,HARD,new,tyre_only,M-H-H,2,8.824804,4.551735,12.858940,0.006000,-13.091671,21.869938,True,False,GREEN,0.460208
monza_nor_lap19_to_soft_new_tyre_only,NOR,19,SOFT,new,tyre_only,M-H-S,2,-37.194665,-52.811053,-24.100256,1.000000,-59.371667,21.658602,False,False,GREEN,0.464959
monza_nor_lap19_to_medium_new_tyre_only,NOR,19,MEDIUM,new,tyre_only,M-H-M,2,-8.365676,-19.436146,3.102395,0.824000,-30.215285,21.891733,True,False,GREEN,0.458250
monza_nor_lap19_to_hard_new_tyre_only,NOR,19,HARD,new,tyre_only,M-H-H,2,8.335787,4.057172,12.445917,0.008000,-13.565465,21.869938,True,False,GREEN,0.462625
monza_nor_lap20_to_soft_new_tyre_only,NOR,20,SOFT,new,tyre_only,M-H-S,2,-36.510325,-51.080173,-23.804825,1.000000,-58.440361,21.658602,False,False,GREEN,0.460292
monza_nor_lap20_to_medium_new_tyre_only,NOR,20,MEDIUM,new,tyre_only,M-H-M,2,-8.361415,-19.168669,2.711309,0.828000,-30.190394,21.891733,True,False,GREEN,0.460166
monza_nor_lap20_to_hard_new_tyre_only,NOR,20,HARD,new,tyre_only,M-H-H,2,7.903046,3.611712,12.037642,0.010000,-13.989386,21.869938,True,False,GREEN,0.465333
monza_nor_lap21_to_soft_new_tyre_only,NOR,21,SOFT,new,tyre_only,M-H-S,2,-35.371983,-49.382190,-23.452556,1.000000,-57.459667,21.658602,False,False,GREEN,0.458584
monza_nor_lap21_to_medium_new_tyre_only,NOR,21,MEDIUM,new,tyre_only,M-H-M,2,-8.273010,-18.852081,2.372026,0.834000,-30.113152,21.891733,True,False,GREEN,0.457750
monza_nor_lap21_to_hard_new_tyre_only,NOR,21,HARD,new,tyre_only,M-H-H,2,7.522178,3.180770,11.699632,0.012000,-14.363434,21.869938,True,False,GREEN,0.459083
monza_nor_lap22_to_soft_new_tyre_only,NOR,22,SOFT,new,tyre_only,M-H-S,2,-34.293043,-47.836803,-23.039061,1.000000,-56.429583,21.658602,False,False,GREEN,0.458583
monza_nor_lap22_to_medium_new_tyre_only,NOR,22,MEDIUM,new,tyre_only,M-H-M,2,-8.171402,-18.480558,2.217153,0.840000,-29.983559,21.891733,True,False,GREEN,0.456291
monza_nor_lap22_to_hard_new_tyre_only,NOR,22,HARD,new,tyre_only,M-H-H,2,7.190136,2.841867,11.399407,0.016000,-14.687608,21.869938,True,False,GREEN,0.462834
monza_nor_lap23_to_soft_new_tyre_only,NOR,23,SOFT,new,tyre_only,M-H-S,2,-33.336456,-46.098649,-22.582457,1.000000,-55.350111,21.658602,False,False,GREEN,0.456375
monza_nor_lap23_to_medium_new_tyre_only,NOR,23,MEDIUM,new,tyre_only,M-H-M,2,-7.974439,-18.056962,2.164404,0.838000,-29.801615,21.891733,True,False,GREEN,0.456708
monza_nor_lap23_to_hard_new_tyre_only,NOR,23,HARD,new,tyre_only,M-H-H,2,6.927717,2.557054,11.152234,0.020000,-14.961910,21.869938,True,False,GREEN,0.458416
monza_nor_lap24_to_soft_new_tyre_only,NOR,24,SOFT,new,tyre_only,M-H-S,2,-32.216178,-44.436798,-21.855517,1.000000,-54.221249,21.658602,False,False,GREEN,0.455625
monza_nor_lap24_to_medium_new_tyre_only,NOR,24,MEDIUM,new,tyre_only,M-H-M,2,-7.795086,-17.579677,2.163860,0.838000,-29.567320,21.891733,True,False,GREEN,0.456125
monza_nor_lap24_to_hard_new_tyre_only,NOR,24,HARD,new,tyre_only,M-H-H,2,6.710963,2.327152,10.942117,0.022000,-15.186339,21.869938,True,False,GREEN,0.458166
monza_nor_lap25_to_soft_new_tyre_only,NOR,25,SOFT,new,tyre_only,M-H-S,2,-31.022424,-42.621375,-21.011947,1.000000,-53.042998,21.658602,False,False,GREEN,0.474792
monza_nor_lap25_to_medium_new_tyre_only,NOR,25,MEDIUM,new,tyre_only,M-H-M,2,-7.587770,-17.047656,2.271754,0.838000,-29.280673,21.891733,True,False,GREEN,0.456791
monza_nor_lap25_to_hard_new_tyre_only,NOR,25,HARD,new,tyre_only,M-H-H,2,6.537584,2.148339,10.779467,0.022000,-15.360894,21.869938,True,False,GREEN,0.469250
monza_nor_lap26_to_soft_new_tyre_only,NOR,26,SOFT,new,tyre_only,M-H-S,2,-29.838717,-40.940211,-20.114207,1.000000,-51.815358,21.658602,False,False,GREEN,0.462417
monza_nor_lap26_to_medium_new_tyre_only,NOR,26,MEDIUM,new,tyre_only,M-H-M,2,-7.226777,-16.462934,2.404082,0.834000,-28.941675,21.891733,True,False,GREEN,0.455083
monza_nor_lap26_to_hard_new_tyre_only,NOR,26,HARD,new,tyre_only,M-H-H,2,6.413419,2.008747,10.664966,0.024000,-15.485577,21.869938,True,False,GREEN,0.459792
monza_nor_lap27_to_soft_new_tyre_only,NOR,27,SOFT,new,tyre_only,M-H-S,2,-28.547070,-39.109510,-19.216096,1.000000,-50.538329,21.658602,False,False,YELLOW,0.454375
monza_nor_lap27_to_medium_new_tyre_only,NOR,27,MEDIUM,new,tyre_only,M-H-M,2,-6.814189,-15.798896,2.573871,0.822000,-28.550327,21.891733,True,False,YELLOW,0.457000
monza_nor_lap27_to_hard_new_tyre_only,NOR,27,HARD,new,tyre_only,M-H-H,2,6.344429,1.928050,10.596265,0.026000,-15.560386,21.869938,True,False,YELLOW,0.455875
monza_nor_lap28_to_soft_new_tyre_only,NOR,28,SOFT,new,tyre_only,M-H-S,2,-27.161155,-37.351515,-18.326773,1.000000,-49.211910,21.658602,True,False,VSC,0.454708
monza_nor_lap28_to_medium_new_tyre_only,NOR,28,MEDIUM,new,tyre_only,M-H-M,2,-6.315468,-15.104843,2.749982,0.806000,-28.106627,21.891733,True,False,VSC,0.470709
monza_nor_lap28_to_hard_new_tyre_only,NOR,28,HARD,new,tyre_only,M-H-H,2,6.322076,1.903813,10.573365,0.026000,-15.585323,21.869938,True,False,VSC,0.487417
monza_nor_lap29_to_soft_new_tyre_only,NOR,29,SOFT,new,tyre_only,M-H-S,2,-25.842356,-35.404529,-17.466727,1.000000,-47.836103,21.658602,True,False,VSC,0.493375
monza_nor_lap29_to_medium_new_tyre_only,NOR,29,MEDIUM,new,tyre_only,M-H-M,2,-5.731878,-14.347748,2.939004,0.796000,-27.610575,21.891733,True,False,VSC,0.605792
monza_nor_lap29_to_hard_new_tyre_only,NOR,29,HARD,new,tyre_only,M-H-H,2,6.344429,1.928050,10.596265,0.026000,-15.560386,21.869938,True,False,VSC,0.652750
monza_nor_lap30_to_soft_new_tyre_only,NOR,30,SOFT,new,tyre_only,M-H-S,2,-24.534135,-33.399881,-16.363691,1.000000,-46.410907,21.658602,True,False,GREEN,0.589708
monza_nor_lap30_to_medium_new_tyre_only,NOR,30,MEDIUM,new,tyre_only,M-H-M,2,-5.129371,-13.463573,3.173145,0.788000,-27.062173,21.891733,True,False,GREEN,0.554292
monza_nor_lap30_to_hard_new_tyre_only,NOR,30,HARD,new,tyre_only,M-H-H,2,6.413419,2.008747,10.664966,0.024000,-15.485577,21.869938,True,False,GREEN,0.539541
monza_nor_lap31_to_soft_new_tyre_only,NOR,31,SOFT,new,tyre_only,M-H-S,2,-22.995837,-31.456899,-15.152366,1.000000,-44.936321,21.658602,True,False,GREEN,0.526042
monza_nor_lap31_to_medium_new_tyre_only,NOR,31,MEDIUM,new,tyre_only,M-H-M,2,-4.563282,-12.648173,3.518937,0.766000,-26.461420,21.891733,True,False,GREEN,0.517166
monza_nor_lap31_to_hard_new_tyre_only,NOR,31,HARD,new,tyre_only,M-H-H,2,6.537584,2.148339,10.779467,0.022000,-15.360894,21.869938,True,False,GREEN,0.528833
monza_nor_lap32_to_soft_new_tyre_only,NOR,32,SOFT,new,tyre_only,M-H-S,2,-21.436287,-29.587418,-13.927040,1.000000,-43.412347,21.658602,True,False,GREEN,0.509875
monza_nor_lap32_to_medium_new_tyre_only,NOR,32,MEDIUM,new,tyre_only,M-H-M,2,-3.887663,-11.721964,3.973583,0.744000,-25.808315,21.891733,True,False,GREEN,0.509959
monza_nor_lap32_to_hard_new_tyre_only,NOR,32,HARD,new,tyre_only,M-H-H,2,6.710963,2.327152,10.942117,0.022000,-15.186339,21.869938,True,False,GREEN,0.513792
monza_nor_lap33_to_soft_new_tyre_only,NOR,33,SOFT,new,tyre_only,M-H-S,2,-19.940543,-27.692642,-12.677575,1.000000,-41.838983,21.658602,True,False,GREEN,0.508000
monza_nor_lap33_to_medium_new_tyre_only,NOR,33,MEDIUM,new,tyre_only,M-H-M,2,-3.133872,-10.739294,4.472880,0.718000,-25.102859,21.891733,True,False,GREEN,0.503625
monza_nor_lap33_to_hard_new_tyre_only,NOR,33,HARD,new,tyre_only,M-H-H,2,6.927717,2.557054,11.152234,0.020000,-14.961910,21.869938,True,False,GREEN,0.502625
monza_nor_lap34_to_soft_new_tyre_only,NOR,34,SOFT,new,tyre_only,M-H-S,2,-18.299457,-25.769838,-11.444367,1.000000,-40.216230,21.658602,True,False,GREEN,0.500542
monza_nor_lap34_to_medium_new_tyre_only,NOR,34,MEDIUM,new,tyre_only,M-H-M,2,-2.366360,-9.754320,4.918117,0.674000,-24.345052,21.891733,True,False,GREEN,0.499750
monza_nor_lap34_to_hard_new_tyre_only,NOR,34,HARD,new,tyre_only,M-H-H,2,7.190136,2.841867,11.399407,0.016000,-14.687608,21.869938,True,False,GREEN,0.504167
monza_nor_lap35_to_soft_new_tyre_only,NOR,35,SOFT,new,tyre_only,M-H-S,2,-16.635216,-23.660295,-10.136246,1.000000,-38.544088,21.658602,True,False,GREEN,0.503583
monza_nor_lap35_to_medium_new_tyre_only,NOR,35,MEDIUM,new,tyre_only,M-H-M,2,-1.505251,-8.605172,5.482646,0.614000,-23.534894,21.891733,True,False,GREEN,0.769500
monza_nor_lap35_to_hard_new_tyre_only,NOR,35,HARD,new,tyre_only,M-H-H,2,7.522178,3.180770,11.699632,0.012000,-14.363434,21.869938,True,False,GREEN,0.606541
monza_nor_lap36_to_soft_new_tyre_only,NOR,36,SOFT,new,tyre_only,M-H-S,2,-14.901540,-21.557252,-8.630961,1.000000,-36.822557,21.658602,True,False,GREEN,0.555542
monza_nor_lap36_to_medium_new_tyre_only,NOR,36,MEDIUM,new,tyre_only,M-H-M,2,-0.613646,-7.433905,6.078833,0.546000,-22.672385,21.891733,True,False,GREEN,0.551917
monza_nor_lap36_to_hard_new_tyre_only,NOR,36,HARD,new,tyre_only,M-H-H,2,7.903046,3.611712,12.037642,0.010000,-13.989386,21.869938,True,False,GREEN,0.570625
monza_nor_lap37_to_soft_new_tyre_only,NOR,37,SOFT,new,tyre_only,M-H-S,2,-13.143744,-19.481874,-7.141265,0.998000,-35.051637,21.658602,True,False,GREEN,0.540458
monza_nor_lap37_to_medium_new_tyre_only,NOR,37,MEDIUM,new,tyre_only,M-H-M,2,0.244537,-6.249631,6.797219,0.476000,-21.757524,21.891733,True,False,GREEN,0.605000
monza_nor_lap37_to_hard_new_tyre_only,NOR,37,HARD,new,tyre_only,M-H-H,2,8.335787,4.057172,12.445917,0.008000,-13.565465,21.869938,True,False,GREEN,0.611875
monza_nor_lap38_to_soft_new_tyre_only,NOR,38,SOFT,new,tyre_only,M-H-S,2,-11.328621,-17.546669,-5.534359,0.996000,-33.231328,21.658602,True,False,GREEN,0.564250
monza_nor_lap38_to_medium_new_tyre_only,NOR,38,MEDIUM,new,tyre_only,M-H-M,2,1.241546,-4.966317,7.476379,0.410000,-20.790313,21.891733,True,False,GREEN,0.539708
monza_nor_lap38_to_hard_new_tyre_only,NOR,38,HARD,new,tyre_only,M-H-H,2,8.824804,4.551735,12.858940,0.006000,-13.091671,21.869938,True,False,GREEN,0.603375
monza_nor_lap39_to_soft_new_tyre_only,NOR,39,SOFT,new,tyre_only,M-H-S,2,-9.446112,-15.296641,-3.851924,0.992000,-31.361630,21.658602,True,False,GREEN,0.594625
monza_nor_lap39_to_medium_new_tyre_only,NOR,39,MEDIUM,new,tyre_only,M-H-M,2,2.247783,-3.693848,8.164762,0.330000,-19.770750,21.891733,True,False,GREEN,0.595084
monza_nor_lap39_to_hard_new_tyre_only,NOR,39,HARD,new,tyre_only,M-H-H,2,9.330574,5.107871,13.331956,0.002000,-12.568004,21.869938,True,False,GREEN,0.574583
monza_nor_lap40_to_soft_new_tyre_only,NOR,40,SOFT,new,tyre_only,M-H-S,2,-7.557058,-13.210448,-2.229389,0.972000,-29.442543,21.658602,True,False,GREEN,0.560708
monza_nor_lap40_to_medium_new_tyre_only,NOR,40,MEDIUM,new,tyre_only,M-H-M,2,3.280572,-2.396307,8.975236,0.250000,-18.698836,21.891733,True,False,GREEN,0.556291
monza_nor_lap40_to_hard_new_tyre_only,NOR,40,HARD,new,tyre_only,M-H-H,2,9.936667,5.731670,13.875809,0.002000,-11.994464,21.869938,True,False,GREEN,0.579292
monza_nor_lap41_to_soft_new_tyre_only,NOR,41,SOFT,new,tyre_only,M-H-S,2,-5.659880,-11.075580,-0.685939,0.918000,-27.474066,21.658602,True,False,GREEN,0.552041
monza_nor_lap41_to_medium_new_tyre_only,NOR,41,MEDIUM,new,tyre_only,M-H-M,2,4.420213,-1.048304,9.804106,0.170000,-17.574571,21.891733,True,False,GREEN,0.537833
monza_nor_lap41_to_hard_new_tyre_only,NOR,41,HARD,new,tyre_only,M-H-H,2,10.575704,6.373743,14.467988,0.002000,-11.371052,21.869938,True,False,GREEN,0.524000
monza_nor_lap42_to_soft_new_tyre_only,NOR,42,SOFT,new,tyre_only,M-H-S,2,-3.624886,-8.875206,1.190927,0.832000,-25.456201,21.658602,True,False,GREEN,0.508375
monza_nor_lap42_to_medium_new_tyre_only,NOR,42,MEDIUM,new,tyre_only,M-H-M,2,5.502410,0.306651,10.605513,0.080000,-16.397955,21.891733,True,False,GREEN,0.499250
monza_nor_lap42_to_hard_new_tyre_only,NOR,42,HARD,new,tyre_only,M-H-H,2,11.216353,7.060438,15.111562,0.002000,-10.697766,21.869938,True,False,GREEN,0.495458
monza_nor_lap43_to_soft_new_tyre_only,NOR,43,SOFT,new,tyre_only,M-H-S,2,-1.579030,-6.455506,2.982887,0.654000,-23.388946,21.658602,True,False,GREEN,0.492042
monza_nor_lap43_to_medium_new_tyre_only,NOR,43,MEDIUM,new,tyre_only,M-H-M,2,6.677712,1.786609,11.567651,0.026000,-15.168987,21.891733,True,False,GREEN,0.489083
monza_nor_lap43_to_hard_new_tyre_only,NOR,43,HARD,new,tyre_only,M-H-H,2,11.965306,7.797101,15.877664,0.002000,-9.974607,21.869938,True,False,GREEN,0.486166
monza_nor_lap44_to_soft_new_tyre_only,NOR,44,SOFT,new,tyre_only,M-H-S,2,0.553709,-4.103217,4.959034,0.444000,-21.272302,21.658602,True,False,GREEN,0.486042
monza_nor_lap44_to_medium_new_tyre_only,NOR,44,MEDIUM,new,tyre_only,M-H-M,2,7.898525,3.354510,12.628657,0.010000,-13.887669,21.891733,True,False,GREEN,0.485042
monza_nor_lap44_to_hard_new_tyre_only,NOR,44,HARD,new,tyre_only,M-H-H,2,12.685143,8.706092,16.613943,0.000000,-9.201575,21.869938,True,False,GREEN,0.483083
monza_nor_lap45_to_soft_new_tyre_only,NOR,45,SOFT,new,tyre_only,M-H-S,2,2.722944,-1.717627,7.063726,0.258000,-19.106270,21.658602,True,False,GREEN,0.479709
monza_nor_lap45_to_medium_new_tyre_only,NOR,45,MEDIUM,new,tyre_only,M-H-M,2,9.319469,4.901687,13.749314,0.002000,-12.553999,21.891733,True,False,GREEN,0.485334
monza_nor_lap45_to_hard_new_tyre_only,NOR,45,HARD,new,tyre_only,M-H-H,2,13.482889,9.531462,17.333826,0.000000,-8.378670,21.869938,True,False,GREEN,0.483458
monza_nor_lap46_to_soft_new_tyre_only,NOR,46,SOFT,new,tyre_only,M-H-S,2,4.958302,0.547602,9.084138,0.074000,-16.890848,21.658602,True,False,GREEN,0.485375
monza_nor_lap46_to_medium_new_tyre_only,NOR,46,MEDIUM,new,tyre_only,M-H-M,2,10.729076,6.516407,14.945671,0.000000,-11.167978,21.891733,True,False,GREEN,0.480583
monza_nor_lap46_to_hard_new_tyre_only,NOR,46,HARD,new,tyre_only,M-H-H,2,14.352224,10.484592,18.138661,0.000000,-7.505891,21.869938,True,False,GREEN,0.476417
monza_nor_lap47_to_soft_new_tyre_only,NOR,47,SOFT,new,tyre_only,M-H-S,2,7.204594,2.881214,11.178201,0.024000,-14.626037,21.658602,True,False,GREEN,0.475875
monza_nor_lap47_to_medium_new_tyre_only,NOR,47,MEDIUM,new,tyre_only,M-H-M,2,12.236090,8.281119,16.235974,0.000000,-9.729606,21.891733,True,False,GREEN,0.489041
monza_nor_lap47_to_hard_new_tyre_only,NOR,47,HARD,new,tyre_only,M-H-H,2,15.264526,11.473773,18.988916,0.000000,-6.583240,21.869938,True,False,GREEN,0.477167
monza_nor_lap48_to_soft_new_tyre_only,NOR,48,SOFT,new,tyre_only,M-H-S,2,9.442965,5.409450,13.370777,0.004000,-12.311837,21.658602,True,False,GREEN,0.494084
monza_nor_lap48_to_medium_new_tyre_only,NOR,48,MEDIUM,new,tyre_only,M-H-M,2,13.723847,9.879678,17.479237,0.000000,-8.238883,21.891733,True,False,GREEN,0.543625
monza_nor_lap48_to_hard_new_tyre_only,NOR,48,HARD,new,tyre_only,M-H-H,2,16.260017,12.450071,19.924265,0.000000,-5.610716,21.869938,True,False,GREEN,0.511917
monza_nor_lap49_to_soft_new_tyre_only,NOR,49,SOFT,new,tyre_only,M-H-S,2,11.712027,7.812305,15.510669,0.000000,-9.948248,21.658602,True,False,GREEN,0.501375
monza_nor_lap49_to_medium_new_tyre_only,NOR,49,MEDIUM,new,tyre_only,M-H-M,2,15.206027,11.579332,18.855208,0.000000,-6.695809,21.891733,True,False,GREEN,0.488000
monza_nor_lap49_to_hard_new_tyre_only,NOR,49,HARD,new,tyre_only,M-H-H,2,17.228642,13.548542,20.918075,0.000000,-4.588319,21.869938,True,False,GREEN,0.551208
monza_nor_lap50_to_soft_new_tyre_only,NOR,50,SOFT,new,tyre_only,M-H-S,2,14.060982,10.342336,17.951659,0.000000,-7.535269,21.658602,True,False,GREEN,0.522208
monza_nor_lap50_to_medium_new_tyre_only,NOR,50,MEDIUM,new,tyre_only,M-H-M,2,16.774187,13.282066,20.370046,0.000000,-5.100383,21.891733,True,False,GREEN,0.533708
monza_nor_lap50_to_hard_new_tyre_only,NOR,50,HARD,new,tyre_only,M-H-H,2,18.277449,14.706268,21.943078,0.000000,-3.516049,21.869938,True,False,GREEN,0.591334
monza_nor_lap51_to_soft_new_tyre_only,NOR,51,SOFT,new,tyre_only,M-H-S,2,16.822177,13.314341,20.305863,0.000000,-5.072902,21.920263,True,False,GREEN,0.555709
monza_nor_lap51_to_medium_new_tyre_only,NOR,51,MEDIUM,new,tyre_only,M-H-M,2,18.617007,15.258875,22.086125,0.000000,-3.452607,22.090607,True,False,GREEN,0.519792
monza_nor_lap51_to_hard_new_tyre_only,NOR,51,HARD,new,tyre_only,M-H-H,2,19.424812,16.162691,23.165764,0.000000,-2.393906,21.915726,True,False,GREEN,0.506542
monza_nor_lap52_to_soft_new_tyre_only,NOR,52,SOFT,new,tyre_only,M-H-S,2,19.366073,16.040126,22.842336,0.000000,-2.561146,22.037352,True,False,GREEN,0.504667
monza_nor_lap52_to_medium_new_tyre_only,NOR,52,MEDIUM,new,tyre_only,M-H-M,2,20.151751,16.958207,23.733433,0.000000,-1.752479,22.037352,True,False,GREEN,0.496250
monza_nor_lap52_to_hard_new_tyre_only,NOR,52,HARD,new,tyre_only,M-H-H,2,20.684307,17.370775,24.197185,0.000000,-1.221889,22.037352,True,False,GREEN,0.495584
monza_oco_lap2_to_soft_new_tyre_only,OCO,2,SOFT,new,tyre_only,S-S-H-M,3,-1.306947,-4.814848,2.205942,0.672000,-0.048919,-1.262583,True,True,GREEN,2.899250
monza_oco_lap2_to_medium_new_tyre_only,OCO,2,MEDIUM,new,tyre_only,S-M-H-M,3,-0.579558,-4.054881,2.960894,0.574000,0.756817,-1.262583,True,True,GREEN,0.481125
monza_oco_lap2_to_hard_new_tyre_only,OCO,2,HARD,new,tyre_only,S-H-H-M,3,-0.015392,-3.624675,3.497926,0.502000,1.288518,-1.262583,True,True,GREEN,0.487833
monza_oco_lap3_to_soft_new_tyre_only,OCO,3,SOFT,new,tyre_only,S-S-M,2,-32.812313,-40.960514,-25.236645,1.000000,-31.729887,-1.262583,True,True,RED,0.494125
monza_oco_lap3_to_medium_new_tyre_only,OCO,3,MEDIUM,new,tyre_only,S-M-M,2,-13.772143,-21.705406,-6.074840,0.990000,-12.383765,-1.262583,True,True,RED,0.490667
monza_oco_lap3_to_hard_new_tyre_only,OCO,3,HARD,new,tyre_only,S-H-M,2,-1.277189,-4.752122,2.264222,0.668000,0.000000,-1.262583,True,True,RED,0.471583
monza_oco_lap4_to_soft_new_tyre_only,OCO,4,SOFT,new,tyre_only,S-H-S-M,3,-32.038525,-39.804886,-24.659050,1.000000,-30.955015,-1.262583,True,True,RED,0.483125
monza_oco_lap4_to_medium_new_tyre_only,OCO,4,MEDIUM,new,tyre_only,S-H-M-M,3,-13.806226,-21.410718,-6.366540,0.990000,-12.415335,-1.262583,True,True,RED,0.485833
monza_oco_lap4_to_hard_new_tyre_only,OCO,4,HARD,new,tyre_only,S-H-H-M,3,-1.835273,-5.278552,1.717857,0.736000,-0.531849,-1.262583,True,True,RED,0.488500
monza_oco_lap5_to_soft_new_tyre_only,OCO,5,SOFT,new,tyre_only,S-H-S-M,3,-31.166150,-38.696335,-24.137682,1.000000,-30.132560,-1.262583,True,True,RED,0.498458
monza_oco_lap5_to_medium_new_tyre_only,OCO,5,MEDIUM,new,tyre_only,S-H-M-M,3,-13.826192,-21.097561,-6.531736,0.992000,-12.399290,-1.262583,True,True,RED,0.477792
monza_oco_lap5_to_hard_new_tyre_only,OCO,5,HARD,new,tyre_only,S-H-H-M,3,-2.343537,-5.800185,1.200187,0.786000,-1.017449,-1.262583,True,True,RED,0.481875
monza_oco_lap6_to_soft_new_tyre_only,OCO,6,SOFT,new,tyre_only,S-H-S-M,3,-8.362373,-18.524492,0.502414,0.886000,-29.262522,20.396019,True,False,MISSING,0.478459
monza_oco_lap6_to_medium_new_tyre_only,OCO,6,MEDIUM,new,tyre_only,S-H-M-M,3,8.101607,-1.064864,17.611796,0.128000,-12.335632,20.629149,True,False,MISSING,0.483166
monza_oco_lap6_to_hard_new_tyre_only,OCO,6,HARD,new,tyre_only,S-H-H-M,3,19.253223,11.982635,26.245061,0.002000,-1.456802,20.607355,True,False,MISSING,0.479458
monza_oco_lap7_to_soft_new_tyre_only,OCO,7,SOFT,new,tyre_only,S-H-S-M,3,-7.533748,-17.336312,1.258647,0.868000,-28.344900,20.396019,True,False,GREEN,0.474458
monza_oco_lap7_to_medium_new_tyre_only,OCO,7,MEDIUM,new,tyre_only,S-H-M-M,3,8.106818,-0.962618,17.392665,0.120000,-12.224360,20.629149,True,False,GREEN,0.477875
monza_oco_lap7_to_hard_new_tyre_only,OCO,7,HARD,new,tyre_only,S-H-H-M,3,18.827699,11.481675,25.845035,0.002000,-1.849908,20.607355,True,False,GREEN,0.478500
monza_oco_lap8_to_soft_new_tyre_only,OCO,8,SOFT,new,tyre_only,S-H-S-M,3,-6.594347,-16.180203,1.802778,0.844000,-27.379696,20.396019,True,False,GREEN,0.475875
monza_oco_lap8_to_medium_new_tyre_only,OCO,8,MEDIUM,new,tyre_only,S-H-M-M,3,8.373867,-0.411464,17.389627,0.114000,-12.065474,20.629149,True,False,GREEN,0.470041
monza_oco_lap8_to_hard_new_tyre_only,OCO,8,HARD,new,tyre_only,S-H-H-M,3,18.425048,11.196181,25.492070,0.002000,-2.196766,20.607355,True,False,GREEN,0.474208
monza_oco_lap9_to_soft_new_tyre_only,OCO,9,SOFT,new,tyre_only,S-H-S-M,3,-5.661617,-15.066447,2.549729,0.800000,-26.366908,20.396019,True,False,GREEN,0.477208
monza_oco_lap9_to_medium_new_tyre_only,OCO,9,MEDIUM,new,tyre_only,S-H-M-M,3,8.705767,-0.058124,17.479341,0.102000,-11.858974,20.629149,True,False,GREEN,0.477084
monza_oco_lap9_to_hard_new_tyre_only,OCO,9,HARD,new,tyre_only,S-H-H-M,3,18.086515,10.938727,25.186168,0.002000,-2.497376,20.607355,True,False,GREEN,0.473667
monza_oco_lap10_to_soft_new_tyre_only,OCO,10,SOFT,new,tyre_only,S-H-S-M,3,-4.674719,-13.601947,3.304931,0.758000,-25.306537,20.396019,True,False,GREEN,0.471125
monza_oco_lap10_to_medium_new_tyre_only,OCO,10,MEDIUM,new,tyre_only,S-H-M-M,3,8.902133,0.608887,17.663199,0.090000,-11.604861,20.629149,True,False,GREEN,0.489167
monza_oco_lap10_to_hard_new_tyre_only,OCO,10,HARD,new,tyre_only,S-H-H-M,3,17.802787,10.642448,24.926546,0.002000,-2.751738,20.607355,True,False,GREEN,0.489125
monza_oco_lap11_to_soft_new_tyre_only,OCO,11,SOFT,new,tyre_only,S-H-S-M,3,-3.686120,-12.231082,4.424398,0.706000,-24.198582,20.396019,True,False,GREEN,0.478375
monza_oco_lap11_to_medium_new_tyre_only,OCO,11,MEDIUM,new,tyre_only,S-H-M-M,3,9.210543,1.032736,17.904240,0.074000,-11.303133,20.629149,True,False,GREEN,0.498708
monza_oco_lap11_to_hard_new_tyre_only,OCO,11,HARD,new,tyre_only,S-H-H-M,3,17.595912,10.400038,24.712130,0.002000,-2.959853,20.607355,True,False,GREEN,0.472709
monza_oco_lap12_to_soft_new_tyre_only,OCO,12,SOFT,new,tyre_only,S-H-S-M,3,-2.482233,-10.792264,5.585779,0.654000,-23.043045,20.396019,True,False,GREEN,0.500083
monza_oco_lap12_to_medium_new_tyre_only,OCO,12,MEDIUM,new,tyre_only,S-H-M-M,3,9.594620,1.694218,18.100414,0.064000,-10.953791,20.629149,True,False,GREEN,0.487375
monza_oco_lap12_to_hard_new_tyre_only,OCO,12,HARD,new,tyre_only,S-H-H-M,3,17.423818,10.211497,24.545362,0.004000,-3.121720,20.607355,True,False,GREEN,0.471792
monza_oco_lap13_to_soft_new_tyre_only,OCO,13,SOFT,new,tyre_only,S-H-S-M,3,-1.234726,-9.495884,6.671545,0.586000,-21.839924,20.396019,True,False,GREEN,0.466209
monza_oco_lap13_to_medium_new_tyre_only,OCO,13,MEDIUM,new,tyre_only,S-H-M-M,3,10.018372,2.190102,18.170746,0.052000,-10.556836,20.629149,True,False,GREEN,0.492000
monza_oco_lap13_to_hard_new_tyre_only,OCO,13,HARD,new,tyre_only,S-H-H-M,3,17.300894,10.076825,24.426241,0.004000,-3.237339,20.607355,True,False,GREEN,0.483000
monza_oco_lap14_to_soft_new_tyre_only,OCO,14,SOFT,new,tyre_only,S-H-S-M,3,-0.061380,-8.077196,7.809274,0.502000,-20.589220,20.396019,True,False,GREEN,0.508375
monza_oco_lap14_to_medium_new_tyre_only,OCO,14,MEDIUM,new,tyre_only,S-H-M-M,3,10.412906,2.698598,18.515737,0.050000,-10.112267,20.629149,True,False,GREEN,0.485959
monza_oco_lap14_to_hard_new_tyre_only,OCO,14,HARD,new,tyre_only,S-H-H-M,3,17.227139,9.999857,24.354769,0.004000,-3.306710,20.607355,True,False,GREEN,0.487250
monza_oco_lap15_to_soft_new_tyre_only,OCO,15,SOFT,new,tyre_only,S-H-S-M,3,1.130640,-6.713847,8.835928,0.414000,-19.290933,20.396019,True,False,GREEN,0.477000
monza_oco_lap15_to_medium_new_tyre_only,OCO,15,MEDIUM,new,tyre_only,S-H-M-M,3,11.026301,3.240396,18.932989,0.042000,-9.620083,20.629149,True,False,GREEN,0.496500
monza_oco_lap15_to_hard_new_tyre_only,OCO,15,HARD,new,tyre_only,S-H-H-M,3,17.202555,9.976041,24.330945,0.004000,-3.329834,20.607355,True,False,GREEN,0.512667
monza_oco_lap16_to_soft_new_tyre_only,OCO,16,SOFT,new,tyre_only,S-H-S-M,3,2.531902,-5.200778,10.097012,0.350000,-17.945063,20.396019,True,False,GREEN,0.547125
monza_oco_lap16_to_medium_new_tyre_only,OCO,16,MEDIUM,new,tyre_only,S-H-M-M,3,11.573656,4.014594,19.362944,0.032000,-9.080286,20.629149,True,False,GREEN,0.494625
monza_oco_lap16_to_hard_new_tyre_only,OCO,16,HARD,new,tyre_only,S-H-H-M,3,17.227139,9.999857,24.354769,0.004000,-3.306710,20.607355,True,False,GREEN,0.464875
monza_oco_lap17_to_soft_new_tyre_only,OCO,17,SOFT,new,tyre_only,S-H-S,2,-31.148320,-45.730880,-19.242132,1.000000,-30.589369,-1.495714,False,False,GREEN,0.479625
monza_oco_lap17_to_medium_new_tyre_only,OCO,17,MEDIUM,new,tyre_only,S-H-M,2,-3.726283,-8.458389,1.188962,0.820000,-2.370362,-1.262583,True,False,GREEN,0.480084
monza_oco_lap17_to_hard_new_tyre_only,OCO,17,HARD,new,tyre_only,S-H-H,2,14.495536,5.124136,22.083280,0.006000,15.426301,-1.284378,True,False,GREEN,0.473708
monza_oco_lap18_to_soft_new_tyre_only,OCO,18,SOFT,new,tyre_only,S-H-S,2,-30.454879,-44.074003,-18.908816,1.000000,-29.759816,-1.495714,False,False,GREEN,0.475500
monza_oco_lap18_to_medium_new_tyre_only,OCO,18,MEDIUM,new,tyre_only,S-H-M,2,-3.695435,-7.967665,1.010260,0.826000,-2.347588,-1.262583,True,False,GREEN,0.473334
monza_oco_lap18_to_hard_new_tyre_only,OCO,18,HARD,new,tyre_only,S-H-H,2,14.030769,4.712149,21.584756,0.014000,14.963824,-1.284378,True,False,GREEN,0.476583
monza_oco_lap19_to_soft_new_tyre_only,OCO,19,SOFT,new,tyre_only,S-H-S,2,-29.833367,-42.553398,-18.563370,1.000000,-28.882680,-1.495714,False,False,GREEN,0.473750
monza_oco_lap19_to_medium_new_tyre_only,OCO,19,MEDIUM,new,tyre_only,S-H-M,2,-3.603368,-7.782016,0.978936,0.840000,-2.277201,-1.262583,True,False,GREEN,0.474416
monza_oco_lap19_to_hard_new_tyre_only,OCO,19,HARD,new,tyre_only,S-H-H,2,13.587835,4.342649,21.131655,0.014000,14.547595,-1.284378,True,False,GREEN,0.472584
monza_oco_lap20_to_soft_new_tyre_only,OCO,20,SOFT,new,tyre_only,S-H-S,2,-29.060724,-41.089168,-18.224940,1.000000,-27.957960,-1.495714,False,False,GREEN,0.484541
monza_oco_lap20_to_medium_new_tyre_only,OCO,20,MEDIUM,new,tyre_only,S-H-M,2,-3.497930,-7.548241,0.773516,0.840000,-2.159199,-1.262583,True,False,GREEN,0.472542
monza_oco_lap20_to_hard_new_tyre_only,OCO,20,HARD,new,tyre_only,S-H-H,2,13.228387,4.001288,20.757537,0.018000,14.177613,-1.284378,True,False,GREEN,0.470750
monza_oco_lap21_to_soft_new_tyre_only,OCO,21,SOFT,new,tyre_only,S-H-S,2,-28.121616,-39.472291,-17.778627,1.000000,-26.985658,-1.495714,False,False,GREEN,0.472000
monza_oco_lap21_to_medium_new_tyre_only,OCO,21,MEDIUM,new,tyre_only,S-H-M,2,-3.260579,-7.241344,0.880563,0.842000,-1.993584,-1.262583,True,False,GREEN,0.473500
monza_oco_lap21_to_hard_new_tyre_only,OCO,21,HARD,new,tyre_only,S-H-H,2,12.926562,3.672433,20.392450,0.024000,13.853879,-1.284378,True,False,GREEN,0.467084
monza_oco_lap22_to_soft_new_tyre_only,OCO,22,SOFT,new,tyre_only,S-H-S,2,-27.137828,-37.998974,-17.208353,1.000000,-25.965772,-1.495714,False,False,GREEN,0.469458
monza_oco_lap22_to_medium_new_tyre_only,OCO,22,MEDIUM,new,tyre_only,S-H-M,2,-3.124109,-6.892778,0.958434,0.840000,-1.780355,-1.262583,True,False,GREEN,0.468542
monza_oco_lap22_to_hard_new_tyre_only,OCO,22,HARD,new,tyre_only,S-H-H,2,12.636466,3.425817,20.076081,0.028000,13.576393,-1.284378,True,False,GREEN,0.475625
monza_oco_lap23_to_soft_new_tyre_only,OCO,23,SOFT,new,tyre_only,S-H-S,2,-26.070343,-36.369614,-16.700771,1.000000,-24.898303,-1.495714,False,False,GREEN,0.467042
monza_oco_lap23_to_medium_new_tyre_only,OCO,23,MEDIUM,new,tyre_only,S-H-M,2,-2.766432,-6.463696,1.016167,0.828000,-1.519511,-1.262583,True,False,GREEN,0.469208
monza_oco_lap23_to_hard_new_tyre_only,OCO,23,HARD,new,tyre_only,S-H-H,2,12.409092,3.221902,19.822201,0.032000,13.345154,-1.284378,True,False,GREEN,0.466500
monza_oco_lap24_to_soft_new_tyre_only,OCO,24,SOFT,new,tyre_only,S-H-S,2,-24.893225,-34.908546,-15.923376,1.000000,-23.783251,-1.495714,False,False,GREEN,0.472583
monza_oco_lap24_to_medium_new_tyre_only,OCO,24,MEDIUM,new,tyre_only,S-H-M,2,-2.478231,-6.037706,1.133517,0.812000,-1.211054,-1.262583,True,False,GREEN,0.471958
monza_oco_lap24_to_hard_new_tyre_only,OCO,24,HARD,new,tyre_only,S-H-H,2,12.227349,3.060577,19.619663,0.032000,13.160164,-1.284378,True,False,GREEN,0.474417
monza_oco_lap25_to_soft_new_tyre_only,OCO,25,SOFT,new,tyre_only,S-H-S,2,-23.704929,-33.319125,-15.393045,1.000000,-22.620615,-1.495714,False,False,GREEN,0.463917
monza_oco_lap25_to_medium_new_tyre_only,OCO,25,MEDIUM,new,tyre_only,S-H-M,2,-2.112034,-5.666358,1.378479,0.768000,-0.854984,-1.262583,True,False,GREEN,0.481542
monza_oco_lap25_to_hard_new_tyre_only,OCO,25,HARD,new,tyre_only,S-H-H,2,12.091042,2.939583,19.470302,0.034000,13.021421,-1.284378,True,False,GREEN,0.468084
monza_oco_lap26_to_soft_new_tyre_only,OCO,26,SOFT,new,tyre_only,S-H-S,2,-22.554016,-31.779146,-14.491378,1.000000,-21.410397,-1.495714,False,False,GREEN,0.466000
monza_oco_lap26_to_medium_new_tyre_only,OCO,26,MEDIUM,new,tyre_only,S-H-M,2,-1.748029,-5.290270,1.780607,0.720000,-0.451299,-1.262583,True,False,GREEN,0.464625
monza_oco_lap26_to_hard_new_tyre_only,OCO,26,HARD,new,tyre_only,S-H-H,2,12.000171,2.858920,19.391640,0.034000,12.928925,-1.284378,True,False,GREEN,0.468875
monza_oco_lap27_to_soft_new_tyre_only,OCO,27,SOFT,new,tyre_only,S-H-S,2,-21.344453,-30.264298,-13.572417,1.000000,-20.152595,-1.495714,True,False,VSC,0.465375
monza_oco_lap27_to_medium_new_tyre_only,OCO,27,MEDIUM,new,tyre_only,S-H-M,2,-1.277189,-4.752122,2.264222,0.668000,0.000000,-1.262583,True,False,VSC,0.450500
monza_oco_lap27_to_hard_new_tyre_only,OCO,27,HARD,new,tyre_only,S-H-H,2,11.954735,2.818589,19.353967,0.036000,12.882677,-1.284378,True,False,VSC,0.465208
monza_oco_lap28_to_soft_new_tyre_only,OCO,28,SOFT,new,tyre_only,S-H-S,2,-20.096690,-28.643460,-12.464422,1.000000,-18.847210,-1.495714,True,False,VSC,0.468667
monza_oco_lap28_to_medium_new_tyre_only,OCO,28,MEDIUM,new,tyre_only,S-H-M,2,-0.733128,-4.461403,2.735790,0.604000,0.498913,-1.262583,True,False,VSC,0.473334
monza_oco_lap28_to_hard_new_tyre_only,OCO,28,HARD,new,tyre_only,S-H-H,2,11.954735,2.818589,19.353967,0.036000,12.882677,-1.284378,True,False,VSC,0.463542
monza_oco_lap29_to_soft_new_tyre_only,OCO,29,SOFT,new,tyre_only,S-H-S,2,-18.668637,-26.925419,-11.231511,0.998000,-17.494242,-1.495714,True,False,GREEN,0.464416
monza_oco_lap29_to_medium_new_tyre_only,OCO,29,MEDIUM,new,tyre_only,S-H-M,2,-0.225612,-3.913404,3.335997,0.526000,1.045439,-1.262583,True,False,GREEN,0.463709
monza_oco_lap29_to_hard_new_tyre_only,OCO,29,HARD,new,tyre_only,S-H-H,2,12.000171,2.858920,19.391640,0.034000,12.928925,-1.284378,True,False,GREEN,0.473875
monza_oco_lap30_to_soft_new_tyre_only,OCO,30,SOFT,new,tyre_only,S-H-S,2,-17.468122,-25.265810,-10.025614,0.998000,-16.093690,-1.495714,True,False,GREEN,0.476666
monza_oco_lap30_to_medium_new_tyre_only,OCO,30,MEDIUM,new,tyre_only,S-H-M,2,0.417470,-3.349630,4.072698,0.438000,1.639580,-1.262583,True,False,GREEN,0.469416
monza_oco_lap30_to_hard_new_tyre_only,OCO,30,HARD,new,tyre_only,S-H-H,2,12.091042,2.939583,19.470302,0.034000,13.021421,-1.284378,True,False,GREEN,0.464625
monza_oco_lap31_to_soft_new_tyre_only,OCO,31,SOFT,new,tyre_only,S-H-S,2,-15.973043,-23.516273,-8.531443,0.998000,-14.645556,-1.495714,True,False,GREEN,0.461959
monza_oco_lap31_to_medium_new_tyre_only,OCO,31,MEDIUM,new,tyre_only,S-H-M,2,1.136529,-2.741706,4.923179,0.376000,2.281334,-1.262583,True,False,GREEN,0.465875
monza_oco_lap31_to_hard_new_tyre_only,OCO,31,HARD,new,tyre_only,S-H-H,2,12.227349,3.060577,19.619663,0.032000,13.160164,-1.284378,True,False,GREEN,0.462666
monza_oco_lap32_to_soft_new_tyre_only,OCO,32,SOFT,new,tyre_only,S-H-S,2,-14.562434,-21.719510,-7.124777,0.992000,-13.149838,-1.495714,True,False,GREEN,0.463542
monza_oco_lap32_to_medium_new_tyre_only,OCO,32,MEDIUM,new,tyre_only,S-H-M,2,1.788454,-2.249706,5.776818,0.302000,2.970702,-1.262583,True,False,GREEN,0.467125
monza_oco_lap32_to_hard_new_tyre_only,OCO,32,HARD,new,tyre_only,S-H-H,2,12.409092,3.221902,19.822201,0.032000,13.345154,-1.284378,True,False,GREEN,0.463083
monza_oco_lap33_to_soft_new_tyre_only,OCO,33,SOFT,new,tyre_only,S-H-S,2,-13.026332,-19.893362,-5.681228,0.984000,-11.606537,-1.495714,True,False,GREEN,0.461416
monza_oco_lap33_to_medium_new_tyre_only,OCO,33,MEDIUM,new,tyre_only,S-H-M,2,2.457952,-1.625934,6.631197,0.228000,3.707684,-1.262583,True,False,GREEN,0.463917
monza_oco_lap33_to_hard_new_tyre_only,OCO,33,HARD,new,tyre_only,S-H-H,2,12.636466,3.425817,20.076081,0.028000,13.576393,-1.284378,True,False,GREEN,0.460208
monza_oco_lap34_to_soft_new_tyre_only,OCO,34,SOFT,new,tyre_only,S-H-S,2,-11.485050,-18.108447,-4.171750,0.980000,-10.015653,-1.495714,True,False,GREEN,0.471583
monza_oco_lap34_to_medium_new_tyre_only,OCO,34,MEDIUM,new,tyre_only,S-H-M,2,3.272113,-1.097722,7.557186,0.162000,4.492280,-1.262583,True,False,GREEN,0.463000
monza_oco_lap34_to_hard_new_tyre_only,OCO,34,HARD,new,tyre_only,S-H-H,2,12.926562,3.672433,20.392450,0.024000,13.853879,-1.284378,True,False,GREEN,0.463417
monza_oco_lap35_to_soft_new_tyre_only,OCO,35,SOFT,new,tyre_only,S-H-S,2,-9.916892,-16.462245,-2.490329,0.954000,-8.377186,-1.495714,True,False,GREEN,0.468500
monza_oco_lap35_to_medium_new_tyre_only,OCO,35,MEDIUM,new,tyre_only,S-H-M,2,4.126040,-0.315557,8.577910,0.120000,5.324490,-1.262583,True,False,GREEN,0.465750
monza_oco_lap35_to_hard_new_tyre_only,OCO,35,HARD,new,tyre_only,S-H-H,2,13.228387,4.001288,20.757537,0.018000,14.177613,-1.284378,True,False,GREEN,0.459709
monza_oco_lap36_to_soft_new_tyre_only,OCO,36,SOFT,new,tyre_only,S-H-S,2,-8.234585,-14.836940,-0.990262,0.928000,-6.691135,-1.495714,True,False,GREEN,0.465167
monza_oco_lap36_to_medium_new_tyre_only,OCO,36,MEDIUM,new,tyre_only,S-H-M,2,5.026022,0.282900,9.717520,0.086000,6.204314,-1.262583,True,False,GREEN,0.466583
monza_oco_lap36_to_hard_new_tyre_only,OCO,36,HARD,new,tyre_only,S-H-H,2,13.587835,4.342649,21.131655,0.014000,14.547595,-1.284378,True,False,GREEN,0.472708
monza_oco_lap37_to_soft_new_tyre_only,OCO,37,SOFT,new,tyre_only,S-H-S,2,-6.438848,-13.014484,0.613690,0.878000,-4.957501,-1.495714,True,False,GREEN,0.483083
monza_oco_lap37_to_medium_new_tyre_only,OCO,37,MEDIUM,new,tyre_only,S-H-M,2,6.008286,0.987846,10.796122,0.070000,7.131752,-1.262583,True,False,GREEN,0.467209
monza_oco_lap37_to_hard_new_tyre_only,OCO,37,HARD,new,tyre_only,S-H-H,2,14.030769,4.712149,21.584756,0.014000,14.963824,-1.284378,True,False,GREEN,0.464916
monza_oco_lap38_to_soft_new_tyre_only,OCO,38,SOFT,new,tyre_only,S-H-M-S,3,5.234553,-2.610705,13.345229,0.178000,-15.054556,20.396019,True,False,GREEN,0.462167
monza_oco_lap38_to_medium_new_tyre_only,OCO,38,MEDIUM,new,tyre_only,S-H-M-M,3,16.831374,9.702221,23.792203,0.006000,-3.771468,20.629149,True,False,GREEN,0.464709
monza_oco_lap38_to_hard_new_tyre_only,OCO,38,HARD,new,tyre_only,S-H-M-H,3,24.058859,15.778576,32.648279,0.002000,3.548029,20.607355,True,False,GREEN,0.463125
monza_oco_lap39_to_soft_new_tyre_only,OCO,39,SOFT,new,tyre_only,S-H-M-S,3,6.009575,-1.713927,13.971604,0.138000,-14.297402,20.396019,True,False,GREEN,0.466541
monza_oco_lap39_to_medium_new_tyre_only,OCO,39,MEDIUM,new,tyre_only,S-H-M-M,3,16.778350,9.652830,23.742145,0.006000,-3.820449,20.629149,True,False,GREEN,0.474667
monza_oco_lap39_to_hard_new_tyre_only,OCO,39,HARD,new,tyre_only,S-H-M-H,3,23.428412,15.376075,31.734969,0.002000,2.985108,20.607355,True,False,GREEN,0.487625
monza_oco_lap40_to_soft_new_tyre_only,OCO,40,SOFT,new,tyre_only,S-H-M-S,3,6.861685,-0.774647,14.641329,0.122000,-13.491298,20.396019,True,False,GREEN,0.473875
monza_oco_lap40_to_medium_new_tyre_only,OCO,40,MEDIUM,new,tyre_only,S-H-M-M,3,16.778350,9.652830,23.742145,0.006000,-3.820449,20.629149,True,False,GREEN,0.466417
monza_oco_lap40_to_hard_new_tyre_only,OCO,40,HARD,new,tyre_only,S-H-M-H,3,22.888816,14.918543,31.011860,0.002000,2.469801,20.607355,True,False,GREEN,0.496541
monza_oco_lap41_to_soft_new_tyre_only,OCO,41,SOFT,new,tyre_only,S-H-M-S,3,7.775856,0.254345,15.531830,0.086000,-12.636245,20.396019,True,False,GREEN,0.480292
monza_oco_lap41_to_medium_new_tyre_only,OCO,41,MEDIUM,new,tyre_only,S-H-M-M,3,16.831374,9.702221,23.792203,0.006000,-3.771468,20.629149,True,False,GREEN,0.484083
monza_oco_lap41_to_hard_new_tyre_only,OCO,41,HARD,new,tyre_only,S-H-M-H,3,22.510166,14.522426,30.494178,0.004000,2.002108,20.607355,True,False,GREEN,0.479542
monza_oco_lap42_to_soft_new_tyre_only,OCO,42,SOFT,new,tyre_only,S-H-M-S,3,8.686897,1.308710,16.316437,0.072000,-11.732243,20.396019,True,False,GREEN,0.476083
monza_oco_lap42_to_medium_new_tyre_only,OCO,42,MEDIUM,new,tyre_only,S-H-M-M,3,16.935092,9.806212,23.892587,0.006000,-3.673508,20.629149,True,False,GREEN,0.470250
monza_oco_lap42_to_hard_new_tyre_only,OCO,42,HARD,new,tyre_only,S-H-M-H,3,22.165553,14.314395,30.188774,0.004000,1.582028,20.607355,True,False,GREEN,0.486334
monza_oco_lap43_to_soft_new_tyre_only,OCO,43,SOFT,new,tyre_only,S-H-M-S,3,9.849949,2.327681,17.153190,0.050000,-10.779291,20.396019,True,False,GREEN,0.471000
monza_oco_lap43_to_medium_new_tyre_only,OCO,43,MEDIUM,new,tyre_only,S-H-M-M,3,17.090364,9.963121,24.018926,0.006000,-3.526568,20.629149,True,False,GREEN,0.473083
monza_oco_lap43_to_hard_new_tyre_only,OCO,43,HARD,new,tyre_only,S-H-M-H,3,21.934875,14.049459,29.601994,0.004000,1.209563,20.607355,True,False,GREEN,0.503459
monza_oco_lap44_to_soft_new_tyre_only,OCO,44,SOFT,new,tyre_only,S-H-M-S,3,10.813774,3.436338,17.985545,0.042000,-9.777389,20.396019,True,False,GREEN,0.473333
monza_oco_lap44_to_medium_new_tyre_only,OCO,44,MEDIUM,new,tyre_only,S-H-M-M,3,17.289974,10.172334,24.220861,0.006000,-3.330647,20.629149,True,False,GREEN,0.466334
monza_oco_lap44_to_hard_new_tyre_only,OCO,44,HARD,new,tyre_only,S-H-M-H,3,21.625880,13.838825,29.275375,0.004000,0.884711,20.607355,True,False,GREEN,0.484541
monza_oco_lap45_to_soft_new_tyre_only,OCO,45,SOFT,new,tyre_only,S-H-M-S,3,11.826966,4.606840,18.899857,0.026000,-8.726538,20.396019,True,False,GREEN,0.528166
monza_oco_lap45_to_medium_new_tyre_only,OCO,45,MEDIUM,new,tyre_only,S-H-M-M,3,17.532491,10.433849,24.503542,0.004000,-3.085747,20.629149,True,False,GREEN,0.545459
monza_oco_lap45_to_hard_new_tyre_only,OCO,45,HARD,new,tyre_only,S-H-M-H,3,21.320547,13.592449,28.613929,0.004000,0.607474,20.607355,True,False,GREEN,0.460750
monza_oco_lap46_to_soft_new_tyre_only,OCO,46,SOFT,new,tyre_only,S-H-M-S,3,12.918540,5.802691,19.872892,0.016000,-7.626738,20.396019,True,False,GREEN,0.457833
monza_oco_lap46_to_medium_new_tyre_only,OCO,46,MEDIUM,new,tyre_only,S-H-M-M,3,17.832863,10.751070,24.834492,0.004000,-2.791866,20.629149,True,False,GREEN,0.457167
monza_oco_lap46_to_hard_new_tyre_only,OCO,46,HARD,new,tyre_only,S-H-M-H,3,20.986566,13.497277,28.294037,0.004000,0.377850,20.607355,True,False,GREEN,0.458959
monza_oco_lap47_to_soft_new_tyre_only,OCO,47,SOFT,new,tyre_only,S-H-M-S,3,14.075026,7.050922,20.868108,0.012000,-6.477989,20.396019,True,False,GREEN,0.459000
monza_oco_lap47_to_medium_new_tyre_only,OCO,47,MEDIUM,new,tyre_only,S-H-M-M,3,18.159293,11.124733,25.185284,0.004000,-2.449005,20.629149,True,False,GREEN,0.454292
monza_oco_lap47_to_hard_new_tyre_only,OCO,47,HARD,new,tyre_only,S-H-M-H,3,20.796090,13.535517,28.018965,0.002000,0.195840,20.607355,True,False,GREEN,0.461583
monza_oco_lap48_to_soft_new_tyre_only,OCO,48,SOFT,new,tyre_only,S-H-M-S,3,15.152010,8.255946,21.952711,0.006000,-5.280290,20.396019,True,False,GREEN,0.458541
monza_oco_lap48_to_medium_new_tyre_only,OCO,48,MEDIUM,new,tyre_only,S-H-M-M,3,18.531476,11.537743,25.577479,0.002000,-2.057165,20.629149,True,False,GREEN,0.455125
monza_oco_lap48_to_hard_new_tyre_only,OCO,48,HARD,new,tyre_only,S-H-M-H,3,20.673205,13.413250,27.856488,0.002000,0.061444,20.607355,True,False,GREEN,0.462709
monza_oco_lap49_to_soft_new_tyre_only,OCO,49,SOFT,new,tyre_only,S-H-M-S,3,16.403371,9.447475,23.239227,0.006000,-4.033641,20.396019,True,False,GREEN,0.456666
monza_oco_lap49_to_medium_new_tyre_only,OCO,49,MEDIUM,new,tyre_only,S-H-M-M,3,18.969825,12.013588,26.011417,0.002000,-1.616344,20.629149,True,False,GREEN,0.461542
monza_oco_lap49_to_hard_new_tyre_only,OCO,49,HARD,new,tyre_only,S-H-M-H,3,20.530253,13.208310,27.771918,0.002000,-0.025338,20.607355,True,False,GREEN,0.458125
monza_oco_lap50_to_soft_new_tyre_only,OCO,50,SOFT,new,tyre_only,S-H-M-S,3,17.843781,10.845192,24.753621,0.006000,-2.738044,20.657680,True,False,GREEN,0.458292
monza_oco_lap50_to_medium_new_tyre_only,OCO,50,MEDIUM,new,tyre_only,S-H-M-M,3,19.691100,12.726799,26.674348,0.002000,-1.126543,20.828024,True,False,GREEN,0.455667
monza_oco_lap50_to_hard_new_tyre_only,OCO,50,HARD,new,tyre_only,S-H-M-H,3,20.523132,13.401491,27.790470,0.002000,-0.064506,20.653143,True,False,GREEN,0.462625
monza_oco_lap51_to_soft_new_tyre_only,OCO,51,SOFT,new,tyre_only,S-H-M-S,3,19.251793,12.418308,26.365454,0.002000,-1.393497,20.774769,True,False,GREEN,0.456791
monza_oco_lap51_to_medium_new_tyre_only,OCO,51,MEDIUM,new,tyre_only,S-H-M-M,3,20.022712,13.293761,27.101814,0.002000,-0.587761,20.774769,True,False,GREEN,0.456708
monza_oco_lap51_to_hard_new_tyre_only,OCO,51,HARD,new,tyre_only,S-H-M-H,3,20.588755,13.711178,27.696287,0.002000,-0.056060,20.774769,True,False,GREEN,0.460000
monza_per_lap2_to_soft_new_tyre_only,PER,2,SOFT,new,tyre_only,S-S-M,2,-2.955500,-6.430433,0.585911,0.864000,0.000000,-2.940895,True,True,YELLOW,2.583750
monza_per_lap2_to_medium_new_tyre_only,PER,2,MEDIUM,new,tyre_only,S-M-M,2,23.280865,14.802466,31.640371,0.000000,26.404671,-2.940895,True,True,YELLOW,0.514042
monza_per_lap2_to_hard_new_tyre_only,PER,2,HARD,new,tyre_only,S-H-M,2,34.376393,26.135988,43.173332,0.000000,37.635081,-2.940895,True,True,YELLOW,0.501333
monza_per_lap3_to_soft_new_tyre_only,PER,3,SOFT,new,tyre_only,S-S-S-M,3,-2.957806,-6.417362,0.586973,0.864000,0.011163,-2.940895,True,True,RED,0.480916
monza_per_lap3_to_medium_new_tyre_only,PER,3,MEDIUM,new,tyre_only,S-S-M-M,3,21.810891,13.547610,30.056154,0.000000,24.870826,-2.940895,True,True,RED,0.499208
monza_per_lap3_to_hard_new_tyre_only,PER,3,HARD,new,tyre_only,S-S-H-M,3,32.437896,24.378512,41.230851,0.000000,35.729421,-2.940895,True,True,RED,0.481958
monza_per_lap4_to_soft_new_tyre_only,PER,4,SOFT,new,tyre_only,S-S-S-M,3,-3.156140,-6.798263,0.380276,0.880000,-0.234422,-2.940895,True,True,RED,0.484208
monza_per_lap4_to_medium_new_tyre_only,PER,4,MEDIUM,new,tyre_only,S-S-M-M,3,20.234112,12.389827,28.497227,0.000000,23.377716,-2.940895,True,True,RED,0.483958
monza_per_lap4_to_hard_new_tyre_only,PER,4,HARD,new,tyre_only,S-S-H-M,3,30.650378,22.679241,39.230859,0.000000,33.858046,-2.940895,True,True,RED,0.483500
monza_per_lap5_to_soft_new_tyre_only,PER,5,SOFT,new,tyre_only,S-S-S-M,3,-3.376519,-7.053809,0.250973,0.886000,-0.457681,-2.940895,True,True,RED,0.484042
monza_per_lap5_to_medium_new_tyre_only,PER,5,MEDIUM,new,tyre_only,S-S-M-M,3,18.784273,11.221679,26.923622,0.000000,21.925341,-2.940895,True,True,RED,0.481042
monza_per_lap5_to_hard_new_tyre_only,PER,5,HARD,new,tyre_only,S-S-H-M,3,28.874132,20.934520,37.279420,0.000000,32.020956,-2.940895,True,True,RED,0.478333
monza_per_lap6_to_soft_new_tyre_only,PER,6,SOFT,new,tyre_only,S-S-S-M,3,18.170856,10.602865,24.850848,0.006000,-0.658614,18.717708,True,False,YELLOW,0.484625
monza_per_lap6_to_medium_new_tyre_only,PER,6,MEDIUM,new,tyre_only,S-S-M-M,3,39.026219,29.976297,49.300888,0.000000,20.513702,18.950838,True,False,YELLOW,0.477916
monza_per_lap6_to_hard_new_tyre_only,PER,6,HARD,new,tyre_only,S-S-H-M,3,49.185799,39.446049,59.147277,0.000000,30.218151,18.929043,True,False,YELLOW,0.477125
monza_per_lap7_to_soft_new_tyre_only,PER,7,SOFT,new,tyre_only,S-S-S-M,3,17.964509,10.559690,24.678448,0.006000,-0.837221,18.717708,True,False,GREEN,0.476167
monza_per_lap7_to_medium_new_tyre_only,PER,7,MEDIUM,new,tyre_only,S-S-M-M,3,37.720929,28.790797,47.844739,0.000000,19.142797,18.950838,True,False,GREEN,0.473708
monza_per_lap7_to_hard_new_tyre_only,PER,7,HARD,new,tyre_only,S-S-H-M,3,47.409476,37.891504,57.281086,0.000000,28.449631,18.929043,True,False,GREEN,0.472791
monza_per_lap8_to_soft_new_tyre_only,PER,8,SOFT,new,tyre_only,S-S-S-M,3,17.845870,10.519483,24.586343,0.006000,-0.993503,18.717708,True,False,GREEN,0.481041
monza_per_lap8_to_medium_new_tyre_only,PER,8,MEDIUM,new,tyre_only,S-S-M-M,3,36.446880,27.806877,46.350678,0.000000,17.812628,18.950838,True,False,GREEN,0.472000
monza_per_lap8_to_hard_new_tyre_only,PER,8,HARD,new,tyre_only,S-S-H-M,3,45.608424,36.340419,55.332623,0.000000,26.715396,18.929043,True,False,GREEN,0.473208
monza_per_lap9_to_soft_new_tyre_only,PER,9,SOFT,new,tyre_only,S-S-S-M,3,17.651678,10.410664,24.582748,0.006000,-1.127458,18.717708,True,False,GREEN,0.473958
monza_per_lap9_to_medium_new_tyre_only,PER,9,MEDIUM,new,tyre_only,S-S-M-M,3,35.120983,26.578142,44.820165,0.000000,16.523193,18.950838,True,False,GREEN,0.470958
monza_per_lap9_to_hard_new_tyre_only,PER,9,HARD,new,tyre_only,S-S-H-M,3,43.752051,34.882277,53.529004,0.000000,25.015445,18.929043,True,False,GREEN,0.472542
monza_per_lap10_to_soft_new_tyre_only,PER,10,SOFT,new,tyre_only,S-S-S-M,3,17.440048,10.164096,24.560493,0.006000,-1.239088,18.717708,True,False,GREEN,0.474000
monza_per_lap10_to_medium_new_tyre_only,PER,10,MEDIUM,new,tyre_only,S-S-M-M,3,33.911637,25.578268,43.380422,0.000000,15.274494,18.950838,True,False,GREEN,0.472666
monza_per_lap10_to_hard_new_tyre_only,PER,10,HARD,new,tyre_only,S-S-H-M,3,42.030766,33.427770,51.548829,0.000000,23.349780,18.929043,True,False,GREEN,0.481959
monza_per_lap11_to_soft_new_tyre_only,PER,11,SOFT,new,tyre_only,S-S-S-M,3,17.329889,9.985513,24.655081,0.006000,-1.328391,18.717708,True,False,GREEN,0.475792
monza_per_lap11_to_medium_new_tyre_only,PER,11,MEDIUM,new,tyre_only,S-S-M-M,3,32.580426,24.602966,41.949104,0.000000,14.066530,18.950838,True,False,GREEN,0.473916
monza_per_lap11_to_hard_new_tyre_only,PER,11,HARD,new,tyre_only,S-S-H-M,3,40.322490,32.067408,49.771896,0.000000,21.718400,18.929043,True,False,GREEN,0.470916
monza_per_lap12_to_soft_new_tyre_only,PER,12,SOFT,new,tyre_only,S-S-S-M,3,17.282104,9.848679,24.657944,0.006000,-1.395369,18.717708,True,False,GREEN,0.472500
monza_per_lap12_to_medium_new_tyre_only,PER,12,MEDIUM,new,tyre_only,S-S-M-M,3,31.390679,23.459815,40.671521,0.000000,12.899301,18.950838,True,False,GREEN,0.474834
monza_per_lap12_to_hard_new_tyre_only,PER,12,HARD,new,tyre_only,S-S-H-M,3,38.761614,30.682350,47.935984,0.000000,20.121305,18.929043,True,False,GREEN,0.473541
monza_per_lap13_to_soft_new_tyre_only,PER,13,SOFT,new,tyre_only,S-S-S-M,3,17.253991,9.742584,24.605188,0.006000,-1.440021,18.717708,True,False,GREEN,0.476083
monza_per_lap13_to_medium_new_tyre_only,PER,13,MEDIUM,new,tyre_only,S-S-M-M,3,30.249190,22.552569,39.456051,0.000000,11.772807,18.950838,True,False,GREEN,0.468791
monza_per_lap13_to_hard_new_tyre_only,PER,13,HARD,new,tyre_only,S-S-H-M,3,37.064887,29.297764,46.268398,0.000000,18.558494,18.929043,True,False,GREEN,0.483459
monza_per_lap14_to_soft_new_tyre_only,PER,14,SOFT,new,tyre_only,S-S-S-M,3,17.220403,9.693629,24.605811,0.006000,-1.462347,18.717708,True,False,GREEN,0.473666
monza_per_lap14_to_medium_new_tyre_only,PER,14,MEDIUM,new,tyre_only,S-S-M-M,3,29.029338,21.614629,38.262549,0.000000,10.687048,18.950838,True,False,GREEN,0.488125
monza_per_lap14_to_hard_new_tyre_only,PER,14,HARD,new,tyre_only,S-S-H-M,3,35.539070,27.922563,44.606559,0.000000,17.029969,18.929043,True,False,GREEN,0.471000
monza_per_lap15_to_soft_new_tyre_only,PER,15,SOFT,new,tyre_only,S-S-S-M,3,17.220403,9.693629,24.605811,0.006000,-1.462347,18.717708,True,False,GREEN,0.473250
monza_per_lap15_to_medium_new_tyre_only,PER,15,MEDIUM,new,tyre_only,S-S-M-M,3,27.847298,20.796167,37.058653,0.000000,9.642024,18.950838,True,False,GREEN,0.501459
monza_per_lap15_to_hard_new_tyre_only,PER,15,HARD,new,tyre_only,S-S-H-M,3,34.085344,26.603483,42.800938,0.000000,15.535729,18.929043,True,False,GREEN,0.472500
monza_per_lap16_to_soft_new_tyre_only,PER,16,SOFT,new,tyre_only,S-S-S-M,3,17.253991,9.742584,24.605188,0.006000,-1.440021,18.717708,True,False,GREEN,0.471958
monza_per_lap16_to_medium_new_tyre_only,PER,16,MEDIUM,new,tyre_only,S-S-M-M,3,26.830514,19.883529,35.798681,0.000000,8.637735,18.950838,True,False,GREEN,0.469000
monza_per_lap16_to_hard_new_tyre_only,PER,16,HARD,new,tyre_only,S-S-H-M,3,32.656508,25.266083,41.119754,0.000000,14.075774,18.929043,True,False,GREEN,0.488291
monza_per_lap17_to_soft_new_tyre_only,PER,17,SOFT,new,tyre_only,S-S-S,2,-27.180713,-39.066346,-17.107732,1.000000,-24.730228,-3.174025,False,False,GREEN,0.520708
monza_per_lap17_to_medium_new_tyre_only,PER,17,MEDIUM,new,tyre_only,S-S-M,2,11.836942,6.976486,17.598511,0.002000,15.067214,-2.940895,True,False,GREEN,0.508667
monza_per_lap17_to_hard_new_tyre_only,PER,17,HARD,new,tyre_only,S-S-H,2,27.053786,15.642686,36.808822,0.000000,29.661021,-2.962689,True,False,GREEN,0.506291
monza_per_lap18_to_soft_new_tyre_only,PER,18,SOFT,new,tyre_only,S-S-S,2,-27.381906,-38.939006,-17.471848,1.000000,-24.942324,-3.174025,False,False,GREEN,0.502416
monza_per_lap18_to_medium_new_tyre_only,PER,18,MEDIUM,new,tyre_only,S-S-M,2,10.270954,5.601720,15.632756,0.006000,13.405092,-2.940895,True,False,GREEN,0.489875
monza_per_lap18_to_hard_new_tyre_only,PER,18,HARD,new,tyre_only,S-S-H,2,25.143374,13.929680,34.486784,0.000000,27.691585,-2.962689,True,False,GREEN,0.509750
monza_per_lap19_to_soft_new_tyre_only,PER,19,SOFT,new,tyre_only,S-S-S,2,-27.528225,-38.838595,-18.172672,1.000000,-25.132094,-3.174025,False,False,GREEN,0.490834
monza_per_lap19_to_medium_new_tyre_only,PER,19,MEDIUM,new,tyre_only,S-S-M,2,8.723323,4.269073,13.753561,0.014000,11.783706,-2.940895,True,False,GREEN,0.501042
monza_per_lap19_to_hard_new_tyre_only,PER,19,HARD,new,tyre_only,S-S-H,2,23.283374,12.395643,32.259147,0.000000,25.756434,-2.962689,True,False,GREEN,0.488250
monza_per_lap20_to_soft_new_tyre_only,PER,20,SOFT,new,tyre_only,S-S-S,2,-27.799029,-38.776223,-18.455854,1.000000,-25.299538,-3.174025,False,False,GREEN,0.495708
monza_per_lap20_to_medium_new_tyre_only,PER,20,MEDIUM,new,tyre_only,S-S-M,2,7.057470,2.932448,11.868853,0.024000,10.203054,-2.940895,True,False,GREEN,0.507042
monza_per_lap20_to_hard_new_tyre_only,PER,20,HARD,new,tyre_only,S-S-H,2,21.404181,10.793046,30.085301,0.004000,23.855568,-2.962689,True,False,GREEN,0.507708
monza_per_lap21_to_soft_new_tyre_only,PER,21,SOFT,new,tyre_only,S-S-S,2,-27.973936,-38.612946,-18.755501,1.000000,-25.444657,-3.174025,False,False,GREEN,0.500000
monza_per_lap21_to_medium_new_tyre_only,PER,21,MEDIUM,new,tyre_only,S-S-M,2,5.484009,1.468842,10.012306,0.044000,8.663137,-2.940895,True,False,GREEN,0.499209
monza_per_lap21_to_hard_new_tyre_only,PER,21,HARD,new,tyre_only,S-S-H,2,19.480322,9.071944,27.736690,0.004000,21.988987,-2.962689,True,False,GREEN,0.507166
monza_per_lap22_to_soft_new_tyre_only,PER,22,SOFT,new,tyre_only,S-S-S,2,-28.090492,-38.513791,-19.006785,1.000000,-25.567449,-3.174025,False,False,GREEN,0.509834
monza_per_lap22_to_medium_new_tyre_only,PER,22,MEDIUM,new,tyre_only,S-S-M,2,3.962909,0.202206,8.386476,0.086000,7.163956,-2.940895,True,False,GREEN,0.485084
monza_per_lap22_to_hard_new_tyre_only,PER,22,HARD,new,tyre_only,S-S-H,2,17.633007,7.457567,25.575338,0.004000,20.156691,-2.962689,True,False,GREEN,0.497292
monza_per_lap23_to_soft_new_tyre_only,PER,23,SOFT,new,tyre_only,S-S-S,2,-28.232257,-38.559669,-19.179308,1.000000,-25.667916,-3.174025,False,False,GREEN,0.484750
monza_per_lap23_to_medium_new_tyre_only,PER,23,MEDIUM,new,tyre_only,S-S-M,2,2.572031,-0.934851,6.601472,0.164000,5.705509,-2.940895,True,False,GREEN,0.476833
monza_per_lap23_to_hard_new_tyre_only,PER,23,HARD,new,tyre_only,S-S-H,2,15.849862,5.844998,23.650110,0.006000,18.358679,-2.962689,True,False,GREEN,0.479834
monza_per_lap24_to_soft_new_tyre_only,PER,24,SOFT,new,tyre_only,S-S-S,2,-28.321732,-38.494382,-19.413217,1.000000,-25.746056,-3.174025,False,False,GREEN,0.477417
monza_per_lap24_to_medium_new_tyre_only,PER,24,MEDIUM,new,tyre_only,S-S-M,2,1.312386,-2.272036,5.139283,0.340000,4.287798,-2.940895,True,False,GREEN,0.479250
monza_per_lap24_to_hard_new_tyre_only,PER,24,HARD,new,tyre_only,S-S-H,2,13.950841,4.138759,21.616779,0.018000,16.594953,-2.962689,True,False,GREEN,0.481500
monza_per_lap25_to_soft_new_tyre_only,PER,25,SOFT,new,tyre_only,S-S-S,2,-28.388423,-38.488317,-19.590069,1.000000,-25.801871,-3.174025,False,False,GREEN,0.485625
monza_per_lap25_to_medium_new_tyre_only,PER,25,MEDIUM,new,tyre_only,S-S-M,2,-0.004075,-3.502255,3.398977,0.500000,2.910821,-2.940895,True,False,GREEN,0.487291
monza_per_lap25_to_hard_new_tyre_only,PER,25,HARD,new,tyre_only,S-S-H,2,12.193215,2.718380,19.945040,0.042000,14.865512,-2.962689,True,False,GREEN,0.490333
monza_per_lap26_to_soft_new_tyre_only,PER,26,SOFT,new,tyre_only,S-S-S,2,-28.415811,-38.473822,-19.701831,1.000000,-25.835360,-3.174025,False,False,GREEN,0.496000
monza_per_lap26_to_medium_new_tyre_only,PER,26,MEDIUM,new,tyre_only,S-S-M,2,-1.417025,-4.905397,2.079210,0.674000,1.574580,-2.940895,True,False,GREEN,0.478250
monza_per_lap26_to_hard_new_tyre_only,PER,26,HARD,new,tyre_only,S-S-H,2,10.613716,1.198791,18.073522,0.068000,13.170356,-2.962689,True,False,GREEN,0.512167
monza_per_lap27_to_soft_new_tyre_only,PER,27,SOFT,new,tyre_only,S-S-S,2,-28.876552,-38.393468,-20.639209,1.000000,-26.125597,-3.174025,True,False,VSC,0.477125
monza_per_lap27_to_medium_new_tyre_only,PER,27,MEDIUM,new,tyre_only,S-S-M,2,-2.955500,-6.430433,0.585911,0.864000,0.000000,-2.940895,True,False,VSC,0.447417
monza_per_lap27_to_hard_new_tyre_only,PER,27,HARD,new,tyre_only,S-S-H,2,8.633216,-0.483830,16.029645,0.106000,11.230411,-2.962689,True,False,VSC,0.467583
monza_per_lap28_to_soft_new_tyre_only,PER,28,SOFT,new,tyre_only,S-S-S,2,-28.415811,-38.473822,-19.701831,1.000000,-25.835360,-3.174025,False,False,VSC,0.483584
monza_per_lap28_to_medium_new_tyre_only,PER,28,MEDIUM,new,tyre_only,S-S-M,2,-3.972273,-7.628063,-0.116408,0.904000,-0.975697,-2.940895,False,False,VSC,0.482792
monza_per_lap28_to_hard_new_tyre_only,PER,28,HARD,new,tyre_only,S-S-H,2,7.268061,-1.770760,14.327949,0.150000,9.882898,-2.962689,False,False,VSC,0.479291
monza_per_lap29_to_soft_new_tyre_only,PER,29,SOFT,new,tyre_only,S-S-S,2,-28.388423,-38.488317,-19.590069,1.000000,-25.801871,-3.174025,False,False,GREEN,0.478250
monza_per_lap29_to_medium_new_tyre_only,PER,29,MEDIUM,new,tyre_only,S-S-M,2,-5.109184,-8.929726,-0.916875,0.944000,-2.189733,-2.940895,False,False,GREEN,0.494250
monza_per_lap29_to_hard_new_tyre_only,PER,29,HARD,new,tyre_only,S-S-H,2,5.548486,-3.440076,12.817504,0.212000,8.290597,-2.962689,False,False,GREEN,0.480417
monza_per_lap30_to_soft_new_tyre_only,PER,30,SOFT,new,tyre_only,S-S-S,2,-28.321732,-38.494382,-19.413217,1.000000,-25.746056,-3.174025,False,False,GREEN,0.475875
monza_per_lap30_to_medium_new_tyre_only,PER,30,MEDIUM,new,tyre_only,S-S-M,2,-6.165710,-10.486763,-2.023998,0.976000,-3.363034,-2.940895,False,False,GREEN,0.481292
monza_per_lap30_to_hard_new_tyre_only,PER,30,HARD,new,tyre_only,S-S-H,2,3.861978,-4.810078,11.329419,0.274000,6.732581,-2.962689,False,False,GREEN,0.478333
monza_per_lap31_to_soft_new_tyre_only,PER,31,SOFT,new,tyre_only,S-S-S,2,-28.232257,-38.559669,-19.179308,1.000000,-25.667916,-3.174025,False,False,GREEN,0.479875
monza_per_lap31_to_medium_new_tyre_only,PER,31,MEDIUM,new,tyre_only,S-S-M,2,-7.365853,-12.009038,-2.705592,0.980000,-4.495600,-2.940895,False,False,GREEN,0.479583
monza_per_lap31_to_hard_new_tyre_only,PER,31,HARD,new,tyre_only,S-S-H,2,2.288294,-6.164226,9.979533,0.372000,5.208849,-2.962689,False,False,GREEN,0.479375
monza_per_lap32_to_soft_new_tyre_only,PER,32,SOFT,new,tyre_only,S-S-S,2,-28.090492,-38.513791,-19.006785,1.000000,-25.567449,-3.174025,False,False,GREEN,0.478250
monza_per_lap32_to_medium_new_tyre_only,PER,32,MEDIUM,new,tyre_only,S-S-M,2,-8.412549,-13.569190,-3.650912,0.980000,-5.587431,-2.940895,False,False,GREEN,0.481125
monza_per_lap32_to_hard_new_tyre_only,PER,32,HARD,new,tyre_only,S-S-H,2,0.874833,-7.870785,8.937000,0.446000,3.719403,-2.962689,False,False,GREEN,0.481459
monza_per_lap33_to_soft_new_tyre_only,PER,33,SOFT,new,tyre_only,S-S-S,2,-27.973936,-38.612946,-18.755501,1.000000,-25.444657,-3.174025,False,False,GREEN,0.475167
monza_per_lap33_to_medium_new_tyre_only,PER,33,MEDIUM,new,tyre_only,S-S-M,2,-9.503678,-15.179417,-4.304171,0.982000,-6.638527,-2.940895,False,False,GREEN,0.481542
monza_per_lap33_to_hard_new_tyre_only,PER,33,HARD,new,tyre_only,S-S-H,2,-0.525146,-9.009575,7.702656,0.530000,2.264241,-2.962689,False,False,GREEN,0.478250
monza_per_lap34_to_soft_new_tyre_only,PER,34,SOFT,new,tyre_only,S-S-S,2,-27.799029,-38.776223,-18.455854,1.000000,-25.299538,-3.174025,False,False,GREEN,0.479625
monza_per_lap34_to_medium_new_tyre_only,PER,34,MEDIUM,new,tyre_only,S-S-M,2,-10.393477,-16.692062,-4.749095,0.982000,-7.648887,-2.940895,False,False,GREEN,0.484000
monza_per_lap34_to_hard_new_tyre_only,PER,34,HARD,new,tyre_only,S-S-H,2,-2.072906,-10.900422,6.437649,0.606000,0.843365,-2.962689,False,False,GREEN,0.480709
monza_per_lap35_to_soft_new_tyre_only,PER,35,SOFT,new,tyre_only,S-S-S,2,-27.528225,-38.838595,-18.172672,1.000000,-25.132094,-3.174025,False,False,GREEN,0.476917
monza_per_lap35_to_medium_new_tyre_only,PER,35,MEDIUM,new,tyre_only,S-S-M,2,-11.302038,-18.583960,-5.276504,0.980000,-8.618513,-2.940895,False,False,GREEN,0.480125
monza_per_lap35_to_hard_new_tyre_only,PER,35,HARD,new,tyre_only,S-S-H,2,-3.420126,-12.260447,5.389714,0.680000,-0.543226,-2.962689,False,False,GREEN,0.477375
monza_per_lap36_to_soft_new_tyre_only,PER,36,SOFT,new,tyre_only,S-S-S,2,-27.381906,-38.939006,-17.471848,1.000000,-24.942324,-3.174025,False,False,GREEN,0.477958
monza_per_lap36_to_medium_new_tyre_only,PER,36,MEDIUM,new,tyre_only,S-S-M,2,-11.957104,-19.897335,-5.458845,0.984000,-9.547403,-2.940895,False,False,GREEN,0.500750
monza_per_lap36_to_hard_new_tyre_only,PER,36,HARD,new,tyre_only,S-S-H,2,-4.714414,-13.980334,4.184765,0.742000,-1.895533,-2.962689,False,False,GREEN,0.477708
monza_per_lap37_to_soft_new_tyre_only,PER,37,SOFT,new,tyre_only,S-S-S,2,-27.180713,-39.066346,-17.107732,1.000000,-24.730228,-3.174025,False,False,GREEN,0.480541
monza_per_lap37_to_medium_new_tyre_only,PER,37,MEDIUM,new,tyre_only,S-S-M,2,-12.839032,-21.448821,-5.923730,0.984000,-10.435558,-2.940895,False,False,GREEN,0.479750
monza_per_lap37_to_hard_new_tyre_only,PER,37,HARD,new,tyre_only,S-S-H,2,-5.686978,-15.734712,2.987519,0.790000,-3.213554,-2.962689,False,False,GREEN,0.479541
monza_per_lap38_to_soft_new_tyre_only,PER,38,SOFT,new,tyre_only,S-S-M-S,3,0.907189,-7.060656,8.996172,0.450000,-17.766936,18.717708,True,False,GREEN,0.466625
monza_per_lap38_to_medium_new_tyre_only,PER,38,MEDIUM,new,tyre_only,S-S-M-M,3,14.375724,7.246475,21.334878,0.006000,-4.554108,18.950838,True,False,GREEN,0.462375
monza_per_lap38_to_hard_new_tyre_only,PER,38,HARD,new,tyre_only,S-S-M-H,3,21.055207,12.802546,29.645418,0.004000,2.231580,18.929043,True,False,GREEN,0.463500
monza_per_lap39_to_soft_new_tyre_only,PER,39,SOFT,new,tyre_only,S-S-M-S,3,1.893531,-5.755758,9.842646,0.390000,-16.762647,18.717708,True,False,GREEN,0.466084
monza_per_lap39_to_medium_new_tyre_only,PER,39,MEDIUM,new,tyre_only,S-S-M-M,3,14.314409,7.184084,21.273711,0.006000,-4.613253,18.950838,True,False,GREEN,0.460875
monza_per_lap39_to_hard_new_tyre_only,PER,39,HARD,new,tyre_only,S-S-M-H,3,20.493803,12.430105,28.798353,0.006000,1.729669,18.929043,True,False,GREEN,0.460167
monza_per_lap40_to_soft_new_tyre_only,PER,40,SOFT,new,tyre_only,S-S-M-S,3,2.942204,-4.613416,10.772318,0.312000,-15.717623,18.717708,True,False,GREEN,0.462833
monza_per_lap40_to_medium_new_tyre_only,PER,40,MEDIUM,new,tyre_only,S-S-M-M,3,14.314409,7.184084,21.273711,0.006000,-4.613253,18.950838,True,False,GREEN,0.470542
monza_per_lap40_to_hard_new_tyre_only,PER,40,HARD,new,tyre_only,S-S-M-H,3,20.016747,12.042617,28.146653,0.006000,1.280453,18.929043,True,False,GREEN,0.458625
monza_per_lap41_to_soft_new_tyre_only,PER,41,SOFT,new,tyre_only,S-S-M-S,3,4.111363,-3.403016,11.811651,0.238000,-14.631864,18.717708,True,False,GREEN,0.459333
monza_per_lap41_to_medium_new_tyre_only,PER,41,MEDIUM,new,tyre_only,S-S-M-M,3,14.375724,7.246475,21.334878,0.006000,-4.554108,18.950838,True,False,GREEN,0.459084
monza_per_lap41_to_hard_new_tyre_only,PER,41,HARD,new,tyre_only,S-S-M-H,3,19.700565,11.738979,27.712037,0.006000,0.883930,18.929043,True,False,GREEN,0.463333
monza_per_lap42_to_soft_new_tyre_only,PER,42,SOFT,new,tyre_only,S-S-M-S,3,5.304087,-2.196798,12.848820,0.180000,-13.505370,18.717708,True,False,GREEN,0.459917
monza_per_lap42_to_medium_new_tyre_only,PER,42,MEDIUM,new,tyre_only,S-S-M-M,3,14.498677,7.371259,21.440248,0.006000,-4.435820,18.950838,True,False,GREEN,0.464000
monza_per_lap42_to_hard_new_tyre_only,PER,42,HARD,new,tyre_only,S-S-M-H,3,19.443431,11.615417,27.446325,0.006000,0.540102,18.929043,True,False,GREEN,0.474416
monza_per_lap43_to_soft_new_tyre_only,PER,43,SOFT,new,tyre_only,S-S-M-S,3,6.534605,-0.902983,13.970682,0.132000,-12.338141,18.717708,True,False,GREEN,0.470958
monza_per_lap43_to_medium_new_tyre_only,PER,43,MEDIUM,new,tyre_only,S-S-M-M,3,14.682906,7.558433,21.610077,0.006000,-4.258387,18.950838,True,False,GREEN,0.462708
monza_per_lap43_to_hard_new_tyre_only,PER,43,HARD,new,tyre_only,S-S-M-H,3,19.298461,11.393378,26.944188,0.006000,0.248968,18.929043,True,False,GREEN,0.482291
monza_per_lap44_to_soft_new_tyre_only,PER,44,SOFT,new,tyre_only,S-S-M-S,3,7.725708,0.418080,14.991620,0.088000,-11.130177,18.717708,True,False,GREEN,0.473084
monza_per_lap44_to_medium_new_tyre_only,PER,44,MEDIUM,new,tyre_only,S-S-M-M,3,14.917378,7.808000,21.860832,0.006000,-4.021810,18.950838,True,False,GREEN,0.476958
monza_per_lap44_to_hard_new_tyre_only,PER,44,HARD,new,tyre_only,S-S-M-H,3,19.072604,11.298401,26.722584,0.006000,0.010528,18.929043,True,False,GREEN,0.463500
monza_per_lap45_to_soft_new_tyre_only,PER,45,SOFT,new,tyre_only,S-S-M-S,3,8.986443,1.800209,16.059964,0.062000,-9.881477,18.717708,True,False,GREEN,0.463750
monza_per_lap45_to_medium_new_tyre_only,PER,45,MEDIUM,new,tyre_only,S-S-M-M,3,15.214144,8.119958,22.196649,0.006000,-3.726089,18.950838,True,False,GREEN,0.461750
monza_per_lap45_to_hard_new_tyre_only,PER,45,HARD,new,tyre_only,S-S-M-H,3,18.862663,11.121204,26.157193,0.006000,-0.175217,18.929043,True,False,GREEN,0.460083
monza_per_lap46_to_soft_new_tyre_only,PER,46,SOFT,new,tyre_only,S-S-M-S,3,10.238749,3.166012,17.270981,0.042000,-8.592043,18.717708,True,False,GREEN,0.461333
monza_per_lap46_to_medium_new_tyre_only,PER,46,MEDIUM,new,tyre_only,S-S-M-M,3,15.574503,8.499107,22.580505,0.006000,-3.371223,18.950838,True,False,GREEN,0.460417
monza_per_lap46_to_hard_new_tyre_only,PER,46,HARD,new,tyre_only,S-S-M-H,3,18.626242,11.128554,25.940945,0.006000,-0.308269,18.929043,True,False,GREEN,0.474292
monza_per_lap47_to_soft_new_tyre_only,PER,47,SOFT,new,tyre_only,S-S-M-S,3,11.611615,4.579259,18.395461,0.028000,-7.261874,18.717708,True,False,GREEN,0.464542
monza_per_lap47_to_medium_new_tyre_only,PER,47,MEDIUM,new,tyre_only,S-S-M-M,3,15.971294,8.940810,22.998815,0.006000,-2.957213,18.950838,True,False,GREEN,0.460750
monza_per_lap47_to_hard_new_tyre_only,PER,47,HARD,new,tyre_only,S-S-M-H,3,18.535028,11.280093,25.758698,0.006000,-0.388626,18.929043,True,False,GREEN,0.463167
monza_per_lap48_to_soft_new_tyre_only,PER,48,SOFT,new,tyre_only,S-S-M-S,3,12.850075,5.963917,19.667731,0.014000,-5.890969,18.717708,True,False,GREEN,0.504500
monza_per_lap48_to_medium_new_tyre_only,PER,48,MEDIUM,new,tyre_only,S-S-M-M,3,16.419734,9.437874,23.472316,0.006000,-2.484059,18.950838,True,False,GREEN,0.557750
monza_per_lap48_to_hard_new_tyre_only,PER,48,HARD,new,tyre_only,S-S-M-H,3,18.518768,11.266413,25.706910,0.006000,-0.416289,18.929043,True,False,GREEN,0.467542
monza_per_lap49_to_soft_new_tyre_only,PER,49,SOFT,new,tyre_only,S-S-M-S,3,14.270307,7.328012,21.134278,0.008000,-4.479329,18.717708,True,False,GREEN,0.427417
monza_per_lap49_to_medium_new_tyre_only,PER,49,MEDIUM,new,tyre_only,S-S-M-M,3,16.955119,9.993534,23.993221,0.006000,-1.951761,18.950838,True,False,GREEN,0.440209
monza_per_lap49_to_hard_new_tyre_only,PER,49,HARD,new,tyre_only,S-S-M-H,3,18.489681,11.156358,25.735291,0.004000,-0.391258,18.929043,True,False,GREEN,0.455417
monza_per_lap50_to_soft_new_tyre_only,PER,50,SOFT,new,tyre_only,S-S-M-S,3,15.879337,8.883412,22.786197,0.006000,-3.026955,18.979369,True,False,GREEN,0.453833
monza_per_lap50_to_medium_new_tyre_only,PER,50,MEDIUM,new,tyre_only,S-S-M-M,3,17.780452,10.811107,24.763171,0.004000,-1.360318,19.149712,True,False,GREEN,0.455708
monza_per_lap50_to_hard_new_tyre_only,PER,50,HARD,new,tyre_only,S-S-M-H,3,18.597022,11.476157,25.863948,0.006000,-0.313533,18.974832,True,False,GREEN,0.456125
monza_per_lap51_to_soft_new_tyre_only,PER,51,SOFT,new,tyre_only,S-S-M-S,3,17.439146,10.597849,24.548833,0.004000,-1.533845,19.096458,True,False,GREEN,0.451250
monza_per_lap51_to_medium_new_tyre_only,PER,51,MEDIUM,new,tyre_only,S-S-M-M,3,18.219920,11.494073,25.300354,0.004000,-0.709731,19.096458,True,False,GREEN,0.457500
monza_per_lap51_to_hard_new_tyre_only,PER,51,HARD,new,tyre_only,S-S-M-H,3,18.783278,11.904149,25.891599,0.004000,-0.183114,19.096458,True,False,GREEN,0.452459
monza_pia_lap2_to_soft_new_tyre_only,PIA,2,SOFT,new,tyre_only,M-S-H,2,-0.864847,-1.055430,-0.671394,1.000000,-0.863490,0.000000,True,True,GREEN,2.661084
monza_pia_lap2_to_medium_new_tyre_only,PIA,2,MEDIUM,new,tyre_only,M-M-H,2,-0.055031,-0.063108,-0.047074,1.000000,-0.054823,0.000000,True,True,GREEN,0.484833
monza_pia_lap2_to_hard_new_tyre_only,PIA,2,HARD,new,tyre_only,M-H-H,2,0.483350,0.188164,0.756517,0.010000,0.473086,0.000000,True,True,GREEN,0.477959
monza_pia_lap3_to_soft_new_tyre_only,PIA,3,SOFT,new,tyre_only,M-S,1,-63.286159,-92.175475,-39.388807,1.000000,-64.137433,0.000000,False,True,RED,0.497666
monza_pia_lap3_to_medium_new_tyre_only,PIA,3,MEDIUM,new,tyre_only,M-M,1,-20.380078,-36.139848,-3.733883,0.936000,-20.075816,0.000000,True,True,RED,0.482292
monza_pia_lap3_to_hard_new_tyre_only,PIA,3,HARD,new,tyre_only,M-H,1,0.000000,0.000000,0.000000,0.000000,0.000000,0.000000,True,True,RED,0.447334
monza_pia_lap4_to_soft_new_tyre_only,PIA,4,SOFT,new,tyre_only,M-H-S,2,-63.081660,-90.979014,-40.030388,1.000000,-63.998898,0.000000,False,True,RED,0.483042
monza_pia_lap4_to_medium_new_tyre_only,PIA,4,MEDIUM,new,tyre_only,M-H-M,2,-21.201579,-36.686197,-4.995859,0.950000,-20.891079,0.000000,True,True,RED,0.481917
monza_pia_lap4_to_hard_new_tyre_only,PIA,4,HARD,new,tyre_only,M-H-H,2,-1.097408,-1.298717,-0.888377,1.000000,-1.090387,0.000000,True,True,RED,0.487500
monza_pia_lap5_to_soft_new_tyre_only,PIA,5,SOFT,new,tyre_only,M-H-S,2,-63.119808,-89.758907,-40.653167,1.000000,-63.813660,0.000000,False,True,RED,0.491667
monza_pia_lap5_to_medium_new_tyre_only,PIA,5,MEDIUM,new,tyre_only,M-H-M,2,-21.925808,-37.085841,-5.930822,0.964000,-21.656677,0.000000,True,True,RED,0.561084
monza_pia_lap5_to_hard_new_tyre_only,PIA,5,HARD,new,tyre_only,M-H-H,2,-2.150023,-2.544426,-1.740494,1.000000,-2.136268,0.000000,True,True,RED,0.521625
monza_pia_lap6_to_soft_new_tyre_only,PIA,6,SOFT,new,tyre_only,M-H-S,2,-40.149043,-67.312554,-19.514208,0.990000,-63.581719,21.658602,False,False,MISSING,0.483583
monza_pia_lap6_to_medium_new_tyre_only,PIA,6,MEDIUM,new,tyre_only,M-H-M,2,-0.317807,-16.137160,14.985408,0.512000,-22.372611,21.891733,True,False,MISSING,0.474167
monza_pia_lap6_to_hard_new_tyre_only,PIA,6,HARD,new,tyre_only,M-H-H,2,18.660973,15.072024,22.329527,0.000000,-3.137643,21.869938,True,False,MISSING,0.477625
monza_pia_lap7_to_soft_new_tyre_only,PIA,7,SOFT,new,tyre_only,M-H-S,2,-40.207820,-66.237619,-19.996360,0.994000,-63.303076,21.658602,False,False,GREEN,0.476583
monza_pia_lap7_to_medium_new_tyre_only,PIA,7,MEDIUM,new,tyre_only,M-H-M,2,-1.029025,-16.463953,13.887050,0.538000,-23.038881,21.891733,True,False,GREEN,0.488208
monza_pia_lap7_to_hard_new_tyre_only,PIA,7,HARD,new,tyre_only,M-H-H,2,17.735004,14.021535,21.422047,0.000000,-4.094513,21.869938,True,False,GREEN,0.472750
monza_pia_lap8_to_soft_new_tyre_only,PIA,8,SOFT,new,tyre_only,M-H-S,2,-39.998115,-65.186266,-20.416856,0.994000,-62.977730,21.658602,False,False,GREEN,0.472375
monza_pia_lap8_to_medium_new_tyre_only,PIA,8,MEDIUM,new,tyre_only,M-H-M,2,-1.567961,-16.740300,12.834307,0.568000,-23.655486,21.891733,True,False,GREEN,0.472834
monza_pia_lap8_to_hard_new_tyre_only,PIA,8,HARD,new,tyre_only,M-H-H,2,16.865802,13.049983,20.494747,0.000000,-5.006877,21.869938,True,False,GREEN,0.471792
monza_pia_lap9_to_soft_new_tyre_only,PIA,9,SOFT,new,tyre_only,M-H-S,2,-39.725411,-64.140230,-20.752350,0.998000,-62.605682,21.658602,False,False,GREEN,0.467750
monza_pia_lap9_to_medium_new_tyre_only,PIA,9,MEDIUM,new,tyre_only,M-H-M,2,-2.134100,-16.957929,11.833854,0.596000,-24.222427,21.891733,True,False,GREEN,0.470125
monza_pia_lap9_to_hard_new_tyre_only,PIA,9,HARD,new,tyre_only,M-H-H,2,15.986186,12.154641,19.738870,0.000000,-5.874736,21.869938,True,False,GREEN,0.472625
monza_pia_lap10_to_soft_new_tyre_only,PIA,10,SOFT,new,tyre_only,M-H-S,2,-39.138939,-62.586780,-21.065139,0.998000,-62.186931,21.658602,False,False,GREEN,0.468666
monza_pia_lap10_to_medium_new_tyre_only,PIA,10,MEDIUM,new,tyre_only,M-H-M,2,-2.730392,-17.008376,10.952831,0.618000,-24.739703,21.891733,True,False,GREEN,0.468334
monza_pia_lap10_to_hard_new_tyre_only,PIA,10,HARD,new,tyre_only,M-H-H,2,15.161280,11.284798,18.971681,0.000000,-6.698089,21.869938,True,False,GREEN,0.950500
monza_pia_lap11_to_soft_new_tyre_only,PIA,11,SOFT,new,tyre_only,M-H-S,2,-38.839321,-61.044391,-21.269972,0.998000,-61.721478,21.658602,False,False,GREEN,0.573042
monza_pia_lap11_to_medium_new_tyre_only,PIA,11,MEDIUM,new,tyre_only,M-H-M,2,-3.201925,-17.087520,10.178884,0.634000,-25.207315,21.891733,True,False,GREEN,0.491500
monza_pia_lap11_to_hard_new_tyre_only,PIA,11,HARD,new,tyre_only,M-H-H,2,14.401316,10.448358,18.264938,0.000000,-7.476937,21.869938,True,False,GREEN,0.477250
monza_pia_lap12_to_soft_new_tyre_only,PIA,12,SOFT,new,tyre_only,M-H-S,2,-38.760107,-59.902923,-21.450755,0.998000,-61.209322,21.658602,False,False,GREEN,0.463125
monza_pia_lap12_to_medium_new_tyre_only,PIA,12,MEDIUM,new,tyre_only,M-H-M,2,-3.532222,-17.183191,9.581241,0.650000,-25.625262,21.891733,True,False,GREEN,0.456709
monza_pia_lap12_to_hard_new_tyre_only,PIA,12,HARD,new,tyre_only,M-H-H,2,13.721578,9.632666,17.627430,0.000000,-8.211279,21.869938,True,False,GREEN,0.481042
monza_pia_lap13_to_soft_new_tyre_only,PIA,13,SOFT,new,tyre_only,M-H-S,2,-38.407972,-58.705609,-21.552692,0.998000,-60.650463,21.658602,False,False,GREEN,0.473083
monza_pia_lap13_to_medium_new_tyre_only,PIA,13,MEDIUM,new,tyre_only,M-H-M,2,-3.800341,-17.341914,9.009453,0.662000,-25.993545,21.891733,True,False,GREEN,0.456042
monza_pia_lap13_to_hard_new_tyre_only,PIA,13,HARD,new,tyre_only,M-H-H,2,13.025498,8.861970,16.918818,0.000000,-8.901116,21.869938,True,False,GREEN,0.454166
monza_pia_lap14_to_soft_new_tyre_only,PIA,14,SOFT,new,tyre_only,M-H-S,2,-37.719158,-57.463976,-21.632912,0.998000,-60.044902,21.658602,False,False,GREEN,0.450875
monza_pia_lap14_to_medium_new_tyre_only,PIA,14,MEDIUM,new,tyre_only,M-H-M,2,-4.226076,-17.329537,8.313448,0.678000,-26.312163,21.891733,True,False,GREEN,0.442000
monza_pia_lap14_to_hard_new_tyre_only,PIA,14,HARD,new,tyre_only,M-H-H,2,12.389100,8.203852,16.273715,0.000000,-9.546446,21.869938,True,False,GREEN,0.454583
monza_pia_lap15_to_soft_new_tyre_only,PIA,15,SOFT,new,tyre_only,M-H-S,2,-37.261161,-56.174256,-21.672310,0.998000,-59.392638,21.658602,False,False,GREEN,0.471709
monza_pia_lap15_to_medium_new_tyre_only,PIA,15,MEDIUM,new,tyre_only,M-H-M,2,-4.593504,-17.261485,7.653649,0.686000,-26.581117,21.891733,True,False,GREEN,0.471833
monza_pia_lap15_to_hard_new_tyre_only,PIA,15,HARD,new,tyre_only,M-H-H,2,11.783650,7.588529,15.719055,0.002000,-10.147272,21.869938,True,False,GREEN,0.473625
monza_pia_lap16_to_soft_new_tyre_only,PIA,16,SOFT,new,tyre_only,M-H-S,2,-36.456926,-54.820041,-21.464104,0.998000,-58.693672,21.658602,False,False,GREEN,0.467417
monza_pia_lap16_to_medium_new_tyre_only,PIA,16,MEDIUM,new,tyre_only,M-H-M,2,-4.881876,-17.145258,7.224409,0.688000,-26.800406,21.891733,True,False,GREEN,0.481000
monza_pia_lap16_to_hard_new_tyre_only,PIA,16,HARD,new,tyre_only,M-H-H,2,11.193585,6.975493,15.195419,0.002000,-10.703591,21.869938,True,False,GREEN,0.472917
monza_pia_lap17_to_soft_new_tyre_only,PIA,17,SOFT,new,tyre_only,M-H-S,2,-35.635599,-53.277024,-21.308476,0.998000,-57.948003,21.658602,False,False,GREEN,0.467625
monza_pia_lap17_to_medium_new_tyre_only,PIA,17,MEDIUM,new,tyre_only,M-H-M,2,-5.100376,-17.008381,6.914239,0.696000,-26.970031,21.891733,True,False,GREEN,0.484625
monza_pia_lap17_to_hard_new_tyre_only,PIA,17,HARD,new,tyre_only,M-H-H,2,10.699660,6.425256,14.747202,0.002000,-11.215406,21.869938,True,False,GREEN,0.474250
monza_pia_lap18_to_soft_new_tyre_only,PIA,18,SOFT,new,tyre_only,M-H-S,2,-34.970871,-51.599086,-20.931668,0.998000,-57.155631,21.658602,False,False,GREEN,0.467333
monza_pia_lap18_to_medium_new_tyre_only,PIA,18,MEDIUM,new,tyre_only,M-H-M,2,-5.243485,-16.812451,6.466666,0.706000,-27.089992,21.891733,True,False,GREEN,0.474125
monza_pia_lap18_to_hard_new_tyre_only,PIA,18,HARD,new,tyre_only,M-H-H,2,10.211625,5.929977,14.360877,0.002000,-11.682714,21.869938,True,False,GREEN,0.470209
monza_pia_lap19_to_soft_new_tyre_only,PIA,19,SOFT,new,tyre_only,M-H-S,2,-34.101992,-50.064533,-20.818164,0.998000,-56.316557,21.658602,False,False,GREEN,0.467292
monza_pia_lap19_to_medium_new_tyre_only,PIA,19,MEDIUM,new,tyre_only,M-H-M,2,-5.296143,-16.438115,6.157834,0.716000,-27.160288,21.891733,True,False,GREEN,0.475416
monza_pia_lap19_to_hard_new_tyre_only,PIA,19,HARD,new,tyre_only,M-H-H,2,9.784221,5.456848,13.942704,0.002000,-12.105517,21.869938,True,False,GREEN,0.519292
monza_pia_lap20_to_soft_new_tyre_only,PIA,20,SOFT,new,tyre_only,M-H-S,2,-33.411685,-48.364319,-20.597508,1.000000,-55.430780,21.658602,False,False,GREEN,0.532959
monza_pia_lap20_to_medium_new_tyre_only,PIA,20,MEDIUM,new,tyre_only,M-H-M,2,-5.354568,-16.121841,5.816939,0.718000,-27.180919,21.891733,True,False,GREEN,0.465250
monza_pia_lap20_to_hard_new_tyre_only,PIA,20,HARD,new,tyre_only,M-H-H,2,9.395159,5.047837,13.599456,0.002000,-12.483815,21.869938,True,False,GREEN,0.468000
monza_pia_lap21_to_soft_new_tyre_only,PIA,21,SOFT,new,tyre_only,M-H-S,2,-32.491713,-46.638901,-20.399552,1.000000,-54.498301,21.658602,False,False,GREEN,0.466541
monza_pia_lap21_to_medium_new_tyre_only,PIA,21,MEDIUM,new,tyre_only,M-H-M,2,-5.355322,-15.855270,5.448868,0.720000,-27.151886,21.891733,True,False,GREEN,0.461667
monza_pia_lap21_to_hard_new_tyre_only,PIA,21,HARD,new,tyre_only,M-H-H,2,9.076763,4.699739,13.294579,0.006000,-12.817606,21.869938,True,False,GREEN,0.462667
monza_pia_lap22_to_soft_new_tyre_only,PIA,22,SOFT,new,tyre_only,M-H-S,2,-31.398512,-45.091313,-19.951958,1.000000,-53.519119,21.658602,False,False,GREEN,0.463250
monza_pia_lap22_to_medium_new_tyre_only,PIA,22,MEDIUM,new,tyre_only,M-H-M,2,-5.325585,-15.536407,5.235626,0.722000,-27.073189,21.891733,True,False,GREEN,0.460250
monza_pia_lap22_to_hard_new_tyre_only,PIA,22,HARD,new,tyre_only,M-H-H,2,8.792124,4.402181,13.034005,0.006000,-13.106893,21.869938,True,False,GREEN,0.469333
monza_pia_lap23_to_soft_new_tyre_only,PIA,23,SOFT,new,tyre_only,M-H-S,2,-30.445500,-43.439133,-19.654557,1.000000,-52.493235,21.658602,False,False,GREEN,0.491958
monza_pia_lap23_to_medium_new_tyre_only,PIA,23,MEDIUM,new,tyre_only,M-H-M,2,-5.211670,-15.157131,5.097291,0.722000,-26.944827,21.891733,True,False,GREEN,0.460000
monza_pia_lap23_to_hard_new_tyre_only,PIA,23,HARD,new,tyre_only,M-H-H,2,8.562888,4.139403,12.812660,0.010000,-13.351673,21.869938,True,False,GREEN,0.493542
monza_pia_lap24_to_soft_new_tyre_only,PIA,24,SOFT,new,tyre_only,M-H-S,2,-29.363893,-41.788874,-18.916566,1.000000,-51.420648,21.658602,False,False,GREEN,0.460042
monza_pia_lap24_to_medium_new_tyre_only,PIA,24,MEDIUM,new,tyre_only,M-H-M,2,-5.011961,-14.741806,4.969208,0.722000,-26.766801,21.891733,True,False,GREEN,0.463667
monza_pia_lap24_to_hard_new_tyre_only,PIA,24,HARD,new,tyre_only,M-H-H,2,8.350282,3.934292,12.631560,0.010000,-13.551948,21.869938,True,False,GREEN,0.460833
monza_pia_lap25_to_soft_new_tyre_only,PIA,25,SOFT,new,tyre_only,M-H-S,2,-28.212370,-40.030253,-18.153554,1.000000,-50.301358,21.658602,False,False,GREEN,0.460750
monza_pia_lap25_to_medium_new_tyre_only,PIA,25,MEDIUM,new,tyre_only,M-H-M,2,-4.839829,-14.305002,4.998830,0.716000,-26.539110,21.891733,True,False,GREEN,0.458584
monza_pia_lap25_to_hard_new_tyre_only,PIA,25,HARD,new,tyre_only,M-H-H,2,8.206176,3.769044,12.490704,0.012000,-13.707718,21.869938,True,False,GREEN,0.463166
monza_pia_lap26_to_soft_new_tyre_only,PIA,26,SOFT,new,tyre_only,M-H-S,2,-27.073789,-38.434959,-17.314004,1.000000,-49.135366,21.658602,False,False,GREEN,0.468167
monza_pia_lap26_to_medium_new_tyre_only,PIA,26,MEDIUM,new,tyre_only,M-H-M,2,-4.521156,-13.826830,5.076457,0.714000,-26.261755,21.891733,True,False,GREEN,0.460959
monza_pia_lap26_to_hard_new_tyre_only,PIA,26,HARD,new,tyre_only,M-H-H,2,8.097871,3.651009,12.390092,0.012000,-13.818982,21.869938,True,False,GREEN,0.463125
monza_pia_lap27_to_soft_new_tyre_only,PIA,27,SOFT,new,tyre_only,M-H-S,2,-25.901757,-36.733966,-16.441129,1.000000,-47.922671,21.658602,False,False,GREEN,0.459709
monza_pia_lap27_to_medium_new_tyre_only,PIA,27,MEDIUM,new,tyre_only,M-H-M,2,-4.163514,-13.169965,5.188520,0.708000,-25.934735,21.891733,True,False,GREEN,0.460583
monza_pia_lap27_to_hard_new_tyre_only,PIA,27,HARD,new,tyre_only,M-H-H,2,8.028585,3.574249,12.329725,0.012000,-13.885740,21.869938,True,False,GREEN,0.459500
monza_pia_lap28_to_soft_new_tyre_only,PIA,28,SOFT,new,tyre_only,M-H-S,2,-24.652480,-34.881658,-15.683912,1.000000,-46.663274,21.658602,True,False,VSC,0.460000
monza_pia_lap28_to_medium_new_tyre_only,PIA,28,MEDIUM,new,tyre_only,M-H-M,2,-3.777490,-12.554206,5.344446,0.698000,-25.558051,21.891733,True,False,VSC,0.459791
monza_pia_lap28_to_hard_new_tyre_only,PIA,28,HARD,new,tyre_only,M-H-H,2,8.005489,3.546323,12.309603,0.012000,-13.907993,21.869938,True,False,VSC,0.469125
monza_pia_lap29_to_soft_new_tyre_only,PIA,29,SOFT,new,tyre_only,M-H-S,2,-23.302552,-33.095780,-14.851183,1.000000,-45.357174,21.658602,True,False,VSC,0.456417
monza_pia_lap29_to_medium_new_tyre_only,PIA,29,MEDIUM,new,tyre_only,M-H-M,2,-3.353367,-11.886766,5.545570,0.678000,-25.131703,21.891733,True,False,VSC,0.463792
monza_pia_lap29_to_hard_new_tyre_only,PIA,29,HARD,new,tyre_only,M-H-H,2,8.028585,3.574249,12.329725,0.012000,-13.885740,21.869938,True,False,VSC,0.459042
monza_pia_lap30_to_soft_new_tyre_only,PIA,30,SOFT,new,tyre_only,M-H-S,2,-22.085530,-31.174094,-13.904961,1.000000,-44.004371,21.658602,True,False,GREEN,0.462167
monza_pia_lap30_to_medium_new_tyre_only,PIA,30,MEDIUM,new,tyre_only,M-H-M,2,-2.799965,-11.167233,5.794246,0.666000,-24.655690,21.891733,True,False,GREEN,0.455250
monza_pia_lap30_to_hard_new_tyre_only,PIA,30,HARD,new,tyre_only,M-H-H,2,8.097871,3.651009,12.390092,0.012000,-13.818982,21.869938,True,False,GREEN,0.457958
monza_pia_lap31_to_soft_new_tyre_only,PIA,31,SOFT,new,tyre_only,M-H-S,2,-20.602911,-29.317220,-12.629334,1.000000,-42.604866,21.658602,True,False,GREEN,0.455084
monza_pia_lap31_to_medium_new_tyre_only,PIA,31,MEDIUM,new,tyre_only,M-H-M,2,-2.225960,-10.303867,6.003360,0.642000,-24.130012,21.891733,True,False,GREEN,0.465750
monza_pia_lap31_to_hard_new_tyre_only,PIA,31,HARD,new,tyre_only,M-H-H,2,8.206176,3.769044,12.490704,0.012000,-13.707718,21.869938,True,False,GREEN,0.457166
monza_pia_lap32_to_soft_new_tyre_only,PIA,32,SOFT,new,tyre_only,M-H-S,2,-19.214571,-27.448803,-11.598529,1.000000,-41.158658,21.658602,True,False,GREEN,0.456500
monza_pia_lap32_to_medium_new_tyre_only,PIA,32,MEDIUM,new,tyre_only,M-H-M,2,-1.651897,-9.448486,6.345464,0.608000,-23.554670,21.891733,True,False,GREEN,0.455625
monza_pia_lap32_to_hard_new_tyre_only,PIA,32,HARD,new,tyre_only,M-H-H,2,8.350282,3.934292,12.631560,0.010000,-13.551948,21.869938,True,False,GREEN,0.455625
monza_pia_lap33_to_soft_new_tyre_only,PIA,33,SOFT,new,tyre_only,M-H-S,2,-17.791502,-25.636013,-10.345652,1.000000,-39.665748,21.658602,True,False,GREEN,0.455916
monza_pia_lap33_to_medium_new_tyre_only,PIA,33,MEDIUM,new,tyre_only,M-H-M,2,-0.915123,-8.551850,6.700842,0.568000,-22.929664,21.891733,True,False,GREEN,0.454250
monza_pia_lap33_to_hard_new_tyre_only,PIA,33,HARD,new,tyre_only,M-H-H,2,8.562888,4.139403,12.812660,0.010000,-13.351673,21.869938,True,False,GREEN,0.457167
monza_pia_lap34_to_soft_new_tyre_only,PIA,34,SOFT,new,tyre_only,M-H-S,2,-16.268552,-23.804274,-9.241148,1.000000,-38.126135,21.658602,True,False,GREEN,0.453167
monza_pia_lap34_to_medium_new_tyre_only,PIA,34,MEDIUM,new,tyre_only,M-H-M,2,-0.222209,-7.595075,7.130961,0.526000,-22.254993,21.891733,True,False,GREEN,0.555250
monza_pia_lap34_to_hard_new_tyre_only,PIA,34,HARD,new,tyre_only,M-H-H,2,8.792124,4.402181,13.034005,0.006000,-13.106893,21.869938,True,False,GREEN,0.488083
monza_pia_lap35_to_soft_new_tyre_only,PIA,35,SOFT,new,tyre_only,M-H-S,2,-14.711555,-21.839213,-8.053021,0.998000,-36.539820,21.658602,True,False,GREEN,0.453500
monza_pia_lap35_to_medium_new_tyre_only,PIA,35,MEDIUM,new,tyre_only,M-H-M,2,0.512075,-6.633653,7.526804,0.458000,-21.530658,21.891733,True,False,GREEN,0.451458
monza_pia_lap35_to_hard_new_tyre_only,PIA,35,HARD,new,tyre_only,M-H-H,2,9.076763,4.699739,13.294579,0.006000,-12.817606,21.869938,True,False,GREEN,0.453916
monza_pia_lap36_to_soft_new_tyre_only,PIA,36,SOFT,new,tyre_only,M-H-S,2,-13.030304,-19.751644,-6.633156,0.996000,-34.906802,21.658602,True,False,GREEN,0.451875
monza_pia_lap36_to_medium_new_tyre_only,PIA,36,MEDIUM,new,tyre_only,M-H-M,2,1.317056,-5.530319,8.093096,0.412000,-20.756658,21.891733,True,False,GREEN,0.452583
monza_pia_lap36_to_hard_new_tyre_only,PIA,36,HARD,new,tyre_only,M-H-H,2,9.395159,5.047837,13.599456,0.002000,-12.483815,21.869938,True,False,GREEN,0.452875
monza_pia_lap37_to_soft_new_tyre_only,PIA,37,SOFT,new,tyre_only,M-H-S,2,-11.372427,-17.780371,-5.261202,0.996000,-33.227081,21.658602,True,False,GREEN,0.450583
monza_pia_lap37_to_medium_new_tyre_only,PIA,37,MEDIUM,new,tyre_only,M-H-M,2,2.120307,-4.429788,8.736835,0.356000,-19.932994,21.891733,True,False,GREEN,0.450334
monza_pia_lap37_to_hard_new_tyre_only,PIA,37,HARD,new,tyre_only,M-H-H,2,9.784221,5.456848,13.942704,0.002000,-12.105517,21.869938,True,False,GREEN,0.454000
monza_pia_lap38_to_soft_new_tyre_only,PIA,38,SOFT,new,tyre_only,M-H-S,2,-9.669024,-15.796901,-3.784584,0.992000,-31.500658,21.658602,True,False,GREEN,0.452334
monza_pia_lap38_to_medium_new_tyre_only,PIA,38,MEDIUM,new,tyre_only,M-H-M,2,2.986830,-3.304185,9.273839,0.288000,-19.059665,21.891733,True,False,GREEN,0.451958
monza_pia_lap38_to_hard_new_tyre_only,PIA,38,HARD,new,tyre_only,M-H-H,2,10.211625,5.929977,14.360877,0.002000,-11.682714,21.869938,True,False,GREEN,0.456125
monza_pia_lap39_to_soft_new_tyre_only,PIA,39,SOFT,new,tyre_only,M-H-S,2,-7.793040,-13.838229,-2.184311,0.968000,-29.727532,21.658602,True,False,GREEN,0.450625
monza_pia_lap39_to_medium_new_tyre_only,PIA,39,MEDIUM,new,tyre_only,M-H-M,2,3.943863,-2.152997,9.874807,0.228000,-18.136672,21.891733,True,False,GREEN,0.451917
monza_pia_lap39_to_hard_new_tyre_only,PIA,39,HARD,new,tyre_only,M-H-H,2,10.699660,6.425256,14.747202,0.002000,-11.215406,21.869938,True,False,GREEN,0.447792
monza_pia_lap40_to_soft_new_tyre_only,PIA,40,SOFT,new,tyre_only,M-H-S,2,-6.006028,-11.768805,-0.689951,0.924000,-27.907704,21.658602,True,False,GREEN,0.447625
monza_pia_lap40_to_medium_new_tyre_only,PIA,40,MEDIUM,new,tyre_only,M-H-M,2,4.852884,-0.910941,10.531527,0.154000,-17.164014,21.891733,True,False,GREEN,0.446917
monza_pia_lap40_to_hard_new_tyre_only,PIA,40,HARD,new,tyre_only,M-H-H,2,11.193585,6.975493,15.195419,0.002000,-10.703591,21.869938,True,False,GREEN,0.450000
monza_pia_lap41_to_soft_new_tyre_only,PIA,41,SOFT,new,tyre_only,M-H-S,2,-4.234526,-9.745129,0.756750,0.856000,-26.041173,21.658602,True,False,GREEN,0.446334
monza_pia_lap41_to_medium_new_tyre_only,PIA,41,MEDIUM,new,tyre_only,M-H-M,2,5.843226,0.345802,11.279823,0.084000,-16.141692,21.891733,True,False,GREEN,0.449000
monza_pia_lap41_to_hard_new_tyre_only,PIA,41,HARD,new,tyre_only,M-H-H,2,11.783650,7.588529,15.719055,0.002000,-10.147272,21.869938,True,False,GREEN,0.449458
monza_pia_lap42_to_soft_new_tyre_only,PIA,42,SOFT,new,tyre_only,M-H-S,2,-2.284559,-7.580065,2.548818,0.724000,-24.127939,21.658602,True,False,GREEN,0.448959
monza_pia_lap42_to_medium_new_tyre_only,PIA,42,MEDIUM,new,tyre_only,M-H-M,2,6.850583,1.646855,12.008205,0.032000,-15.069706,21.891733,True,False,GREEN,0.447084
monza_pia_lap42_to_hard_new_tyre_only,PIA,42,HARD,new,tyre_only,M-H-H,2,12.389100,8.203852,16.273715,0.000000,-9.546446,21.869938,True,False,GREEN,0.448459
monza_pia_lap43_to_soft_new_tyre_only,PIA,43,SOFT,new,tyre_only,M-H-S,2,-0.339473,-5.318341,4.331661,0.536000,-22.168003,21.658602,True,False,GREEN,0.451708
monza_pia_lap43_to_medium_new_tyre_only,PIA,43,MEDIUM,new,tyre_only,M-H-M,2,7.912130,3.007786,12.827440,0.012000,-13.948055,21.891733,True,False,GREEN,0.447833
monza_pia_lap43_to_hard_new_tyre_only,PIA,43,HARD,new,tyre_only,M-H-H,2,13.025498,8.861970,16.918818,0.000000,-8.901116,21.869938,True,False,GREEN,0.444708
monza_pia_lap44_to_soft_new_tyre_only,PIA,44,SOFT,new,tyre_only,M-H-S,2,1.705545,-2.991061,6.091796,0.340000,-20.161364,21.658602,True,False,GREEN,0.454417
monza_pia_lap44_to_medium_new_tyre_only,PIA,44,MEDIUM,new,tyre_only,M-H-M,2,9.029314,4.422587,13.779836,0.002000,-12.776739,21.891733,True,False,GREEN,0.454833
monza_pia_lap44_to_hard_new_tyre_only,PIA,44,HARD,new,tyre_only,M-H-H,2,13.721578,9.632666,17.627430,0.000000,-8.211279,21.869938,True,False,GREEN,0.460583
monza_pia_lap45_to_soft_new_tyre_only,PIA,45,SOFT,new,tyre_only,M-H-S,2,3.735451,-0.768925,8.015830,0.174000,-18.108023,21.658602,True,False,GREEN,0.444333
monza_pia_lap45_to_medium_new_tyre_only,PIA,45,MEDIUM,new,tyre_only,M-H-M,2,10.319803,5.890376,14.752952,0.002000,-11.555760,21.891733,True,False,GREEN,0.446916
monza_pia_lap45_to_hard_new_tyre_only,PIA,45,HARD,new,tyre_only,M-H-H,2,14.401316,10.448358,18.264938,0.000000,-7.476937,21.869938,True,False,GREEN,0.444292
monza_pia_lap46_to_soft_new_tyre_only,PIA,46,SOFT,new,tyre_only,M-H-S,2,5.825766,1.409898,9.980679,0.046000,-16.007979,21.658602,True,False,GREEN,0.448792
monza_pia_lap46_to_medium_new_tyre_only,PIA,46,MEDIUM,new,tyre_only,M-H-M,2,11.636538,7.390051,15.803245,0.000000,-10.285115,21.891733,True,False,GREEN,0.444583
monza_pia_lap46_to_hard_new_tyre_only,PIA,46,HARD,new,tyre_only,M-H-H,2,15.161280,11.284798,18.971681,0.000000,-6.698089,21.869938,True,False,GREEN,0.445000
monza_pia_lap47_to_soft_new_tyre_only,PIA,47,SOFT,new,tyre_only,M-H-S,2,7.986441,3.650700,11.923885,0.010000,-13.861233,21.658602,True,False,GREEN,0.444375
monza_pia_lap47_to_medium_new_tyre_only,PIA,47,MEDIUM,new,tyre_only,M-H-M,2,13.006423,9.014137,17.039166,0.000000,-8.964806,21.891733,True,False,GREEN,0.447292
monza_pia_lap47_to_hard_new_tyre_only,PIA,47,HARD,new,tyre_only,M-H-H,2,15.986186,12.154641,19.738870,0.000000,-5.874736,21.869938,True,False,GREEN,0.447875
monza_pia_lap48_to_soft_new_tyre_only,PIA,48,SOFT,new,tyre_only,M-H-S,2,10.078410,6.013321,14.044074,0.004000,-11.667784,21.658602,True,False,GREEN,0.445167
monza_pia_lap48_to_medium_new_tyre_only,PIA,48,MEDIUM,new,tyre_only,M-H-M,2,14.364892,10.516008,18.203400,0.000000,-7.594833,21.891733,True,False,GREEN,0.444792
monza_pia_lap48_to_hard_new_tyre_only,PIA,48,HARD,new,tyre_only,M-H-H,2,16.865802,13.049983,20.494747,0.000000,-5.006877,21.869938,True,False,GREEN,0.468417
monza_pia_lap49_to_soft_new_tyre_only,PIA,49,SOFT,new,tyre_only,M-H-S,2,12.231894,8.306529,16.081191,0.000000,-9.427632,21.658602,True,False,GREEN,0.450208
monza_pia_lap49_to_medium_new_tyre_only,PIA,49,MEDIUM,new,tyre_only,M-H-M,2,15.738197,12.077637,19.390449,0.000000,-6.175195,21.891733,True,False,GREEN,0.442500
monza_pia_lap49_to_hard_new_tyre_only,PIA,49,HARD,new,tyre_only,M-H-H,2,17.735004,14.021535,21.422047,0.000000,-4.094513,21.869938,True,False,GREEN,0.442792
monza_pia_lap50_to_soft_new_tyre_only,PIA,50,SOFT,new,tyre_only,M-H-S,2,14.475498,10.709253,18.343668,0.000000,-7.140778,21.658602,True,False,GREEN,0.443875
monza_pia_lap50_to_medium_new_tyre_only,PIA,50,MEDIUM,new,tyre_only,M-H-M,2,17.173248,13.673266,20.760392,0.000000,-4.705893,21.891733,True,False,GREEN,0.445750
monza_pia_lap50_to_hard_new_tyre_only,PIA,50,HARD,new,tyre_only,M-H-H,2,18.660973,15.072024,22.329527,0.000000,-3.137643,21.869938,True,False,GREEN,0.458833
monza_pia_lap51_to_soft_new_tyre_only,PIA,51,SOFT,new,tyre_only,M-H-S,2,17.087700,13.574623,20.560470,0.000000,-4.807221,21.920263,True,False,GREEN,0.443625
monza_pia_lap51_to_medium_new_tyre_only,PIA,51,MEDIUM,new,tyre_only,M-H-M,2,18.891029,15.523745,22.360996,0.000000,-3.186927,22.090607,True,False,GREEN,0.451750
monza_pia_lap51_to_hard_new_tyre_only,PIA,51,HARD,new,tyre_only,M-H-H,2,19.680607,16.436836,23.410322,0.000000,-2.136268,21.915726,True,False,GREEN,0.458875
monza_pia_lap52_to_soft_new_tyre_only,PIA,52,SOFT,new,tyre_only,M-H-S,2,19.500813,16.169982,22.970542,0.000000,-2.426962,22.037352,True,False,GREEN,0.461791
monza_pia_lap52_to_medium_new_tyre_only,PIA,52,MEDIUM,new,tyre_only,M-H-M,2,20.283975,17.096751,23.864379,0.000000,-1.618296,22.037352,True,False,GREEN,0.452834
monza_pia_lap52_to_hard_new_tyre_only,PIA,52,HARD,new,tyre_only,M-H-H,2,20.811664,17.502005,24.323767,0.000000,-1.090387,22.037352,True,False,GREEN,0.541000
monza_rus_lap2_to_soft_new_tyre_only,RUS,2,SOFT,new,tyre_only,M-S-H,2,-0.864781,-1.055293,-0.671393,1.000000,-0.863494,0.000000,True,True,GREEN,2.828209
monza_rus_lap2_to_medium_new_tyre_only,RUS,2,MEDIUM,new,tyre_only,M-M-H,2,-0.055033,-0.063003,-0.047181,1.000000,-0.054828,0.000000,True,True,GREEN,0.491667
monza_rus_lap2_to_hard_new_tyre_only,RUS,2,HARD,new,tyre_only,M-H-H,2,0.484134,0.189297,0.757306,0.010000,0.473955,0.000000,True,True,GREEN,0.478625
monza_rus_lap3_to_soft_new_tyre_only,RUS,3,SOFT,new,tyre_only,M-S,1,-64.467573,-93.108148,-40.641874,1.000000,-65.251255,0.000000,False,True,RED,0.491333
monza_rus_lap3_to_medium_new_tyre_only,RUS,3,MEDIUM,new,tyre_only,M-M,1,-21.431674,-37.123654,-4.961790,0.954000,-21.189460,0.000000,True,True,RED,0.491625
monza_rus_lap3_to_hard_new_tyre_only,RUS,3,HARD,new,tyre_only,M-H,1,0.000000,0.000000,0.000000,0.000000,0.000000,0.000000,True,True,RED,0.456875
monza_rus_lap4_to_soft_new_tyre_only,RUS,4,SOFT,new,tyre_only,M-H-S,2,-64.386475,-91.787568,-41.426785,1.000000,-65.111947,0.000000,False,True,RED,0.486000
monza_rus_lap4_to_medium_new_tyre_only,RUS,4,MEDIUM,new,tyre_only,M-H-M,2,-22.344654,-37.733234,-6.200220,0.960000,-22.003957,0.000000,True,True,RED,0.484625
monza_rus_lap4_to_hard_new_tyre_only,RUS,4,HARD,new,tyre_only,M-H-H,2,-1.139871,-1.328472,-0.944037,1.000000,-1.133293,0.000000,True,True,RED,0.487667
monza_rus_lap5_to_soft_new_tyre_only,RUS,5,SOFT,new,tyre_only,M-H-S,2,-64.311215,-90.414162,-41.982053,1.000000,-64.925059,0.000000,False,True,RED,0.478125
monza_rus_lap5_to_medium_new_tyre_only,RUS,5,MEDIUM,new,tyre_only,M-H-M,2,-23.055461,-38.165742,-7.299601,0.974000,-22.767912,0.000000,True,True,RED,0.483833
monza_rus_lap5_to_hard_new_tyre_only,RUS,5,HARD,new,tyre_only,M-H-H,2,-2.233216,-2.602720,-1.849541,1.000000,-2.220329,0.000000,True,True,RED,0.481375
monza_rus_lap6_to_soft_new_tyre_only,RUS,6,SOFT,new,tyre_only,M-H-S,2,-41.240036,-68.251497,-20.718457,0.994000,-64.690590,21.658602,False,False,MISSING,0.482542
monza_rus_lap6_to_medium_new_tyre_only,RUS,6,MEDIUM,new,tyre_only,M-H-M,2,-1.431115,-17.218512,13.926900,0.552000,-23.481324,21.891733,True,False,MISSING,0.496666
monza_rus_lap6_to_hard_new_tyre_only,RUS,6,HARD,new,tyre_only,M-H-H,2,18.530204,14.951878,22.194584,0.000000,-3.261109,21.869938,True,False,MISSING,0.480125
monza_rus_lap7_to_soft_new_tyre_only,RUS,7,SOFT,new,tyre_only,M-H-S,2,-41.241230,-66.885744,-21.348683,0.994000,-64.408541,21.658602,False,False,GREEN,0.474791
monza_rus_lap7_to_medium_new_tyre_only,RUS,7,MEDIUM,new,tyre_only,M-H-M,2,-2.091626,-17.446198,12.878936,0.590000,-24.144194,21.891733,True,False,GREEN,0.479959
monza_rus_lap7_to_hard_new_tyre_only,RUS,7,HARD,new,tyre_only,M-H-H,2,17.574553,13.892154,21.249783,0.000000,-4.255631,21.869938,True,False,GREEN,0.492750
monza_rus_lap8_to_soft_new_tyre_only,RUS,8,SOFT,new,tyre_only,M-H-S,2,-40.874754,-65.916747,-21.753391,0.998000,-64.078911,21.658602,False,False,GREEN,0.472583
monza_rus_lap8_to_medium_new_tyre_only,RUS,8,MEDIUM,new,tyre_only,M-H-M,2,-2.713986,-17.652433,11.830733,0.612000,-24.756522,21.891733,True,False,GREEN,0.472250
monza_rus_lap8_to_hard_new_tyre_only,RUS,8,HARD,new,tyre_only,M-H-H,2,16.653921,12.877037,20.345328,0.000000,-5.203897,21.869938,True,False,GREEN,0.476708
monza_rus_lap9_to_soft_new_tyre_only,RUS,9,SOFT,new,tyre_only,M-H-S,2,-40.678189,-64.849954,-22.094726,0.998000,-63.701702,21.658602,False,False,GREEN,0.474208
monza_rus_lap9_to_medium_new_tyre_only,RUS,9,MEDIUM,new,tyre_only,M-H-M,2,-3.331991,-17.860350,10.844965,0.630000,-25.318308,21.891733,True,False,GREEN,0.473709
monza_rus_lap9_to_hard_new_tyre_only,RUS,9,HARD,new,tyre_only,M-H-H,2,15.746481,11.934189,19.448552,0.000000,-6.105906,21.869938,True,False,GREEN,0.474125
monza_rus_lap10_to_soft_new_tyre_only,RUS,10,SOFT,new,tyre_only,M-H-S,2,-40.252992,-63.460006,-22.262676,0.998000,-63.276912,21.658602,False,False,GREEN,0.483167
monza_rus_lap10_to_medium_new_tyre_only,RUS,10,MEDIUM,new,tyre_only,M-H-M,2,-3.896946,-18.017468,10.040233,0.650000,-25.829551,21.891733,True,False,GREEN,0.472583
monza_rus_lap10_to_hard_new_tyre_only,RUS,10,HARD,new,tyre_only,M-H-H,2,14.895234,11.031426,18.659519,0.000000,-6.961657,21.869938,True,False,GREEN,0.474000
monza_rus_lap11_to_soft_new_tyre_only,RUS,11,SOFT,new,tyre_only,M-H-S,2,-39.889150,-62.029578,-22.358127,0.998000,-62.804541,21.658602,False,False,GREEN,0.478834
monza_rus_lap11_to_medium_new_tyre_only,RUS,11,MEDIUM,new,tyre_only,M-H-M,2,-4.299480,-18.060922,9.198675,0.660000,-26.290252,21.891733,True,False,GREEN,0.479625
monza_rus_lap11_to_hard_new_tyre_only,RUS,11,HARD,new,tyre_only,M-H-H,2,14.089694,10.165060,17.920107,0.000000,-7.771153,21.869938,True,False,GREEN,0.542125
monza_rus_lap12_to_soft_new_tyre_only,RUS,12,SOFT,new,tyre_only,M-H-S,2,-39.755005,-60.573090,-22.560056,0.998000,-62.284591,21.658602,False,False,GREEN,0.470458
monza_rus_lap12_to_medium_new_tyre_only,RUS,12,MEDIUM,new,tyre_only,M-H-M,2,-4.685486,-18.127935,8.615438,0.682000,-26.700411,21.891733,True,False,GREEN,0.469500
monza_rus_lap12_to_hard_new_tyre_only,RUS,12,HARD,new,tyre_only,M-H-H,2,13.347400,9.399756,17.267631,0.000000,-8.534391,21.869938,True,False,GREEN,0.471375
monza_rus_lap13_to_soft_new_tyre_only,RUS,13,SOFT,new,tyre_only,M-H-S,2,-39.448984,-59.362081,-22.675622,0.998000,-61.717060,21.658602,False,False,GREEN,0.478917
monza_rus_lap13_to_medium_new_tyre_only,RUS,13,MEDIUM,new,tyre_only,M-H-M,2,-5.053903,-18.188754,7.909138,0.696000,-27.060027,21.891733,True,False,GREEN,0.468000
monza_rus_lap13_to_hard_new_tyre_only,RUS,13,HARD,new,tyre_only,M-H-H,2,12.690740,8.551905,16.593196,0.000000,-9.251372,21.869938,True,False,GREEN,0.468292
monza_rus_lap14_to_soft_new_tyre_only,RUS,14,SOFT,new,tyre_only,M-H-S,2,-38.865677,-58.123200,-22.823037,0.998000,-61.101949,21.658602,False,False,GREEN,0.471292
monza_rus_lap14_to_medium_new_tyre_only,RUS,14,MEDIUM,new,tyre_only,M-H-M,2,-5.378397,-18.203725,7.217792,0.708000,-27.369101,21.891733,True,False,GREEN,0.468833
monza_rus_lap14_to_hard_new_tyre_only,RUS,14,HARD,new,tyre_only,M-H-H,2,12.000190,7.840055,15.893492,0.002000,-9.922097,21.869938,True,False,GREEN,0.475250
monza_rus_lap15_to_soft_new_tyre_only,RUS,15,SOFT,new,tyre_only,M-H-S,2,-38.269708,-56.843359,-22.806667,0.998000,-60.439258,21.658602,False,False,GREEN,0.465584
monza_rus_lap15_to_medium_new_tyre_only,RUS,15,MEDIUM,new,tyre_only,M-H-M,2,-5.642704,-18.166560,6.684708,0.712000,-27.627633,21.891733,True,False,GREEN,0.467000
monza_rus_lap15_to_hard_new_tyre_only,RUS,15,HARD,new,tyre_only,M-H-H,2,11.386047,7.204157,15.270170,0.002000,-10.546564,21.869938,True,False,GREEN,0.469666
monza_rus_lap16_to_soft_new_tyre_only,RUS,16,SOFT,new,tyre_only,M-H-S,2,-37.625529,-55.622765,-22.788829,0.998000,-59.728986,21.658602,False,False,GREEN,0.464584
monza_rus_lap16_to_medium_new_tyre_only,RUS,16,MEDIUM,new,tyre_only,M-H-M,2,-5.897010,-18.082510,6.229384,0.728000,-27.835622,21.891733,True,False,GREEN,0.498792
monza_rus_lap16_to_hard_new_tyre_only,RUS,16,HARD,new,tyre_only,M-H-H,2,10.805844,6.613640,14.733228,0.002000,-11.124775,21.869938,True,False,GREEN,0.468750
monza_rus_lap17_to_soft_new_tyre_only,RUS,17,SOFT,new,tyre_only,M-H-S,2,-36.685918,-54.065306,-22.571724,1.000000,-58.971134,21.658602,False,False,GREEN,0.469084
monza_rus_lap17_to_medium_new_tyre_only,RUS,17,MEDIUM,new,tyre_only,M-H-M,2,-6.131455,-17.945964,5.695741,0.740000,-27.993070,21.891733,True,False,GREEN,0.498375
monza_rus_lap17_to_hard_new_tyre_only,RUS,17,HARD,new,tyre_only,M-H-H,2,10.257711,6.033764,14.230374,0.002000,-11.656729,21.869938,True,False,GREEN,0.470834
monza_rus_lap18_to_soft_new_tyre_only,RUS,18,SOFT,new,tyre_only,M-H-S,2,-35.816118,-52.406239,-22.247059,1.000000,-58.165702,21.658602,False,False,GREEN,0.463625
monza_rus_lap18_to_medium_new_tyre_only,RUS,18,MEDIUM,new,tyre_only,M-H-M,2,-6.196170,-17.740164,5.350193,0.744000,-28.099974,21.891733,True,False,GREEN,0.468167
monza_rus_lap18_to_hard_new_tyre_only,RUS,18,HARD,new,tyre_only,M-H-H,2,9.766886,5.513211,13.771247,0.002000,-12.142426,21.869938,True,False,GREEN,0.467959
monza_rus_lap19_to_soft_new_tyre_only,RUS,19,SOFT,new,tyre_only,M-H-S,2,-35.164281,-50.787590,-22.057660,1.000000,-57.312690,21.658602,False,False,GREEN,0.462750
monza_rus_lap19_to_medium_new_tyre_only,RUS,19,MEDIUM,new,tyre_only,M-H-M,2,-6.272270,-17.384440,5.055809,0.748000,-28.156337,21.891733,True,False,GREEN,0.463292
monza_rus_lap19_to_hard_new_tyre_only,RUS,19,HARD,new,tyre_only,M-H-H,2,9.329617,5.052691,13.399130,0.002000,-12.581866,21.869938,True,False,GREEN,0.466542
monza_rus_lap20_to_soft_new_tyre_only,RUS,20,SOFT,new,tyre_only,M-H-S,2,-34.409815,-49.084212,-21.794790,1.000000,-56.412097,21.658602,False,False,GREEN,0.463708
monza_rus_lap20_to_medium_new_tyre_only,RUS,20,MEDIUM,new,tyre_only,M-H-M,2,-6.318459,-17.136938,4.718307,0.756000,-28.162157,21.891733,True,False,GREEN,0.467666
monza_rus_lap20_to_hard_new_tyre_only,RUS,20,HARD,new,tyre_only,M-H-H,2,8.919776,4.638855,13.072255,0.006000,-12.975049,21.869938,True,False,GREEN,0.464834
monza_rus_lap21_to_soft_new_tyre_only,RUS,21,SOFT,new,tyre_only,M-H-S,2,-33.364018,-47.486171,-21.477298,1.000000,-55.463924,21.658602,False,False,GREEN,0.464875
monza_rus_lap21_to_medium_new_tyre_only,RUS,21,MEDIUM,new,tyre_only,M-H-M,2,-6.288325,-16.853243,4.346400,0.760000,-28.117435,21.891733,True,False,GREEN,0.465916
monza_rus_lap21_to_hard_new_tyre_only,RUS,21,HARD,new,tyre_only,M-H-H,2,8.570525,4.261650,12.709157,0.006000,-13.321976,21.869938,True,False,GREEN,0.466333
monza_rus_lap22_to_soft_new_tyre_only,RUS,22,SOFT,new,tyre_only,M-H-S,2,-32.296351,-45.912728,-21.051559,1.000000,-54.468171,21.658602,False,False,GREEN,0.464625
monza_rus_lap22_to_medium_new_tyre_only,RUS,22,MEDIUM,new,tyre_only,M-H-M,2,-6.234937,-16.534763,4.158140,0.766000,-28.022171,21.891733,True,False,GREEN,0.464667
monza_rus_lap22_to_hard_new_tyre_only,RUS,22,HARD,new,tyre_only,M-H-H,2,8.262144,3.919863,12.442923,0.010000,-13.622645,21.869938,True,False,GREEN,0.467291
monza_rus_lap23_to_soft_new_tyre_only,RUS,23,SOFT,new,tyre_only,M-H-S,2,-31.422129,-44.215778,-20.604295,1.000000,-53.424837,21.658602,False,False,GREEN,0.460542
monza_rus_lap23_to_medium_new_tyre_only,RUS,23,MEDIUM,new,tyre_only,M-H-M,2,-6.015600,-16.145183,4.093961,0.768000,-27.876365,21.891733,True,False,GREEN,0.460500
monza_rus_lap23_to_hard_new_tyre_only,RUS,23,HARD,new,tyre_only,M-H-H,2,8.001206,3.653337,12.208375,0.010000,-13.877058,21.869938,True,False,GREEN,0.465000
monza_rus_lap24_to_soft_new_tyre_only,RUS,24,SOFT,new,tyre_only,M-H-S,2,-30.366955,-42.532986,-19.996465,1.000000,-52.333923,21.658602,False,False,GREEN,0.460125
monza_rus_lap24_to_medium_new_tyre_only,RUS,24,MEDIUM,new,tyre_only,M-H-M,2,-5.876002,-15.690344,3.994425,0.768000,-27.680016,21.891733,True,False,GREEN,0.456125
monza_rus_lap24_to_hard_new_tyre_only,RUS,24,HARD,new,tyre_only,M-H-H,2,7.797441,3.435731,12.025588,0.012000,-14.085214,21.869938,True,False,GREEN,0.465708
monza_rus_lap25_to_soft_new_tyre_only,RUS,25,SOFT,new,tyre_only,M-H-S,2,-29.205476,-40.789339,-19.195292,1.000000,-51.195429,21.658602,False,False,GREEN,0.460250
monza_rus_lap25_to_medium_new_tyre_only,RUS,25,MEDIUM,new,tyre_only,M-H-M,2,-5.714058,-15.206075,4.116946,0.762000,-27.433124,21.891733,True,False,GREEN,0.458000
monza_rus_lap25_to_hard_new_tyre_only,RUS,25,HARD,new,tyre_only,M-H-H,2,7.647863,3.269525,11.867215,0.012000,-14.247113,21.869938,True,False,GREEN,0.460333
monza_rus_lap26_to_soft_new_tyre_only,RUS,26,SOFT,new,tyre_only,M-H-S,2,-28.048904,-39.108562,-18.361035,1.000000,-50.009355,21.658602,False,False,GREEN,0.460709
monza_rus_lap26_to_medium_new_tyre_only,RUS,26,MEDIUM,new,tyre_only,M-H-M,2,-5.415205,-14.657568,4.199039,0.760000,-27.135691,21.891733,True,False,GREEN,0.457708
monza_rus_lap26_to_hard_new_tyre_only,RUS,26,HARD,new,tyre_only,M-H-H,2,7.534750,3.150902,11.765218,0.012000,-14.362755,21.869938,True,False,GREEN,0.460833
monza_rus_lap27_to_soft_new_tyre_only,RUS,27,SOFT,new,tyre_only,M-H-S,2,-26.755962,-37.334663,-17.492390,1.000000,-48.775700,21.658602,False,False,GREEN,0.457000
monza_rus_lap27_to_medium_new_tyre_only,RUS,27,MEDIUM,new,tyre_only,M-H-M,2,-5.029634,-14.035045,4.257330,0.752000,-26.787715,21.891733,True,False,GREEN,0.458125
monza_rus_lap27_to_hard_new_tyre_only,RUS,27,HARD,new,tyre_only,M-H-H,2,7.463180,3.079728,11.701017,0.014000,-14.432140,21.869938,True,False,GREEN,0.462000
monza_rus_lap28_to_soft_new_tyre_only,RUS,28,SOFT,new,tyre_only,M-H-S,2,-25.497676,-35.658407,-16.601205,1.000000,-47.494465,21.658602,True,False,VSC,0.460000
monza_rus_lap28_to_medium_new_tyre_only,RUS,28,MEDIUM,new,tyre_only,M-H-M,2,-4.526656,-13.379342,4.359035,0.742000,-26.389197,21.891733,True,False,VSC,0.457791
monza_rus_lap28_to_hard_new_tyre_only,RUS,28,HARD,new,tyre_only,M-H-H,2,7.439324,3.056004,11.679617,0.014000,-14.455269,21.869938,True,False,VSC,0.458916
monza_rus_lap29_to_soft_new_tyre_only,RUS,29,SOFT,new,tyre_only,M-H-S,2,-24.197708,-33.741341,-15.766454,1.000000,-46.165650,21.658602,True,False,VSC,0.459500
monza_rus_lap29_to_medium_new_tyre_only,RUS,29,MEDIUM,new,tyre_only,M-H-M,2,-4.034827,-12.664569,4.504154,0.724000,-25.940137,21.891733,True,False,VSC,0.457125
monza_rus_lap29_to_hard_new_tyre_only,RUS,29,HARD,new,tyre_only,M-H-H,2,7.463180,3.079728,11.701017,0.014000,-14.432140,21.869938,True,False,VSC,0.472083
monza_rus_lap30_to_soft_new_tyre_only,RUS,30,SOFT,new,tyre_only,M-H-S,2,-22.941805,-31.787275,-14.748644,1.000000,-44.789254,21.658602,True,False,GREEN,0.511042
monza_rus_lap30_to_medium_new_tyre_only,RUS,30,MEDIUM,new,tyre_only,M-H-M,2,-3.561111,-11.830987,4.721348,0.702000,-25.440534,21.891733,True,False,GREEN,0.597833
monza_rus_lap30_to_hard_new_tyre_only,RUS,30,HARD,new,tyre_only,M-H-H,2,7.534750,3.150902,11.765218,0.012000,-14.362755,21.869938,True,False,GREEN,0.508334
monza_rus_lap31_to_soft_new_tyre_only,RUS,31,SOFT,new,tyre_only,M-H-S,2,-21.450279,-29.809786,-13.628030,1.000000,-43.365278,21.658602,True,False,GREEN,0.467791
monza_rus_lap31_to_medium_new_tyre_only,RUS,31,MEDIUM,new,tyre_only,M-H-M,2,-3.004559,-11.031356,5.089753,0.682000,-24.890389,21.891733,True,False,GREEN,0.462625
monza_rus_lap31_to_hard_new_tyre_only,RUS,31,HARD,new,tyre_only,M-H-H,2,7.647863,3.269525,11.867215,0.012000,-14.247113,21.869938,True,False,GREEN,0.448416
monza_rus_lap32_to_soft_new_tyre_only,RUS,32,SOFT,new,tyre_only,M-H-S,2,-19.952228,-28.073449,-12.392278,1.000000,-41.893722,21.658602,True,False,GREEN,0.485417
monza_rus_lap32_to_medium_new_tyre_only,RUS,32,MEDIUM,new,tyre_only,M-H-M,2,-2.345462,-10.202008,5.450929,0.648000,-24.289702,21.891733,True,False,GREEN,0.443542
monza_rus_lap32_to_hard_new_tyre_only,RUS,32,HARD,new,tyre_only,M-H-H,2,7.797441,3.435731,12.025588,0.012000,-14.085214,21.869938,True,False,GREEN,0.450166
monza_rus_lap33_to_soft_new_tyre_only,RUS,33,SOFT,new,tyre_only,M-H-S,2,-18.471167,-26.188944,-11.244486,1.000000,-40.374586,21.658602,True,False,GREEN,0.437500
monza_rus_lap33_to_medium_new_tyre_only,RUS,33,MEDIUM,new,tyre_only,M-H-M,2,-1.671391,-9.279716,5.861783,0.614000,-23.638472,21.891733,True,False,GREEN,0.436167
monza_rus_lap33_to_hard_new_tyre_only,RUS,33,HARD,new,tyre_only,M-H-H,2,8.001206,3.653337,12.208375,0.010000,-13.877058,21.869938,True,False,GREEN,0.438000
monza_rus_lap34_to_soft_new_tyre_only,RUS,34,SOFT,new,tyre_only,M-H-S,2,-16.861273,-24.353797,-10.016611,1.000000,-38.807869,21.658602,True,False,GREEN,0.437292
monza_rus_lap34_to_medium_new_tyre_only,RUS,34,MEDIUM,new,tyre_only,M-H-M,2,-0.982350,-8.306448,6.269727,0.570000,-22.936701,21.891733,True,False,GREEN,0.436000
monza_rus_lap34_to_hard_new_tyre_only,RUS,34,HARD,new,tyre_only,M-H-H,2,8.262144,3.919863,12.442923,0.010000,-13.622645,21.869938,True,False,GREEN,0.435667
monza_rus_lap35_to_soft_new_tyre_only,RUS,35,SOFT,new,tyre_only,M-H-S,2,-15.265889,-22.278569,-8.740946,1.000000,-37.193572,21.658602,True,False,GREEN,0.436542
monza_rus_lap35_to_medium_new_tyre_only,RUS,35,MEDIUM,new,tyre_only,M-H-M,2,-0.188132,-7.254557,6.787941,0.510000,-22.184387,21.891733,True,False,GREEN,0.446250
monza_rus_lap35_to_hard_new_tyre_only,RUS,35,HARD,new,tyre_only,M-H-H,2,8.570525,4.261650,12.709157,0.006000,-13.321976,21.869938,True,False,GREEN,0.462875
monza_rus_lap36_to_soft_new_tyre_only,RUS,36,SOFT,new,tyre_only,M-H-S,2,-13.594378,-20.263477,-7.371741,0.996000,-35.531695,21.658602,True,False,GREEN,0.465542
monza_rus_lap36_to_medium_new_tyre_only,RUS,36,MEDIUM,new,tyre_only,M-H-M,2,0.627142,-6.137309,7.336838,0.450000,-21.381530,21.891733,True,False,GREEN,0.460250
monza_rus_lap36_to_hard_new_tyre_only,RUS,36,HARD,new,tyre_only,M-H-H,2,8.919776,4.638855,13.072255,0.006000,-12.975049,21.869938,True,False,GREEN,0.464750
monza_rus_lap37_to_soft_new_tyre_only,RUS,37,SOFT,new,tyre_only,M-H-S,2,-11.897469,-18.269042,-5.950755,0.996000,-33.822238,21.658602,True,False,GREEN,0.456250
monza_rus_lap37_to_medium_new_tyre_only,RUS,37,MEDIUM,new,tyre_only,M-H-M,2,1.466125,-5.013318,7.980523,0.388000,-20.528131,21.891733,True,False,GREEN,0.466833
monza_rus_lap37_to_hard_new_tyre_only,RUS,37,HARD,new,tyre_only,M-H-H,2,9.329617,5.052691,13.399130,0.002000,-12.581866,21.869938,True,False,GREEN,0.456833
monza_rus_lap38_to_soft_new_tyre_only,RUS,38,SOFT,new,tyre_only,M-H-S,2,-10.162523,-16.397051,-4.360202,0.994000,-32.065200,21.658602,True,False,GREEN,0.462708
monza_rus_lap38_to_medium_new_tyre_only,RUS,38,MEDIUM,new,tyre_only,M-H-M,2,2.372450,-3.775788,8.613369,0.326000,-19.624190,21.891733,True,False,GREEN,0.455459
monza_rus_lap38_to_hard_new_tyre_only,RUS,38,HARD,new,tyre_only,M-H-H,2,9.766886,5.513211,13.771247,0.002000,-12.142426,21.869938,True,False,GREEN,0.456625
monza_rus_lap39_to_soft_new_tyre_only,RUS,39,SOFT,new,tyre_only,M-H-S,2,-8.316966,-14.163948,-2.749039,0.984000,-30.260582,21.658602,True,False,GREEN,0.458875
monza_rus_lap39_to_medium_new_tyre_only,RUS,39,MEDIUM,new,tyre_only,M-H-M,2,3.338939,-2.599682,9.187260,0.258000,-18.669707,21.891733,True,False,GREEN,0.452500
monza_rus_lap39_to_hard_new_tyre_only,RUS,39,HARD,new,tyre_only,M-H-H,2,10.257711,6.033764,14.230374,0.002000,-11.656729,21.869938,True,False,GREEN,0.455125
monza_rus_lap40_to_soft_new_tyre_only,RUS,40,SOFT,new,tyre_only,M-H-S,2,-6.537587,-12.123446,-1.186901,0.940000,-28.408384,21.658602,True,False,GREEN,0.454584
monza_rus_lap40_to_medium_new_tyre_only,RUS,40,MEDIUM,new,tyre_only,M-H-M,2,4.304524,-1.359863,9.989268,0.192000,-17.664682,21.891733,True,False,GREEN,0.452125
monza_rus_lap40_to_hard_new_tyre_only,RUS,40,HARD,new,tyre_only,M-H-H,2,10.805844,6.613640,14.733228,0.002000,-11.124775,21.869938,True,False,GREEN,0.467958
monza_rus_lap41_to_soft_new_tyre_only,RUS,41,SOFT,new,tyre_only,M-H-S,2,-4.686118,-10.050661,0.291772,0.888000,-26.508605,21.658602,True,False,GREEN,0.464250
monza_rus_lap41_to_medium_new_tyre_only,RUS,41,MEDIUM,new,tyre_only,M-H-M,2,5.376767,-0.073573,10.726356,0.106000,-16.609114,21.891733,True,False,GREEN,0.496292
monza_rus_lap41_to_hard_new_tyre_only,RUS,41,HARD,new,tyre_only,M-H-H,2,11.386047,7.204157,15.270170,0.002000,-10.546564,21.869938,True,False,GREEN,0.456208
monza_rus_lap42_to_soft_new_tyre_only,RUS,42,SOFT,new,tyre_only,M-H-S,2,-2.734948,-7.887876,2.087082,0.776000,-24.561246,21.658602,True,False,GREEN,0.450375
monza_rus_lap42_to_medium_new_tyre_only,RUS,42,MEDIUM,new,tyre_only,M-H-M,2,6.390952,1.187860,11.483391,0.046000,-15.503003,21.891733,True,False,GREEN,0.456125
monza_rus_lap42_to_hard_new_tyre_only,RUS,42,HARD,new,tyre_only,M-H-H,2,12.000190,7.840055,15.893492,0.002000,-9.922097,21.869938,True,False,GREEN,0.451584
monza_rus_lap43_to_soft_new_tyre_only,RUS,43,SOFT,new,tyre_only,M-H-S,2,-0.748165,-5.635468,3.818536,0.570000,-22.566307,21.658602,True,False,GREEN,0.452792
monza_rus_lap43_to_medium_new_tyre_only,RUS,43,MEDIUM,new,tyre_only,M-H-M,2,7.481899,2.624550,12.341295,0.016000,-14.346351,21.891733,True,False,GREEN,0.451125
monza_rus_lap43_to_hard_new_tyre_only,RUS,43,HARD,new,tyre_only,M-H-H,2,12.690740,8.551905,16.593196,0.000000,-9.251372,21.869938,True,False,GREEN,0.453625
monza_rus_lap44_to_soft_new_tyre_only,RUS,44,SOFT,new,tyre_only,M-H-S,2,1.303834,-3.338225,5.705285,0.370000,-20.523787,21.658602,True,False,GREEN,0.453500
monza_rus_lap44_to_medium_new_tyre_only,RUS,44,MEDIUM,new,tyre_only,M-H-M,2,8.648860,4.095525,13.347798,0.002000,-13.139156,21.891733,True,False,GREEN,0.453958
monza_rus_lap44_to_hard_new_tyre_only,RUS,44,HARD,new,tyre_only,M-H-H,2,13.347400,9.399756,17.267631,0.000000,-8.534391,21.869938,True,False,GREEN,0.451000
monza_rus_lap45_to_soft_new_tyre_only,RUS,45,SOFT,new,tyre_only,M-H-S,2,3.408563,-1.038352,7.729097,0.202000,-18.433688,21.658602,True,False,GREEN,0.452584
monza_rus_lap45_to_medium_new_tyre_only,RUS,45,MEDIUM,new,tyre_only,M-H-M,2,10.004018,5.581736,14.417884,0.002000,-11.881419,21.891733,True,False,GREEN,0.454125
monza_rus_lap45_to_hard_new_tyre_only,RUS,45,HARD,new,tyre_only,M-H-H,2,14.089694,10.165060,17.920107,0.000000,-7.771153,21.869938,True,False,GREEN,0.450584
monza_rus_lap46_to_soft_new_tyre_only,RUS,46,SOFT,new,tyre_only,M-H-S,2,5.552292,1.147401,9.644729,0.054000,-16.296008,21.658602,True,False,GREEN,0.453458
monza_rus_lap46_to_medium_new_tyre_only,RUS,46,MEDIUM,new,tyre_only,M-H-M,2,11.332332,7.114549,15.530648,0.000000,-10.573140,21.891733,True,False,GREEN,0.449125
monza_rus_lap46_to_hard_new_tyre_only,RUS,46,HARD,new,tyre_only,M-H-H,2,14.895234,11.031426,18.659519,0.000000,-6.961657,21.869938,True,False,GREEN,0.451916
monza_rus_lap47_to_soft_new_tyre_only,RUS,47,SOFT,new,tyre_only,M-H-S,2,7.725918,3.420685,11.685520,0.016000,-14.110748,21.658602,True,False,GREEN,0.447125
monza_rus_lap47_to_medium_new_tyre_only,RUS,47,MEDIUM,new,tyre_only,M-H-M,2,12.744571,8.799567,16.735000,0.000000,-9.214318,21.891733,True,False,GREEN,0.448458
monza_rus_lap47_to_hard_new_tyre_only,RUS,47,HARD,new,tyre_only,M-H-H,2,15.746481,11.934189,19.448552,0.000000,-6.105906,21.869938,True,False,GREEN,0.452375
monza_rus_lap48_to_soft_new_tyre_only,RUS,48,SOFT,new,tyre_only,M-H-S,2,9.884066,5.822217,13.808004,0.004000,-11.877907,21.658602,True,False,GREEN,0.448833
monza_rus_lap48_to_medium_new_tyre_only,RUS,48,MEDIUM,new,tyre_only,M-H-M,2,14.161240,10.295740,17.930579,0.000000,-7.804954,21.891733,True,False,GREEN,0.447375
monza_rus_lap48_to_hard_new_tyre_only,RUS,48,HARD,new,tyre_only,M-H-H,2,16.653921,12.877037,20.345328,0.000000,-5.203897,21.869938,True,False,GREEN,0.446875
monza_rus_lap49_to_soft_new_tyre_only,RUS,49,SOFT,new,tyre_only,M-H-S,2,12.060895,8.174580,15.837171,0.000000,-9.597486,21.658602,True,False,GREEN,0.445250
monza_rus_lap49_to_medium_new_tyre_only,RUS,49,MEDIUM,new,tyre_only,M-H-M,2,15.555201,11.940834,19.204552,0.000000,-6.345048,21.891733,True,False,GREEN,0.448625
monza_rus_lap49_to_hard_new_tyre_only,RUS,49,HARD,new,tyre_only,M-H-H,2,17.574553,13.892154,21.249783,0.000000,-4.255631,21.869938,True,False,GREEN,0.444917
monza_rus_lap50_to_soft_new_tyre_only,RUS,50,SOFT,new,tyre_only,M-H-S,2,14.318587,10.620963,18.210520,0.000000,-7.269485,21.658602,True,False,GREEN,0.449250
monza_rus_lap50_to_medium_new_tyre_only,RUS,50,MEDIUM,new,tyre_only,M-H-M,2,17.034724,13.540745,20.642168,0.000000,-4.834599,21.891733,True,False,GREEN,0.446792
monza_rus_lap50_to_hard_new_tyre_only,RUS,50,HARD,new,tyre_only,M-H-H,2,18.530204,14.951878,22.194584,0.000000,-3.261109,21.869938,True,False,GREEN,0.444166
monza_rus_lap51_to_soft_new_tyre_only,RUS,51,SOFT,new,tyre_only,M-H-S,2,17.005742,13.497718,20.486369,0.000000,-4.893904,21.920263,True,False,GREEN,0.445417
monza_rus_lap51_to_medium_new_tyre_only,RUS,51,MEDIUM,new,tyre_only,M-H-M,2,18.787028,15.439102,22.261338,0.000000,-3.273609,22.090607,True,False,GREEN,0.445708
monza_rus_lap51_to_hard_new_tyre_only,RUS,51,HARD,new,tyre_only,M-H-H,2,19.602899,16.329818,23.344573,0.000000,-2.220329,21.915726,True,False,GREEN,0.450458
monza_rus_lap52_to_soft_new_tyre_only,RUS,52,SOFT,new,tyre_only,M-H-S,2,19.456436,16.136841,22.935227,0.000000,-2.470742,22.037352,True,False,GREEN,0.444833
monza_rus_lap52_to_medium_new_tyre_only,RUS,52,MEDIUM,new,tyre_only,M-H-M,2,20.243003,17.047633,23.825208,0.000000,-1.662075,22.037352,True,False,GREEN,0.440875
monza_rus_lap52_to_hard_new_tyre_only,RUS,52,HARD,new,tyre_only,M-H-H,2,20.774673,17.456039,24.289286,0.000000,-1.133293,22.037352,True,False,GREEN,0.443833
monza_sai_lap2_to_soft_new_tyre_only,SAI,2,SOFT,new,tyre_only,S-S-M,2,-30.778762,-39.749988,-22.446702,1.000000,-32.462421,1.337605,True,True,YELLOW,2.663292
monza_sai_lap2_to_medium_new_tyre_only,SAI,2,MEDIUM,new,tyre_only,S-M-M,2,-10.087037,-18.301688,-2.070185,0.936000,-11.286677,1.337605,True,True,YELLOW,0.513125
monza_sai_lap2_to_hard_new_tyre_only,SAI,2,HARD,new,tyre_only,S-H-M,2,1.323000,-2.151933,4.864411,0.320000,0.000000,1.337605,True,True,YELLOW,0.495125
monza_sai_lap3_to_soft_new_tyre_only,SAI,3,SOFT,new,tyre_only,S-H-S-M,3,-30.144463,-38.614436,-22.186574,1.000000,-31.711744,1.337605,True,True,RED,0.512417
monza_sai_lap3_to_medium_new_tyre_only,SAI,3,MEDIUM,new,tyre_only,S-H-M-M,3,-10.237670,-18.265187,-2.477830,0.948000,-11.421176,1.337605,True,True,RED,0.498500
monza_sai_lap3_to_hard_new_tyre_only,SAI,3,HARD,new,tyre_only,S-H-H-M,3,1.347180,-2.131965,4.886662,0.318000,0.023130,1.337605,True,True,RED,0.473250
monza_sai_lap4_to_soft_new_tyre_only,SAI,4,SOFT,new,tyre_only,S-H-S-M,3,-29.380761,-37.367298,-21.918927,1.000000,-30.913488,1.337605,True,True,RED,0.583333
monza_sai_lap4_to_medium_new_tyre_only,SAI,4,MEDIUM,new,tyre_only,S-H-M-M,3,-10.334904,-17.988081,-2.825911,0.962000,-11.504917,1.337605,True,True,RED,0.475792
monza_sai_lap4_to_hard_new_tyre_only,SAI,4,HARD,new,tyre_only,S-H-H-M,3,0.811476,-2.631742,4.365365,0.390000,-0.485733,1.337605,True,True,RED,0.446791
monza_sai_lap5_to_soft_new_tyre_only,SAI,5,SOFT,new,tyre_only,S-H-S-M,3,-28.623423,-36.249773,-21.332825,1.000000,-30.067653,1.337605,True,True,RED,0.445167
monza_sai_lap5_to_medium_new_tyre_only,SAI,5,MEDIUM,new,tyre_only,S-H-M-M,3,-10.354731,-17.794439,-3.070441,0.970000,-11.537901,1.337605,True,True,RED,0.441792
monza_sai_lap5_to_hard_new_tyre_only,SAI,5,HARD,new,tyre_only,S-H-H-M,3,0.325911,-3.130434,3.869320,0.452000,-0.948336,1.337605,True,True,RED,0.457334
monza_sai_lap6_to_soft_new_tyre_only,SAI,6,SOFT,new,tyre_only,S-H-S-M,3,-5.617665,-15.944174,3.143787,0.784000,-29.174239,22.996208,True,False,YELLOW,0.491291
monza_sai_lap6_to_medium_new_tyre_only,SAI,6,MEDIUM,new,tyre_only,S-H-M-M,3,11.520409,2.197649,21.031031,0.056000,-11.520126,23.229338,True,False,YELLOW,0.482750
monza_sai_lap6_to_hard_new_tyre_only,SAI,6,HARD,new,tyre_only,S-H-H-M,3,21.945002,14.673833,28.937303,0.002000,-1.364679,23.207543,True,False,YELLOW,0.482583
monza_sai_lap7_to_soft_new_tyre_only,SAI,7,SOFT,new,tyre_only,S-H-S-M,3,-4.869644,-14.721394,3.996973,0.756000,-28.233245,22.996208,True,False,GREEN,0.492791
monza_sai_lap7_to_medium_new_tyre_only,SAI,7,MEDIUM,new,tyre_only,S-H-M-M,3,11.548745,2.310839,20.847005,0.048000,-11.451593,23.229338,True,False,GREEN,0.508417
monza_sai_lap7_to_hard_new_tyre_only,SAI,7,HARD,new,tyre_only,S-H-H-M,3,21.541900,14.198058,28.560245,0.002000,-1.734762,23.207543,True,False,GREEN,0.486584
monza_sai_lap8_to_soft_new_tyre_only,SAI,8,SOFT,new,tyre_only,S-H-S-M,3,-3.855927,-13.533597,4.756702,0.718000,-27.244672,22.996208,True,False,GREEN,0.495750
monza_sai_lap8_to_medium_new_tyre_only,SAI,8,MEDIUM,new,tyre_only,S-H-M-M,3,11.695048,2.940348,20.723214,0.042000,-11.332302,23.229338,True,False,GREEN,0.496750
monza_sai_lap8_to_hard_new_tyre_only,SAI,8,HARD,new,tyre_only,S-H-H-M,3,21.162321,13.935768,28.230320,0.002000,-2.058584,23.207543,True,False,GREEN,0.490791
monza_sai_lap9_to_soft_new_tyre_only,SAI,9,SOFT,new,tyre_only,S-H-S-M,3,-2.832385,-12.430059,5.418094,0.668000,-26.208520,22.996208,True,False,GREEN,0.491959
monza_sai_lap9_to_medium_new_tyre_only,SAI,9,MEDIUM,new,tyre_only,S-H-M-M,3,11.963531,3.243752,20.744987,0.040000,-11.162253,23.229338,True,False,GREEN,0.471667
monza_sai_lap9_to_hard_new_tyre_only,SAI,9,HARD,new,tyre_only,S-H-H-M,3,20.847424,13.699597,27.947527,0.002000,-2.336146,23.207543,True,False,GREEN,0.473542
monza_sai_lap10_to_soft_new_tyre_only,SAI,10,SOFT,new,tyre_only,S-H-S-M,3,-1.854213,-10.940983,6.155477,0.614000,-25.124789,22.996208,True,False,GREEN,0.483250
monza_sai_lap10_to_medium_new_tyre_only,SAI,10,MEDIUM,new,tyre_only,S-H-M-M,3,12.191783,3.802261,20.879421,0.034000,-10.941446,23.229338,True,False,GREEN,0.500375
monza_sai_lap10_to_hard_new_tyre_only,SAI,10,HARD,new,tyre_only,S-H-H-M,3,20.587209,13.427494,27.711130,0.002000,-2.567447,23.207543,True,False,GREEN,0.524250
monza_sai_lap11_to_soft_new_tyre_only,SAI,11,SOFT,new,tyre_only,S-H-S-M,3,-0.838093,-9.628201,7.181347,0.540000,-23.993479,22.996208,True,False,GREEN,0.476125
monza_sai_lap11_to_medium_new_tyre_only,SAI,11,MEDIUM,new,tyre_only,S-H-M-M,3,12.432215,4.292083,21.080868,0.026000,-10.669881,23.229338,True,False,GREEN,0.486500
monza_sai_lap11_to_hard_new_tyre_only,SAI,11,HARD,new,tyre_only,S-H-H-M,3,20.404316,13.209812,27.520091,0.002000,-2.752489,23.207543,True,False,GREEN,0.502667
monza_sai_lap12_to_soft_new_tyre_only,SAI,12,SOFT,new,tyre_only,S-H-S-M,3,0.303432,-8.013489,8.278862,0.474000,-22.814590,22.996208,True,False,GREEN,0.538792
monza_sai_lap12_to_medium_new_tyre_only,SAI,12,MEDIUM,new,tyre_only,S-H-M-M,3,12.808559,4.855649,21.314706,0.022000,-10.347558,23.229338,True,False,GREEN,0.519791
monza_sai_lap12_to_hard_new_tyre_only,SAI,12,HARD,new,tyre_only,S-H-H-M,3,20.256149,13.046550,27.376811,0.002000,-2.891270,23.207543,True,False,GREEN,0.468916
monza_sai_lap13_to_soft_new_tyre_only,SAI,13,SOFT,new,tyre_only,S-H-S-M,3,1.609411,-6.712850,9.517198,0.404000,-21.588121,22.996208,True,False,GREEN,0.476625
monza_sai_lap13_to_medium_new_tyre_only,SAI,13,MEDIUM,new,tyre_only,S-H-M-M,3,13.194109,5.331599,21.344890,0.020000,-9.974477,23.229338,True,False,GREEN,0.470583
monza_sai_lap13_to_hard_new_tyre_only,SAI,13,HARD,new,tyre_only,S-H-H-M,3,20.157371,12.937709,27.281292,0.002000,-2.983790,23.207543,True,False,GREEN,0.465583
monza_sai_lap14_to_soft_new_tyre_only,SAI,14,SOFT,new,tyre_only,S-H-S-M,3,2.852393,-5.266320,10.707967,0.344000,-20.314073,22.996208,True,False,GREEN,0.438333
monza_sai_lap14_to_medium_new_tyre_only,SAI,14,MEDIUM,new,tyre_only,S-H-M-M,3,13.569998,5.823312,21.703986,0.012000,-9.550638,23.229338,True,False,GREEN,0.438167
monza_sai_lap14_to_hard_new_tyre_only,SAI,14,HARD,new,tyre_only,S-H-H-M,3,20.107982,12.883289,27.233532,0.002000,-3.030051,23.207543,True,False,GREEN,0.464917
monza_sai_lap15_to_soft_new_tyre_only,SAI,15,SOFT,new,tyre_only,S-H-S-M,3,4.105630,-3.799486,11.848428,0.282000,-18.992446,22.996208,True,False,GREEN,0.468791
monza_sai_lap15_to_medium_new_tyre_only,SAI,15,MEDIUM,new,tyre_only,S-H-M-M,3,14.188699,6.373069,22.066779,0.006000,-9.076041,23.229338,True,False,GREEN,0.471500
monza_sai_lap15_to_hard_new_tyre_only,SAI,15,HARD,new,tyre_only,S-H-H-M,3,20.107982,12.883289,27.233532,0.002000,-3.030051,23.207543,True,False,GREEN,0.466500
monza_sai_lap16_to_soft_new_tyre_only,SAI,16,SOFT,new,tyre_only,S-H-S-M,3,5.443114,-2.303043,12.972212,0.188000,-17.623240,22.996208,True,False,GREEN,0.471250
monza_sai_lap16_to_medium_new_tyre_only,SAI,16,MEDIUM,new,tyre_only,S-H-M-M,3,14.712111,7.131629,22.481075,0.006000,-8.550685,23.229338,True,False,GREEN,0.467167
monza_sai_lap16_to_hard_new_tyre_only,SAI,16,HARD,new,tyre_only,S-H-H-M,3,20.157371,12.937709,27.281292,0.002000,-2.983790,23.207543,True,False,GREEN,0.465833
monza_sai_lap17_to_soft_new_tyre_only,SAI,17,SOFT,new,tyre_only,S-H-S,2,-29.864691,-45.740117,-17.105973,0.998000,-31.913807,1.104475,False,False,GREEN,0.485208
monza_sai_lap17_to_medium_new_tyre_only,SAI,17,MEDIUM,new,tyre_only,S-H-M,2,0.486402,-4.243920,5.380277,0.446000,-0.791320,1.337605,True,False,GREEN,0.485375
monza_sai_lap17_to_hard_new_tyre_only,SAI,17,HARD,new,tyre_only,S-H-H,2,17.086995,7.295776,25.171474,0.004000,15.403628,1.315811,True,False,GREEN,0.476334
monza_sai_lap18_to_soft_new_tyre_only,SAI,18,SOFT,new,tyre_only,S-H-S,2,-29.007398,-44.237535,-16.860033,1.000000,-31.085117,1.104475,False,False,GREEN,0.480500
monza_sai_lap18_to_medium_new_tyre_only,SAI,18,MEDIUM,new,tyre_only,S-H-M,2,0.309496,-3.887536,5.152022,0.450000,-0.882774,1.337605,True,False,GREEN,0.477458
monza_sai_lap18_to_hard_new_tyre_only,SAI,18,HARD,new,tyre_only,S-H-H,2,16.600422,6.885587,24.664515,0.004000,14.941025,1.315811,True,False,GREEN,0.479125
monza_sai_lap19_to_soft_new_tyre_only,SAI,19,SOFT,new,tyre_only,S-H-S,2,-28.293964,-42.559991,-16.359857,1.000000,-30.208848,1.104475,False,False,GREEN,0.477500
monza_sai_lap19_to_medium_new_tyre_only,SAI,19,MEDIUM,new,tyre_only,S-H-M,2,0.330763,-3.770943,4.957468,0.446000,-0.923470,1.337605,True,False,GREEN,0.477833
monza_sai_lap19_to_hard_new_tyre_only,SAI,19,HARD,new,tyre_only,S-H-H,2,16.169911,6.516417,24.158182,0.004000,14.524682,1.315811,True,False,GREEN,0.476459
monza_sai_lap20_to_soft_new_tyre_only,SAI,20,SOFT,new,tyre_only,S-H-S,2,-27.445058,-41.022134,-16.101164,1.000000,-29.285000,1.104475,False,False,GREEN,0.480500
monza_sai_lap20_to_medium_new_tyre_only,SAI,20,MEDIUM,new,tyre_only,S-H-M,2,0.342052,-3.672110,4.655288,0.444000,-0.913407,1.337605,True,False,GREEN,0.485084
monza_sai_lap20_to_hard_new_tyre_only,SAI,20,HARD,new,tyre_only,S-H-H,2,15.827971,6.180707,23.706368,0.006000,14.154600,1.315811,True,False,GREEN,0.478959
monza_sai_lap21_to_soft_new_tyre_only,SAI,21,SOFT,new,tyre_only,S-H-S,2,-26.672572,-39.596997,-15.459746,1.000000,-28.313573,1.104475,False,False,GREEN,0.482167
monza_sai_lap21_to_medium_new_tyre_only,SAI,21,MEDIUM,new,tyre_only,S-H-M,2,0.421036,-3.490829,4.664594,0.442000,-0.852587,1.337605,True,False,GREEN,0.477750
monza_sai_lap21_to_hard_new_tyre_only,SAI,21,HARD,new,tyre_only,S-H-H,2,15.512691,5.826420,23.309256,0.006000,13.830778,1.315811,True,False,GREEN,0.477083
monza_sai_lap22_to_soft_new_tyre_only,SAI,22,SOFT,new,tyre_only,S-H-S,2,-25.752836,-37.896564,-15.111821,1.000000,-27.294566,1.104475,False,False,GREEN,0.480666
monza_sai_lap22_to_medium_new_tyre_only,SAI,22,MEDIUM,new,tyre_only,S-H-M,2,0.492204,-3.269820,4.574151,0.424000,-0.741009,1.337605,True,False,GREEN,0.477458
monza_sai_lap22_to_hard_new_tyre_only,SAI,22,HARD,new,tyre_only,S-H-H,2,15.246329,5.643388,22.985521,0.006000,13.553216,1.315811,True,False,GREEN,0.472792
monza_sai_lap23_to_soft_new_tyre_only,SAI,23,SOFT,new,tyre_only,S-H-S,2,-24.629595,-36.313105,-14.462492,1.000000,-26.227980,1.104475,False,False,GREEN,0.476791
monza_sai_lap23_to_medium_new_tyre_only,SAI,23,MEDIUM,new,tyre_only,S-H-M,2,0.756275,-2.932222,4.606038,0.402000,-0.578672,1.337605,True,False,GREEN,0.479917
monza_sai_lap23_to_hard_new_tyre_only,SAI,23,HARD,new,tyre_only,S-H-H,2,15.010295,5.450624,22.776928,0.006000,13.321914,1.315811,True,False,GREEN,0.473500
monza_sai_lap24_to_soft_new_tyre_only,SAI,24,SOFT,new,tyre_only,S-H-S,2,-23.356714,-34.438070,-13.845282,1.000000,-25.113815,1.104475,False,False,GREEN,0.475042
monza_sai_lap24_to_medium_new_tyre_only,SAI,24,MEDIUM,new,tyre_only,S-H-M,2,0.964857,-2.588031,4.606678,0.384000,-0.365578,1.337605,True,False,GREEN,0.481958
monza_sai_lap24_to_hard_new_tyre_only,SAI,24,HARD,new,tyre_only,S-H-H,2,14.816008,5.288668,22.610053,0.008000,13.136873,1.315811,True,False,GREEN,0.476917
monza_sai_lap25_to_soft_new_tyre_only,SAI,25,SOFT,new,tyre_only,S-H-S,2,-22.329411,-32.874216,-13.096594,1.000000,-23.952071,1.104475,False,False,GREEN,0.480708
monza_sai_lap25_to_medium_new_tyre_only,SAI,25,MEDIUM,new,tyre_only,S-H-M,2,1.237252,-2.273317,4.777959,0.342000,-0.101725,1.337605,True,False,GREEN,0.478791
monza_sai_lap25_to_hard_new_tyre_only,SAI,25,HARD,new,tyre_only,S-H-H,2,14.674296,5.167200,22.461562,0.008000,12.998092,1.315811,True,False,GREEN,0.475292
monza_sai_lap26_to_soft_new_tyre_only,SAI,26,SOFT,new,tyre_only,S-H-S,2,-21.158641,-31.309000,-12.285445,0.998000,-22.742748,1.104475,False,False,GREEN,0.477584
monza_sai_lap26_to_medium_new_tyre_only,SAI,26,MEDIUM,new,tyre_only,S-H-M,2,1.563190,-2.048600,5.167106,0.286000,0.212885,1.337605,True,False,GREEN,0.480958
monza_sai_lap26_to_hard_new_tyre_only,SAI,26,HARD,new,tyre_only,S-H-H,2,14.579821,5.086222,22.356937,0.008000,12.905571,1.315811,True,False,GREEN,0.476333
monza_sai_lap27_to_soft_new_tyre_only,SAI,27,SOFT,new,tyre_only,S-H-S,2,-20.511393,-30.194307,-12.044531,0.998000,-22.064099,1.104475,False,False,VSC,0.462833
monza_sai_lap27_to_medium_new_tyre_only,SAI,27,MEDIUM,new,tyre_only,S-H-M,2,1.323000,-2.151933,4.864411,0.320000,0.000000,1.337605,True,False,VSC,0.449416
monza_sai_lap27_to_hard_new_tyre_only,SAI,27,HARD,new,tyre_only,S-H-H,2,13.917959,4.514647,21.714223,0.014000,12.281057,1.315811,True,False,VSC,0.459542
monza_sai_lap28_to_soft_new_tyre_only,SAI,28,SOFT,new,tyre_only,S-H-S,2,-18.721787,-28.070380,-10.548735,0.996000,-20.181364,1.104475,True,False,VSC,0.478667
monza_sai_lap28_to_medium_new_tyre_only,SAI,28,MEDIUM,new,tyre_only,S-H-M,2,2.384755,-1.381761,5.837483,0.190000,0.994381,1.337605,True,False,VSC,0.486666
monza_sai_lap28_to_hard_new_tyre_only,SAI,28,HARD,new,tyre_only,S-H-H,2,14.532584,5.045733,22.304625,0.010000,12.859311,1.315811,True,False,VSC,0.475292
monza_sai_lap29_to_soft_new_tyre_only,SAI,29,SOFT,new,tyre_only,S-H-S,2,-17.534279,-26.284928,-9.497935,0.996000,-18.829303,1.104475,True,False,GREEN,0.476667
monza_sai_lap29_to_medium_new_tyre_only,SAI,29,MEDIUM,new,tyre_only,S-H-M,2,2.826739,-0.888932,6.362557,0.154000,1.461265,1.337605,True,False,GREEN,0.478208
monza_sai_lap29_to_hard_new_tyre_only,SAI,29,HARD,new,tyre_only,S-H-H,2,14.579821,5.086222,22.356937,0.008000,12.905571,1.315811,True,False,GREEN,0.479875
monza_sai_lap30_to_soft_new_tyre_only,SAI,30,SOFT,new,tyre_only,S-H-S,2,-16.143597,-24.406339,-8.391328,0.990000,-17.429663,1.104475,True,False,GREEN,0.476375
monza_sai_lap30_to_medium_new_tyre_only,SAI,30,MEDIUM,new,tyre_only,S-H-M,2,3.319813,-0.370010,7.068709,0.128000,1.978908,1.337605,True,False,GREEN,0.477500
monza_sai_lap30_to_hard_new_tyre_only,SAI,30,HARD,new,tyre_only,S-H-H,2,14.674296,5.167200,22.461562,0.008000,12.998092,1.315811,True,False,GREEN,0.474083
monza_sai_lap31_to_soft_new_tyre_only,SAI,31,SOFT,new,tyre_only,S-H-S,2,-14.713087,-22.958925,-7.022770,0.984000,-15.982443,1.104475,True,False,GREEN,0.476416
monza_sai_lap31_to_medium_new_tyre_only,SAI,31,MEDIUM,new,tyre_only,S-H-M,2,3.938002,0.176737,7.750317,0.094000,2.547309,1.337605,True,False,GREEN,0.481000
monza_sai_lap31_to_hard_new_tyre_only,SAI,31,HARD,new,tyre_only,S-H-H,2,14.816008,5.288668,22.610053,0.008000,13.136873,1.315811,True,False,GREEN,0.476125
monza_sai_lap32_to_soft_new_tyre_only,SAI,32,SOFT,new,tyre_only,S-H-S,2,-13.228103,-20.916607,-5.615181,0.978000,-14.487645,1.104475,True,False,GREEN,0.476250
monza_sai_lap32_to_medium_new_tyre_only,SAI,32,MEDIUM,new,tyre_only,S-H-M,2,4.559829,0.599345,8.546759,0.070000,3.166468,1.337605,True,False,GREEN,0.479166
monza_sai_lap32_to_hard_new_tyre_only,SAI,32,HARD,new,tyre_only,S-H-H,2,15.010295,5.450624,22.776928,0.006000,13.321914,1.315811,True,False,GREEN,0.476209
monza_sai_lap33_to_soft_new_tyre_only,SAI,33,SOFT,new,tyre_only,S-H-S,2,-11.809037,-19.302186,-4.077795,0.968000,-12.945267,1.104475,True,False,GREEN,0.474000
monza_sai_lap33_to_medium_new_tyre_only,SAI,33,MEDIUM,new,tyre_only,S-H-M,2,5.224663,1.127060,9.273245,0.058000,3.836385,1.337605,True,False,GREEN,0.478750
monza_sai_lap33_to_hard_new_tyre_only,SAI,33,HARD,new,tyre_only,S-H-H,2,15.246329,5.643388,22.985521,0.006000,13.553216,1.315811,True,False,GREEN,0.479333
monza_sai_lap34_to_soft_new_tyre_only,SAI,34,SOFT,new,tyre_only,S-H-S,2,-10.299437,-17.399527,-2.732760,0.952000,-11.355311,1.104475,True,False,GREEN,0.476625
monza_sai_lap34_to_medium_new_tyre_only,SAI,34,MEDIUM,new,tyre_only,S-H-M,2,5.942931,1.593091,10.240025,0.046000,4.557060,1.337605,True,False,GREEN,0.481750
monza_sai_lap34_to_hard_new_tyre_only,SAI,34,HARD,new,tyre_only,S-H-H,2,15.512691,5.826420,23.309256,0.006000,13.830778,1.315811,True,False,GREEN,0.474334
monza_sai_lap35_to_soft_new_tyre_only,SAI,35,SOFT,new,tyre_only,S-H-S,2,-8.598381,-15.570423,-1.188431,0.928000,-9.717775,1.104475,True,False,GREEN,0.475416
monza_sai_lap35_to_medium_new_tyre_only,SAI,35,MEDIUM,new,tyre_only,S-H-M,2,6.721439,2.226990,11.225256,0.036000,5.328493,1.337605,True,False,GREEN,0.478667
monza_sai_lap35_to_hard_new_tyre_only,SAI,35,HARD,new,tyre_only,S-H-H,2,15.827971,6.180707,23.706368,0.006000,14.154600,1.315811,True,False,GREEN,0.483542
monza_sai_lap36_to_soft_new_tyre_only,SAI,36,SOFT,new,tyre_only,S-H-S,2,-6.937888,-14.009993,0.488734,0.880000,-8.032659,1.104475,True,False,GREEN,0.479542
monza_sai_lap36_to_medium_new_tyre_only,SAI,36,MEDIUM,new,tyre_only,S-H-M,2,7.599454,2.727087,12.356890,0.022000,6.150684,1.337605,True,False,GREEN,0.497875
monza_sai_lap36_to_hard_new_tyre_only,SAI,36,HARD,new,tyre_only,S-H-H,2,16.169911,6.516417,24.158182,0.004000,14.524682,1.315811,True,False,GREEN,0.480458
monza_sai_lap37_to_soft_new_tyre_only,SAI,37,SOFT,new,tyre_only,S-H-S,2,-5.301461,-12.211549,2.126366,0.824000,-6.299965,1.104475,True,False,GREEN,0.496041
monza_sai_lap37_to_medium_new_tyre_only,SAI,37,MEDIUM,new,tyre_only,S-H-M,2,8.550276,3.377956,13.370233,0.020000,7.023633,1.337605,True,False,GREEN,0.485208
monza_sai_lap37_to_hard_new_tyre_only,SAI,37,HARD,new,tyre_only,S-H-H,2,16.600422,6.885587,24.664515,0.004000,14.941025,1.315811,True,False,GREEN,0.476250
monza_sai_lap38_to_soft_new_tyre_only,SAI,38,SOFT,new,tyre_only,S-H-M-S,3,5.967257,-2.035423,14.131368,0.152000,-17.025634,22.996208,True,False,GREEN,0.487208
monza_sai_lap38_to_medium_new_tyre_only,SAI,38,MEDIUM,new,tyre_only,S-H-M-M,3,18.625523,11.490809,25.578748,0.004000,-4.558602,23.229338,True,False,GREEN,0.462667
monza_sai_lap38_to_hard_new_tyre_only,SAI,38,HARD,new,tyre_only,S-H-M-H,3,26.060597,17.562757,34.550639,0.002000,2.897686,23.207543,True,False,GREEN,0.480208
monza_sai_lap39_to_soft_new_tyre_only,SAI,39,SOFT,new,tyre_only,S-H-M-S,3,6.654975,-1.275844,14.769151,0.136000,-16.255130,22.996208,True,False,GREEN,0.480459
monza_sai_lap39_to_medium_new_tyre_only,SAI,39,MEDIUM,new,tyre_only,S-H-M-M,3,18.539685,11.391902,25.488594,0.004000,-4.641486,23.229338,True,False,GREEN,0.474917
monza_sai_lap39_to_hard_new_tyre_only,SAI,39,HARD,new,tyre_only,S-H-M-H,3,25.533411,17.216576,34.004886,0.002000,2.349201,23.207543,True,False,GREEN,0.475417
monza_sai_lap40_to_soft_new_tyre_only,SAI,40,SOFT,new,tyre_only,S-H-M-S,3,7.416465,-0.227063,15.428085,0.106000,-15.432549,22.996208,True,False,GREEN,0.468417
monza_sai_lap40_to_medium_new_tyre_only,SAI,40,MEDIUM,new,tyre_only,S-H-M-M,3,18.511072,11.361622,25.459688,0.004000,-4.669114,23.229338,True,False,GREEN,0.476208
monza_sai_lap40_to_hard_new_tyre_only,SAI,40,HARD,new,tyre_only,S-H-M-H,3,24.881950,16.870378,33.199552,0.002000,1.851474,23.207543,True,False,GREEN,0.532708
monza_sai_lap41_to_soft_new_tyre_only,SAI,41,SOFT,new,tyre_only,S-H-M-S,3,8.385325,0.802969,16.198937,0.076000,-14.557891,22.996208,True,False,GREEN,0.474417
monza_sai_lap41_to_medium_new_tyre_only,SAI,41,MEDIUM,new,tyre_only,S-H-M-M,3,18.539685,11.391902,25.488594,0.004000,-4.641486,23.229338,True,False,GREEN,0.438416
monza_sai_lap41_to_hard_new_tyre_only,SAI,41,HARD,new,tyre_only,S-H-M-H,3,24.468977,16.482699,32.525907,0.002000,1.404504,23.207543,True,False,GREEN,0.425125
monza_sai_lap42_to_soft_new_tyre_only,SAI,42,SOFT,new,tyre_only,S-H-M-S,3,9.337593,1.894901,17.079989,0.056000,-13.631157,22.996208,True,False,GREEN,0.425708
monza_sai_lap42_to_medium_new_tyre_only,SAI,42,MEDIUM,new,tyre_only,S-H-M-M,3,18.625523,11.490809,25.578748,0.004000,-4.558602,23.229338,True,False,GREEN,0.441667
monza_sai_lap42_to_hard_new_tyre_only,SAI,42,HARD,new,tyre_only,S-H-M-H,3,24.172783,16.178586,32.037031,0.000000,1.008293,23.207543,True,False,GREEN,0.456709
monza_sai_lap43_to_soft_new_tyre_only,SAI,43,SOFT,new,tyre_only,S-H-M-S,3,10.430409,3.016866,17.937746,0.042000,-12.652345,22.996208,True,False,GREEN,0.449375
monza_sai_lap43_to_medium_new_tyre_only,SAI,43,MEDIUM,new,tyre_only,S-H-M-M,3,18.768587,11.627350,25.736280,0.004000,-4.420463,23.229338,True,False,GREEN,0.475042
monza_sai_lap43_to_hard_new_tyre_only,SAI,43,HARD,new,tyre_only,S-H-M-H,3,23.847121,15.940205,31.980909,0.000000,0.662840,23.207543,True,False,GREEN,0.458625
monza_sai_lap44_to_soft_new_tyre_only,SAI,44,SOFT,new,tyre_only,S-H-M-S,3,11.538952,4.094079,18.918512,0.030000,-11.621457,22.996208,True,False,GREEN,0.460625
monza_sai_lap44_to_medium_new_tyre_only,SAI,44,MEDIUM,new,tyre_only,S-H-M-M,3,18.956709,11.837812,25.952531,0.002000,-4.227067,23.229338,True,False,GREEN,0.486042
monza_sai_lap44_to_hard_new_tyre_only,SAI,44,HARD,new,tyre_only,S-H-M-H,3,23.682416,15.868796,31.454928,0.000000,0.368145,23.207543,True,False,GREEN,0.461208
monza_sai_lap45_to_soft_new_tyre_only,SAI,45,SOFT,new,tyre_only,S-H-M-S,3,12.643773,5.312623,19.851072,0.020000,-10.538492,22.996208,True,False,GREEN,0.456625
monza_sai_lap45_to_medium_new_tyre_only,SAI,45,MEDIUM,new,tyre_only,S-H-M-M,3,19.223944,12.095429,26.185100,0.002000,-3.978416,23.229338,True,False,GREEN,0.456500
monza_sai_lap45_to_hard_new_tyre_only,SAI,45,HARD,new,tyre_only,S-H-M-H,3,23.408141,15.613452,31.115646,0.000000,0.124207,23.207543,True,False,GREEN,0.454417
monza_sai_lap46_to_soft_new_tyre_only,SAI,46,SOFT,new,tyre_only,S-H-M-S,3,13.724499,6.538914,20.793206,0.014000,-9.403449,22.996208,True,False,GREEN,0.455416
monza_sai_lap46_to_medium_new_tyre_only,SAI,46,MEDIUM,new,tyre_only,S-H-M-M,3,19.544892,12.417790,26.470633,0.002000,-3.674510,23.229338,True,False,GREEN,0.453875
monza_sai_lap46_to_hard_new_tyre_only,SAI,46,HARD,new,tyre_only,S-H-M-H,3,23.211136,15.579342,30.574325,0.000000,-0.068972,23.207543,True,False,GREEN,0.454625
monza_sai_lap47_to_soft_new_tyre_only,SAI,47,SOFT,new,tyre_only,S-H-M-S,3,14.937451,7.815106,21.844962,0.006000,-8.216330,22.996208,True,False,GREEN,0.455292
monza_sai_lap47_to_medium_new_tyre_only,SAI,47,MEDIUM,new,tyre_only,S-H-M-M,3,19.902800,12.800101,26.863422,0.002000,-3.315347,23.229338,True,False,GREEN,0.453750
monza_sai_lap47_to_hard_new_tyre_only,SAI,47,HARD,new,tyre_only,S-H-M-H,3,22.972832,15.544608,30.274715,0.000000,-0.211393,23.207543,True,False,GREEN,0.459334
monza_sai_lap48_to_soft_new_tyre_only,SAI,48,SOFT,new,tyre_only,S-H-M-S,3,16.181510,9.126699,22.954758,0.006000,-6.977134,22.996208,True,False,GREEN,0.457375
monza_sai_lap48_to_medium_new_tyre_only,SAI,48,MEDIUM,new,tyre_only,S-H-M-M,3,20.325598,13.245422,27.327700,0.002000,-2.900929,23.229338,True,False,GREEN,0.463750
monza_sai_lap48_to_hard_new_tyre_only,SAI,48,HARD,new,tyre_only,S-H-M-H,3,22.867611,15.595849,30.094925,0.000000,-0.303056,23.207543,True,False,GREEN,0.485209
monza_sai_lap49_to_soft_new_tyre_only,SAI,49,SOFT,new,tyre_only,S-H-M-S,3,17.353987,10.476626,24.141743,0.006000,-5.685861,22.996208,True,False,GREEN,0.461958
monza_sai_lap49_to_medium_new_tyre_only,SAI,49,MEDIUM,new,tyre_only,S-H-M-M,3,20.773532,13.729334,27.803349,0.002000,-2.431254,23.229338,True,False,GREEN,0.470083
monza_sai_lap49_to_hard_new_tyre_only,SAI,49,HARD,new,tyre_only,S-H-M-H,3,22.859172,15.560280,30.086869,0.000000,-0.343961,23.207543,True,False,GREEN,0.481708
monza_sai_lap50_to_soft_new_tyre_only,SAI,50,SOFT,new,tyre_only,S-H-M-S,3,18.664037,11.779294,25.568973,0.006000,-4.342511,22.996208,True,False,GREEN,0.637083
monza_sai_lap50_to_medium_new_tyre_only,SAI,50,MEDIUM,new,tyre_only,S-H-M-M,3,21.268295,14.310449,28.326029,0.002000,-1.906325,23.229338,True,False,GREEN,0.547208
monza_sai_lap50_to_hard_new_tyre_only,SAI,50,HARD,new,tyre_only,S-H-M-H,3,22.816779,15.538666,30.075196,0.000000,-0.334108,23.207543,True,False,GREEN,0.492041
monza_sai_lap51_to_soft_new_tyre_only,SAI,51,SOFT,new,tyre_only,S-H-M-S,3,20.232038,13.246249,27.139158,0.002000,-2.947084,23.257869,True,False,GREEN,0.474042
monza_sai_lap51_to_medium_new_tyre_only,SAI,51,MEDIUM,new,tyre_only,S-H-M-M,3,22.084203,15.146148,29.070207,0.000000,-1.326139,23.428212,True,False,GREEN,0.487125
monza_sai_lap51_to_hard_new_tyre_only,SAI,51,HARD,new,tyre_only,S-H-M-H,3,22.911811,15.800411,30.177184,0.000000,-0.273496,23.253332,True,False,GREEN,0.550875
monza_sai_lap52_to_soft_new_tyre_only,SAI,52,SOFT,new,tyre_only,S-H-M-S,3,21.733194,14.911073,28.847065,0.000000,-1.499581,23.374958,True,False,GREEN,0.464167
monza_sai_lap52_to_medium_new_tyre_only,SAI,52,MEDIUM,new,tyre_only,S-H-M-M,3,22.532814,15.787979,29.605099,0.000000,-0.690697,23.374958,True,False,GREEN,0.457875
monza_sai_lap52_to_hard_new_tyre_only,SAI,52,HARD,new,tyre_only,S-H-M-H,3,23.083408,16.213680,30.179511,0.000000,-0.162127,23.374958,True,False,GREEN,0.491375
monza_str_lap2_to_soft_new_tyre_only,STR,2,SOFT,new,tyre_only,S-S,1,-30.716996,-38.533815,-23.937395,1.000000,-30.913141,0.000000,True,True,YELLOW,2.759292
monza_str_lap2_to_medium_new_tyre_only,STR,2,MEDIUM,new,tyre_only,S-M,1,-10.865886,-17.820047,-3.330370,0.978000,-10.687639,0.000000,True,True,YELLOW,0.471917
monza_str_lap2_to_hard_new_tyre_only,STR,2,HARD,new,tyre_only,S-H,1,0.000000,0.000000,0.000000,0.000000,0.000000,0.000000,True,True,YELLOW,0.440875
monza_str_lap3_to_soft_new_tyre_only,STR,3,SOFT,new,tyre_only,S-H-S,2,-29.921749,-37.212790,-23.651933,1.000000,-30.139034,0.000000,True,True,RED,0.469125
monza_str_lap3_to_medium_new_tyre_only,STR,3,MEDIUM,new,tyre_only,S-H-M,2,-10.960609,-17.605899,-3.780296,0.984000,-10.790324,0.000000,True,True,RED,0.472292
monza_str_lap3_to_hard_new_tyre_only,STR,3,HARD,new,tyre_only,S-H-H,2,0.022303,0.018259,0.026197,0.000000,0.022167,0.000000,True,True,RED,0.471584
monza_str_lap4_to_soft_new_tyre_only,STR,4,SOFT,new,tyre_only,S-H-S,2,-29.093202,-35.944215,-23.204770,1.000000,-29.318309,0.000000,True,True,RED,0.464875
monza_str_lap4_to_medium_new_tyre_only,STR,4,MEDIUM,new,tyre_only,S-H-M,2,-11.057760,-17.369837,-4.179005,0.992000,-10.843429,0.000000,True,True,RED,0.461625
monza_str_lap4_to_hard_new_tyre_only,STR,4,HARD,new,tyre_only,S-H-H,2,-0.446050,-0.523938,-0.365175,1.000000,-0.443334,0.000000,True,True,RED,0.457667
monza_str_lap5_to_soft_new_tyre_only,STR,5,SOFT,new,tyre_only,S-H-S,2,-28.199721,-34.597475,-22.633459,1.000000,-28.450966,0.000000,True,True,RED,0.459958
monza_str_lap5_to_medium_new_tyre_only,STR,5,MEDIUM,new,tyre_only,S-H-M,2,-11.071456,-17.065305,-4.494360,0.992000,-10.846954,0.000000,True,True,RED,0.457250
monza_str_lap5_to_hard_new_tyre_only,STR,5,HARD,new,tyre_only,S-H-H,2,-0.869798,-1.021679,-0.712091,1.000000,-0.864500,0.000000,True,True,RED,0.455459
monza_str_lap6_to_soft_new_tyre_only,STR,6,SOFT,new,tyre_only,S-H-S,2,-5.863416,-12.768447,1.086656,0.860000,-27.537004,21.658602,True,False,YELLOW,0.456292
monza_str_lap6_to_medium_new_tyre_only,STR,6,MEDIUM,new,tyre_only,S-H-M,2,10.956428,4.060176,17.832922,0.014000,-10.800898,21.891733,True,False,YELLOW,0.470458
monza_str_lap6_to_hard_new_tyre_only,STR,6,HARD,new,tyre_only,S-H-H,2,20.598809,17.016667,24.123209,0.000000,-1.241334,21.869938,True,False,YELLOW,0.461333
monza_str_lap7_to_soft_new_tyre_only,STR,7,SOFT,new,tyre_only,S-H-S,2,-4.753867,-11.530855,1.805988,0.830000,-26.576425,21.658602,True,False,GREEN,0.451917
monza_str_lap7_to_medium_new_tyre_only,STR,7,MEDIUM,new,tyre_only,S-H-M,2,11.086756,4.455186,17.743680,0.008000,-10.705263,21.891733,True,False,GREEN,0.455583
monza_str_lap7_to_hard_new_tyre_only,STR,7,HARD,new,tyre_only,S-H-H,2,20.247877,16.679710,23.799083,0.000000,-1.573834,21.869938,True,False,GREEN,0.454958
monza_str_lap8_to_soft_new_tyre_only,STR,8,SOFT,new,tyre_only,S-H-S,2,-3.750304,-10.238293,2.489568,0.792000,-25.569228,21.658602,True,False,GREEN,0.453167
monza_str_lap8_to_medium_new_tyre_only,STR,8,MEDIUM,new,tyre_only,S-H-M,2,11.250961,4.901503,17.695937,0.004000,-10.560048,21.891733,True,False,GREEN,0.452625
monza_str_lap8_to_hard_new_tyre_only,STR,8,HARD,new,tyre_only,S-H-H,2,19.972987,16.364091,23.511838,0.000000,-1.862001,21.869938,True,False,GREEN,0.454750
monza_str_lap9_to_soft_new_tyre_only,STR,9,SOFT,new,tyre_only,S-H-S,2,-2.629191,-8.907855,3.223475,0.726000,-24.515413,21.658602,True,False,GREEN,0.458958
monza_str_lap9_to_medium_new_tyre_only,STR,9,MEDIUM,new,tyre_only,S-H-M,2,11.451252,5.328603,17.689005,0.000000,-10.365253,21.891733,True,False,GREEN,0.450292
monza_str_lap9_to_hard_new_tyre_only,STR,9,HARD,new,tyre_only,S-H-H,2,19.719431,16.115594,23.290580,0.000000,-2.105834,21.869938,True,False,GREEN,0.453166
monza_str_lap10_to_soft_new_tyre_only,STR,10,SOFT,new,tyre_only,S-H-S,2,-1.542584,-7.591530,3.960776,0.636000,-23.414979,21.658602,True,False,GREEN,0.451709
monza_str_lap10_to_medium_new_tyre_only,STR,10,MEDIUM,new,tyre_only,S-H-M,2,11.664312,5.841033,17.618495,0.000000,-10.120878,21.891733,True,False,GREEN,0.450709
monza_str_lap10_to_hard_new_tyre_only,STR,10,HARD,new,tyre_only,S-H-H,2,19.509688,15.936420,23.104375,0.000000,-2.305335,21.869938,True,False,GREEN,0.461333
monza_str_lap11_to_soft_new_tyre_only,STR,11,SOFT,new,tyre_only,S-H-S,2,-0.402292,-6.152212,4.906014,0.528000,-22.267928,21.658602,True,False,GREEN,0.452625
monza_str_lap11_to_medium_new_tyre_only,STR,11,MEDIUM,new,tyre_only,S-H-M,2,11.928306,6.421297,17.624872,0.000000,-9.826923,21.891733,True,False,GREEN,0.459542
monza_str_lap11_to_hard_new_tyre_only,STR,11,HARD,new,tyre_only,S-H-H,2,19.334334,15.797063,22.959070,0.000000,-2.460501,21.869938,True,False,GREEN,0.451500
monza_str_lap12_to_soft_new_tyre_only,STR,12,SOFT,new,tyre_only,S-H-S,2,0.754403,-4.711180,5.795521,0.436000,-21.074259,21.658602,True,False,GREEN,0.472583
monza_str_lap12_to_medium_new_tyre_only,STR,12,MEDIUM,new,tyre_only,S-H-M,2,12.267688,6.811547,17.658284,0.000000,-9.483388,21.891733,True,False,GREEN,0.455625
monza_str_lap12_to_hard_new_tyre_only,STR,12,HARD,new,tyre_only,S-H-H,2,19.236829,15.697522,22.852456,0.000000,-2.571335,21.869938,True,False,GREEN,0.457500
monza_str_lap13_to_soft_new_tyre_only,STR,13,SOFT,new,tyre_only,S-H-S,2,1.993470,-3.316226,6.909428,0.334000,-19.833972,21.658602,True,False,GREEN,0.456959
monza_str_lap13_to_medium_new_tyre_only,STR,13,MEDIUM,new,tyre_only,S-H-M,2,12.659698,7.323146,17.836675,0.000000,-9.090273,21.891733,True,False,GREEN,0.481292
monza_str_lap13_to_hard_new_tyre_only,STR,13,HARD,new,tyre_only,S-H-H,2,19.178276,15.637797,22.788487,0.000000,-2.637835,21.869938,True,False,GREEN,0.461083
monza_str_lap14_to_soft_new_tyre_only,STR,14,SOFT,new,tyre_only,S-H-S,2,3.221981,-1.893293,8.009522,0.212000,-18.547067,21.658602,True,False,GREEN,0.471125
monza_str_lap14_to_medium_new_tyre_only,STR,14,MEDIUM,new,tyre_only,S-H-M,2,13.095941,8.108938,18.154254,0.000000,-8.647578,21.891733,True,False,GREEN,0.478167
monza_str_lap14_to_hard_new_tyre_only,STR,14,HARD,new,tyre_only,S-H-H,2,19.154821,15.614337,22.768402,0.000000,-2.660001,21.869938,True,False,GREEN,0.450458
monza_str_lap15_to_soft_new_tyre_only,STR,15,SOFT,new,tyre_only,S-H-S,2,4.562543,-0.248484,9.201277,0.118000,-17.213543,21.658602,True,False,GREEN,0.447583
monza_str_lap15_to_medium_new_tyre_only,STR,15,MEDIUM,new,tyre_only,S-H-M,2,13.669660,8.780622,18.517018,0.000000,-8.155303,21.891733,True,False,GREEN,0.462666
monza_str_lap15_to_hard_new_tyre_only,STR,15,HARD,new,tyre_only,S-H-H,2,19.178276,15.637797,22.788487,0.000000,-2.637835,21.869938,True,False,GREEN,0.450000
monza_str_lap16_to_soft_new_tyre_only,STR,16,SOFT,new,tyre_only,S-H-S,2,5.930696,1.312849,10.405021,0.052000,-15.833402,21.658602,True,False,GREEN,0.451209
monza_str_lap16_to_medium_new_tyre_only,STR,16,MEDIUM,new,tyre_only,S-H-M,2,14.204763,9.610088,18.783842,0.000000,-7.613448,21.891733,True,False,GREEN,0.482542
monza_str_lap16_to_hard_new_tyre_only,STR,16,HARD,new,tyre_only,S-H-H,2,19.236829,15.697522,22.852456,0.000000,-2.571335,21.869938,True,False,GREEN,0.448334
monza_str_lap17_to_soft_new_tyre_only,STR,17,SOFT,new,tyre_only,S-H-S,2,7.330555,2.918430,11.709431,0.024000,-14.406643,21.658602,True,False,GREEN,0.473041
monza_str_lap17_to_medium_new_tyre_only,STR,17,MEDIUM,new,tyre_only,S-H-M,2,14.816286,10.351480,19.215700,0.000000,-7.022013,21.891733,True,False,GREEN,0.455333
monza_str_lap17_to_hard_new_tyre_only,STR,17,HARD,new,tyre_only,S-H-H,2,19.334334,15.797063,22.959070,0.000000,-2.460501,21.869938,True,False,GREEN,0.550584
monza_str_lap18_to_soft_new_tyre_only,STR,18,SOFT,new,tyre_only,S-H-S,2,8.820501,4.532023,12.986530,0.006000,-12.933266,21.658602,True,False,GREEN,0.474625
monza_str_lap18_to_medium_new_tyre_only,STR,18,MEDIUM,new,tyre_only,S-H-M,2,15.472152,11.347450,19.733580,0.000000,-6.380998,21.891733,True,False,GREEN,0.456459
monza_str_lap18_to_hard_new_tyre_only,STR,18,HARD,new,tyre_only,S-H-H,2,19.509688,15.936420,23.104375,0.000000,-2.305335,21.869938,True,False,GREEN,0.449708
monza_str_lap19_to_soft_new_tyre_only,STR,19,SOFT,new,tyre_only,S-H-S,2,10.350626,6.243520,14.375647,0.002000,-11.413270,21.658602,True,False,GREEN,0.448125
monza_str_lap19_to_medium_new_tyre_only,STR,19,MEDIUM,new,tyre_only,S-H-M,2,16.162880,12.271534,20.275660,0.000000,-5.690403,21.891733,True,False,GREEN,0.460083
monza_str_lap19_to_hard_new_tyre_only,STR,19,HARD,new,tyre_only,S-H-H,2,19.719431,16.115594,23.290580,0.000000,-2.105834,21.869938,True,False,GREEN,0.450750
monza_str_lap20_to_soft_new_tyre_only,STR,20,SOFT,new,tyre_only,S-H-S,2,11.894228,8.011733,15.825746,0.000000,-9.846657,21.658602,True,False,GREEN,0.449958
monza_str_lap20_to_medium_new_tyre_only,STR,20,MEDIUM,new,tyre_only,S-H-M,2,16.917382,13.087523,20.938683,0.000000,-4.950229,21.891733,True,False,GREEN,0.447084
monza_str_lap20_to_hard_new_tyre_only,STR,20,HARD,new,tyre_only,S-H-H,2,19.972987,16.364091,23.511838,0.000000,-1.862001,21.869938,True,False,GREEN,0.449334
monza_str_lap21_to_soft_new_tyre_only,STR,21,SOFT,new,tyre_only,S-H-S,2,13.352604,9.648031,17.326229,0.000000,-8.233426,21.658602,True,False,GREEN,0.445333
monza_str_lap21_to_medium_new_tyre_only,STR,21,MEDIUM,new,tyre_only,S-H-M,2,17.700074,14.053906,21.595504,0.000000,-4.160474,21.891733,True,False,GREEN,0.449625
monza_str_lap21_to_hard_new_tyre_only,STR,21,HARD,new,tyre_only,S-H-H,2,20.247877,16.679710,23.799083,0.000000,-1.573834,21.869938,True,False,GREEN,0.459042
monza_str_lap22_to_soft_new_tyre_only,STR,22,SOFT,new,tyre_only,S-H-S,2,15.017147,11.329517,18.915426,0.000000,-6.573577,21.658602,True,False,GREEN,0.448834
monza_str_lap22_to_medium_new_tyre_only,STR,22,MEDIUM,new,tyre_only,S-H-M,2,18.567587,15.019517,22.192856,0.000000,-3.321139,21.891733,True,False,GREEN,0.449458
monza_str_lap22_to_hard_new_tyre_only,STR,22,HARD,new,tyre_only,S-H-H,2,20.598809,17.016667,24.123209,0.000000,-1.241334,21.869938,True,False,GREEN,0.447125
monza_str_lap23_to_soft_new_tyre_only,STR,23,SOFT,new,tyre_only,S-H-S,2,16.681025,13.046453,20.535383,0.000000,-4.867109,21.658602,True,False,GREEN,0.446417
monza_str_lap23_to_medium_new_tyre_only,STR,23,MEDIUM,new,tyre_only,S-H-M,2,19.433447,15.940242,23.029588,0.000000,-2.432224,21.891733,True,False,GREEN,0.449708
monza_str_lap23_to_hard_new_tyre_only,STR,23,HARD,new,tyre_only,S-H-H,2,20.981880,17.443360,24.516543,0.000000,-0.864500,21.869938,True,False,GREEN,0.447792
monza_str_lap24_to_soft_new_tyre_only,STR,24,SOFT,new,tyre_only,S-H-S,2,18.765724,15.250822,22.269886,0.000000,-3.114024,21.920263,True,False,GREEN,0.448250
monza_str_lap24_to_medium_new_tyre_only,STR,24,MEDIUM,new,tyre_only,S-H-M,2,20.527804,17.232265,24.170266,0.000000,-1.493729,22.090607,True,False,GREEN,0.445833
monza_str_lap24_to_hard_new_tyre_only,STR,24,HARD,new,tyre_only,S-H-H,2,21.467741,18.042725,25.133846,0.000000,-0.443334,21.915726,True,False,GREEN,0.452417
monza_str_lap25_to_soft_new_tyre_only,STR,25,SOFT,new,tyre_only,S-H-S,2,20.653010,17.331788,24.201024,0.000000,-1.314321,22.037352,True,False,GREEN,0.444333
monza_str_lap25_to_medium_new_tyre_only,STR,25,MEDIUM,new,tyre_only,S-H-M,2,21.474982,18.243145,25.066166,0.000000,-0.505654,22.037352,True,False,GREEN,0.453417
monza_str_lap25_to_hard_new_tyre_only,STR,25,HARD,new,tyre_only,S-H-H,2,21.932769,18.629247,25.526012,0.000000,0.022167,22.037352,True,False,GREEN,0.448833
monza_tsu_lap2_to_soft_new_tyre_only,TSU,2,SOFT,new,tyre_only,H-S,1,-38.023419,-69.445133,-12.305843,0.968000,-39.286650,0.000000,False,True,YELLOW,2.703042
monza_tsu_lap2_to_medium_new_tyre_only,TSU,2,MEDIUM,new,tyre_only,H-M,1,0.000000,0.000000,0.000000,0.000000,0.000000,0.000000,True,True,YELLOW,0.507291
monza_tsu_lap2_to_hard_new_tyre_only,TSU,2,HARD,new,tyre_only,H-H,1,27.526756,10.037902,43.551168,0.014000,27.246876,0.000000,False,True,YELLOW,0.491791
monza_tsu_lap3_to_soft_new_tyre_only,TSU,3,SOFT,new,tyre_only,H-M-S,2,-38.493503,-68.684222,-13.824474,0.968000,-39.703718,0.000000,False,True,RED,0.504959
monza_tsu_lap3_to_medium_new_tyre_only,TSU,3,MEDIUM,new,tyre_only,H-M-M,2,0.024137,0.019255,0.029093,0.000000,0.024009,0.000000,True,True,RED,0.458375
monza_tsu_lap3_to_hard_new_tyre_only,TSU,3,HARD,new,tyre_only,H-M-H,2,25.796724,8.688938,41.507043,0.020000,25.558107,0.000000,True,True,RED,0.483417
monza_tsu_lap4_to_soft_new_tyre_only,TSU,4,SOFT,new,tyre_only,H-M-S,2,-38.919400,-68.149134,-15.183721,0.974000,-40.072330,0.000000,False,True,RED,0.484250
monza_tsu_lap4_to_medium_new_tyre_only,TSU,4,MEDIUM,new,tyre_only,H-M-M,2,-1.134438,-1.367355,-0.904963,1.000000,-1.128444,0.000000,True,True,RED,0.480708
monza_tsu_lap4_to_hard_new_tyre_only,TSU,4,HARD,new,tyre_only,H-M-H,2,24.101476,7.373264,39.645876,0.026000,23.916479,0.000000,True,True,RED,0.477500
monza_tsu_lap5_to_soft_new_tyre_only,TSU,5,SOFT,new,tyre_only,H-M-S,2,-39.327608,-67.580297,-16.246381,0.984000,-40.392486,0.000000,False,True,RED,0.476291
monza_tsu_lap5_to_medium_new_tyre_only,TSU,5,MEDIUM,new,tyre_only,H-M-M,2,-2.244738,-2.705617,-1.790672,1.000000,-2.232879,0.000000,True,True,RED,0.478375
monza_tsu_lap5_to_hard_new_tyre_only,TSU,5,HARD,new,tyre_only,H-M-H,2,22.430391,6.099374,37.713192,0.034000,22.321993,0.000000,True,True,RED,0.482708
monza_tsu_lap6_to_soft_new_tyre_only,TSU,6,SOFT,new,tyre_only,H-M-S,2,-17.366953,-44.685871,4.643757,0.844000,-40.664185,21.658602,False,False,YELLOW,0.481250
monza_tsu_lap6_to_medium_new_tyre_only,TSU,6,MEDIUM,new,tyre_only,H-M-M,2,18.517788,15.088561,22.131271,0.000000,-3.289295,21.891733,True,False,YELLOW,0.478875
monza_tsu_lap6_to_hard_new_tyre_only,TSU,6,HARD,new,tyre_only,H-M-H,2,43.138594,25.604233,57.833264,0.000000,20.774647,21.869938,True,False,YELLOW,0.475791
monza_tsu_lap7_to_soft_new_tyre_only,TSU,7,SOFT,new,tyre_only,H-M-S,2,-17.684072,-43.869530,3.522999,0.860000,-40.887429,21.658602,False,False,GREEN,0.479333
monza_tsu_lap7_to_medium_new_tyre_only,TSU,7,MEDIUM,new,tyre_only,H-M-M,2,17.509807,13.989626,21.296394,0.000000,-4.297692,21.891733,True,False,GREEN,0.477167
monza_tsu_lap7_to_hard_new_tyre_only,TSU,7,HARD,new,tyre_only,H-M-H,2,41.598380,24.367617,56.014695,0.000000,19.274443,21.869938,True,False,GREEN,0.474000
monza_tsu_lap8_to_soft_new_tyre_only,TSU,8,SOFT,new,tyre_only,H-M-S,2,-17.929946,-43.104860,2.632666,0.864000,-41.062216,21.658602,False,False,GREEN,0.479417
monza_tsu_lap8_to_medium_new_tyre_only,TSU,8,MEDIUM,new,tyre_only,H-M-M,2,16.583953,13.051782,20.431344,0.000000,-5.258070,21.891733,True,False,GREEN,0.475000
monza_tsu_lap8_to_hard_new_tyre_only,TSU,8,HARD,new,tyre_only,H-M-H,2,40.044412,23.353734,54.194702,0.000000,17.821379,21.869938,True,False,GREEN,0.472709
monza_tsu_lap9_to_soft_new_tyre_only,TSU,9,SOFT,new,tyre_only,H-M-S,2,-18.201389,-42.396506,1.691012,0.868000,-41.188547,21.658602,False,False,GREEN,0.502750
monza_tsu_lap9_to_medium_new_tyre_only,TSU,9,MEDIUM,new,tyre_only,H-M-M,2,15.672688,12.175328,19.580217,0.000000,-6.170429,21.891733,True,False,GREEN,0.478625
monza_tsu_lap9_to_hard_new_tyre_only,TSU,9,HARD,new,tyre_only,H-M-H,2,38.506116,22.279320,52.405220,0.000000,16.415457,21.869938,True,False,GREEN,0.475833
monza_tsu_lap10_to_soft_new_tyre_only,TSU,10,SOFT,new,tyre_only,H-M-S,2,-18.332700,-41.695419,0.778775,0.880000,-41.266422,21.658602,False,False,GREEN,0.513625
monza_tsu_lap10_to_medium_new_tyre_only,TSU,10,MEDIUM,new,tyre_only,H-M-M,2,14.857477,11.293253,18.888062,0.000000,-7.034769,21.891733,True,False,GREEN,0.474250
monza_tsu_lap10_to_hard_new_tyre_only,TSU,10,HARD,new,tyre_only,H-M-H,2,37.046679,21.253533,50.657321,0.002000,15.056675,21.869938,True,False,GREEN,0.470542
monza_tsu_lap11_to_soft_new_tyre_only,TSU,11,SOFT,new,tyre_only,H-M-S,2,-18.433441,-41.023222,0.037940,0.898000,-41.295841,21.658602,False,False,GREEN,0.472791
monza_tsu_lap11_to_medium_new_tyre_only,TSU,11,MEDIUM,new,tyre_only,H-M-M,2,14.026182,10.404589,18.047864,0.000000,-7.851091,21.891733,True,False,GREEN,0.480875
monza_tsu_lap11_to_hard_new_tyre_only,TSU,11,HARD,new,tyre_only,H-M-H,2,35.691788,20.446907,48.972870,0.002000,13.745034,21.869938,True,False,GREEN,0.471625
monza_tsu_lap12_to_soft_new_tyre_only,TSU,12,SOFT,new,tyre_only,H-M-S,2,-18.581519,-40.422218,-0.705534,0.914000,-41.276803,21.658602,False,False,GREEN,0.474000
monza_tsu_lap12_to_medium_new_tyre_only,TSU,12,MEDIUM,new,tyre_only,H-M-M,2,13.293591,9.528674,17.411878,0.000000,-8.619393,21.891733,True,False,GREEN,0.477333
monza_tsu_lap12_to_hard_new_tyre_only,TSU,12,HARD,new,tyre_only,H-M-H,2,34.420158,19.572919,47.400778,0.002000,12.480535,21.869938,True,False,GREEN,0.476750
monza_tsu_lap13_to_soft_new_tyre_only,TSU,13,SOFT,new,tyre_only,H-M-S,2,-18.614884,-39.531153,-1.383911,0.920000,-41.209310,21.658602,False,False,GREEN,0.476291
monza_tsu_lap13_to_medium_new_tyre_only,TSU,13,MEDIUM,new,tyre_only,H-M-M,2,12.539468,8.700548,16.746406,0.000000,-9.339677,21.891733,True,False,GREEN,0.479167
monza_tsu_lap13_to_hard_new_tyre_only,TSU,13,HARD,new,tyre_only,H-M-H,2,33.198983,18.758436,45.823674,0.002000,11.263177,21.869938,True,False,GREEN,0.470250
monza_tsu_lap14_to_soft_new_tyre_only,TSU,14,SOFT,new,tyre_only,H-M-S,2,-18.560784,-38.517053,-1.992595,0.928000,-41.093360,21.658602,False,False,GREEN,0.480584
monza_tsu_lap14_to_medium_new_tyre_only,TSU,14,MEDIUM,new,tyre_only,H-M-M,2,11.871147,7.876852,16.098166,0.000000,-10.011941,21.891733,True,False,GREEN,0.473333
monza_tsu_lap14_to_hard_new_tyre_only,TSU,14,HARD,new,tyre_only,H-M-H,2,32.030580,17.935575,44.373830,0.002000,10.092959,21.869938,True,False,GREEN,0.473584
monza_tsu_lap15_to_soft_new_tyre_only,TSU,15,SOFT,new,tyre_only,H-M-S,2,-18.467723,-37.583219,-2.460709,0.932000,-40.928954,21.658602,False,False,GREEN,0.473625
monza_tsu_lap15_to_medium_new_tyre_only,TSU,15,MEDIUM,new,tyre_only,H-M-M,2,11.259329,7.125462,15.461609,0.002000,-10.636187,21.891733,True,False,GREEN,0.476917
monza_tsu_lap15_to_hard_new_tyre_only,TSU,15,HARD,new,tyre_only,H-M-H,2,30.880502,17.144736,43.032848,0.002000,8.969883,21.869938,True,False,GREEN,0.485000
monza_tsu_lap16_to_soft_new_tyre_only,TSU,16,SOFT,new,tyre_only,H-M-S,2,-18.297084,-36.634076,-2.757129,0.934000,-40.716092,21.658602,False,False,GREEN,0.484375
monza_tsu_lap16_to_medium_new_tyre_only,TSU,16,MEDIUM,new,tyre_only,H-M-M,2,10.681339,6.546127,14.955765,0.004000,-11.212414,21.891733,True,False,GREEN,0.485333
monza_tsu_lap16_to_hard_new_tyre_only,TSU,16,HARD,new,tyre_only,H-M-H,2,29.805464,16.406275,41.593222,0.002000,7.893947,21.869938,True,False,GREEN,0.500958
monza_tsu_lap17_to_soft_new_tyre_only,TSU,17,SOFT,new,tyre_only,H-M-S,2,-18.128197,-35.644887,-3.085352,0.938000,-40.454774,21.658602,False,False,GREEN,0.490125
monza_tsu_lap17_to_medium_new_tyre_only,TSU,17,MEDIUM,new,tyre_only,H-M-M,2,10.111036,5.896239,14.439617,0.004000,-11.740622,21.891733,True,False,GREEN,0.530750
monza_tsu_lap17_to_hard_new_tyre_only,TSU,17,HARD,new,tyre_only,H-M-H,2,28.712062,15.604760,40.301794,0.002000,6.865153,21.869938,True,False,GREEN,0.480042
monza_tsu_lap18_to_soft_new_tyre_only,TSU,18,SOFT,new,tyre_only,H-M-S,2,-18.014408,-34.569800,-3.453642,0.946000,-40.144999,21.658602,False,False,GREEN,0.489042
monza_tsu_lap18_to_medium_new_tyre_only,TSU,18,MEDIUM,new,tyre_only,H-M-M,2,9.610807,5.374265,13.996910,0.006000,-12.220811,21.891733,True,False,GREEN,0.475208
monza_tsu_lap18_to_hard_new_tyre_only,TSU,18,HARD,new,tyre_only,H-M-H,2,27.746716,14.857981,39.059341,0.002000,5.883500,21.869938,True,False,GREEN,0.470917
monza_tsu_lap19_to_soft_new_tyre_only,TSU,19,SOFT,new,tyre_only,H-M-S,2,-17.625825,-33.523364,-3.702100,0.948000,-39.786769,21.658602,False,False,GREEN,0.470416
monza_tsu_lap19_to_medium_new_tyre_only,TSU,19,MEDIUM,new,tyre_only,H-M-M,2,9.163269,4.931335,13.655146,0.008000,-12.652981,21.891733,True,False,GREEN,0.504666
monza_tsu_lap19_to_hard_new_tyre_only,TSU,19,HARD,new,tyre_only,H-M-H,2,26.838459,14.185249,37.834819,0.002000,4.948988,21.869938,True,False,GREEN,0.485458
monza_tsu_lap20_to_soft_new_tyre_only,TSU,20,SOFT,new,tyre_only,H-M-S,2,-17.199263,-32.360373,-3.928784,0.952000,-39.380082,21.658602,False,False,GREEN,0.492709
monza_tsu_lap20_to_medium_new_tyre_only,TSU,20,MEDIUM,new,tyre_only,H-M-M,2,8.777383,4.537587,13.367289,0.008000,-13.037132,21.891733,True,False,GREEN,0.482459
monza_tsu_lap20_to_hard_new_tyre_only,TSU,20,HARD,new,tyre_only,H-M-H,2,26.019694,13.657082,36.608489,0.002000,4.061616,21.869938,True,False,GREEN,0.494791
monza_tsu_lap21_to_soft_new_tyre_only,TSU,21,SOFT,new,tyre_only,H-M-S,2,-16.693631,-31.183254,-4.094276,0.954000,-38.924939,21.658602,False,False,GREEN,0.517250
monza_tsu_lap21_to_medium_new_tyre_only,TSU,21,MEDIUM,new,tyre_only,H-M-M,2,8.449021,4.175639,13.032718,0.010000,-13.373264,21.891733,True,False,GREEN,0.587875
monza_tsu_lap21_to_hard_new_tyre_only,TSU,21,HARD,new,tyre_only,H-M-H,2,25.225133,13.101811,35.477982,0.002000,3.221386,21.869938,True,False,GREEN,0.475916
monza_tsu_lap22_to_soft_new_tyre_only,TSU,22,SOFT,new,tyre_only,H-M-S,2,-16.133234,-30.071565,-4.232150,0.956000,-38.421340,21.658602,False,False,GREEN,0.473500
monza_tsu_lap22_to_medium_new_tyre_only,TSU,22,MEDIUM,new,tyre_only,H-M-M,2,8.177242,3.842054,12.785662,0.014000,-13.661378,21.891733,True,False,GREEN,0.469875
monza_tsu_lap22_to_hard_new_tyre_only,TSU,22,HARD,new,tyre_only,H-M-H,2,24.509228,12.648921,34.369219,0.002000,2.428297,21.869938,True,False,GREEN,0.492125
monza_tsu_lap23_to_soft_new_tyre_only,TSU,23,SOFT,new,tyre_only,H-M-S,2,-15.678612,-28.929261,-4.268246,0.958000,-37.869285,21.658602,False,False,GREEN,0.486042
monza_tsu_lap23_to_medium_new_tyre_only,TSU,23,MEDIUM,new,tyre_only,H-M-M,2,7.980516,3.576702,12.561696,0.016000,-13.901472,21.891733,True,False,GREEN,0.476917
monza_tsu_lap23_to_hard_new_tyre_only,TSU,23,HARD,new,tyre_only,H-M-H,2,23.803049,12.125938,33.424263,0.002000,1.682349,21.869938,True,False,GREEN,0.470166
monza_tsu_lap24_to_soft_new_tyre_only,TSU,24,SOFT,new,tyre_only,H-M-S,2,-15.137287,-27.753879,-4.185889,0.962000,-37.268774,21.658602,False,False,GREEN,0.477333
monza_tsu_lap24_to_medium_new_tyre_only,TSU,24,MEDIUM,new,tyre_only,H-M-M,2,7.808289,3.348829,12.401762,0.016000,-14.093548,21.891733,True,False,GREEN,0.470458
monza_tsu_lap24_to_hard_new_tyre_only,TSU,24,HARD,new,tyre_only,H-M-H,2,23.117364,11.735782,32.543026,0.002000,0.983542,21.869938,True,False,GREEN,0.471208
monza_tsu_lap25_to_soft_new_tyre_only,TSU,25,SOFT,new,tyre_only,H-M-S,2,-14.623950,-26.409366,-4.007007,0.962000,-36.619806,21.658602,False,False,GREEN,0.476791
monza_tsu_lap25_to_medium_new_tyre_only,TSU,25,MEDIUM,new,tyre_only,H-M-M,2,7.666602,3.181478,12.259812,0.016000,-14.237605,21.891733,True,False,GREEN,0.471375
monza_tsu_lap25_to_hard_new_tyre_only,TSU,25,HARD,new,tyre_only,H-M-H,2,22.428506,11.422133,31.657119,0.002000,0.331876,21.869938,True,False,GREEN,0.469833
monza_tsu_lap26_to_soft_new_tyre_only,TSU,26,SOFT,new,tyre_only,H-M-S,2,-13.958327,-25.121441,-3.834997,0.962000,-35.922383,21.658602,False,False,GREEN,0.480375
monza_tsu_lap26_to_medium_new_tyre_only,TSU,26,MEDIUM,new,tyre_only,H-M-M,2,7.563148,3.061290,12.161556,0.020000,-14.333643,21.891733,True,False,GREEN,0.478167
monza_tsu_lap26_to_hard_new_tyre_only,TSU,26,HARD,new,tyre_only,H-M-H,2,21.866395,11.164056,30.757773,0.002000,-0.272649,21.869938,True,False,GREEN,0.498542
monza_tsu_lap27_to_soft_new_tyre_only,TSU,27,SOFT,new,tyre_only,H-M-S,2,-13.283631,-23.722467,-3.800304,0.960000,-35.176503,21.658602,False,False,YELLOW,0.505000
monza_tsu_lap27_to_medium_new_tyre_only,TSU,27,MEDIUM,new,tyre_only,H-M-M,2,7.511421,3.001196,12.112299,0.022000,-14.381661,21.891733,True,False,YELLOW,0.499500
monza_tsu_lap27_to_hard_new_tyre_only,TSU,27,HARD,new,tyre_only,H-M-H,2,21.324426,11.027572,29.901514,0.002000,-0.830034,21.869938,True,False,YELLOW,0.490000
monza_tsu_lap28_to_soft_new_tyre_only,TSU,28,SOFT,new,tyre_only,H-M-S,2,-12.474674,-22.412330,-3.567735,0.956000,-34.382167,21.658602,True,False,VSC,0.504750
monza_tsu_lap28_to_medium_new_tyre_only,TSU,28,MEDIUM,new,tyre_only,H-M-M,2,7.511421,3.001196,12.112299,0.022000,-14.381661,21.891733,True,False,VSC,0.489583
monza_tsu_lap28_to_hard_new_tyre_only,TSU,28,HARD,new,tyre_only,H-M-H,2,20.818826,10.849878,29.162614,0.002000,-1.340277,21.869938,True,False,VSC,0.470541
monza_tsu_lap29_to_soft_new_tyre_only,TSU,29,SOFT,new,tyre_only,H-M-S,2,-11.604801,-21.091006,-3.076423,0.952000,-33.539375,21.658602,True,False,VSC,0.475166
monza_tsu_lap29_to_medium_new_tyre_only,TSU,29,MEDIUM,new,tyre_only,H-M-M,2,7.563148,3.061290,12.161556,0.020000,-14.333643,21.891733,True,False,VSC,0.475500
monza_tsu_lap29_to_hard_new_tyre_only,TSU,29,HARD,new,tyre_only,H-M-H,2,20.329890,10.770111,28.472307,0.002000,-1.803379,21.869938,True,False,VSC,0.474542
monza_tsu_lap30_to_soft_new_tyre_only,TSU,30,SOFT,new,tyre_only,H-M-S,2,-10.835465,-19.700167,-2.533491,0.950000,-32.648127,21.658602,True,False,GREEN,0.470958
monza_tsu_lap30_to_medium_new_tyre_only,TSU,30,MEDIUM,new,tyre_only,H-M-M,2,7.666602,3.181478,12.259812,0.016000,-14.237605,21.891733,True,False,GREEN,0.741458
monza_tsu_lap30_to_hard_new_tyre_only,TSU,30,HARD,new,tyre_only,H-M-H,2,19.839840,10.650823,27.813798,0.002000,-2.219339,21.869938,True,False,GREEN,0.907750
monza_tsu_lap31_to_soft_new_tyre_only,TSU,31,SOFT,new,tyre_only,H-M-S,2,-10.021039,-18.170713,-1.963274,0.946000,-31.708422,21.658602,True,False,GREEN,0.555292
monza_tsu_lap31_to_medium_new_tyre_only,TSU,31,MEDIUM,new,tyre_only,H-M-M,2,7.808289,3.348829,12.401762,0.016000,-14.093548,21.891733,True,False,GREEN,0.519333
monza_tsu_lap31_to_hard_new_tyre_only,TSU,31,HARD,new,tyre_only,H-M-H,2,19.455662,10.551062,27.173452,0.002000,-2.588159,21.869938,True,False,GREEN,0.509458
monza_tsu_lap32_to_soft_new_tyre_only,TSU,32,SOFT,new,tyre_only,H-M-S,2,-9.102070,-16.896153,-1.414000,0.940000,-30.720262,21.658602,True,False,GREEN,0.482084
monza_tsu_lap32_to_medium_new_tyre_only,TSU,32,MEDIUM,new,tyre_only,H-M-M,2,7.980516,3.576702,12.561696,0.016000,-13.901472,21.891733,True,False,GREEN,0.466125
monza_tsu_lap32_to_hard_new_tyre_only,TSU,32,HARD,new,tyre_only,H-M-H,2,19.059924,10.645536,26.629823,0.002000,-2.909838,21.869938,True,False,GREEN,0.461958
monza_tsu_lap33_to_soft_new_tyre_only,TSU,33,SOFT,new,tyre_only,H-M-S,2,-8.051868,-15.540819,-0.727821,0.918000,-29.683645,21.658602,True,False,GREEN,0.462333
monza_tsu_lap33_to_medium_new_tyre_only,TSU,33,MEDIUM,new,tyre_only,H-M-M,2,8.177242,3.842054,12.785662,0.014000,-13.661378,21.891733,True,False,GREEN,0.458958
monza_tsu_lap33_to_hard_new_tyre_only,TSU,33,HARD,new,tyre_only,H-M-H,2,18.813632,10.657407,26.140393,0.002000,-3.184376,21.869938,True,False,GREEN,0.457291
monza_tsu_lap34_to_soft_new_tyre_only,TSU,34,SOFT,new,tyre_only,H-M-S,2,-6.952246,-14.150936,0.066840,0.896000,-28.598572,21.658602,True,False,GREEN,0.460875
monza_tsu_lap34_to_medium_new_tyre_only,TSU,34,MEDIUM,new,tyre_only,H-M-M,2,8.449021,4.175639,13.032718,0.010000,-13.373264,21.891733,True,False,GREEN,0.468042
monza_tsu_lap34_to_hard_new_tyre_only,TSU,34,HARD,new,tyre_only,H-M-H,2,18.564183,10.654692,25.671380,0.002000,-3.411773,21.869938,True,False,GREEN,0.460042
monza_tsu_lap35_to_soft_new_tyre_only,TSU,35,SOFT,new,tyre_only,H-M-S,2,-5.835458,-12.690890,0.731448,0.860000,-27.465043,21.658602,True,False,GREEN,0.460584
monza_tsu_lap35_to_medium_new_tyre_only,TSU,35,MEDIUM,new,tyre_only,H-M-M,2,8.777383,4.537587,13.367289,0.008000,-13.037132,21.891733,True,False,GREEN,0.455625
monza_tsu_lap35_to_hard_new_tyre_only,TSU,35,HARD,new,tyre_only,H-M-H,2,18.381713,10.705121,25.016338,0.002000,-3.592029,21.869938,True,False,GREEN,0.456083
monza_tsu_lap36_to_soft_new_tyre_only,TSU,36,SOFT,new,tyre_only,H-M-S,2,-4.682343,-10.962419,1.713134,0.820000,-26.283058,21.658602,True,False,GREEN,0.452166
monza_tsu_lap36_to_medium_new_tyre_only,TSU,36,MEDIUM,new,tyre_only,H-M-M,2,9.163269,4.931335,13.655146,0.008000,-12.652981,21.891733,True,False,GREEN,0.454541
monza_tsu_lap36_to_hard_new_tyre_only,TSU,36,HARD,new,tyre_only,H-M-H,2,18.276487,10.935192,24.543728,0.002000,-3.725144,21.869938,True,False,GREEN,0.459750
monza_tsu_lap37_to_soft_new_tyre_only,TSU,37,SOFT,new,tyre_only,H-M-S,2,-3.435016,-9.353303,2.714374,0.766000,-25.052617,21.658602,True,False,GREEN,0.627916
monza_tsu_lap37_to_medium_new_tyre_only,TSU,37,MEDIUM,new,tyre_only,H-M-M,2,9.610807,5.374265,13.996910,0.006000,-12.220811,21.891733,True,False,GREEN,0.665625
monza_tsu_lap37_to_hard_new_tyre_only,TSU,37,HARD,new,tyre_only,H-M-H,2,18.148101,11.148787,24.249211,0.002000,-3.811117,21.869938,True,False,GREEN,0.544958
monza_tsu_lap38_to_soft_new_tyre_only,TSU,38,SOFT,new,tyre_only,H-M-S,2,-2.119423,-7.906270,3.590909,0.690000,-23.773719,21.658602,True,False,GREEN,0.508750
monza_tsu_lap38_to_medium_new_tyre_only,TSU,38,MEDIUM,new,tyre_only,H-M-M,2,10.111036,5.896239,14.439617,0.004000,-11.740622,21.891733,True,False,GREEN,0.498708
monza_tsu_lap38_to_hard_new_tyre_only,TSU,38,HARD,new,tyre_only,H-M-H,2,18.164998,11.303396,24.032082,0.002000,-3.849950,21.869938,True,False,GREEN,0.493833
monza_tsu_lap39_to_soft_new_tyre_only,TSU,39,SOFT,new,tyre_only,H-M-S,2,-0.838754,-6.327392,4.628556,0.570000,-22.446365,21.658602,True,False,GREEN,0.501125
monza_tsu_lap39_to_medium_new_tyre_only,TSU,39,MEDIUM,new,tyre_only,H-M-M,2,10.681339,6.546127,14.955765,0.004000,-11.212414,21.891733,True,False,GREEN,0.503000
monza_tsu_lap39_to_hard_new_tyre_only,TSU,39,HARD,new,tyre_only,H-M-H,2,18.222969,11.530253,23.735192,0.002000,-3.841642,21.869938,True,False,GREEN,0.492875
monza_tsu_lap40_to_soft_new_tyre_only,TSU,40,SOFT,new,tyre_only,H-M-S,2,0.658610,-4.680854,5.720887,0.448000,-21.070556,21.658602,True,False,GREEN,0.492417
monza_tsu_lap40_to_medium_new_tyre_only,TSU,40,MEDIUM,new,tyre_only,H-M-M,2,11.259329,7.125462,15.461609,0.002000,-10.636187,21.891733,True,False,GREEN,0.492792
monza_tsu_lap40_to_hard_new_tyre_only,TSU,40,HARD,new,tyre_only,H-M-H,2,18.280331,11.911907,23.484215,0.002000,-3.786193,21.869938,True,False,GREEN,0.494458
monza_tsu_lap41_to_soft_new_tyre_only,TSU,41,SOFT,new,tyre_only,H-M-S,2,1.955484,-2.922677,6.914443,0.294000,-19.646290,21.658602,True,False,GREEN,0.517875
monza_tsu_lap41_to_medium_new_tyre_only,TSU,41,MEDIUM,new,tyre_only,H-M-M,2,11.871147,7.876852,16.098166,0.000000,-10.011941,21.891733,True,False,GREEN,0.491167
monza_tsu_lap41_to_hard_new_tyre_only,TSU,41,HARD,new,tyre_only,H-M-H,2,18.434704,12.308561,23.432871,0.000000,-3.683602,21.869938,True,False,GREEN,0.489208
monza_tsu_lap42_to_soft_new_tyre_only,TSU,42,SOFT,new,tyre_only,H-M-S,2,3.432215,-1.270220,8.147567,0.170000,-18.173568,21.658602,True,False,GREEN,0.487250
monza_tsu_lap42_to_medium_new_tyre_only,TSU,42,MEDIUM,new,tyre_only,H-M-M,2,12.539468,8.700548,16.746406,0.000000,-9.339677,21.891733,True,False,GREEN,0.487209
monza_tsu_lap42_to_hard_new_tyre_only,TSU,42,HARD,new,tyre_only,H-M-H,2,18.526248,12.777978,23.451996,0.000000,-3.533871,21.869938,True,False,GREEN,0.484791
monza_tsu_lap43_to_soft_new_tyre_only,TSU,43,SOFT,new,tyre_only,H-M-S,2,4.988191,0.412334,9.650666,0.080000,-16.652389,21.658602,True,False,GREEN,0.490208
monza_tsu_lap43_to_medium_new_tyre_only,TSU,43,MEDIUM,new,tyre_only,H-M-M,2,13.293591,9.528674,17.411878,0.000000,-8.619393,21.891733,True,False,GREEN,0.493708
monza_tsu_lap43_to_hard_new_tyre_only,TSU,43,HARD,new,tyre_only,H-M-H,2,18.718192,13.262205,23.338220,0.000000,-3.336998,21.869938,True,False,GREEN,0.481291
monza_tsu_lap44_to_soft_new_tyre_only,TSU,44,SOFT,new,tyre_only,H-M-S,2,6.528445,2.136632,11.138779,0.034000,-15.082755,21.658602,True,False,GREEN,0.487500
monza_tsu_lap44_to_medium_new_tyre_only,TSU,44,MEDIUM,new,tyre_only,H-M-M,2,14.026182,10.404589,18.047864,0.000000,-7.851091,21.891733,True,False,GREEN,0.494084
monza_tsu_lap44_to_hard_new_tyre_only,TSU,44,HARD,new,tyre_only,H-M-H,2,18.930510,13.690026,23.486076,0.000000,-3.092985,21.869938,True,False,GREEN,0.487208
monza_tsu_lap45_to_soft_new_tyre_only,TSU,45,SOFT,new,tyre_only,H-M-S,2,8.166353,3.928273,12.463094,0.012000,-13.464664,21.658602,True,False,GREEN,0.485834
monza_tsu_lap45_to_medium_new_tyre_only,TSU,45,MEDIUM,new,tyre_only,H-M-M,2,14.857477,11.293253,18.888062,0.000000,-7.034769,21.891733,True,False,GREEN,0.480833
monza_tsu_lap45_to_hard_new_tyre_only,TSU,45,HARD,new,tyre_only,H-M-H,2,19.200876,14.177220,23.575777,0.000000,-2.801831,21.869938,True,False,GREEN,0.484750
monza_tsu_lap46_to_soft_new_tyre_only,TSU,46,SOFT,new,tyre_only,H-M-S,2,9.785051,5.733041,13.983532,0.008000,-11.798118,21.658602,True,False,GREEN,0.486958
monza_tsu_lap46_to_medium_new_tyre_only,TSU,46,MEDIUM,new,tyre_only,H-M-M,2,15.672688,12.175328,19.580217,0.000000,-6.170429,21.891733,True,False,GREEN,0.492458
monza_tsu_lap46_to_hard_new_tyre_only,TSU,46,HARD,new,tyre_only,H-M-H,2,19.528421,14.885042,23.718864,0.000000,-2.463535,21.869938,True,False,GREEN,0.483125
monza_tsu_lap47_to_soft_new_tyre_only,TSU,47,SOFT,new,tyre_only,H-M-S,2,11.407643,7.658106,15.620538,0.004000,-10.083115,21.658602,True,False,GREEN,0.482250
monza_tsu_lap47_to_medium_new_tyre_only,TSU,47,MEDIUM,new,tyre_only,H-M-M,2,16.583953,13.051782,20.431344,0.000000,-5.258070,21.891733,True,False,GREEN,0.480875
monza_tsu_lap47_to_hard_new_tyre_only,TSU,47,HARD,new,tyre_only,H-M-H,2,19.935643,15.563484,23.943246,0.000000,-2.078099,21.869938,True,False,GREEN,0.489292
monza_tsu_lap48_to_soft_new_tyre_only,TSU,48,SOFT,new,tyre_only,H-M-S,2,13.355235,9.392093,17.250041,0.002000,-8.319656,21.658602,True,False,GREEN,0.482083
monza_tsu_lap48_to_medium_new_tyre_only,TSU,48,MEDIUM,new,tyre_only,H-M-M,2,17.509807,13.989626,21.296394,0.000000,-4.297692,21.891733,True,False,GREEN,0.483958
monza_tsu_lap48_to_hard_new_tyre_only,TSU,48,HARD,new,tyre_only,H-M-H,2,20.293126,16.290807,24.258218,0.000000,-1.645521,21.869938,True,False,GREEN,0.487416
monza_tsu_lap49_to_soft_new_tyre_only,TSU,49,SOFT,new,tyre_only,H-M-S,2,15.271287,11.344026,18.967415,0.000000,-6.507740,21.658602,True,False,GREEN,0.484333
monza_tsu_lap49_to_medium_new_tyre_only,TSU,49,MEDIUM,new,tyre_only,H-M-M,2,18.517788,15.088561,22.131271,0.000000,-3.289295,21.891733,True,False,GREEN,0.484917
monza_tsu_lap49_to_hard_new_tyre_only,TSU,49,HARD,new,tyre_only,H-M-H,2,20.647081,16.914658,24.663376,0.000000,-1.165803,21.869938,True,False,GREEN,0.481958
monza_tsu_lap50_to_soft_new_tyre_only,TSU,50,SOFT,new,tyre_only,H-M-S,2,17.105500,13.211707,20.848194,0.000000,-4.647369,21.658602,True,False,GREEN,0.481375
monza_tsu_lap50_to_medium_new_tyre_only,TSU,50,MEDIUM,new,tyre_only,H-M-M,2,19.611724,16.053155,23.128933,0.000000,-2.232879,21.891733,True,False,GREEN,0.492250
monza_tsu_lap50_to_hard_new_tyre_only,TSU,50,HARD,new,tyre_only,H-M-H,2,21.125474,17.503193,24.947092,0.000000,-0.638943,21.869938,True,False,GREEN,0.478542
monza_tsu_lap51_to_soft_new_tyre_only,TSU,51,SOFT,new,tyre_only,H-M-S,2,19.195789,15.444749,22.797588,0.000000,-2.738541,21.920263,True,False,GREEN,0.502333
monza_tsu_lap51_to_medium_new_tyre_only,TSU,51,MEDIUM,new,tyre_only,H-M-M,2,20.987196,17.486955,24.413136,0.000000,-1.128444,22.090607,True,False,GREEN,0.481125
monza_tsu_lap51_to_hard_new_tyre_only,TSU,51,HARD,new,tyre_only,H-M-H,2,21.766017,18.417761,25.546648,0.000000,-0.064942,21.915726,True,False,GREEN,0.476667
monza_tsu_lap52_to_soft_new_tyre_only,TSU,52,SOFT,new,tyre_only,H-M-S,2,21.151748,17.774204,24.697693,0.000000,-0.781258,22.037352,True,False,GREEN,0.479417
monza_tsu_lap52_to_medium_new_tyre_only,TSU,52,MEDIUM,new,tyre_only,H-M-M,2,21.931138,18.626552,25.528358,0.000000,0.024009,22.037352,True,False,GREEN,0.481375
monza_tsu_lap52_to_hard_new_tyre_only,TSU,52,HARD,new,tyre_only,H-M-H,2,22.408485,19.003310,26.154626,0.000000,0.556199,22.037352,True,False,GREEN,0.484334
monza_ver_lap2_to_soft_new_tyre_only,VER,2,SOFT,new,tyre_only,S-S-M-H,3,3.007671,-0.496112,6.583927,0.140000,-0.048910,3.107721,True,True,GREEN,2.925667
monza_ver_lap2_to_medium_new_tyre_only,VER,2,MEDIUM,new,tyre_only,S-M-M-H,3,3.832690,0.316153,7.489961,0.080000,0.759757,3.107721,True,True,GREEN,0.516750
monza_ver_lap2_to_hard_new_tyre_only,VER,2,HARD,new,tyre_only,S-H-M-H,3,4.443655,0.749425,7.899875,0.064000,1.287682,3.107721,True,True,GREEN,0.503542
monza_ver_lap3_to_soft_new_tyre_only,VER,3,SOFT,new,tyre_only,S-S-H,2,-17.513862,-26.553210,-9.606049,0.996000,-21.105336,3.107721,True,True,RED,0.500000
monza_ver_lap3_to_medium_new_tyre_only,VER,3,MEDIUM,new,tyre_only,S-M-H,2,3.051099,-0.447304,6.623505,0.138000,0.000000,3.107721,True,True,RED,0.498459
monza_ver_lap3_to_hard_new_tyre_only,VER,3,HARD,new,tyre_only,S-H-H,2,15.109874,5.933644,22.515224,0.004000,11.655494,3.107721,True,True,RED,0.507333
monza_ver_lap4_to_soft_new_tyre_only,VER,4,SOFT,new,tyre_only,S-M-S-H,3,-17.389476,-25.963032,-9.871799,0.998000,-20.883588,3.107721,True,True,RED,0.490583
monza_ver_lap4_to_medium_new_tyre_only,VER,4,MEDIUM,new,tyre_only,S-M-M-H,3,2.399158,-1.104158,6.025520,0.192000,-0.658012,3.107721,True,True,RED,0.491708
monza_ver_lap4_to_hard_new_tyre_only,VER,4,HARD,new,tyre_only,S-M-H-H,3,13.984150,5.216340,21.129311,0.006000,10.592968,3.107721,True,True,RED,0.487542
monza_ver_lap5_to_soft_new_tyre_only,VER,5,SOFT,new,tyre_only,S-M-S-H,3,-17.193762,-25.261479,-9.923322,0.998000,-20.609968,3.107721,True,True,RED,0.485875
monza_ver_lap5_to_medium_new_tyre_only,VER,5,MEDIUM,new,tyre_only,S-M-M-H,3,1.822469,-1.745869,5.469669,0.262000,-1.261190,3.107721,True,True,RED,0.487750
monza_ver_lap5_to_hard_new_tyre_only,VER,5,HARD,new,tyre_only,S-M-H-H,3,12.902957,4.365700,19.850352,0.012000,9.580134,3.107721,True,True,RED,0.486125
monza_ver_lap6_to_soft_new_tyre_only,VER,6,SOFT,new,tyre_only,S-M-S-H,3,4.707229,-4.670636,14.237603,0.262000,-20.284476,24.766323,True,False,MISSING,0.486292
monza_ver_lap6_to_medium_new_tyre_only,VER,6,MEDIUM,new,tyre_only,S-M-M-H,3,23.240679,16.065679,30.115650,0.000000,-1.809533,24.999454,True,False,MISSING,0.488667
monza_ver_lap6_to_hard_new_tyre_only,VER,6,HARD,new,tyre_only,S-M-H-H,3,33.754742,23.378889,43.035614,0.000000,8.616992,24.977659,True,False,MISSING,0.482917
monza_ver_lap7_to_soft_new_tyre_only,VER,7,SOFT,new,tyre_only,S-M-S-H,3,4.969963,-4.092480,14.273878,0.244000,-19.907111,24.766323,True,False,GREEN,0.497166
monza_ver_lap7_to_medium_new_tyre_only,VER,7,MEDIUM,new,tyre_only,S-M-M-H,3,22.820100,15.543013,29.589137,0.000000,-2.303042,24.999454,True,False,GREEN,0.486541
monza_ver_lap7_to_hard_new_tyre_only,VER,7,HARD,new,tyre_only,S-M-H-H,3,32.842966,22.608201,41.969606,0.000000,7.703543,24.977659,True,False,GREEN,0.483333
monza_ver_lap8_to_soft_new_tyre_only,VER,8,SOFT,new,tyre_only,S-M-S-H,3,5.342150,-3.534366,14.520801,0.228000,-19.477875,24.766323,True,False,GREEN,0.491500
monza_ver_lap8_to_medium_new_tyre_only,VER,8,MEDIUM,new,tyre_only,S-M-M-H,3,22.384421,15.096495,29.160279,0.000000,-2.741717,24.999454,True,False,GREEN,0.480208
monza_ver_lap8_to_hard_new_tyre_only,VER,8,HARD,new,tyre_only,S-M-H-H,3,31.974981,21.924213,40.954408,0.000000,6.839786,24.977659,True,False,GREEN,0.476458
monza_ver_lap9_to_soft_new_tyre_only,VER,9,SOFT,new,tyre_only,S-M-S-H,3,5.802308,-2.916035,14.668172,0.188000,-18.996766,24.766323,True,False,GREEN,0.480792
monza_ver_lap9_to_medium_new_tyre_only,VER,9,MEDIUM,new,tyre_only,S-M-M-H,3,21.967320,14.695687,28.806840,0.000000,-3.125558,24.999454,True,False,GREEN,0.478292
monza_ver_lap9_to_hard_new_tyre_only,VER,9,HARD,new,tyre_only,S-M-H-H,3,31.088524,21.413732,39.974594,0.000000,6.025721,24.977659,True,False,GREEN,0.476292
monza_ver_lap10_to_soft_new_tyre_only,VER,10,SOFT,new,tyre_only,S-M-S-H,3,6.259765,-2.230313,15.045842,0.166000,-18.463786,24.766323,True,False,GREEN,0.475500
monza_ver_lap10_to_medium_new_tyre_only,VER,10,MEDIUM,new,tyre_only,S-M-M-H,3,21.608951,14.429915,28.431854,0.002000,-3.454564,24.999454,True,False,GREEN,0.485375
monza_ver_lap10_to_hard_new_tyre_only,VER,10,HARD,new,tyre_only,S-M-H-H,3,30.299714,20.799975,39.067431,0.000000,5.261348,24.977659,True,False,GREEN,0.475041
monza_ver_lap11_to_soft_new_tyre_only,VER,11,SOFT,new,tyre_only,S-M-S-H,3,6.791560,-1.544890,15.485974,0.136000,-17.878933,24.766323,True,False,GREEN,0.490875
monza_ver_lap11_to_medium_new_tyre_only,VER,11,MEDIUM,new,tyre_only,S-M-M-H,3,21.310310,14.174194,28.125504,0.002000,-3.728735,24.999454,True,False,GREEN,0.478458
monza_ver_lap11_to_hard_new_tyre_only,VER,11,HARD,new,tyre_only,S-M-H-H,3,29.567565,20.402857,38.182560,0.000000,4.546667,24.977659,True,False,GREEN,0.473458
monza_ver_lap12_to_soft_new_tyre_only,VER,12,SOFT,new,tyre_only,S-M-S-H,3,7.471237,-0.712186,16.020694,0.114000,-17.242208,24.766323,True,False,GREEN,0.476000
monza_ver_lap12_to_medium_new_tyre_only,VER,12,MEDIUM,new,tyre_only,S-M-M-H,3,21.071398,13.958648,27.904640,0.002000,-3.948073,24.999454,True,False,GREEN,0.475666
monza_ver_lap12_to_hard_new_tyre_only,VER,12,HARD,new,tyre_only,S-M-H-H,3,28.839224,19.916798,37.557867,0.000000,3.881678,24.977659,True,False,GREEN,0.477291
monza_ver_lap13_to_soft_new_tyre_only,VER,13,SOFT,new,tyre_only,S-M-S-H,3,8.226912,0.328000,16.519735,0.094000,-16.553611,24.766323,True,False,GREEN,0.474541
monza_ver_lap13_to_medium_new_tyre_only,VER,13,MEDIUM,new,tyre_only,S-M-M-H,3,20.894505,13.783152,27.721370,0.002000,-4.112576,24.999454,True,False,GREEN,0.473041
monza_ver_lap13_to_hard_new_tyre_only,VER,13,HARD,new,tyre_only,S-M-H-H,3,28.267067,19.629424,36.881859,0.000000,3.266382,24.977659,True,False,GREEN,0.476208
monza_ver_lap14_to_soft_new_tyre_only,VER,14,SOFT,new,tyre_only,S-M-S-H,3,8.925592,1.414824,17.246013,0.070000,-15.813141,24.766323,True,False,GREEN,0.473834
monza_ver_lap14_to_medium_new_tyre_only,VER,14,MEDIUM,new,tyre_only,S-M-M-H,3,20.800961,13.666155,27.593191,0.002000,-4.222244,24.999454,True,False,GREEN,0.496916
monza_ver_lap14_to_hard_new_tyre_only,VER,14,HARD,new,tyre_only,S-M-H-H,3,27.654906,19.203092,36.160113,0.000000,2.700778,24.977659,True,False,GREEN,0.485458
monza_ver_lap15_to_soft_new_tyre_only,VER,15,SOFT,new,tyre_only,S-M-S-H,3,9.758734,2.148534,17.781734,0.056000,-15.020800,24.766323,True,False,GREEN,0.477334
monza_ver_lap15_to_medium_new_tyre_only,VER,15,MEDIUM,new,tyre_only,S-M-M-H,3,20.757782,13.607656,27.529102,0.002000,-4.277079,24.999454,True,False,GREEN,0.475375
monza_ver_lap15_to_hard_new_tyre_only,VER,15,HARD,new,tyre_only,S-M-H-H,3,26.996387,18.768454,35.401299,0.000000,2.184866,24.977659,True,False,GREEN,0.473250
monza_ver_lap16_to_soft_new_tyre_only,VER,16,SOFT,new,tyre_only,S-M-S-H,3,10.582366,2.925832,18.338955,0.040000,-14.176587,24.766323,True,False,GREEN,0.473125
monza_ver_lap16_to_medium_new_tyre_only,VER,16,MEDIUM,new,tyre_only,S-M-M-H,3,20.757782,13.607656,27.529102,0.002000,-4.277079,24.999454,True,False,GREEN,0.470708
monza_ver_lap16_to_hard_new_tyre_only,VER,16,HARD,new,tyre_only,S-M-H-H,3,26.655950,18.450577,34.732151,0.000000,1.718646,24.977659,True,False,GREEN,0.470875
monza_ver_lap17_to_soft_new_tyre_only,VER,17,SOFT,new,tyre_only,S-M-S-H,3,11.467181,3.807799,19.127055,0.030000,-13.280501,24.766323,True,False,GREEN,0.470292
monza_ver_lap17_to_medium_new_tyre_only,VER,17,MEDIUM,new,tyre_only,S-M-M-H,3,20.800961,13.666155,27.593191,0.002000,-4.222244,24.999454,True,False,GREEN,0.472792
monza_ver_lap17_to_hard_new_tyre_only,VER,17,HARD,new,tyre_only,S-M-H-H,3,26.180920,18.140601,34.194392,0.000000,1.302119,24.977659,True,False,GREEN,0.467084
monza_ver_lap18_to_soft_new_tyre_only,VER,18,SOFT,new,tyre_only,S-M-S,2,-34.962455,-50.583596,-23.204077,1.000000,-38.979637,2.896385,False,False,GREEN,0.490709
monza_ver_lap18_to_medium_new_tyre_only,VER,18,MEDIUM,new,tyre_only,S-M-M,2,-5.805492,-14.264739,2.176229,0.814000,-8.913777,3.129516,True,False,GREEN,0.475917
monza_ver_lap18_to_hard_new_tyre_only,VER,18,HARD,new,tyre_only,S-M-H,2,9.854724,4.440036,14.454766,0.008000,6.504037,3.107721,True,False,GREEN,0.488792
monza_ver_lap19_to_soft_new_tyre_only,VER,19,SOFT,new,tyre_only,S-M-S,2,-34.777188,-49.268386,-23.283403,1.000000,-38.591181,2.896385,False,False,GREEN,0.484875
monza_ver_lap19_to_medium_new_tyre_only,VER,19,MEDIUM,new,tyre_only,S-M-M,2,-6.323346,-14.829433,1.594516,0.838000,-9.434703,3.129516,True,False,GREEN,0.489417
monza_ver_lap19_to_hard_new_tyre_only,VER,19,HARD,new,tyre_only,S-M-H,2,8.968136,3.883790,13.354598,0.008000,5.630019,3.107721,True,False,GREEN,0.478417
monza_ver_lap20_to_soft_new_tyre_only,VER,20,SOFT,new,tyre_only,S-M-S,2,-34.401468,-48.011998,-23.640998,1.000000,-38.150852,2.896385,False,False,GREEN,0.488209
monza_ver_lap20_to_medium_new_tyre_only,VER,20,MEDIUM,new,tyre_only,S-M-M,2,-6.837989,-15.289180,1.077269,0.850000,-9.900795,3.129516,True,False,GREEN,0.498125
monza_ver_lap20_to_hard_new_tyre_only,VER,20,HARD,new,tyre_only,S-M-H,2,8.069717,3.259034,12.425597,0.010000,4.805692,3.107721,True,False,GREEN,0.493459
monza_ver_lap21_to_soft_new_tyre_only,VER,21,SOFT,new,tyre_only,S-M-S,2,-34.040503,-46.808376,-23.726478,1.000000,-37.658652,2.896385,False,False,GREEN,0.494458
monza_ver_lap21_to_medium_new_tyre_only,VER,21,MEDIUM,new,tyre_only,S-M-M,2,-7.265708,-15.649801,0.674893,0.870000,-10.312052,3.129516,True,False,GREEN,0.500792
monza_ver_lap21_to_hard_new_tyre_only,VER,21,HARD,new,tyre_only,S-M-H,2,7.183452,2.783868,11.491502,0.012000,4.031058,3.107721,True,False,GREEN,0.495209
monza_ver_lap22_to_soft_new_tyre_only,VER,22,SOFT,new,tyre_only,S-M-S,2,-33.479030,-45.539832,-23.876957,1.000000,-37.114580,2.896385,False,False,GREEN,0.504125
monza_ver_lap22_to_medium_new_tyre_only,VER,22,MEDIUM,new,tyre_only,S-M-M,2,-7.642667,-15.959494,0.325121,0.886000,-10.668476,3.129516,True,False,GREEN,0.488875
monza_ver_lap22_to_hard_new_tyre_only,VER,22,HARD,new,tyre_only,S-M-H,2,6.468928,2.252713,10.658643,0.020000,3.306116,3.107721,True,False,GREEN,0.499958
monza_ver_lap23_to_soft_new_tyre_only,VER,23,SOFT,new,tyre_only,S-M-S,2,-33.085194,-44.416021,-23.752744,1.000000,-36.518635,2.896385,False,False,GREEN,0.500041
monza_ver_lap23_to_medium_new_tyre_only,VER,23,MEDIUM,new,tyre_only,S-M-M,2,-7.920524,-16.220937,0.027422,0.898000,-10.970064,3.129516,True,False,GREEN,0.483042
monza_ver_lap23_to_hard_new_tyre_only,VER,23,HARD,new,tyre_only,S-M-H,2,5.796426,1.810725,9.847429,0.026000,2.630866,3.107721,True,False,GREEN,0.486625
monza_ver_lap24_to_soft_new_tyre_only,VER,24,SOFT,new,tyre_only,S-M-S,2,-32.602130,-43.382962,-23.513165,1.000000,-35.870818,2.896385,False,False,GREEN,0.489750
monza_ver_lap24_to_medium_new_tyre_only,VER,24,MEDIUM,new,tyre_only,S-M-M,2,-8.154060,-16.448190,-0.216149,0.906000,-11.216819,3.129516,True,False,GREEN,0.558958
monza_ver_lap24_to_hard_new_tyre_only,VER,24,HARD,new,tyre_only,S-M-H,2,5.051203,1.204893,9.110738,0.036000,2.005309,3.107721,True,False,GREEN,0.529917
monza_ver_lap25_to_soft_new_tyre_only,VER,25,SOFT,new,tyre_only,S-M-S,2,-32.046680,-42.455659,-23.137822,1.000000,-35.171129,2.896385,False,False,GREEN,0.477541
monza_ver_lap25_to_medium_new_tyre_only,VER,25,MEDIUM,new,tyre_only,S-M-M,2,-8.335699,-16.664195,-0.405593,0.910000,-11.408739,3.129516,True,False,GREEN,0.472667
monza_ver_lap25_to_hard_new_tyre_only,VER,25,HARD,new,tyre_only,S-M-H,2,4.455733,0.633364,8.398169,0.052000,1.429443,3.107721,True,False,GREEN,0.471458
monza_ver_lap26_to_soft_new_tyre_only,VER,26,SOFT,new,tyre_only,S-M-S,2,-31.285613,-41.354103,-22.503683,1.000000,-34.419568,2.896385,False,False,GREEN,0.477750
monza_ver_lap26_to_medium_new_tyre_only,VER,26,MEDIUM,new,tyre_only,S-M-M,2,-8.473597,-16.818364,-0.541221,0.912000,-11.545825,3.129516,True,False,GREEN,0.475417
monza_ver_lap26_to_hard_new_tyre_only,VER,26,HARD,new,tyre_only,S-M-H,2,3.904255,0.203009,7.775082,0.082000,0.903270,3.107721,True,False,GREEN,0.480542
monza_ver_lap27_to_soft_new_tyre_only,VER,27,SOFT,new,tyre_only,S-M-S,2,-30.423233,-40.074335,-21.862114,1.000000,-33.616135,2.896385,False,False,GREEN,0.474542
monza_ver_lap27_to_medium_new_tyre_only,VER,27,MEDIUM,new,tyre_only,S-M-M,2,-8.557823,-16.909530,-0.622992,0.912000,-11.628077,3.129516,True,False,GREEN,0.472000
monza_ver_lap27_to_hard_new_tyre_only,VER,27,HARD,new,tyre_only,S-M-H,2,3.516888,-0.108417,7.175214,0.110000,0.426789,3.107721,True,False,GREEN,0.469750
monza_ver_lap28_to_soft_new_tyre_only,VER,28,SOFT,new,tyre_only,S-M-S,2,-29.529633,-38.665550,-21.215965,1.000000,-32.760830,2.896385,True,False,VSC,0.473292
monza_ver_lap28_to_medium_new_tyre_only,VER,28,MEDIUM,new,tyre_only,S-M-M,2,-8.585899,-16.939919,-0.650249,0.912000,-11.655494,3.129516,True,False,VSC,0.470750
monza_ver_lap28_to_hard_new_tyre_only,VER,28,HARD,new,tyre_only,S-M-H,2,3.051099,-0.447304,6.623505,0.138000,0.000000,3.107721,True,False,VSC,0.457625
monza_ver_lap29_to_soft_new_tyre_only,VER,29,SOFT,new,tyre_only,S-M-S,2,-28.860455,-37.289387,-20.425369,1.000000,-31.853653,2.896385,True,False,VSC,0.468791
monza_ver_lap29_to_medium_new_tyre_only,VER,29,MEDIUM,new,tyre_only,S-M-M,2,-8.557823,-16.909530,-0.622992,0.912000,-11.628077,3.129516,True,False,VSC,0.468542
monza_ver_lap29_to_hard_new_tyre_only,VER,29,HARD,new,tyre_only,S-M-H,2,2.594244,-0.819442,6.374851,0.168000,-0.377097,3.107721,True,False,VSC,0.469750
monza_ver_lap30_to_soft_new_tyre_only,VER,30,SOFT,new,tyre_only,S-M-S,2,-28.063653,-36.162604,-19.658182,1.000000,-30.894603,2.896385,True,False,GREEN,0.475042
monza_ver_lap30_to_medium_new_tyre_only,VER,30,MEDIUM,new,tyre_only,S-M-M,2,-8.473597,-16.818364,-0.541221,0.912000,-11.545825,3.129516,True,False,GREEN,0.467250
monza_ver_lap30_to_hard_new_tyre_only,VER,30,HARD,new,tyre_only,S-M-H,2,2.254616,-1.222080,6.194249,0.204000,-0.704501,3.107721,True,False,GREEN,0.474250
monza_ver_lap31_to_soft_new_tyre_only,VER,31,SOFT,new,tyre_only,S-M-S,2,-27.104346,-35.091367,-18.892375,1.000000,-29.883682,2.896385,True,False,GREEN,0.468167
monza_ver_lap31_to_medium_new_tyre_only,VER,31,MEDIUM,new,tyre_only,S-M-M,2,-8.335699,-16.664195,-0.405593,0.910000,-11.408739,3.129516,True,False,GREEN,0.467166
monza_ver_lap31_to_hard_new_tyre_only,VER,31,HARD,new,tyre_only,S-M-H,2,2.000722,-1.598761,5.960808,0.234000,-0.982214,3.107721,True,False,GREEN,0.482333
monza_ver_lap32_to_soft_new_tyre_only,VER,32,SOFT,new,tyre_only,S-M-S,2,-25.968590,-33.617512,-17.820504,1.000000,-28.820888,2.896385,True,False,GREEN,0.468542
monza_ver_lap32_to_medium_new_tyre_only,VER,32,MEDIUM,new,tyre_only,S-M-M,2,-8.154060,-16.448190,-0.216149,0.906000,-11.216819,3.129516,True,False,GREEN,0.467500
monza_ver_lap32_to_hard_new_tyre_only,VER,32,HARD,new,tyre_only,S-M-H,2,1.802452,-1.883743,5.743530,0.274000,-1.210234,3.107721,True,False,GREEN,0.468084
monza_ver_lap33_to_soft_new_tyre_only,VER,33,SOFT,new,tyre_only,S-M-S,2,-24.788491,-32.306410,-16.751085,1.000000,-27.706222,2.896385,True,False,GREEN,0.471667
monza_ver_lap33_to_medium_new_tyre_only,VER,33,MEDIUM,new,tyre_only,S-M-M,2,-7.920524,-16.220937,0.027422,0.898000,-10.970064,3.129516,True,False,GREEN,0.466208
monza_ver_lap33_to_hard_new_tyre_only,VER,33,HARD,new,tyre_only,S-M-H,2,1.586945,-2.063137,5.693998,0.304000,-1.388562,3.107721,True,False,GREEN,0.473542
monza_ver_lap34_to_soft_new_tyre_only,VER,34,SOFT,new,tyre_only,S-M-S,2,-23.679398,-31.166867,-15.668043,1.000000,-26.539684,2.896385,True,False,GREEN,0.467959
monza_ver_lap34_to_medium_new_tyre_only,VER,34,MEDIUM,new,tyre_only,S-M-M,2,-7.642667,-15.959494,0.325121,0.886000,-10.668476,3.129516,True,False,GREEN,0.467625
monza_ver_lap34_to_hard_new_tyre_only,VER,34,HARD,new,tyre_only,S-M-H,2,1.579991,-2.304225,5.668203,0.332000,-1.517197,3.107721,True,False,GREEN,0.476750
monza_ver_lap35_to_soft_new_tyre_only,VER,35,SOFT,new,tyre_only,S-M-S,2,-22.458226,-29.828342,-14.740507,1.000000,-25.321274,2.896385,True,False,GREEN,0.469459
monza_ver_lap35_to_medium_new_tyre_only,VER,35,MEDIUM,new,tyre_only,S-M-M,2,-7.265708,-15.649801,0.674893,0.870000,-10.312052,3.129516,True,False,GREEN,0.464958
monza_ver_lap35_to_hard_new_tyre_only,VER,35,HARD,new,tyre_only,S-M-H,2,1.533188,-2.578677,5.729086,0.346000,-1.596141,3.107721,True,False,GREEN,0.468875
monza_ver_lap36_to_soft_new_tyre_only,VER,36,SOFT,new,tyre_only,S-M-S,2,-21.227499,-28.440632,-13.718463,1.000000,-24.050992,2.896385,True,False,GREEN,0.471791
monza_ver_lap36_to_medium_new_tyre_only,VER,36,MEDIUM,new,tyre_only,S-M-M,2,-6.837989,-15.289180,1.077269,0.850000,-9.900795,3.129516,True,False,GREEN,0.467583
monza_ver_lap36_to_hard_new_tyre_only,VER,36,HARD,new,tyre_only,S-M-H,2,1.492927,-2.824771,5.878643,0.356000,-1.625392,3.107721,True,False,GREEN,0.469542
monza_ver_lap37_to_soft_new_tyre_only,VER,37,SOFT,new,tyre_only,S-M-S,2,-19.917196,-27.034974,-12.326559,1.000000,-22.728838,2.896385,True,False,GREEN,0.470041
monza_ver_lap37_to_medium_new_tyre_only,VER,37,MEDIUM,new,tyre_only,S-M-M,2,-6.323346,-14.829433,1.594516,0.838000,-9.434703,3.129516,True,False,GREEN,0.472875
monza_ver_lap37_to_hard_new_tyre_only,VER,37,HARD,new,tyre_only,S-M-H,2,1.501700,-2.973700,6.141276,0.354000,-1.604952,3.107721,True,False,GREEN,0.471500
monza_ver_lap38_to_soft_new_tyre_only,VER,38,SOFT,new,tyre_only,S-M-S,2,-18.617432,-25.914698,-10.898079,1.000000,-21.354811,2.896385,True,False,GREEN,0.468750
monza_ver_lap38_to_medium_new_tyre_only,VER,38,MEDIUM,new,tyre_only,S-M-M,2,-5.805492,-14.264739,2.176229,0.814000,-8.913777,3.129516,True,False,GREEN,0.465375
monza_ver_lap38_to_hard_new_tyre_only,VER,38,HARD,new,tyre_only,S-M-H,2,1.522532,-3.119728,6.400930,0.356000,-1.534819,3.107721,True,False,GREEN,0.478459
monza_ver_lap39_to_soft_new_tyre_only,VER,39,SOFT,new,tyre_only,S-M-H-S,3,3.015689,-5.334553,10.714725,0.346000,-21.944272,24.766323,True,False,GREEN,0.477375
monza_ver_lap39_to_medium_new_tyre_only,VER,39,MEDIUM,new,tyre_only,S-M-H-M,3,14.618376,6.478531,22.779483,0.004000,-10.353375,24.999454,True,False,GREEN,0.472542
monza_ver_lap39_to_hard_new_tyre_only,VER,39,HARD,new,tyre_only,S-M-H-H,3,21.479823,14.293427,28.554398,0.002000,-3.430352,24.977659,True,False,GREEN,0.481375
monza_ver_lap40_to_soft_new_tyre_only,VER,40,SOFT,new,tyre_only,S-M-H-S,3,4.206668,-3.810643,11.842078,0.276000,-20.680569,24.766323,True,False,GREEN,0.472333
monza_ver_lap40_to_medium_new_tyre_only,VER,40,MEDIUM,new,tyre_only,S-M-H-M,3,15.072450,7.140093,23.124801,0.004000,-9.936847,24.999454,True,False,GREEN,0.468334
monza_ver_lap40_to_hard_new_tyre_only,VER,40,HARD,new,tyre_only,S-M-H-H,3,21.440998,14.244709,28.511531,0.002000,-3.474902,24.977659,True,False,GREEN,0.470875
monza_ver_lap41_to_soft_new_tyre_only,VER,41,SOFT,new,tyre_only,S-M-H-S,3,5.482599,-2.416556,13.013323,0.198000,-19.370135,24.766323,True,False,GREEN,0.468292
monza_ver_lap41_to_medium_new_tyre_only,VER,41,MEDIUM,new,tyre_only,S-M-H-M,3,15.514916,7.739543,23.433552,0.002000,-9.470628,24.999454,True,False,GREEN,0.466625
monza_ver_lap41_to_hard_new_tyre_only,VER,41,HARD,new,tyre_only,S-M-H-H,3,21.440998,14.244709,28.511531,0.002000,-3.474902,24.977659,True,False,GREEN,0.466958
monza_ver_lap42_to_soft_new_tyre_only,VER,42,SOFT,new,tyre_only,S-M-H-S,3,6.797226,-0.725232,14.245973,0.134000,-18.012972,24.766323,True,False,GREEN,0.469792
monza_ver_lap42_to_medium_new_tyre_only,VER,42,MEDIUM,new,tyre_only,S-M-H-M,3,16.033938,8.402893,23.989691,0.002000,-8.954716,24.999454,True,False,GREEN,0.466750
monza_ver_lap42_to_hard_new_tyre_only,VER,42,HARD,new,tyre_only,S-M-H-H,3,21.479823,14.293427,28.554398,0.002000,-3.430352,24.977659,True,False,GREEN,0.463792
monza_ver_lap43_to_soft_new_tyre_only,VER,43,SOFT,new,tyre_only,S-M-H-S,3,8.222989,0.836782,15.622164,0.080000,-16.609079,24.766323,True,False,GREEN,0.467209
monza_ver_lap43_to_medium_new_tyre_only,VER,43,MEDIUM,new,tyre_only,S-M-H-M,3,16.571457,9.284809,24.420911,0.002000,-8.389112,24.999454,True,False,GREEN,0.468875
monza_ver_lap43_to_hard_new_tyre_only,VER,43,HARD,new,tyre_only,S-M-H-H,3,21.557473,14.390863,28.640132,0.002000,-3.341252,24.977659,True,False,GREEN,0.472083
monza_ver_lap44_to_soft_new_tyre_only,VER,44,SOFT,new,tyre_only,S-M-H-S,3,9.631325,2.306571,17.006452,0.052000,-15.158456,24.766323,True,False,GREEN,0.463542
monza_ver_lap44_to_medium_new_tyre_only,VER,44,MEDIUM,new,tyre_only,S-M-H-M,3,17.171444,9.899566,24.882885,0.002000,-7.773815,24.999454,True,False,GREEN,0.462625
monza_ver_lap44_to_hard_new_tyre_only,VER,44,HARD,new,tyre_only,S-M-H-H,3,21.673947,14.537018,28.775613,0.002000,-3.207602,24.977659,True,False,GREEN,0.463000
monza_ver_lap45_to_soft_new_tyre_only,VER,45,SOFT,new,tyre_only,S-M-H-S,3,11.050485,3.842992,18.333440,0.032000,-13.661103,24.766323,True,False,GREEN,0.468833
monza_ver_lap45_to_medium_new_tyre_only,VER,45,MEDIUM,new,tyre_only,S-M-H-M,3,17.836218,10.678312,25.477474,0.002000,-7.108827,24.999454,True,False,GREEN,0.461875
monza_ver_lap45_to_hard_new_tyre_only,VER,45,HARD,new,tyre_only,S-M-H-H,3,21.845312,14.731891,28.976709,0.002000,-3.029402,24.977659,True,False,GREEN,0.468167
monza_ver_lap46_to_soft_new_tyre_only,VER,46,SOFT,new,tyre_only,S-M-H-S,3,12.572991,5.501000,19.854382,0.016000,-12.117020,24.766323,True,False,GREEN,0.461791
monza_ver_lap46_to_medium_new_tyre_only,VER,46,MEDIUM,new,tyre_only,S-M-H-M,3,18.556062,11.643899,26.067235,0.002000,-6.394146,24.999454,True,False,GREEN,0.462916
monza_ver_lap46_to_hard_new_tyre_only,VER,46,HARD,new,tyre_only,S-M-H-H,3,22.085585,14.949814,29.199883,0.002000,-2.806652,24.977659,True,False,GREEN,0.464333
monza_ver_lap47_to_soft_new_tyre_only,VER,47,SOFT,new,tyre_only,S-M-H-S,3,14.116943,7.060515,21.345003,0.006000,-10.526207,24.766323,True,False,GREEN,0.463541
monza_ver_lap47_to_medium_new_tyre_only,VER,47,MEDIUM,new,tyre_only,S-M-H-M,3,19.230530,12.607486,26.614373,0.002000,-5.629773,24.999454,True,False,GREEN,0.461583
monza_ver_lap47_to_hard_new_tyre_only,VER,47,HARD,new,tyre_only,S-M-H-H,3,22.378154,15.214544,29.428548,0.000000,-2.539352,24.977659,True,False,GREEN,0.461792
monza_ver_lap48_to_soft_new_tyre_only,VER,48,SOFT,new,tyre_only,S-M-H-S,3,15.742694,8.862243,22.899075,0.006000,-8.888664,24.766323,True,False,GREEN,0.476084
monza_ver_lap48_to_medium_new_tyre_only,VER,48,MEDIUM,new,tyre_only,S-M-H-M,3,19.947786,13.329610,27.227170,0.002000,-4.815708,24.999454,True,False,GREEN,0.494292
monza_ver_lap48_to_hard_new_tyre_only,VER,48,HARD,new,tyre_only,S-M-H-H,3,22.702029,15.554106,29.743825,0.000000,-2.227502,24.977659,True,False,GREEN,0.474958
monza_ver_lap49_to_soft_new_tyre_only,VER,49,SOFT,new,tyre_only,S-M-H-S,3,17.331316,10.559591,24.611923,0.006000,-7.204391,24.766323,True,False,GREEN,0.481834
monza_ver_lap49_to_medium_new_tyre_only,VER,49,MEDIUM,new,tyre_only,S-M-H-M,3,20.774401,14.217809,28.041766,0.002000,-3.951951,24.999454,True,False,GREEN,0.475083
monza_ver_lap49_to_hard_new_tyre_only,VER,49,HARD,new,tyre_only,S-M-H-H,3,23.066546,15.961161,30.131663,0.000000,-1.871101,24.977659,True,False,GREEN,0.479125
monza_ver_lap50_to_soft_new_tyre_only,VER,50,SOFT,new,tyre_only,S-M-H-S,3,19.070478,12.345992,26.384611,0.004000,-5.473388,24.766323,True,False,GREEN,0.469959
monza_ver_lap50_to_medium_new_tyre_only,VER,50,MEDIUM,new,tyre_only,S-M-H-M,3,21.832169,15.179762,29.031791,0.000000,-3.038501,24.999454,True,False,GREEN,0.475167
monza_ver_lap50_to_hard_new_tyre_only,VER,50,HARD,new,tyre_only,S-M-H-H,3,23.441757,16.417272,30.522125,0.000000,-1.470151,24.977659,True,False,GREEN,0.487208
monza_ver_lap51_to_soft_new_tyre_only,VER,51,SOFT,new,tyre_only,S-M-H-S,3,21.179280,14.260916,28.134659,0.002000,-3.695656,25.027984,True,False,GREEN,0.497042
monza_ver_lap51_to_medium_new_tyre_only,VER,51,MEDIUM,new,tyre_only,S-M-H-M,3,23.096353,16.248833,30.235929,0.000000,-2.075360,25.198328,True,False,GREEN,0.467042
monza_ver_lap51_to_hard_new_tyre_only,VER,51,HARD,new,tyre_only,S-M-H-H,3,24.002283,16.966115,31.256515,0.000000,-1.024651,25.023447,True,False,GREEN,0.486625
monza_ver_lap52_to_soft_new_tyre_only,VER,52,SOFT,new,tyre_only,S-M-H-S,3,23.258869,16.326484,30.220346,0.000000,-1.871193,25.145073,True,False,GREEN,0.477333
monza_ver_lap52_to_medium_new_tyre_only,VER,52,MEDIUM,new,tyre_only,S-M-H-M,3,24.076613,17.224302,31.140290,0.000000,-1.062526,25.145073,True,False,GREEN,0.482708
monza_ver_lap52_to_hard_new_tyre_only,VER,52,HARD,new,tyre_only,S-M-H-H,3,24.583559,17.779865,31.590950,0.000000,-0.534600,25.145073,True,False,GREEN,0.483666
