Driver,SessionTime_s,X,Y
ALP,0.0,0.0,0.0
ALP,0.25,7.66,0.0
ALP,0.5,15.32,0.0
ALP,0.75,22.98,0.0
ALP,1.0,30.63,0.0
ALP,1.25,38.29,0.0
ALP,1.5,45.95,0.0
ALP,1.75,53.61,0.0
ALP,2.0,61.27,0.0
ALP,2.25,68.93,0.0
ALP,2.5,76.59,0.0
ALP,2.75,84.24,0.0
ALP,3.0,91.9,0.0
ALP,3.25,99.56,0.0
ALP,3.5,107.22,0.0
ALP,3.75,114.88,0.0
ALP,4.0,122.54,0.0
ALP,4.25,130.2,0.0
ALP,4.5,137.85,0.0
ALP,4.75,145.51,0.0
ALP,5.0,153.17,0.0
ALP,5.25,160.83,0.0
ALP,5.5,168.49,0.0
ALP,5.75,176.15,0.0
ALP,6.0,183.8,0.0
ALP,6.25,191.46,0.0
ALP,6.5,199.12,0.0
ALP,6.75,206.78,0.0
ALP,7.0,214.44,0.0
ALP,7.25,222.1,0.0
ALP,7.5,229.76,0.0
ALP,7.75,237.41,0.0
ALP,8.0,245.07,0.0
ALP,8.25,252.73,0.0
ALP,8.5,260.39,0.0
ALP,8.75,268.05,0.0
ALP,9.0,275.71,0.0
ALP,9.25,283.37,0.0
ALP,9.5,291.02,0.0
ALP,9.75,298.68,0.0
ALP,10.0,306.34,0.0
ALP,10.25,314.0,0.0
ALP,10.5,321.66,0.0
ALP,10.75,329.32,0.0
ALP,11.0,336.98,0.0
ALP,11.25,344.63,0.0
ALP,11.5,352.29,0.0
ALP,11.75,359.95,0.0
ALP,12.0,367.61,0.0
ALP,12.25,375.27,0.02
ALP,12.5,382.92,0.41
ALP,12.75,390.52,1.28
ALP,13.0,398.06,2.64
ALP,13.25,405.49,4.48
ALP,13.5,412.79,6.79
ALP,13.75,419.93,9.55
ALP,14.0,426.88,12.77
ALP,14.25,433.61,16.43
ALP,14.5,440.09,20.5
ALP,14.75,446.3,24.98
ALP,15.0,452.21,29.85
ALP,15.25,457.8,35.09
ALP,15.5,463.04,40.67
ALP,15.75,467.92,46.57
ALP,16.0,472.41,52.77
ALP,16.25,476.5,59.25
ALP,16.5,480.16,65.97
ALP,16.75,483.39,72.92
ALP,17.0,486.16,80.05
ALP,17.25,488.48,87.35
ALP,17.5,490.33,94.78
ALP,17.75,491.7,102.32
ALP,18.0,492.58,109.92
ALP,18.25,492.98,117.57
ALP,18.5,492.9,125.23
ALP,18.75,492.32,132.86
ALP,19.0,491.25,140.44
ALP,19.25,489.71,147.94
ALP,19.5,487.69,155.33
ALP,19.75,485.2,162.57
ALP,20.0,482.26,169.64
ALP,20.25,478.87,176.51
ALP,20.5,475.05,183.14
ALP,20.75,470.82,189.52
ALP,21.0,466.18,195.62
ALP,21.25,461.17,201.41
ALP,21.5,455.8,206.87
ALP,21.75,450.09,211.97
ALP,22.0,444.07,216.7
ALP,22.25,437.76,221.03
ALP,22.5,431.18,224.96
ALP,22.75,424.37,228.45
ALP,23.0,417.35,231.51
ALP,23.25,410.15,234.11
ALP,23.5,402.79,236.25
ALP,23.75,395.32,237.91
ALP,24.0,387.75,239.09
ALP,24.25,380.13,239.79
ALP,24.5,372.47,240.0
ALP,24.75,364.81,240.0
ALP,25.0,357.16,240.0
ALP,25.25,349.5,240.0
ALP,25.5,341.84,240.0
ALP,25.75,334.18,240.0
ALP,26.0,326.52,240.0
ALP,26.25,318.86,240.0
ALP,26.5,311.2,240.0
ALP,26.75,303.55,240.0
ALP,27.0,295.89,240.0
ALP,27.25,288.23,240.0
ALP,27.5,280.57,240.0
ALP,27.75,272.91,240.0
ALP,28.0,265.25,240.0
ALP,28.25,257.59,240.0
ALP,28.5,249.94,240.0
ALP,28.75,242.28,240.0
ALP,29.0,234.62,240.0
ALP,29.25,226.96,240.0
ALP,29.5,219.3,240.0
ALP,29.75,211.64,240.0
ALP,30.0,203.99,240.0
ALP,30.25,196.33,240.0
ALP,30.5,188.67,240.0
ALP,30.75,181.01,240.0
ALP,31.0,173.35,240.0
ALP,31.25,165.69,240.0
ALP,31.5,158.03,240.0
ALP,31.75,150.38,240.0
ALP,32.0,142.72,240.0
ALP,32.25,135.06,240.0
ALP,32.5,127.4,240.0
ALP,32.75,119.74,240.0
ALP,33.0,112.08,240.0
ALP,33.25,104.42,240.0
ALP,33.5,96.77,240.0
ALP,33.75,89.11,240.0
ALP,34.0,81.45,240.0
ALP,34.25,73.79,240.0
ALP,34.5,66.13,240.0
ALP,34.75,58.47,240.0
ALP,35.0,50.81,240.0
ALP,35.25,43.16,240.0
ALP,35.5,35.5,240.0
ALP,35.75,27.84,240.0
ALP,36.0,20.18,240.0
ALP,36.25,12.52,240.0
ALP,36.5,4.86,240.0
ALP,36.75,-2.8,239.97
ALP,37.0,-10.44,239.54
ALP,37.25,-18.04,238.64
ALP,37.5,-25.57,237.24
ALP,37.75,-33.0,235.37
ALP,38.0,-40.29,233.03
ALP,38.25,-47.42,230.23
ALP,38.5,-54.35,226.99
ALP,38.75,-61.06,223.3
ALP,39.0,-67.53,219.2
ALP,39.25,-73.72,214.69
ALP,39.5,-79.61,209.79
ALP,39.75,-85.17,204.53
ALP,40.0,-90.39,198.93
ALP,40.25,-95.24,193.0
ALP,40.5,-99.7,186.78
ALP,40.75,-103.76,180.29
ALP,41.0,-107.39,173.55
ALP,41.25,-110.59,166.59
ALP,41.5,-113.33,159.44
ALP,41.75,-115.62,152.13
ALP,42.0,-117.43,144.69
ALP,42.25,-118.77,137.15
ALP,42.5,-119.62,129.54
ALP,42.75,-119.99,121.9
ALP,43.0,-119.86,114.24
ALP,43.25,-119.25,106.61
ALP,43.5,-118.15,99.03
ALP,43.75,-116.58,91.54
ALP,44.0,-114.52,84.16
ALP,44.25,-112.0,76.93
ALP,44.5,-109.03,69.87
ALP,44.75,-105.61,63.02
ALP,45.0,-101.76,56.4
ALP,45.25,-97.5,50.04
ALP,45.5,-92.84,43.96
ALP,45.75,-87.8,38.2
ALP,46.0,-82.4,32.77
ALP,46.25,-76.67,27.69
ALP,46.5,-70.63,22.99
ALP,46.75,-64.3,18.68
ALP,47.0,-57.7,14.78
ALP,47.25,-50.88,11.32
ALP,47.5,-43.84,8.29
ALP,47.75,-36.63,5.73
ALP,48.0,-29.26,3.62
ALP,48.25,-21.78,1.99
ALP,48.5,-14.21,0.84
ALP,48.75,-6.58,0.18
ALP,49.0,1.17,0.0
ALP,49.25,9.5,0.0
ALP,49.5,17.83,0.0
ALP,49.75,26.16,0.0
ALP,50.0,34.48,0.0
ALP,50.25,42.81,0.0
ALP,50.5,51.14,0.0
ALP,50.75,59.47,0.0
ALP,51.0,67.8,0.0
ALP,51.25,76.13,0.0
ALP,51.5,84.46,0.0
ALP,51.75,92.79,0.0
ALP,52.0,101.12,0.0
ALP,52.25,109.45,0.0
ALP,52.5,117.78,0.0
ALP,52.75,126.11,0.0
ALP,53.0,134.44,0.0
ALP,53.25,142.77,0.0
ALP,53.5,151.1,0.0
ALP,53.75,159.43,0.0
ALP,54.0,167.76,0.0
ALP,54.25,176.09,0.0
ALP,54.5,184.41,0.0
ALP,54.75,192.74,0.0
ALP,55.0,201.07,0.0
ALP,55.25,209.4,0.0
ALP,55.5,217.73,0.0
ALP,55.75,226.06,0.0
ALP,56.0,234.39,0.0
ALP,56.25,242.72,0.0
ALP,56.5,251.05,0.0
ALP,56.75,259.38,0.0
ALP,57.0,267.71,0.0
ALP,57.25,276.04,0.0
ALP,57.5,284.37,0.0
ALP,57.75,292.7,0.0
ALP,58.0,301.03,0.0
ALP,58.25,309.36,0.0
ALP,58.5,317.69,0.0
ALP,58.75,326.02,0.0
ALP,59.0,334.34,0.0
ALP,59.25,342.67,0.0
ALP,59.5,351.0,0.0
ALP,59.75,359.33,0.0
ALP,60.0,367.66,0.0
ALP,60.25,375.99,0.04
ALP,60.5,384.3,0.53
ALP,60.75,392.56,1.6
ALP,61.0,400.73,3.25
ALP,61.25,408.76,5.45
ALP,61.5,416.62,8.2
ALP,61.75,424.27,11.5
ALP,62.0,431.67,15.31
ALP,62.25,438.79,19.63
ALP,62.5,445.59,24.44
ALP,62.75,452.04,29.7
ALP,63.0,458.12,35.4
ALP,63.25,463.78,41.51
ALP,63.5,469.0,47.99
ALP,63.75,473.77,54.82
ALP,64.0,478.04,61.97
ALP,64.25,481.82,69.39
ALP,64.5,485.06,77.06
ALP,64.75,487.77,84.94
ALP,65.0,489.93,92.98
ALP,65.25,491.52,101.15
ALP,65.5,492.54,109.42
ALP,65.75,492.99,117.74
ALP,66.0,492.86,126.06
ALP,66.25,492.15,134.36
ALP,66.5,490.86,142.59
ALP,66.75,489.01,150.71
ALP,67.0,486.6,158.68
ALP,67.25,483.65,166.46
ALP,67.5,480.16,174.03
ALP,67.75,476.15,181.33
ALP,68.0,471.65,188.33
ALP,68.25,466.68,195.01
ALP,68.5,461.25,201.33
ALP,68.75,455.39,207.25
ALP,69.0,449.14,212.75
ALP,69.25,442.53,217.81
ALP,69.5,435.58,222.4
ALP,69.75,428.32,226.49
ALP,70.0,420.81,230.07
ALP,70.25,413.06,233.12
ALP,70.5,405.11,235.63
ALP,70.75,397.02,237.57
ALP,71.0,388.8,238.96
ALP,71.25,380.52,239.76
ALP,71.5,372.19,240.0
ALP,71.75,363.86,240.0
ALP,72.0,355.53,240.0
ALP,72.25,347.2,240.0
ALP,72.5,338.87,240.0
ALP,72.75,330.54,240.0
ALP,73.0,322.22,240.0
ALP,73.25,313.89,240.0
ALP,73.5,305.56,240.0
ALP,73.75,297.23,240.0
ALP,74.0,288.9,240.0
ALP,74.25,280.57,240.0
ALP,74.5,272.24,240.0
ALP,74.75,263.91,240.0
ALP,75.0,255.58,240.0
ALP,75.25,247.25,240.0
ALP,75.5,238.92,240.0
ALP,75.75,230.59,240.0
ALP,76.0,222.26,240.0
ALP,76.25,213.93,240.0
ALP,76.5,205.6,240.0
ALP,76.75,197.27,240.0
ALP,77.0,188.94,240.0
ALP,77.25,180.61,240.0
ALP,77.5,172.29,240.0
ALP,77.75,163.96,240.0
ALP,78.0,155.63,240.0
ALP,78.25,147.3,240.0
ALP,78.5,138.97,240.0
ALP,78.75,130.64,240.0
ALP,79.0,122.31,240.0
ALP,79.25,113.98,240.0
ALP,79.5,105.65,240.0
ALP,79.75,97.32,240.0
ALP,80.0,88.99,240.0
ALP,80.25,80.66,240.0
ALP,80.5,72.33,240.0
ALP,80.75,64.0,240.0
ALP,81.0,55.67,240.0
ALP,81.25,47.34,240.0
ALP,81.5,39.01,240.0
ALP,81.75,30.68,240.0
ALP,82.0,22.36,240.0
ALP,82.25,14.03,240.0
ALP,82.5,5.7,240.0
ALP,82.75,-2.63,239.97
ALP,83.0,-10.95,239.5
ALP,83.25,-19.21,238.45
ALP,83.5,-27.38,236.84
ALP,83.75,-35.42,234.65
ALP,84.0,-43.28,231.92
ALP,84.25,-50.94,228.65
ALP,84.5,-58.35,224.86
ALP,84.75,-65.49,220.56
ALP,85.0,-72.3,215.77
ALP,85.25,-78.77,210.53
ALP,85.5,-84.86,204.85
ALP,85.75,-90.54,198.76
ALP,86.0,-95.78,192.29
ALP,86.25,-100.57,185.47
ALP,86.5,-104.87,178.34
ALP,86.75,-108.66,170.92
ALP,87.0,-111.93,163.26
ALP,87.25,-114.66,155.4
ALP,87.5,-116.84,147.36
ALP,87.75,-118.46,139.19
ALP,88.0,-119.5,130.93
ALP,88.25,-119.97,122.61
ALP,88.5,-119.86,114.29
ALP,88.75,-119.18,105.99
ALP,89.0,-117.92,97.76
ALP,89.25,-116.09,89.63
ALP,89.5,-113.71,81.65
ALP,89.75,-110.77,73.86
ALP,90.0,-107.31,66.29
ALP,90.25,-103.32,58.97
ALP,90.5,-98.84,51.95
ALP,90.75,-93.88,45.26
ALP,91.0,-88.47,38.93
ALP,91.25,-82.64,32.99
ALP,91.5,-76.41,27.47
ALP,91.75,-69.8,22.39
ALP,92.0,-62.87,17.79
ALP,92.25,-55.63,13.67
ALP,92.5,-48.12,10.07
ALP,92.75,-40.38,7.0
ALP,93.0,-32.44,4.47
ALP,93.25,-24.35,2.5
ALP,93.5,-16.14,1.09
ALP,93.75,-7.86,0.26
ALP,94.0,0.47,0.0
ALP,94.25,8.76,0.0
ALP,94.5,17.05,0.0
ALP,94.75,25.35,0.0
ALP,95.0,33.64,0.0
ALP,95.25,41.94,0.0
ALP,95.5,50.23,0.0
ALP,95.75,58.52,0.0
ALP,96.0,66.82,0.0
ALP,96.25,75.11,0.0
ALP,96.5,83.41,0.0
ALP,96.75,91.7,0.0
ALP,97.0,99.99,0.0
ALP,97.25,108.29,0.0
ALP,97.5,116.58,0.0
ALP,97.75,124.88,0.0
ALP,98.0,133.17,0.0
ALP,98.25,141.46,0.0
ALP,98.5,149.76,0.0
ALP,98.75,158.05,0.0
ALP,99.0,166.35,0.0
ALP,99.25,174.64,0.0
ALP,99.5,182.93,0.0
ALP,99.75,191.23,0.0
ALP,100.0,199.52,0.0
ALP,100.25,207.82,0.0
ALP,100.5,216.11,0.0
ALP,100.75,224.41,0.0
ALP,101.0,232.7,0.0
ALP,101.25,240.99,0.0
ALP,101.5,249.29,0.0
ALP,101.75,257.58,0.0
ALP,102.0,265.88,0.0
ALP,102.25,274.17,0.0
ALP,102.5,282.46,0.0
ALP,102.75,290.76,0.0
ALP,103.0,299.05,0.0
ALP,103.25,307.35,0.0
ALP,103.5,315.64,0.0
ALP,103.75,323.93,0.0
ALP,104.0,332.23,0.0
ALP,104.25,340.52,0.0
ALP,104.5,348.82,0.0
ALP,104.75,357.11,0.0
ALP,105.0,365.4,0.0
ALP,105.25,373.7,0.0
ALP,105.5,381.98,0.34
ALP,105.75,390.23,1.24
ALP,106.0,398.39,2.71
ALP,106.25,406.43,4.75
ALP,106.5,414.31,7.33
ALP,106.75,421.99,10.45
ALP,107.0,429.44,14.1
ALP,107.25,436.62,18.25
ALP,107.5,443.49,22.88
ALP,107.75,450.03,27.98
ALP,108.0,456.2,33.52
ALP,108.25,461.98,39.47
ALP,108.5,467.33,45.81
ALP,108.75,472.22,52.5
ALP,109.0,476.65,59.51
ALP,109.25,480.58,66.82
ALP,109.5,484.0,74.37
ALP,109.75,486.88,82.15
ALP,110.0,489.22,90.1
ALP,110.25,491.01,98.2
ALP,110.5,492.24,106.4
ALP,110.75,492.89,114.67
ALP,111.0,492.97,122.96
ALP,111.25,492.48,131.24
ALP,111.5,491.42,139.46
ALP,111.75,489.79,147.59
ALP,112.0,487.61,155.59
ALP,112.25,484.88,163.42
ALP,112.5,481.61,171.04
ALP,112.75,477.83,178.42
ALP,113.0,473.54,185.52
ALP,113.25,468.78,192.31
ALP,113.5,463.56,198.75
ALP,113.75,457.9,204.81
ALP,114.0,451.84,210.47
ALP,114.25,445.4,215.7
ALP,114.5,438.62,220.47
ALP,114.75,431.53,224.77
ALP,115.0,424.15,228.56
ALP,115.25,416.53,231.83
ALP,115.5,408.7,234.57
ALP,115.75,400.71,236.76
ALP,116.0,392.58,238.39
ALP,116.25,384.35,239.46
ALP,116.5,376.08,239.96
ALP,116.75,367.78,240.0
ALP,117.0,359.49,240.0
ALP,117.25,351.19,240.0
ALP,117.5,342.9,240.0
ALP,117.75,334.61,240.0
ALP,118.0,326.31,240.0
ALP,118.25,318.02,240.0
ALP,118.5,309.72,240.0
ALP,118.75,301.43,240.0
ALP,119.0,293.14,240.0
ALP,119.25,284.84,240.0
ALP,119.5,276.55,240.0
ALP,119.75,268.25,240.0
ALP,120.0,259.96,240.0
ALP,120.25,251.67,240.0
ALP,120.5,243.37,240.0
ALP,120.75,235.08,240.0
ALP,121.0,226.78,240.0
ALP,121.25,218.49,240.0
ALP,121.5,210.2,240.0
ALP,121.75,201.9,240.0
ALP,122.0,193.61,240.0
ALP,122.25,185.31,240.0
ALP,122.5,177.02,240.0
ALP,122.75,168.73,240.0
ALP,123.0,160.43,240.0
ALP,123.25,152.14,240.0
ALP,123.5,143.84,240.0
ALP,123.75,135.55,240.0
ALP,124.0,127.25,240.0
ALP,124.25,118.96,240.0
ALP,124.5,110.67,240.0
ALP,124.75,102.37,240.0
ALP,125.0,94.08,240.0
ALP,125.25,85.78,240.0
ALP,125.5,77.49,240.0
ALP,125.75,69.2,240.0
ALP,126.0,60.9,240.0
ALP,126.25,52.61,240.0
ALP,126.5,44.31,240.0
ALP,126.75,36.02,240.0
ALP,127.0,27.73,240.0
ALP,127.25,19.43,240.0
ALP,127.5,11.14,240.0
ALP,127.75,2.84,240.0
ALP,128.0,-5.45,239.88
ALP,128.25,-13.71,239.21
ALP,128.5,-21.91,237.98
ALP,128.75,-30.01,236.19
ALP,129.0,-37.96,233.84
ALP,129.25,-45.73,230.94
ALP,129.5,-53.29,227.52
ALP,129.75,-60.59,223.58
ALP,130.0,-67.59,219.15
ALP,130.25,-74.28,214.25
ALP,130.5,-80.61,208.89
ALP,130.75,-86.56,203.11
ALP,131.0,-92.09,196.94
ALP,131.25,-97.19,190.39
ALP,131.5,-101.81,183.51
ALP,131.75,-105.96,176.33
ALP,132.0,-109.6,168.88
ALP,132.25,-112.71,161.19
ALP,132.5,-115.28,153.31
ALP,132.75,-117.31,145.27
ALP,133.0,-118.77,137.11
ALP,133.25,-119.67,128.86
ALP,133.5,-120.0,120.58
ALP,133.75,-119.75,112.29
ALP,134.0,-118.93,104.03
ALP,134.25,-117.55,95.86
ALP,134.5,-115.6,87.8
ALP,134.75,-113.1,79.89
ALP,135.0,-110.06,72.18
ALP,135.25,-106.49,64.69
ALP,135.5,-102.42,57.47
ALP,135.75,-97.86,50.54
ALP,136.0,-92.83,43.95
ALP,136.25,-87.35,37.72
ALP,136.5,-81.46,31.89
ALP,136.75,-75.18,26.47
ALP,137.0,-68.54,21.5
ALP,137.25,-61.58,17.0
ALP,137.5,-54.32,13.0
ALP,137.75,-46.8,9.5
ALP,138.0,-39.05,6.53
ALP,138.25,-31.12,4.11
ALP,138.5,-23.05,2.23
ALP,138.75,-14.86,0.92
ALP,139.0,-6.6,0.18
ALP,139.25,1.68,0.0
ALP,139.5,9.94,0.0
ALP,139.75,18.2,0.0
ALP,140.0,26.45,0.0
ALP,140.25,34.71,0.0
ALP,140.5,42.97,0.0
ALP,140.75,51.22,0.0
ALP,141.0,59.48,0.0
ALP,141.25,67.74,0.0
ALP,141.5,75.99,0.0
ALP,141.75,84.25,0.0
ALP,142.0,92.51,0.0
ALP,142.25,100.76,0.0
ALP,142.5,109.02,0.0
ALP,142.75,117.28,0.0
ALP,143.0,125.53,0.0
ALP,143.25,133.79,0.0
ALP,143.5,142.04,0.0
ALP,143.75,150.3,0.0
ALP,144.0,158.56,0.0
ALP,144.25,166.81,0.0
ALP,144.5,175.07,0.0
ALP,144.75,183.33,0.0
ALP,145.0,191.58,0.0
ALP,145.25,199.84,0.0
ALP,145.5,208.1,0.0
ALP,145.75,216.35,0.0
ALP,146.0,224.61,0.0
ALP,146.25,232.87,0.0
ALP,146.5,241.12,0.0
ALP,146.75,249.38,0.0
ALP,147.0,257.64,0.0
ALP,147.25,265.89,0.0
ALP,147.5,274.15,0.0
ALP,147.75,282.4,0.0
ALP,148.0,290.66,0.0
ALP,148.25,298.92,0.0
ALP,148.5,307.17,0.0
ALP,148.75,315.43,0.0
ALP,149.0,323.69,0.0
ALP,149.25,331.94,0.0
ALP,149.5,340.2,0.0
ALP,149.75,348.46,0.0
ALP,150.0,356.71,0.0
ALP,150.25,364.97,0.0
ALP,150.5,373.23,0.0
ALP,150.75,381.47,0.3
ALP,151.0,389.68,1.16
ALP,151.25,397.81,2.59
ALP,151.5,405.83,4.58
ALP,151.75,413.69,7.1
ALP,152.0,421.35,10.17
ALP,152.25,428.79,13.75
ALP,152.5,435.96,17.84
ALP,152.75,442.83,22.41
ALP,153.0,449.38,27.44
ALP,153.25,455.56,32.91
ALP,153.5,461.35,38.79
ALP,153.75,466.73,45.06
ALP,154.0,471.66,51.68
ALP,154.25,476.12,58.62
ALP,154.5,480.1,65.85
ALP,154.75,483.57,73.34
ALP,155.0,486.51,81.06
ALP,155.25,488.92,88.95
ALP,155.5,490.78,96.99
ALP,155.75,492.09,105.14
ALP,156.0,492.83,113.37
ALP,156.25,493.0,121.62
ALP,156.5,492.6,129.86
ALP,156.75,491.64,138.06
ALP,157.0,490.12,146.18
ALP,157.25,488.04,154.17
ALP,157.5,485.42,161.99
ALP,157.75,482.27,169.62
ALP,158.0,478.6,177.02
ALP,158.25,474.43,184.14
ALP,158.5,469.78,190.96
ALP,158.75,464.67,197.45
ALP,159.0,459.13,203.57
ALP,159.25,453.18,209.29
ALP,159.5,446.85,214.59
ALP,159.75,440.18,219.44
ALP,160.0,433.18,223.82
ALP,160.25,425.9,227.72
ALP,160.5,418.37,231.1
ALP,160.75,410.62,233.95
ALP,161.0,402.7,236.27
ALP,161.25,394.64,238.03
ALP,161.5,386.47,239.24
ALP,161.75,378.24,239.89
ALP,162.0,369.99,240.0
ALP,162.25,361.73,240.0
ALP,162.5,353.47,240.0
ALP,162.75,345.22,240.0
ALP,163.0,336.96,240.0
ALP,163.25,328.7,240.0
ALP,163.5,320.45,240.0
ALP,163.75,312.19,240.0
ALP,164.0,303.93,240.0
ALP,164.25,295.68,240.0
ALP,164.5,287.42,240.0
ALP,164.75,279.17,240.0
ALP,165.0,270.91,240.0
ALP,165.25,262.65,240.0
ALP,165.5,254.4,240.0
ALP,165.75,246.14,240.0
ALP,166.0,237.88,240.0
ALP,166.25,229.63,240.0
ALP,166.5,221.37,240.0
ALP,166.75,213.11,240.0
ALP,167.0,204.86,240.0
ALP,167.25,196.6,240.0
ALP,167.5,188.34,240.0
ALP,167.75,180.09,240.0
ALP,168.0,171.83,240.0
ALP,168.25,163.57,240.0
ALP,168.5,155.32,240.0
ALP,168.75,147.06,240.0
ALP,169.0,138.81,240.0
ALP,169.25,130.55,240.0
ALP,169.5,122.29,240.0
ALP,169.75,114.04,240.0
ALP,170.0,105.78,240.0
ALP,170.25,97.52,240.0
ALP,170.5,89.27,240.0
ALP,170.75,81.01,240.0
ALP,171.0,72.75,240.0
ALP,171.25,64.5,240.0
ALP,171.5,56.24,240.0
ALP,171.75,47.98,240.0
ALP,172.0,39.73,240.0
ALP,172.25,31.47,240.0
ALP,172.5,23.22,240.0
ALP,172.75,14.96,240.0
ALP,173.0,6.7,240.0
ALP,173.25,-1.55,239.99
ALP,173.5,-9.8,239.6
ALP,173.75,-18.0,238.64
ALP,174.0,-26.11,237.12
ALP,174.25,-34.1,235.05
ALP,174.5,-41.93,232.44
ALP,174.75,-49.56,229.29
ALP,175.0,-56.96,225.62
ALP,175.25,-64.09,221.45
ALP,175.5,-70.91,216.81
ALP,175.75,-77.4,211.7
ALP,176.0,-83.52,206.17
ALP,176.25,-89.24,200.22
ALP,176.5,-94.55,193.9
ALP,176.75,-99.41,187.22
ALP,177.0,-103.79,180.23
ALP,177.25,-107.69,172.95
ALP,177.5,-111.07,165.42
ALP,177.75,-113.93,157.68
ALP,178.0,-116.25,149.76
ALP,178.25,-118.02,141.69
ALP,178.5,-119.24,133.53
ALP,178.75,-119.88,125.3
ALP,179.0,-119.96,117.04
ALP,179.25,-119.48,108.8
ALP,179.5,-118.42,100.62
ALP,179.75,-116.81,92.52
ALP,180.0,-114.65,84.55
ALP,180.25,-111.94,76.76
ALP,180.5,-108.7,69.16
ALP,180.75,-104.95,61.81
ALP,181.0,-100.7,54.73
ALP,181.25,-95.97,47.96
ALP,181.5,-90.79,41.54
ALP,181.75,-85.18,35.48
ALP,182.0,-79.17,29.82
ALP,182.25,-72.79,24.59
ALP,182.5,-66.05,19.82
ALP,182.75,-59.01,15.51
ALP,183.0,-51.69,11.7
ALP,183.25,-44.12,8.4
ALP,183.5,-36.34,5.64
ALP,183.75,-28.39,3.41
ALP,184.0,-20.31,1.73
ALP,184.25,-12.13,0.61
ALP,184.5,-3.9,0.06
ALP,184.75,4.37,0.0
ALP,185.0,12.64,0.0
ALP,185.25,20.92,0.0
ALP,185.5,29.19,0.0
ALP,185.75,37.47,0.0
ALP,186.0,45.74,0.0
ALP,186.25,54.02,0.0
ALP,186.5,62.29,0.0
ALP,186.75,70.57,0.0
ALP,187.0,78.84,0.0
ALP,187.25,87.12,0.0
ALP,187.5,95.39,0.0
ALP,187.75,103.66,0.0
ALP,188.0,111.94,0.0
ALP,188.25,120.21,0.0
ALP,188.5,128.49,0.0
ALP,188.75,136.76,0.0
ALP,189.0,145.04,0.0
ALP,189.25,153.31,0.0
ALP,189.5,161.59,0.0
ALP,189.75,169.86,0.0
ALP,190.0,178.14,0.0
ALP,190.25,186.41,0.0
ALP,190.5,194.69,0.0
ALP,190.75,202.96,0.0
ALP,191.0,211.24,0.0
ALP,191.25,219.51,0.0
ALP,191.5,227.78,0.0
ALP,191.75,236.06,0.0
ALP,192.0,244.33,0.0
ALP,192.25,252.61,0.0
ALP,192.5,260.88,0.0
ALP,192.75,269.16,0.0
ALP,193.0,277.43,0.0
ALP,193.25,285.71,0.0
ALP,193.5,293.98,0.0
ALP,193.75,302.26,0.0
ALP,194.0,310.53,0.0
ALP,194.25,318.81,0.0
ALP,194.5,327.08,0.0
ALP,194.75,335.36,0.0
ALP,195.0,343.63,0.0
ALP,195.25,351.9,0.0
ALP,195.5,360.18,0.0
ALP,195.75,368.45,0.0
ALP,196.0,376.73,0.06
ALP,196.25,384.98,0.6
ALP,196.5,393.18,1.71
ALP,196.75,401.28,3.38
ALP,197.0,409.25,5.6
ALP,197.25,417.05,8.37
ALP,197.5,424.63,11.67
ALP,197.75,431.98,15.49
ALP,198.0,439.04,19.8
ALP,198.25,445.78,24.59
ALP,198.5,452.19,29.83
ALP,198.75,458.21,35.5
ALP,199.0,463.83,41.57
ALP,199.25,469.02,48.01
ALP,199.5,473.75,54.8
ALP,199.75,478.0,61.89
ALP,200.0,481.76,69.27
ALP,200.25,484.99,76.88
ALP,200.5,487.7,84.7
ALP,200.75,489.86,92.68
ALP,201.0,491.46,100.8
ALP,201.25,492.5,109.01
ALP,201.5,492.98,117.27
ALP,201.75,492.88,125.54
ALP,202.0,492.21,133.79
ALP,202.25,490.98,141.97
ALP,202.5,489.19,150.04
ALP,202.75,486.84,157.98
ALP,203.0,483.95,165.73
ALP,203.25,480.54,173.26
ALP,203.5,476.61,180.55
ALP,203.75,472.2,187.54
ALP,204.0,467.31,194.22
ALP,204.25,461.97,200.54
ALP,204.5,456.21,206.47
ALP,204.75,450.05,212.0
ALP,205.0,443.53,217.09
ALP,205.25,436.67,221.72
ALP,205.5,429.51,225.86
ALP,205.75,422.09,229.51
ALP,206.0,414.42,232.63
ALP,206.25,406.56,235.21
ALP,206.5,398.55,237.25
ALP,206.75,390.41,238.73
ALP,207.0,382.19,239.65
ALP,207.25,373.92,240.0
ALP,207.5,365.65,240.0
ALP,207.75,357.37,240.0
ALP,208.0,349.1,240.0
ALP,208.25,340.82,240.0
ALP,208.5,332.55,240.0
ALP,208.75,324.27,240.0
ALP,209.0,316.0,240.0
ALP,209.25,307.72,240.0
ALP,209.5,299.45,240.0
ALP,209.75,291.17,240.0
ALP,210.0,282.9,240.0
ALP,210.25,274.62,240.0
ALP,210.5,266.35,240.0
ALP,210.75,258.07,240.0
ALP,211.0,249.8,240.0
ALP,211.25,241.52,240.0
ALP,211.5,233.25,240.0
ALP,211.75,224.98,240.0
ALP,212.0,216.7,240.0
ALP,212.25,208.43,240.0
ALP,212.5,200.15,240.0
ALP,212.75,191.88,240.0
ALP,213.0,183.6,240.0
ALP,213.25,175.33,240.0
ALP,213.5,167.05,240.0
ALP,213.75,158.78,240.0
ALP,214.0,150.5,240.0
ALP,214.25,142.23,240.0
ALP,214.5,133.95,240.0
ALP,214.75,125.68,240.0
ALP,215.0,117.4,240.0
ALP,215.25,109.13,240.0
ALP,215.5,100.86,240.0
ALP,215.75,92.58,240.0
ALP,216.0,84.31,240.0
ALP,216.25,76.03,240.0
ALP,216.5,67.76,240.0
ALP,216.75,59.48,240.0
ALP,217.0,51.21,240.0
ALP,217.25,42.93,240.0
ALP,217.5,34.66,240.0
ALP,217.75,26.38,240.0
ALP,218.0,18.11,240.0
ALP,218.25,9.83,240.0
ALP,218.5,1.56,240.0
ALP,218.75,-6.71,239.81
ALP,219.0,-14.95,239.06
ALP,219.25,-23.12,237.75
ALP,219.5,-31.18,235.88
ALP,219.75,-39.09,233.46
ALP,220.0,-46.81,230.49
ALP,220.25,-54.31,227.0
ALP,220.5,-61.56,223.01
ALP,220.75,-68.51,218.52
ALP,221.0,-75.13,213.57
ALP,221.25,-81.4,208.17
ALP,221.5,-87.28,202.35
ALP,221.75,-92.75,196.14
ALP,222.0,-97.78,189.57
ALP,222.25,-102.34,182.67
ALP,222.5,-106.41,175.47
ALP,222.75,-109.98,168.0
ALP,223.0,-113.03,160.31
ALP,223.25,-115.54,152.43
ALP,223.5,-117.5,144.39
ALP,223.75,-118.9,136.24
ALP,224.0,-119.73,128.01
ALP,224.25,-120.0,119.74
ALP,224.5,-119.7,111.47
ALP,224.75,-118.82,103.24
ALP,225.0,-117.39,95.1
ALP,225.25,-115.39,87.07
ALP,225.5,-112.85,79.19
ALP,225.75,-109.77,71.52
ALP,226.0,-106.17,64.07
ALP,226.25,-102.06,56.89
ALP,226.5,-97.47,50.0
ALP,226.75,-92.42,43.45
ALP,227.0,-86.92,37.27
ALP,227.25,-81.02,31.48
ALP,227.5,-74.72,26.1
ALP,227.75,-68.08,21.18
ALP,228.0,-61.11,16.72
ALP,228.25,-53.84,12.76
ALP,228.5,-46.33,9.3
ALP,228.75,-38.59,6.37
ALP,229.0,-30.67,3.99
ALP,229.25,-22.6,2.15
ALP,229.5,-14.43,0.87
ALP,229.75,-6.19,0.16
ALP,230.0,1.49,0.0
ALP,230.25,7.41,0.0
ALP,230.5,13.32,0.0
ALP,230.75,19.24,0.0
ALP,231.0,25.16,0.0
ALP,231.25,31.07,0.0
ALP,231.5,36.99,0.0
ALP,231.75,42.9,0.0
ALP,232.0,48.82,0.0
ALP,232.25,54.74,0.0
ALP,232.5,60.65,0.0
ALP,232.75,66.57,0.0
ALP,233.0,72.49,0.0
ALP,233.25,78.4,0.0
ALP,233.5,84.32,0.0
ALP,233.75,90.23,0.0
ALP,234.0,96.15,0.0
ALP,234.25,102.07,0.0
ALP,234.5,107.98,0.0
ALP,234.75,113.9,0.0
ALP,235.0,119.82,0.0
ALP,235.25,125.73,0.0
ALP,235.5,131.65,0.0
ALP,235.75,137.56,0.0
ALP,236.0,143.48,0.0
ALP,236.25,149.4,0.0
ALP,236.5,155.31,0.0
ALP,236.75,161.23,0.0
ALP,237.0,167.15,0.0
ALP,237.25,173.06,0.0
ALP,237.5,178.98,0.0
ALP,237.75,184.89,0.0
ALP,238.0,190.81,0.0
ALP,238.25,196.73,0.0
ALP,238.5,202.64,0.0
ALP,238.75,208.56,0.0
ALP,239.0,214.48,0.0
ALP,239.25,220.39,0.0
ALP,239.5,226.31,0.0
ALP,239.75,232.22,0.0
ALP,240.0,238.14,0.0
ALP,240.25,244.06,0.0
ALP,240.5,249.97,0.0
ALP,240.75,255.89,0.0
ALP,241.0,261.81,0.0
ALP,241.25,267.72,0.0
ALP,241.5,273.64,0.0
ALP,241.75,279.55,0.0
ALP,242.0,285.47,0.0
ALP,242.25,291.39,0.0
ALP,242.5,297.3,0.0
ALP,242.75,303.22,0.0
ALP,243.0,309.14,0.0
ALP,243.25,315.05,0.0
ALP,243.5,320.97,0.0
ALP,243.75,326.88,0.0
ALP,244.0,332.8,0.0
ALP,244.25,338.72,0.0
ALP,244.5,344.63,0.0
ALP,244.75,350.55,0.0
ALP,245.0,356.46,0.0
ALP,245.25,362.38,0.0
ALP,245.5,368.3,0.0
ALP,245.75,374.21,0.01
ALP,246.0,380.13,0.21
ALP,246.25,386.02,0.71
ALP,246.5,391.88,1.49
ALP,246.75,397.7,2.57
ALP,247.0,403.46,3.93
ALP,247.25,409.14,5.57
ALP,247.5,414.74,7.49
ALP,247.75,420.23,9.68
ALP,248.0,425.61,12.14
ALP,248.25,430.86,14.87
ALP,248.5,435.97,17.85
ALP,248.75,440.93,21.07
ALP,249.0,445.72,24.54
ALP,249.25,450.34,28.24
ALP,249.5,454.77,32.16
ALP,249.75,459.0,36.3
ALP,250.0,463.02,40.64
ALP,250.25,466.82,45.17
ALP,250.5,470.39,49.88
ALP,250.75,473.73,54.77
ALP,251.0,476.82,59.81
ALP,251.25,479.66,65.0
ALP,251.5,482.24,70.32
ALP,251.75,484.56,75.77
ALP,252.0,486.6,81.32
ALP,252.25,488.37,86.96
ALP,252.5,489.86,92.69
ALP,252.75,491.06,98.48
ALP,253.0,491.98,104.32
ALP,253.25,492.61,110.21
ALP,253.5,492.95,116.11
ALP,253.75,492.99,122.03
ALP,254.0,492.75,127.94
ALP,254.25,492.21,133.83
ALP,254.5,491.38,139.69
ALP,254.75,490.27,145.5
ALP,255.0,488.87,151.25
ALP,255.25,487.19,156.92
ALP,255.5,485.23,162.5
ALP,255.75,483.0,167.98
ALP,256.0,480.5,173.34
ALP,256.25,477.74,178.57
ALP,256.5,474.73,183.66
ALP,256.75,471.47,188.6
ALP,257.0,467.97,193.37
ALP,257.25,464.24,197.96
ALP,257.5,460.28,202.36
ALP,257.75,456.12,206.56
ALP,258.0,451.75,210.55
ALP,258.25,447.19,214.32
ALP,258.5,442.46,217.86
ALP,258.75,437.55,221.17
ALP,259.0,432.48,224.22
ALP,259.25,427.28,227.03
ALP,259.5,421.93,229.57
ALP,259.75,416.48,231.85
ALP,260.0,410.91,233.86
ALP,260.25,405.25,235.59
ALP,260.5,399.52,237.04
ALP,260.75,393.72,238.2
ALP,261.0,387.87,239.08
ALP,261.25,381.98,239.66
ALP,261.5,376.07,239.96
ALP,261.75,370.16,240.0
ALP,262.0,364.24,240.0
ALP,262.25,358.32,240.0
ALP,262.5,352.41,240.0
ALP,262.75,346.49,240.0
ALP,263.0,340.58,240.0
ALP,263.25,334.66,240.0
ALP,263.5,328.74,240.0
ALP,263.75,322.83,240.0
ALP,264.0,316.91,240.0
ALP,264.25,310.99,240.0
ALP,264.5,305.08,240.0
ALP,264.75,299.16,240.0
ALP,265.0,293.25,240.0
ALP,265.25,287.33,240.0
ALP,265.5,281.41,240.0
ALP,265.75,275.5,240.0
ALP,266.0,269.58,240.0
ALP,266.25,263.66,240.0
ALP,266.5,257.75,240.0
ALP,266.75,251.83,240.0
ALP,267.0,245.92,240.0
ALP,267.25,240.0,240.0
ALP,267.5,234.08,240.0
ALP,267.75,228.17,240.0
ALP,268.0,222.25,240.0
ALP,268.25,216.33,240.0
ALP,268.5,210.42,240.0
ALP,268.75,204.5,240.0
ALP,269.0,198.59,240.0
ALP,269.25,192.67,240.0
ALP,269.5,186.75,240.0
ALP,269.75,180.84,240.0
ALP,270.0,174.92,240.0
ALP,270.25,169.01,240.0
ALP,270.5,163.09,240.0
ALP,270.75,157.17,240.0
ALP,271.0,151.26,240.0
ALP,271.25,145.34,240.0
ALP,271.5,139.42,240.0
ALP,271.75,133.51,240.0
ALP,272.0,127.59,240.0
ALP,272.25,121.68,240.0
ALP,272.5,115.76,240.0
ALP,272.75,109.84,240.0
ALP,273.0,103.93,240.0
ALP,273.25,98.01,240.0
ALP,273.5,92.09,240.0
ALP,273.75,86.18,240.0
ALP,274.0,80.26,240.0
ALP,274.25,74.35,240.0
ALP,274.5,68.43,240.0
ALP,274.75,62.51,240.0
ALP,275.0,56.6,240.0
ALP,275.25,50.68,240.0
ALP,275.5,44.76,240.0
ALP,275.75,38.85,240.0
ALP,276.0,32.93,240.0
ALP,276.25,27.02,240.0
ALP,276.5,21.1,240.0
ALP,276.75,15.18,240.0
ALP,277.0,9.27,240.0
ALP,277.25,3.35,240.0
ALP,277.5,-2.57,239.97
ALP,277.75,-8.47,239.7
ALP,278.0,-14.36,239.14
ALP,278.25,-20.22,238.28
ALP,278.5,-26.02,237.14
ALP,278.75,-31.76,235.72
ALP,279.0,-37.43,234.01
ALP,279.25,-43.0,232.03
ALP,279.5,-48.47,229.78
ALP,279.75,-53.82,227.25
ALP,280.0,-59.04,224.47
ALP,280.25,-64.12,221.43
ALP,280.5,-69.04,218.15
ALP,280.75,-73.79,214.63
ALP,281.0,-78.37,210.88
ALP,281.25,-82.75,206.91
ALP,281.5,-86.93,202.72
ALP,281.75,-90.9,198.34
ALP,282.0,-94.65,193.76
ALP,282.25,-98.17,189.01
ALP,282.5,-101.45,184.09
ALP,282.75,-104.49,179.01
ALP,283.0,-107.27,173.79
ALP,283.25,-109.79,168.43
ALP,283.5,-112.04,162.97
ALP,283.75,-114.03,157.39
ALP,284.0,-115.73,151.73
ALP,284.25,-117.15,145.98
ALP,284.5,-118.29,140.18
ALP,284.75,-119.14,134.33
ALP,285.0,-119.7,128.44
ALP,285.25,-119.97,122.53
ALP,285.5,-119.95,116.61
ALP,285.75,-119.64,110.7
ALP,286.0,-119.04,104.82
ALP,286.25,-118.14,98.97
ALP,286.5,-116.96,93.17
ALP,286.75,-115.5,87.44
ALP,287.0,-113.75,81.79
ALP,287.25,-111.73,76.23
ALP,287.5,-109.44,70.78
ALP,287.75,-106.88,65.44
ALP,288.0,-104.06,60.24
ALP,288.25,-100.99,55.19
ALP,288.5,-97.67,50.29
ALP,288.75,-94.12,45.56
ALP,289.0,-90.34,41.01
ALP,289.25,-86.34,36.66
ALP,289.5,-82.12,32.5
ALP,289.75,-77.71,28.56
ALP,290.0,-73.11,24.84
ALP,290.25,-68.33,21.36
ALP,290.5,-63.39,18.11
ALP,290.75,-58.29,15.11
ALP,291.0,-53.05,12.36
ALP,291.25,-47.68,9.88
ALP,291.5,-42.2,7.66
ALP,291.75,-36.61,5.72
ALP,292.0,-30.93,4.05
ALP,292.25,-25.18,2.67
ALP,292.5,-19.37,1.57
ALP,292.75,-13.51,0.76
ALP,293.0,-7.61,0.24
ALP,293.25,-1.7,0.01
ALP,293.5,5.02,0.0
ALP,293.75,12.07,0.0
ALP,294.0,19.12,0.0
ALP,294.25,26.16,0.0
ALP,294.5,33.21,0.0
ALP,294.75,40.26,0.0
ALP,295.0,47.31,0.0
ALP,295.25,54.36,0.0
ALP,295.5,61.41,0.0
ALP,295.75,68.46,0.0
ALP,296.0,75.5,0.0
ALP,296.25,82.55,0.0
ALP,296.5,89.6,0.0
ALP,296.75,96.65,0.0
ALP,297.0,103.7,0.0
ALP,297.25,110.75,0.0
ALP,297.5,117.8,0.0
ALP,297.75,124.84,0.0
ALP,298.0,131.89,0.0
ALP,298.25,138.94,0.0
ALP,298.5,145.99,0.0
ALP,298.75,153.04,0.0
ALP,299.0,160.09,0.0
ALP,299.25,167.14,0.0
ALP,299.5,174.19,0.0
ALP,299.75,181.23,0.0
ALP,300.0,188.28,0.0
ALP,300.25,195.33,0.0
ALP,300.5,202.38,0.0
ALP,300.75,209.43,0.0
ALP,301.0,216.48,0.0
ALP,301.25,223.53,0.0
ALP,301.5,230.57,0.0
ALP,301.75,237.62,0.0
ALP,302.0,244.67,0.0
ALP,302.25,251.72,0.0
ALP,302.5,258.77,0.0
ALP,302.75,265.82,0.0
ALP,303.0,272.87,0.0
ALP,303.25,279.91,0.0
ALP,303.5,286.96,0.0
ALP,303.75,294.01,0.0
ALP,304.0,301.06,0.0
ALP,304.25,308.11,0.0
ALP,304.5,315.16,0.0
ALP,304.75,322.21,0.0
ALP,305.0,329.25,0.0
ALP,305.25,336.3,0.0
ALP,305.5,343.35,0.0
ALP,305.75,350.4,0.0
ALP,306.0,357.45,0.0
ALP,306.25,364.5,0.0
ALP,306.5,371.55,0.0
ALP,306.75,378.59,0.13
ALP,307.0,385.62,0.66
ALP,307.25,392.6,1.61
ALP,307.5,399.52,2.97
ALP,307.75,406.34,4.72
ALP,308.0,413.05,6.88
ALP,308.25,419.63,9.43
ALP,308.5,426.04,12.35
ALP,308.75,432.27,15.65
ALP,309.0,438.29,19.31
ALP,309.25,444.09,23.32
ALP,309.5,449.64,27.65
ALP,309.75,454.93,32.31
ALP,310.0,459.94,37.27
ALP,310.25,464.64,42.52
ALP,310.5,469.03,48.03
ALP,310.75,473.09,53.79
ALP,311.0,476.81,59.78
ALP,311.25,480.16,65.98
ALP,311.5,483.15,72.36
ALP,311.75,485.76,78.91
ALP,312.0,487.97,85.6
ALP,312.25,489.79,92.41
ALP,312.5,491.21,99.31
ALP,312.75,492.22,106.29
ALP,313.0,492.82,113.31
ALP,313.25,493.01,120.35
ALP,313.5,492.78,127.4
ALP,313.75,492.14,134.42
ALP,314.0,491.09,141.39
ALP,314.25,489.63,148.28
ALP,314.5,487.77,155.08
ALP,314.75,485.51,161.75
ALP,315.0,482.87,168.29
ALP,315.25,479.84,174.65
ALP,315.5,476.45,180.83
ALP,315.75,472.7,186.8
ALP,316.0,468.61,192.53
ALP,316.25,464.18,198.02
ALP,316.5,459.45,203.24
ALP,316.75,454.41,208.17
ALP,317.0,449.09,212.8
ALP,317.25,443.52,217.1
ALP,317.5,437.69,221.07
ALP,317.75,431.65,224.7
ALP,318.0,425.4,227.96
ALP,318.25,418.97,230.85
ALP,318.5,412.39,233.36
ALP,318.75,405.66,235.47
ALP,319.0,398.83,237.19
ALP,319.25,391.9,238.5
ALP,319.5,384.92,239.41
ALP,319.75,377.89,239.9
ALP,320.0,370.84,240.0
ALP,320.25,363.79,240.0
ALP,320.5,356.74,240.0
ALP,320.75,349.69,240.0
ALP,321.0,342.64,240.0
ALP,321.25,335.59,240.0
ALP,321.5,328.55,240.0
ALP,321.75,321.5,240.0
ALP,322.0,314.45,240.0
ALP,322.25,307.4,240.0
ALP,322.5,300.35,240.0
ALP,322.75,293.3,240.0
ALP,323.0,286.25,240.0
ALP,323.25,279.21,240.0
ALP,323.5,272.16,240.0
ALP,323.75,265.11,240.0
ALP,324.0,258.06,240.0
ALP,324.25,251.01,240.0
ALP,324.5,243.96,240.0
ALP,324.75,236.91,240.0
ALP,325.0,229.87,240.0
ALP,325.25,222.82,240.0
ALP,325.5,215.77,240.0
ALP,325.75,208.72,240.0
ALP,326.0,201.67,240.0
ALP,326.25,194.62,240.0
ALP,326.5,187.57,240.0
ALP,326.75,180.53,240.0
ALP,327.0,173.48,240.0
ALP,327.25,166.43,240.0
ALP,327.5,159.38,240.0
ALP,327.75,152.33,240.0
ALP,328.0,145.28,240.0
ALP,328.25,138.23,240.0
ALP,328.5,131.19,240.0
ALP,328.75,124.14,240.0
ALP,329.0,117.09,240.0
ALP,329.25,110.04,240.0
ALP,329.5,102.99,240.0
ALP,329.75,95.94,240.0
ALP,330.0,88.89,240.0
ALP,330.25,81.85,240.0
ALP,330.5,74.8,240.0
ALP,330.75,67.75,240.0
ALP,331.0,60.7,240.0
ALP,331.25,53.65,240.0
ALP,331.5,46.6,240.0
ALP,331.75,39.55,240.0
ALP,332.0,32.5,240.0
ALP,332.25,25.46,240.0
ALP,332.5,18.41,240.0
ALP,332.75,11.36,240.0
ALP,333.0,4.31,240.0
ALP,333.25,-2.74,239.97
ALP,333.5,-9.78,239.6
ALP,333.75,-16.78,238.82
ALP,334.0,-23.73,237.63
ALP,334.25,-30.59,236.04
ALP,334.5,-37.35,234.04
ALP,334.75,-43.98,231.65
ALP,335.0,-50.46,228.88
ALP,335.25,-56.76,225.73
ALP,335.5,-62.87,222.21
ALP,335.75,-68.76,218.34
ALP,336.0,-74.42,214.14
ALP,336.25,-79.82,209.61
ALP,336.5,-84.94,204.77
ALP,336.75,-89.77,199.63
ALP,337.0,-94.29,194.23
ALP,337.25,-98.48,188.56
ALP,337.5,-102.34,182.66
ALP,337.75,-105.84,176.55
ALP,338.0,-108.98,170.24
ALP,338.25,-111.74,163.75
ALP,338.5,-114.12,157.12
ALP,338.75,-116.1,150.35
ALP,339.0,-117.68,143.49
ALP,339.25,-118.85,136.54
ALP,339.5,-119.62,129.53
ALP,339.75,-119.97,122.49
ALP,340.0,-119.91,115.45
ALP,340.25,-119.44,108.41
ALP,340.5,-118.55,101.42
ALP,340.75,-117.26,94.5
ALP,341.0,-115.56,87.66
ALP,341.25,-113.46,80.93
ALP,341.5,-110.97,74.33
ALP,341.75,-108.1,67.9
ALP,342.0,-104.85,61.64
ALP,342.25,-101.25,55.59
ALP,342.5,-97.29,49.75
ALP,342.75,-93.0,44.16
ALP,343.0,-88.39,38.84
ALP,343.25,-83.47,33.79
ALP,343.5,-78.27,29.04
ALP,343.75,-72.79,24.6
ALP,344.0,-67.06,20.49
ALP,344.25,-61.11,16.72
ALP,344.5,-54.94,13.31
ALP,344.75,-48.58,10.27
ALP,345.0,-42.06,7.61
ALP,345.25,-35.39,5.34
ALP,345.5,-28.59,3.46
ALP,345.75,-21.7,1.98
ALP,346.0,-14.74,0.91
ALP,346.25,-7.72,0.25
ALP,346.5,-0.68,0.0
ALP,346.75,7.48,0.0
ALP,347.0,15.76,0.0
ALP,347.25,24.04,0.0
ALP,347.5,32.32,0.0
ALP,347.75,40.59,0.0
ALP,348.0,48.87,0.0
ALP,348.25,57.15,0.0
ALP,348.5,65.42,0.0
ALP,348.75,73.7,0.0
ALP,349.0,81.98,0.0
ALP,349.25,90.26,0.0
ALP,349.5,98.53,0.0
ALP,349.75,106.81,0.0
ALP,350.0,115.09,0.0
ALP,350.25,123.37,0.0
ALP,350.5,131.64,0.0
ALP,350.75,139.92,0.0
ALP,351.0,148.2,0.0
ALP,351.25,156.48,0.0
ALP,351.5,164.75,0.0
ALP,351.75,173.03,0.0
ALP,352.0,181.31,0.0
ALP,352.25,189.59,0.0
ALP,352.5,197.86,0.0
ALP,352.75,206.14,0.0
ALP,353.0,214.42,0.0
ALP,353.25,222.7,0.0
ALP,353.5,230.97,0.0
ALP,353.75,239.25,0.0
ALP,354.0,247.53,0.0
ALP,354.25,255.81,0.0
ALP,354.5,264.08,0.0
ALP,354.75,272.36,0.0
ALP,355.0,280.64,0.0
ALP,355.25,288.91,0.0
ALP,355.5,297.19,0.0
ALP,355.75,305.47,0.0
ALP,356.0,313.75,0.0
ALP,356.25,322.02,0.0
ALP,356.5,330.3,0.0
ALP,356.75,338.58,0.0
ALP,357.0,346.86,0.0
ALP,357.25,355.13,0.0
ALP,357.5,363.41,0.0
ALP,357.75,371.69,0.0
ALP,358.0,379.96,0.2
ALP,358.25,388.2,0.97
ALP,358.5,396.37,2.3
ALP,358.75,404.43,4.19
ALP,359.0,412.34,6.63
ALP,359.25,420.06,9.61
ALP,359.5,427.55,13.11
ALP,359.75,434.79,17.13
ALP,360.0,441.73,21.63
ALP,360.25,448.35,26.6
ALP,360.5,454.61,32.01
ALP,360.75,460.48,37.85
ALP,361.0,465.93,44.07
ALP,361.25,470.95,50.66
ALP,361.5,475.49,57.57
ALP,361.75,479.55,64.78
ALP,362.0,483.1,72.26
ALP,362.25,486.13,79.96
ALP,362.5,488.62,87.85
ALP,362.75,490.56,95.9
ALP,363.0,491.95,104.06
ALP,363.25,492.76,112.29
ALP,363.5,493.01,120.57
ALP,363.75,492.68,128.83
ALP,364.0,491.79,137.06
ALP,364.25,490.33,145.21
ALP,364.5,488.31,153.23
ALP,364.75,485.75,161.1
ALP,365.0,482.65,168.78
ALP,365.25,479.03,176.22
ALP,365.5,474.9,183.39
ALP,365.75,470.29,190.26
ALP,366.0,465.21,196.8
ALP,366.25,459.7,202.97
ALP,366.5,453.78,208.75
ALP,366.75,447.47,214.11
ALP,367.0,440.8,219.01
ALP,367.25,433.82,223.45
ALP,367.5,426.54,227.4
ALP,367.75,419.01,230.83
ALP,368.0,411.27,233.74
ALP,368.25,403.34,236.1
ALP,368.5,395.26,237.92
ALP,368.75,387.08,239.17
ALP,369.0,378.83,239.86
ALP,369.25,370.56,240.0
ALP,369.5,362.28,240.0
ALP,369.75,354.0,240.0
ALP,370.0,345.73,240.0
ALP,370.25,337.45,240.0
ALP,370.5,329.17,240.0
ALP,370.75,320.89,240.0
ALP,371.0,312.62,240.0
ALP,371.25,304.34,240.0
ALP,371.5,296.06,240.0
ALP,371.75,287.78,240.0
ALP,372.0,279.51,240.0
ALP,372.25,271.23,240.0
ALP,372.5,262.95,240.0
ALP,372.75,254.67,240.0
ALP,373.0,246.4,240.0
ALP,373.25,238.12,240.0
ALP,373.5,229.84,240.0
ALP,373.75,221.57,240.0
ALP,374.0,213.29,240.0
ALP,374.25,205.01,240.0
ALP,374.5,196.73,240.0
ALP,374.75,188.46,240.0
ALP,375.0,180.18,240.0
ALP,375.25,171.9,240.0
ALP,375.5,163.62,240.0
ALP,375.75,155.35,240.0
ALP,376.0,147.07,240.0
ALP,376.25,138.79,240.0
ALP,376.5,130.51,240.0
ALP,376.75,122.24,240.0
ALP,377.0,113.96,240.0
ALP,377.25,105.68,240.0
ALP,377.5,97.4,240.0
ALP,377.75,89.13,240.0
ALP,378.0,80.85,240.0
ALP,378.25,72.57,240.0
ALP,378.5,64.29,240.0
ALP,378.75,56.02,240.0
ALP,379.0,47.74,240.0
ALP,379.25,39.46,240.0
ALP,379.5,31.18,240.0
ALP,379.75,22.91,240.0
ALP,380.0,14.63,240.0
ALP,380.25,6.35,240.0
ALP,380.5,-1.92,239.98
ALP,380.75,-10.19,239.57
ALP,381.0,-18.41,238.58
ALP,381.25,-26.54,237.03
ALP,381.5,-34.54,234.92
ALP,381.75,-42.38,232.27
ALP,382.0,-50.01,229.08
ALP,382.25,-57.41,225.37
ALP,382.5,-64.54,221.17
ALP,382.75,-71.36,216.48
ALP,383.0,-77.84,211.33
ALP,383.25,-83.95,205.75
ALP,383.5,-89.66,199.76
ALP,383.75,-94.94,193.39
ALP,384.0,-99.78,186.67
ALP,384.25,-104.13,179.63
ALP,384.5,-108.0,172.31
ALP,384.75,-111.35,164.75
ALP,385.0,-114.16,156.97
ALP,385.25,-116.44,149.01
ALP,385.5,-118.16,140.91
ALP,385.75,-119.32,132.72
ALP,386.0,-119.92,124.47
ALP,386.25,-119.94,116.19
ALP,386.5,-119.39,107.93
ALP,386.75,-118.28,99.73
ALP,387.0,-116.6,91.63
ALP,387.25,-114.37,83.66
ALP,387.5,-111.59,75.86
ALP,387.75,-108.28,68.28
ALP,388.0,-104.46,60.94
ALP,388.25,-100.14,53.88
ALP,388.5,-95.34,47.13
ALP,388.75,-90.1,40.74
ALP,389.0,-84.42,34.71
ALP,389.25,-78.34,29.1
ALP,389.5,-71.89,23.92
ALP,389.75,-65.09,19.19
ALP,390.0,-57.99,14.94
ALP,390.25,-50.61,11.2
ALP,390.5,-42.99,7.97
ALP,390.75,-35.17,5.27
ALP,391.0,-27.18,3.12
ALP,391.25,-19.06,1.52
ALP,391.5,-10.85,0.49
ALP,391.75,-2.58,0.03
ALP,392.0,5.71,0.0
ALP,392.25,14.0,0.0
ALP,392.5,22.29,0.0
ALP,392.75,30.58,0.0
ALP,393.0,38.88,0.0
ALP,393.25,47.17,0.0
ALP,393.5,55.46,0.0
ALP,393.75,63.76,0.0
ALP,394.0,72.05,0.0
ALP,394.25,80.34,0.0
ALP,394.5,88.64,0.0
ALP,394.75,96.93,0.0
ALP,395.0,105.22,0.0
ALP,395.25,113.52,0.0
ALP,395.5,121.81,0.0
ALP,395.75,130.1,0.0
ALP,396.0,138.4,0.0
ALP,396.25,146.69,0.0
ALP,396.5,154.98,0.0
ALP,396.75,163.28,0.0
ALP,397.0,171.57,0.0
ALP,397.25,179.86,0.0
ALP,397.5,188.15,0.0
ALP,397.75,196.45,0.0
ALP,398.0,204.74,0.0
ALP,398.25,213.03,0.0
ALP,398.5,221.33,0.0
ALP,398.75,229.62,0.0
ALP,399.0,237.91,0.0
ALP,399.25,246.21,0.0
ALP,399.5,254.5,0.0
ALP,399.75,262.79,0.0
ALP,400.0,271.09,0.0
ALP,400.25,279.38,0.0
ALP,400.5,287.67,0.0
ALP,400.75,295.97,0.0
ALP,401.0,304.26,0.0
ALP,401.25,312.55,0.0
ALP,401.5,320.85,0.0
ALP,401.75,329.14,0.0
ALP,402.0,337.43,0.0
ALP,402.25,345.72,0.0
ALP,402.5,354.02,0.0
ALP,402.75,362.31,0.0
ALP,403.0,370.6,0.0
ALP,403.25,378.89,0.14
ALP,403.5,387.16,0.84
ALP,403.75,395.35,2.1
ALP,404.0,403.44,3.92
ALP,404.25,411.38,6.3
ALP,404.5,419.14,9.22
ALP,404.75,426.68,12.67
ALP,405.0,433.97,16.64
ALP,405.25,440.96,21.09
ALP,405.5,447.63,26.02
ALP,405.75,453.94,31.4
ALP,406.0,459.86,37.2
ALP,406.25,465.37,43.39
ALP,406.5,470.44,49.95
ALP,406.75,475.05,56.85
ALP,407.0,479.17,64.05
ALP,407.25,482.78,71.51
ALP,407.5,485.86,79.21
ALP,407.75,488.41,87.1
ALP,408.0,490.41,95.14
ALP,408.25,491.84,103.31
ALP,408.5,492.71,111.56
ALP,408.75,493.01,119.84
ALP,409.0,492.73,128.13
ALP,409.25,491.89,136.38
ALP,409.5,490.47,144.55
ALP,409.75,488.5,152.6
ALP,410.0,485.97,160.5
ALP,410.25,482.9,168.2
ALP,410.5,479.31,175.67
ALP,410.75,475.21,182.88
ALP,411.0,470.63,189.79
ALP,411.25,465.58,196.36
ALP,411.5,460.08,202.57
ALP,411.75,454.17,208.39
ALP,412.0,447.87,213.78
ALP,412.25,441.22,218.73
ALP,412.5,434.24,223.2
ALP,412.75,426.97,227.19
ALP,413.0,419.43,230.66
ALP,413.25,411.68,233.6
ALP,413.5,403.75,236.0
ALP,413.75,395.66,237.84
ALP,414.0,387.47,239.13
ALP,414.25,379.21,239.84
ALP,414.5,370.92,240.0
ALP,414.75,362.63,240.0
ALP,415.0,354.33,240.0
ALP,415.25,346.04,240.0
ALP,415.5,337.75,240.0
ALP,415.75,329.45,240.0
ALP,416.0,321.16,240.0
ALP,416.25,312.87,240.0
ALP,416.5,304.57,240.0
ALP,416.75,296.28,240.0
ALP,417.0,287.99,240.0
ALP,417.25,279.69,240.0
ALP,417.5,271.4,240.0
ALP,417.75,263.11,240.0
ALP,418.0,254.82,240.0
ALP,418.25,246.52,240.0
ALP,418.5,238.23,240.0
ALP,418.75,229.94,240.0
ALP,419.0,221.64,240.0
ALP,419.25,213.35,240.0
ALP,419.5,205.06,240.0
ALP,419.75,196.76,240.0
ALP,420.0,188.47,240.0
ALP,420.25,180.18,240.0
ALP,420.5,171.88,240.0
ALP,420.75,163.59,240.0
ALP,421.0,155.3,240.0
ALP,421.25,147.0,240.0
ALP,421.5,138.71,240.0
ALP,421.75,130.42,240.0
ALP,422.0,122.12,240.0
ALP,422.25,113.83,240.0
ALP,422.5,105.54,240.0
ALP,422.75,97.25,240.0
ALP,423.0,88.95,240.0
ALP,423.25,80.66,240.0
ALP,423.5,72.37,240.0
ALP,423.75,64.07,240.0
ALP,424.0,55.78,240.0
ALP,424.25,47.49,240.0
ALP,424.5,39.19,240.0
ALP,424.75,30.9,240.0
ALP,425.0,22.61,240.0
ALP,425.25,14.31,240.0
ALP,425.5,6.02,240.0
ALP,425.75,-2.27,239.98
ALP,426.0,-10.55,239.54
ALP,426.25,-18.78,238.52
ALP,426.5,-26.92,236.94
ALP,426.75,-34.93,234.8
ALP,427.0,-42.78,232.12
ALP,427.25,-50.42,228.9
ALP,427.5,-57.82,225.15
ALP,427.75,-64.94,220.91
ALP,428.0,-71.75,216.19
ALP,428.25,-78.22,211.0
ALP,428.5,-84.32,205.38
ALP,428.75,-90.02,199.36
ALP,429.0,-95.28,192.95
ALP,429.25,-100.09,186.2
ALP,429.5,-104.42,179.13
ALP,429.75,-108.26,171.77
ALP,430.0,-111.57,164.18
ALP,430.25,-114.36,156.37
ALP,430.5,-116.6,148.38
ALP,430.75,-118.28,140.26
ALP,431.0,-119.39,132.05
ALP,431.25,-119.94,123.77
ALP,431.5,-119.91,115.48
ALP,431.75,-119.32,107.21
ALP,432.0,-118.15,99.0
ALP,432.25,-116.42,90.89
ALP,432.5,-114.13,82.92
ALP,432.75,-111.3,75.13
ALP,433.0,-107.93,67.55
ALP,433.25,-104.05,60.23
ALP,433.5,-99.68,53.18
ALP,433.75,-94.82,46.46
ALP,434.0,-89.52,40.09
ALP,434.25,-83.79,34.1
ALP,434.5,-77.66,28.51
ALP,434.75,-71.15,23.37
ALP,435.0,-64.31,18.69
ALP,435.25,-57.16,14.49
ALP,435.5,-49.74,10.79
ALP,435.75,-42.08,7.62
ALP,436.0,-34.22,4.98
ALP,436.25,-26.19,2.89
ALP,436.5,-18.04,1.36
ALP,436.75,-9.81,0.4
ALP,437.0,-1.53,0.01
ALP,437.25,6.75,0.0
ALP,437.5,15.02,0.0
ALP,437.75,23.3,0.0
ALP,438.0,31.57,0.0
ALP,438.25,39.84,0.0
ALP,438.5,48.12,0.0
ALP,438.75,56.39,0.0
ALP,439.0,64.66,0.0
ALP,439.25,72.94,0.0
ALP,439.5,81.21,0.0
ALP,439.75,89.48,0.0
ALP,440.0,97.75,0.0
ALP,440.25,106.03,0.0
ALP,440.5,114.3,0.0
ALP,440.75,122.57,0.0
ALP,441.0,130.85,0.0
ALP,441.25,139.12,0.0
ALP,441.5,147.39,0.0
ALP,441.75,155.67,0.0
ALP,442.0,163.94,0.0
ALP,442.25,172.21,0.0
ALP,442.5,180.48,0.0
ALP,442.75,188.76,0.0
ALP,443.0,197.03,0.0
ALP,443.25,205.3,0.0
ALP,443.5,213.58,0.0
ALP,443.75,221.85,0.0
ALP,444.0,230.12,0.0
ALP,444.25,238.4,0.0
ALP,444.5,246.67,0.0
ALP,444.75,254.94,0.0
ALP,445.0,263.21,0.0
ALP,445.25,271.49,0.0
ALP,445.5,279.76,0.0
ALP,445.75,288.03,0.0
ALP,446.0,296.31,0.0
ALP,446.25,304.58,0.0
ALP,446.5,312.85,0.0
ALP,446.75,321.13,0.0
ALP,447.0,329.4,0.0
ALP,447.25,337.67,0.0
ALP,447.5,345.95,0.0
ALP,447.75,354.22,0.0
ALP,448.0,362.49,0.0
ALP,448.25,370.76,0.0
ALP,448.5,379.03,0.15
ALP,448.75,387.28,0.85
ALP,449.0,395.45,2.12
ALP,449.25,403.52,3.94
ALP,449.5,411.44,6.32
ALP,449.75,419.18,9.24
ALP,450.0,426.7,12.68
ALP,450.25,433.97,16.64
ALP,450.5,440.94,21.08
ALP,450.75,447.59,25.99
ALP,451.0,453.89,31.36
ALP,451.25,459.81,37.14
ALP,451.5,465.31,43.31
ALP,451.75,470.37,49.86
ALP,452.0,474.97,56.73
ALP,452.25,479.09,63.9
ALP,452.5,482.7,71.34
ALP,452.75,485.79,79.02
ALP,453.0,488.35,86.88
ALP,453.25,490.36,94.91
ALP,453.5,491.81,103.05
ALP,453.75,492.69,111.27
ALP,454.0,493.01,119.54
ALP,454.25,492.75,127.81
ALP,454.5,491.93,136.04
ALP,454.75,490.55,144.19
ALP,455.0,488.6,152.23
ALP,455.25,486.1,160.12
ALP,455.5,483.07,167.81
ALP,455.75,479.52,175.28
ALP,456.0,475.46,182.49
ALP,456.25,470.91,189.4
ALP,456.5,465.89,195.97
ALP,456.75,460.44,202.19
ALP,457.0,454.57,208.02
ALP,457.25,448.31,213.43
ALP,457.5,441.7,218.4
ALP,457.75,434.76,222.89
ALP,458.0,427.52,226.9
ALP,458.25,420.03,230.4
ALP,458.5,412.31,233.38
ALP,458.75,404.41,235.82
ALP,459.0,396.35,237.71
ALP,459.25,388.19,239.04
ALP,459.5,379.95,239.8
ALP,459.75,371.69,240.0
ALP,460.0,363.41,240.0
ALP,460.25,355.14,240.0
ALP,460.5,346.87,240.0
ALP,460.75,338.59,240.0
ALP,461.0,330.32,240.0
ALP,461.25,322.05,240.0
ALP,461.5,313.77,240.0
ALP,461.75,305.5,240.0
ALP,462.0,297.23,240.0
ALP,462.25,288.95,240.0
ALP,462.5,280.68,240.0
ALP,462.75,272.41,240.0
ALP,463.0,264.14,240.0
ALP,463.25,255.86,240.0
ALP,463.5,247.59,240.0
ALP,463.75,239.32,240.0
ALP,464.0,231.04,240.0
ALP,464.25,222.77,240.0
ALP,464.5,214.5,240.0
ALP,464.75,206.22,240.0
ALP,465.0,197.95,240.0
ALP,465.25,189.68,240.0
ALP,465.5,181.41,240.0
ALP,465.75,173.13,240.0
ALP,466.0,164.86,240.0
ALP,466.25,156.59,240.0
ALP,466.5,148.31,240.0
ALP,466.75,140.04,240.0
ALP,467.0,131.77,240.0
ALP,467.25,123.49,240.0
ALP,467.5,115.22,240.0
ALP,467.75,106.95,240.0
ALP,468.0,98.68,240.0
ALP,468.25,90.4,240.0
ALP,468.5,82.13,240.0
ALP,468.75,73.86,240.0
ALP,469.0,65.58,240.0
ALP,469.25,57.31,240.0
ALP,469.5,49.04,240.0
ALP,469.75,40.76,240.0
ALP,470.0,32.49,240.0
ALP,470.25,24.22,240.0
ALP,470.5,15.94,240.0
ALP,470.75,7.67,240.0
ALP,471.0,-0.6,240.0
ALP,471.25,-8.87,239.67
ALP,471.5,-17.09,238.78
ALP,471.75,-25.23,237.32
ALP,472.0,-33.25,235.3
ALP,472.25,-41.12,232.74
ALP,472.5,-48.78,229.64
ALP,472.75,-56.22,226.01
ALP,473.0,-63.39,221.89
ALP,473.25,-70.26,217.28
ALP,473.5,-76.79,212.21
ALP,473.75,-82.96,206.7
ALP,474.0,-88.74,200.78
ALP,474.25,-94.09,194.48
ALP,474.5,-99.0,187.82
ALP,474.75,-103.44,180.84
ALP,475.0,-107.38,173.57
ALP,475.25,-110.82,166.04
ALP,475.5,-113.72,158.3
ALP,475.75,-116.09,150.37
ALP,476.0,-117.91,142.3
ALP,476.25,-119.17,134.13
ALP,476.5,-119.86,125.89
ALP,476.75,-119.98,117.61
ALP,477.0,-119.53,109.36
ALP,477.25,-118.51,101.15
ALP,477.5,-116.93,93.03
ALP,477.75,-114.79,85.04
ALP,478.0,-112.11,77.21
ALP,478.25,-108.9,69.59
ALP,478.5,-105.17,62.21
ALP,478.75,-100.94,55.1
ALP,479.0,-96.23,48.3
ALP,479.25,-91.06,41.84
ALP,479.5,-85.46,35.76
ALP,479.75,-79.45,30.07
ALP,480.0,-73.07,24.81
ALP,480.25,-66.34,20.0
ALP,480.5,-59.29,15.67
ALP,480.75,-51.96,11.83
ALP,481.0,-44.39,8.51
ALP,481.25,-36.6,5.72
ALP,481.5,-28.64,3.47
ALP,481.75,-20.55,1.77
ALP,482.0,-12.35,0.64
ALP,482.25,-4.1,0.07
ALP,482.5,4.17,0.0
ALP,482.75,12.43,0.0
ALP,483.0,20.7,0.0
ALP,483.25,28.97,0.0
ALP,483.5,37.23,0.0
ALP,483.75,45.5,0.0
ALP,484.0,53.77,0.0
ALP,484.25,62.03,0.0
ALP,484.5,70.3,0.0
ALP,484.75,78.57,0.0
ALP,485.0,86.83,0.0
ALP,485.25,95.1,0.0
ALP,485.5,103.37,0.0
ALP,485.75,111.63,0.0
ALP,486.0,119.9,0.0
ALP,486.25,128.17,0.0
ALP,486.5,136.44,0.0
ALP,486.75,144.7,0.0
ALP,487.0,152.97,0.0
ALP,487.25,161.24,0.0
ALP,487.5,169.5,0.0
ALP,487.75,177.77,0.0
ALP,488.0,186.04,0.0
ALP,488.25,194.3,0.0
ALP,488.5,202.57,0.0
ALP,488.75,210.84,0.0
ALP,489.0,219.1,0.0
ALP,489.25,227.37,0.0
ALP,489.5,235.64,0.0
ALP,489.75,243.9,0.0
ALP,490.0,252.17,0.0
ALP,490.25,260.44,0.0
ALP,490.5,268.7,0.0
ALP,490.75,276.97,0.0
ALP,491.0,285.24,0.0
ALP,491.25,293.5,0.0
ALP,491.5,301.77,0.0
ALP,491.75,310.04,0.0
ALP,492.0,318.31,0.0
ALP,492.25,326.57,0.0
ALP,492.5,334.84,0.0
ALP,492.75,343.11,0.0
ALP,493.0,351.37,0.0
ALP,493.25,359.64,0.0
ALP,493.5,367.91,0.0
ALP,493.75,376.17,0.04
ALP,494.0,384.42,0.54
ALP,494.25,392.62,1.61
ALP,494.5,400.72,3.24
ALP,494.75,408.69,5.43
ALP,495.0,416.49,8.16
ALP,495.25,424.09,11.42
ALP,495.5,431.44,15.19
ALP,495.75,438.52,19.46
ALP,496.0,445.29,24.21
ALP,496.25,451.71,29.41
ALP,496.5,457.76,35.04
ALP,496.75,463.4,41.08
ALP,497.0,468.62,47.49
ALP,497.25,473.39,54.24
ALP,497.5,477.68,61.31
ALP,497.75,481.47,68.65
ALP,498.0,484.74,76.24
ALP,498.25,487.49,84.03
ALP,498.5,489.7,92.0
ALP,498.75,491.35,100.1
ALP,499.0,492.44,108.29
ALP,499.25,492.96,116.54
ALP,499.5,492.91,124.8
ALP,499.75,492.3,133.05
ALP,500.0,491.12,141.23
ALP,500.25,489.38,149.31
ALP,500.5,487.08,157.25
ALP,500.75,484.25,165.01
ALP,501.0,480.88,172.56
ALP,501.25,477.01,179.86
ALP,501.5,472.64,186.88
ALP,501.75,467.8,193.58
ALP,502.0,462.51,199.93
ALP,502.25,456.8,205.9
ALP,502.5,450.69,211.47
ALP,502.75,444.21,216.6
ALP,503.0,437.39,221.27
ALP,503.25,430.27,225.46
ALP,503.5,422.87,229.15
ALP,503.75,415.24,232.32
ALP,504.0,407.41,234.96
ALP,504.25,399.41,237.06
ALP,504.5,391.29,238.6
ALP,504.75,383.08,239.58
ALP,505.0,374.83,239.99
ALP,505.25,366.56,240.0
ALP,505.5,358.29,240.0
ALP,505.75,350.03,240.0
ALP,506.0,341.76,240.0
ALP,506.25,333.49,240.0
ALP,506.5,325.23,240.0
ALP,506.75,316.96,240.0
ALP,507.0,308.69,240.0
ALP,507.25,300.43,240.0
ALP,507.5,292.16,240.0
ALP,507.75,283.89,240.0
ALP,508.0,275.63,240.0
ALP,508.25,267.36,240.0
ALP,508.5,259.09,240.0
ALP,508.75,250.83,240.0
ALP,509.0,242.56,240.0
ALP,509.25,234.29,240.0
ALP,509.5,226.03,240.0
ALP,509.75,217.76,240.0
ALP,510.0,209.49,240.0
ALP,510.25,201.22,240.0
ALP,510.5,192.96,240.0
ALP,510.75,184.69,240.0
ALP,511.0,176.42,240.0
ALP,511.25,168.16,240.0
ALP,511.5,159.89,240.0
ALP,511.75,151.62,240.0
ALP,512.0,143.36,240.0
ALP,512.25,135.09,240.0
ALP,512.5,126.82,240.0
ALP,512.75,118.56,240.0
ALP,513.0,110.29,240.0
ALP,513.25,102.02,240.0
ALP,513.5,93.76,240.0
ALP,513.75,85.49,240.0
ALP,514.0,77.22,240.0
ALP,514.25,68.96,240.0
ALP,514.5,60.69,240.0
ALP,514.75,52.42,240.0
ALP,515.0,44.15,240.0
ALP,515.25,35.89,240.0
ALP,515.5,27.62,240.0
ALP,515.75,19.35,240.0
ALP,516.0,11.09,240.0
ALP,516.25,2.82,240.0
ALP,516.5,-5.44,239.88
ALP,516.75,-13.68,239.22
ALP,517.0,-21.86,237.99
ALP,517.25,-29.93,236.21
ALP,517.5,-37.86,233.87
ALP,517.75,-45.6,231.0
ALP,518.0,-53.14,227.59
ALP,518.25,-60.42,223.68
ALP,518.5,-67.41,219.28
ALP,518.75,-74.08,214.4
ALP,519.0,-80.41,209.08
ALP,519.25,-86.35,203.33
ALP,519.5,-91.88,197.19
ALP,519.75,-96.97,190.68
ALP,520.0,-101.61,183.84
ALP,520.25,-105.76,176.69
ALP,520.5,-109.42,169.28
ALP,520.75,-112.55,161.63
ALP,521.0,-115.15,153.78
ALP,521.25,-117.2,145.78
ALP,521.5,-118.7,137.65
ALP,521.75,-119.63,129.44
ALP,522.0,-119.99,121.18
ALP,522.25,-119.79,112.92
ALP,522.5,-119.02,104.69
ALP,522.75,-117.68,96.53
ALP,523.0,-115.79,88.49
ALP,523.25,-113.34,80.59
ALP,523.5,-110.36,72.88
ALP,523.75,-106.86,65.4
ALP,524.0,-102.85,58.17
ALP,524.25,-98.35,51.24
ALP,524.5,-93.38,44.63
ALP,524.75,-87.97,38.38
ALP,525.0,-82.14,32.52
ALP,525.25,-75.93,27.07
ALP,525.5,-69.35,22.07
ALP,525.75,-62.44,17.53
ALP,526.0,-55.24,13.47
ALP,526.25,-47.78,9.92
ALP,526.5,-40.09,6.89
ALP,526.75,-32.21,4.4
ALP,527.0,-24.17,2.46
ALP,527.25,-16.02,1.07
ALP,527.5,-7.8,0.25
ALP,527.75,0.46,0.0
ALP,528.0,8.73,0.0
ALP,528.25,17.0,0.0
ALP,528.5,25.27,0.0
ALP,528.75,33.54,0.0
ALP,529.0,41.81,0.0
ALP,529.25,50.07,0.0
ALP,529.5,58.34,0.0
ALP,529.75,66.61,0.0
ALP,530.0,74.88,0.0
ALP,530.25,83.15,0.0
ALP,530.5,91.42,0.0
ALP,530.75,99.69,0.0
ALP,531.0,107.96,0.0
ALP,531.25,116.22,0.0
ALP,531.5,124.49,0.0
ALP,531.75,132.76,0.0
ALP,532.0,141.03,0.0
ALP,532.25,149.3,0.0
ALP,532.5,157.57,0.0
ALP,532.75,165.84,0.0
ALP,533.0,174.1,0.0
ALP,533.25,182.37,0.0
ALP,533.5,190.64,0.0
ALP,533.75,198.91,0.0
ALP,534.0,207.18,0.0
ALP,534.25,215.45,0.0
ALP,534.5,223.72,0.0
ALP,534.75,231.99,0.0
ALP,535.0,240.25,0.0
ALP,535.25,248.52,0.0
ALP,535.5,256.79,0.0
ALP,535.75,265.06,0.0
ALP,536.0,273.33,0.0
ALP,536.25,281.6,0.0
ALP,536.5,289.87,0.0
ALP,536.75,298.13,0.0
ALP,537.0,306.4,0.0
ALP,537.25,314.67,0.0
ALP,537.5,322.94,0.0
ALP,537.75,331.21,0.0
ALP,538.0,339.48,0.0
ALP,538.25,347.75,0.0
ALP,538.5,356.02,0.0
ALP,538.75,364.28,0.0
ALP,539.0,372.55,0.0
ALP,539.25,380.82,0.25
ALP,539.5,389.04,1.08
ALP,539.75,397.19,2.46
ALP,540.0,405.23,4.41
ALP,540.25,413.11,6.9
ALP,540.5,420.8,9.93
ALP,540.75,428.27,13.48
ALP,541.0,435.47,17.54
ALP,541.25,442.38,22.08
ALP,541.5,448.95,27.09
ALP,541.75,455.17,32.54
ALP,542.0,461.0,38.4
ALP,542.25,466.41,44.65
ALP,542.5,471.37,51.26
ALP,542.75,475.87,58.2
ALP,543.0,479.88,65.43
ALP,543.25,483.39,72.92
ALP,543.5,486.37,80.63
ALP,543.75,488.81,88.53
ALP,544.0,490.7,96.57
ALP,544.25,492.03,104.73
ALP,544.5,492.8,112.96
ALP,544.75,493.0,121.23
ALP,545.0,492.63,129.49
ALP,545.25,491.7,137.7
ALP,545.5,490.2,145.83
ALP,545.75,488.14,153.84
ALP,546.0,485.54,161.68
ALP,546.25,482.4,169.33
ALP,546.5,478.74,176.75
ALP,546.75,474.59,183.89
ALP,547.0,469.95,190.73
ALP,547.25,464.85,197.24
ALP,547.5,459.31,203.38
ALP,547.75,453.36,209.12
ALP,548.0,447.04,214.44
ALP,548.25,440.36,219.32
ALP,548.5,433.36,223.72
ALP,548.75,426.08,227.63
ALP,549.0,418.54,231.03
ALP,549.25,410.79,233.9
ALP,549.5,402.86,236.23
ALP,549.75,394.78,238.01
ALP,550.0,386.61,239.23
ALP,550.25,378.37,239.88
ALP,550.5,370.1,240.0
ALP,550.75,361.83,240.0
ALP,551.0,353.56,240.0
ALP,551.25,345.29,240.0
ALP,551.5,337.02,240.0
ALP,551.75,328.76,240.0
ALP,552.0,320.49,240.0
ALP,552.25,312.22,240.0
ALP,552.5,303.95,240.0
ALP,552.75,295.68,240.0
ALP,553.0,287.41,240.0
ALP,553.25,279.14,240.0
ALP,553.5,270.87,240.0
ALP,553.75,262.61,240.0
ALP,554.0,254.34,240.0
ALP,554.25,246.07,240.0
ALP,554.5,237.8,240.0
ALP,554.75,229.53,240.0
ALP,555.0,221.26,240.0
ALP,555.25,212.99,240.0
ALP,555.5,204.73,240.0
ALP,555.75,196.46,240.0
ALP,556.0,188.19,240.0
ALP,556.25,179.92,240.0
ALP,556.5,171.65,240.0
ALP,556.75,163.38,240.0
ALP,557.0,155.11,240.0
ALP,557.25,146.84,240.0
ALP,557.5,138.58,240.0
ALP,557.75,130.31,240.0
ALP,558.0,122.04,240.0
ALP,558.25,113.77,240.0
ALP,558.5,105.5,240.0
ALP,558.75,97.23,240.0
ALP,559.0,88.96,240.0
ALP,559.25,80.7,240.0
ALP,559.5,72.43,240.0
ALP,559.75,64.16,240.0
ALP,560.0,55.89,240.0
ALP,560.25,47.62,240.0
ALP,560.5,39.35,240.0
ALP,560.75,31.08,240.0
ALP,561.0,22.81,240.0
ALP,561.25,14.55,240.0
ALP,561.5,6.28,240.0
ALP,561.75,-1.99,239.98
ALP,562.0,-10.25,239.56
ALP,562.25,-18.45,238.57
ALP,562.5,-26.57,237.02
ALP,562.75,-34.57,234.91
ALP,563.0,-42.4,232.26
ALP,563.25,-50.03,229.07
ALP,563.5,-57.42,225.37
ALP,563.75,-64.54,221.17
ALP,564.0,-71.35,216.48
ALP,564.25,-77.82,211.34
ALP,564.5,-83.93,205.77
ALP,564.75,-89.63,199.79
ALP,565.0,-94.91,193.43
ALP,565.25,-99.74,186.72
ALP,565.5,-104.1,179.69
ALP,565.75,-107.96,172.38
ALP,566.0,-111.31,164.82
ALP,566.25,-114.14,157.05
ALP,566.5,-116.42,149.11
ALP,566.75,-118.14,141.02
ALP,567.0,-119.31,132.84
ALP,567.25,-119.91,124.59
ALP,567.5,-119.94,116.33
ALP,567.75,-119.41,108.08
ALP,568.0,-118.3,99.88
ALP,568.25,-116.64,91.79
ALP,568.5,-114.42,83.82
ALP,568.75,-111.65,76.03
ALP,569.0,-108.36,68.45
ALP,569.25,-104.56,61.11
ALP,569.5,-100.25,54.05
ALP,569.75,-95.47,47.3
ALP,570.0,-90.24,40.9
ALP,570.25,-84.58,34.88
ALP,570.5,-78.52,29.26
ALP,570.75,-72.09,24.07
ALP,571.0,-65.31,19.33
ALP,571.25,-58.22,15.07
ALP,571.5,-50.86,11.31
ALP,571.75,-43.26,8.07
ALP,572.0,-35.45,5.36
ALP,572.25,-27.47,3.19
ALP,572.5,-19.36,1.57
ALP,572.75,-11.16,0.52
ALP,573.0,-2.91,0.04
ALP,573.25,5.35,0.0
ALP,573.5,13.6,0.0
ALP,573.75,21.85,0.0
ALP,574.0,30.1,0.0
ALP,574.25,38.35,0.0
ALP,574.5,46.6,0.0
ALP,574.75,54.85,0.0
ALP,575.0,63.1,0.0
ALP,575.25,71.35,0.0
ALP,575.5,79.6,0.0
ALP,575.75,87.85,0.0
ALP,576.0,96.1,0.0
ALP,576.25,104.35,0.0
ALP,576.5,112.6,0.0
ALP,576.75,120.85,0.0
ALP,577.0,129.1,0.0
ALP,577.25,137.35,0.0
ALP,577.5,145.6,0.0
ALP,577.75,153.85,0.0
ALP,578.0,162.1,0.0
ALP,578.25,170.35,0.0
ALP,578.5,178.6,0.0
ALP,578.75,186.85,0.0
ALP,579.0,195.1,0.0
ALP,579.25,203.35,0.0
ALP,579.5,211.6,0.0
ALP,579.75,219.85,0.0
ALP,580.0,228.1,0.0
ALP,580.25,236.35,0.0
ALP,580.5,244.6,0.0
ALP,580.75,252.85,0.0
ALP,581.0,261.1,0.0
ALP,581.25,269.35,0.0
ALP,581.5,277.6,0.0
ALP,581.75,285.86,0.0
ALP,582.0,294.11,0.0
ALP,582.25,302.36,0.0
ALP,582.5,310.61,0.0
ALP,582.75,318.86,0.0
ALP,583.0,327.11,0.0
ALP,583.25,335.36,0.0
ALP,583.5,343.61,0.0
ALP,583.75,351.86,0.0
ALP,584.0,360.11,0.0
ALP,584.25,368.36,0.0
ALP,584.5,376.61,0.05
ALP,584.75,384.84,0.58
ALP,585.0,393.01,1.68
ALP,585.25,401.1,3.33
ALP,585.5,409.04,5.54
ALP,585.75,416.82,8.28
ALP,586.0,424.39,11.56
ALP,586.25,431.72,15.34
ALP,586.5,438.77,19.63
ALP,586.75,445.51,24.38
ALP,587.0,451.91,29.59
ALP,587.25,457.94,35.22
ALP,587.5,463.56,41.26
ALP,587.75,468.75,47.66
ALP,588.0,473.5,54.41
ALP,588.25,477.77,61.47
ALP,588.5,481.54,68.8
ALP,588.75,484.8,76.38
ALP,589.0,487.53,84.16
ALP,589.25,489.72,92.12
ALP,589.5,491.36,100.2
ALP,589.75,492.44,108.38
ALP,590.0,492.96,116.61
ALP,590.25,492.91,124.86
ALP,590.5,492.29,133.08
ALP,590.75,491.11,141.25
ALP,591.0,489.37,149.31
ALP,591.25,487.09,157.24
ALP,591.5,484.26,164.99
ALP,591.75,480.9,172.52
ALP,592.0,477.04,179.81
ALP,592.25,472.69,186.82
ALP,592.5,467.86,193.51
ALP,592.75,462.59,199.85
ALP,593.0,456.89,205.81
ALP,593.25,450.8,211.37
ALP,593.5,444.34,216.5
ALP,593.75,437.54,221.17
ALP,594.0,430.44,225.37
ALP,594.25,423.06,229.06
ALP,594.5,415.45,232.24
ALP,594.75,407.64,234.89
ALP,595.0,399.66,237.0
ALP,595.25,391.56,238.56
ALP,595.5,383.38,239.55
ALP,595.75,375.14,239.98
ALP,596.0,366.89,240.0
ALP,596.25,358.64,240.0
ALP,596.5,350.39,240.0
ALP,596.75,342.14,240.0
ALP,597.0,333.89,240.0
ALP,597.25,325.64,240.0
ALP,597.5,317.39,240.0
ALP,597.75,309.14,240.0
ALP,598.0,300.89,240.0
ALP,598.25,292.64,240.0
ALP,598.5,284.39,240.0
ALP,598.75,276.13,240.0
ALP,599.0,267.88,240.0
ALP,599.25,259.63,240.0
ALP,599.5,251.38,240.0
ALP,599.75,243.13,240.0
ALP,600.0,234.88,240.0
ALP,600.25,226.63,240.0
ALP,600.5,218.38,240.0
ALP,600.75,210.13,240.0
ALP,601.0,201.88,240.0
ALP,601.25,193.63,240.0
ALP,601.5,185.38,240.0
ALP,601.75,177.13,240.0
ALP,602.0,168.88,240.0
ALP,602.25,160.63,240.0
ALP,602.5,152.38,240.0
ALP,602.75,144.13,240.0
ALP,603.0,135.88,240.0
ALP,603.25,127.63,240.0
ALP,603.5,119.38,240.0
ALP,603.75,111.13,240.0
ALP,604.0,102.88,240.0
ALP,604.25,94.63,240.0
ALP,604.5,86.38,240.0
ALP,604.75,78.13,240.0
ALP,605.0,69.88,240.0
ALP,605.25,61.63,240.0
ALP,605.5,53.38,240.0
ALP,605.75,45.13,240.0
ALP,606.0,36.88,240.0
ALP,606.25,28.63,240.0
ALP,606.5,20.38,240.0
ALP,606.75,12.13,240.0
ALP,607.0,3.88,240.0
ALP,607.25,-4.37,239.92
ALP,607.5,-12.6,239.34
ALP,607.75,-20.77,238.19
ALP,608.0,-28.84,236.48
ALP,608.25,-36.77,234.23
ALP,608.5,-44.53,231.43
ALP,608.75,-52.08,228.11
ALP,609.0,-59.39,224.27
ALP,609.25,-66.41,219.95
ALP,609.5,-73.12,215.15
ALP,609.75,-79.48,209.9
ALP,610.0,-85.47,204.23
ALP,610.25,-91.06,198.16
ALP,610.5,-96.21,191.72
ALP,610.75,-100.91,184.94
ALP,611.0,-105.13,177.85
ALP,611.25,-108.86,170.49
ALP,611.5,-112.07,162.9
ALP,611.75,-114.75,155.1
ALP,612.0,-116.89,147.13
ALP,612.25,-118.48,139.03
ALP,612.5,-119.51,130.85
ALP,612.75,-119.97,122.61
ALP,613.0,-119.87,114.37
ALP,613.25,-119.2,106.15
ALP,613.5,-117.96,97.99
ALP,613.75,-116.17,89.94
ALP,614.0,-113.83,82.03
ALP,614.25,-110.96,74.3
ALP,614.5,-107.55,66.78
ALP,614.75,-103.64,59.52
ALP,615.0,-99.24,52.54
ALP,615.25,-94.38,45.88
ALP,615.5,-89.06,39.58
ALP,615.75,-83.33,33.65
ALP,616.0,-77.2,28.13
ALP,616.25,-70.7,23.04
ALP,616.5,-63.87,18.41
ALP,616.75,-56.74,14.26
ALP,617.0,-49.35,10.62
ALP,617.25,-41.72,7.48
ALP,617.5,-33.89,4.88
ALP,617.75,-25.9,2.83
ALP,618.0,-17.79,1.33
ALP,618.25,-9.59,0.38
ALP,618.5,-1.35,0.01
ALP,618.75,6.89,0.0
ALP,619.0,15.12,0.0
ALP,619.25,23.36,0.0
ALP,619.5,31.6,0.0
ALP,619.75,39.83,0.0
ALP,620.0,48.07,0.0
ALP,620.25,56.31,0.0
ALP,620.5,64.54,0.0
ALP,620.75,72.78,0.0
ALP,621.0,81.02,0.0
ALP,621.25,89.25,0.0
ALP,621.5,97.49,0.0
ALP,621.75,105.73,0.0
ALP,622.0,113.96,0.0
ALP,622.25,122.2,0.0
ALP,622.5,130.44,0.0
ALP,622.75,138.67,0.0
ALP,623.0,146.91,0.0
ALP,623.25,155.15,0.0
ALP,623.5,163.38,0.0
ALP,623.75,171.62,0.0
ALP,624.0,179.86,0.0
ALP,624.25,188.09,0.0
ALP,624.5,196.33,0.0
ALP,624.75,204.57,0.0
ALP,625.0,212.8,0.0
ALP,625.25,221.04,0.0
ALP,625.5,229.28,0.0
ALP,625.75,237.51,0.0
ALP,626.0,245.75,0.0
ALP,626.25,253.99,0.0
ALP,626.5,262.22,0.0
ALP,626.75,270.46,0.0
ALP,627.0,278.7,0.0
ALP,627.25,286.93,0.0
ALP,627.5,295.17,0.0
ALP,627.75,303.41,0.0
ALP,628.0,311.64,0.0
ALP,628.25,319.88,0.0
ALP,628.5,328.12,0.0
ALP,628.75,336.35,0.0
ALP,629.0,344.59,0.0
ALP,629.25,352.83,0.0
ALP,629.5,361.06,0.0
ALP,629.75,369.3,0.0
ALP,630.0,377.54,0.09
ALP,630.25,385.75,0.68
ALP,630.5,393.9,1.83
ALP,630.75,401.96,3.54
ALP,631.0,409.88,5.8
ALP,631.25,417.62,8.6
ALP,631.5,425.16,11.92
ALP,631.75,432.45,15.75
ALP,632.0,439.46,20.08
ALP,632.25,446.15,24.87
ALP,632.5,452.51,30.11
ALP,632.75,458.48,35.77
ALP,633.0,464.06,41.83
ALP,633.25,469.21,48.26
ALP,633.5,473.9,55.03
ALP,633.75,478.12,62.1
ALP,634.0,481.84,69.45
ALP,634.25,485.05,77.03
ALP,634.5,487.74,84.82
ALP,634.75,489.88,92.77
ALP,635.0,491.47,100.85
ALP,635.25,492.51,109.02
ALP,635.5,492.98,117.24
ALP,635.75,492.88,125.47
ALP,636.0,492.23,133.68
ALP,636.25,491.01,141.83
ALP,636.5,489.23,149.87
ALP,636.75,486.91,157.77
ALP,637.0,484.05,165.49
ALP,637.25,480.67,173.0
ALP,637.5,476.78,180.26
ALP,637.75,472.4,187.24
ALP,638.0,467.56,193.89
ALP,638.25,462.27,200.2
ALP,638.5,456.56,206.14
ALP,638.75,450.45,211.67
ALP,639.0,443.98,216.76
ALP,639.25,437.18,221.4
ALP,639.5,430.07,225.56
ALP,639.75,422.7,229.23
ALP,640.0,415.09,232.38
ALP,640.25,407.28,235.0
ALP,640.5,399.32,237.08
ALP,640.75,391.22,238.61
ALP,641.0,383.05,239.58
ALP,641.25,374.82,239.99
ALP,641.5,366.58,240.0
ALP,641.75,358.35,240.0
ALP,642.0,350.11,240.0
ALP,642.25,341.87,240.0
ALP,642.5,333.64,240.0
ALP,642.75,325.4,240.0
ALP,643.0,317.16,240.0
ALP,643.25,308.93,240.0
ALP,643.5,300.69,240.0
ALP,643.75,292.45,240.0
ALP,644.0,284.22,240.0
ALP,644.25,275.98,240.0
ALP,644.5,267.74,240.0
ALP,644.75,259.51,240.0
ALP,645.0,251.27,240.0
ALP,645.25,243.03,240.0
ALP,645.5,234.8,240.0
ALP,645.75,226.56,240.0
ALP,646.0,218.32,240.0
ALP,646.25,210.09,240.0
ALP,646.5,201.85,240.0
ALP,646.75,193.61,240.0
ALP,647.0,185.38,240.0
ALP,647.25,177.14,240.0
ALP,647.5,168.9,240.0
ALP,647.75,160.67,240.0
ALP,648.0,152.43,240.0
ALP,648.25,144.19,240.0
ALP,648.5,135.96,240.0
ALP,648.75,127.72,240.0
ALP,649.0,119.48,240.0
ALP,649.25,111.25,240.0
ALP,649.5,103.01,240.0
ALP,649.75,94.77,240.0
ALP,650.0,86.54,240.0
ALP,650.25,78.3,240.0
ALP,650.5,70.06,240.0
ALP,650.75,61.83,240.0
ALP,651.0,53.59,240.0
ALP,651.25,45.35,240.0
ALP,651.5,37.12,240.0
ALP,651.75,28.88,240.0
ALP,652.0,20.64,240.0
ALP,652.25,12.41,240.0
ALP,652.5,4.17,240.0
ALP,652.75,-4.07,239.93
ALP,653.0,-12.28,239.37
ALP,653.25,-20.44,238.25
ALP,653.5,-28.5,236.57
ALP,653.75,-36.43,234.34
ALP,654.0,-44.18,231.57
ALP,654.25,-51.73,228.28
ALP,654.5,-59.04,224.47
ALP,654.75,-66.06,220.18
ALP,655.0,-72.78,215.41
ALP,655.25,-79.15,210.19
ALP,655.5,-85.15,204.55
ALP,655.75,-90.75,198.51
ALP,656.0,-95.92,192.11
ALP,656.25,-100.64,185.36
ALP,656.5,-104.89,178.3
ALP,656.75,-108.64,170.97
ALP,657.0,-111.88,163.4
ALP,657.25,-114.59,155.62
ALP,657.5,-116.76,147.68
ALP,657.75,-118.39,139.61
ALP,658.0,-119.45,131.44
ALP,658.25,-119.96,123.22
ALP,658.5,-119.9,114.99
ALP,658.75,-119.27,106.78
ALP,659.0,-118.08,98.63
ALP,659.25,-116.34,90.58
ALP,659.5,-114.05,82.67
ALP,659.75,-111.22,74.93
ALP,660.0,-107.86,67.41
ALP,660.25,-104.0,60.14
ALP,660.5,-99.65,53.15
ALP,660.75,-94.83,46.47
ALP,661.0,-89.57,40.14
ALP,661.25,-83.88,34.18
ALP,661.5,-77.8,28.63
ALP,661.75,-71.35,23.51
ALP,662.0,-64.56,18.85
ALP,662.25,-57.47,14.66
ALP,662.5,-50.11,10.96
ALP,662.75,-42.51,7.78
ALP,663.0,-34.72,5.13
ALP,663.25,-26.76,3.02
ALP,663.5,-18.67,1.46
ALP,663.75,-10.5,0.46
ALP,664.0,-2.27,0.02
BRV,0.0,0.0,0.0
BRV,0.25,7.55,0.0
BRV,0.5,15.11,0.0
BRV,0.75,22.66,0.0
BRV,1.0,30.22,0.0
BRV,1.25,37.77,0.0
BRV,1.5,45.33,0.0
BRV,1.75,52.88,0.0
BRV,2.0,60.44,0.0
BRV,2.25,67.99,0.0
BRV,2.5,75.55,0.0
BRV,2.75,83.1,0.0
BRV,3.0,90.66,0.0
BRV,3.25,98.21,0.0
BRV,3.5,105.77,0.0
BRV,3.75,113.32,0.0
BRV,4.0,120.88,0.0
BRV,4.25,128.43,0.0
BRV,4.5,135.98,0.0
BRV,4.75,143.54,0.0
BRV,5.0,151.09,0.0
BRV,5.25,158.65,0.0
BRV,5.5,166.2,0.0
BRV,5.75,173.76,0.0
BRV,6.0,181.31,0.0
BRV,6.25,188.87,0.0
BRV,6.5,196.42,0.0
BRV,6.75,203.98,0.0
BRV,7.0,211.53,0.0
BRV,7.25,219.09,0.0
BRV,7.5,226.64,0.0
BRV,7.75,234.2,0.0
BRV,8.0,241.75,0.0
BRV,8.25,249.3,0.0
BRV,8.5,256.86,0.0
BRV,8.75,264.41,0.0
BRV,9.0,271.97,0.0
BRV,9.25,279.52,0.0
BRV,9.5,287.08,0.0
BRV,9.75,294.63,0.0
BRV,10.0,302.19,0.0
BRV,10.25,309.74,0.0
BRV,10.5,317.3,0.0
BRV,10.75,324.85,0.0
BRV,11.0,332.41,0.0
BRV,11.25,339.96,0.0
BRV,11.5,347.52,0.0
BRV,11.75,355.07,0.0
BRV,12.0,362.63,0.0
BRV,12.25,370.18,0.0
BRV,12.5,377.73,0.09
BRV,12.75,385.27,0.63
BRV,13.0,392.75,1.64
BRV,13.25,400.16,3.11
BRV,13.5,407.46,5.05
BRV,13.75,414.63,7.45
BRV,14.0,421.62,10.29
BRV,14.25,428.43,13.56
BRV,14.5,435.02,17.26
BRV,14.75,441.36,21.37
BRV,15.0,447.43,25.86
BRV,15.25,453.2,30.73
BRV,15.5,458.66,35.95
BRV,15.75,463.78,41.51
BRV,16.0,468.54,47.37
BRV,16.25,472.92,53.53
BRV,16.5,476.9,59.95
BRV,16.75,480.47,66.6
BRV,17.0,483.62,73.47
BRV,17.25,486.33,80.52
BRV,17.5,488.59,87.73
BRV,17.75,490.39,95.06
BRV,18.0,491.73,102.5
BRV,18.25,492.59,110.0
BRV,18.5,492.98,117.54
BRV,18.75,492.9,125.1
BRV,19.0,492.34,132.63
BRV,19.25,491.31,140.11
BRV,19.5,489.81,147.51
BRV,19.75,487.85,154.81
BRV,20.0,485.43,161.97
BRV,20.25,482.57,168.95
BRV,20.5,479.27,175.75
BRV,20.75,475.55,182.33
BRV,21.0,471.43,188.65
BRV,21.25,466.92,194.71
BRV,21.5,462.03,200.47
BRV,21.75,456.79,205.91
BRV,22.0,451.22,211.01
BRV,22.25,445.34,215.75
BRV,22.5,439.17,220.11
BRV,22.75,432.74,224.08
BRV,23.0,426.07,227.63
BRV,23.25,419.2,230.75
BRV,23.5,412.14,233.44
BRV,23.75,404.92,235.68
BRV,24.0,397.58,237.46
BRV,24.25,390.14,238.77
BRV,24.5,382.64,239.61
BRV,24.75,375.09,239.98
BRV,25.0,367.54,240.0
BRV,25.25,359.98,240.0
BRV,25.5,352.43,240.0
BRV,25.75,344.88,240.0
BRV,26.0,337.32,240.0
BRV,26.25,329.77,240.0
BRV,26.5,322.21,240.0
BRV,26.75,314.66,240.0
BRV,27.0,307.1,240.0
BRV,27.25,299.55,240.0
BRV,27.5,291.99,240.0
BRV,27.75,284.44,240.0
BRV,28.0,276.88,240.0
BRV,28.25,269.33,240.0
BRV,28.5,261.77,240.0
BRV,28.75,254.22,240.0
BRV,29.0,246.66,240.0
BRV,29.25,239.11,240.0
BRV,29.5,231.55,240.0
BRV,29.75,224.0,240.0
BRV,30.0,216.45,240.0
BRV,30.25,208.89,240.0
BRV,30.5,201.34,240.0
BRV,30.75,193.78,240.0
BRV,31.0,186.23,240.0
BRV,31.25,178.67,240.0
BRV,31.5,171.12,240.0
BRV,31.75,163.56,240.0
BRV,32.0,156.01,240.0
BRV,32.25,148.45,240.0
BRV,32.5,140.9,240.0
BRV,32.75,133.34,240.0
BRV,33.0,125.79,240.0
BRV,33.25,118.23,240.0
BRV,33.5,110.68,240.0
BRV,33.75,103.12,240.0
BRV,34.0,95.57,240.0
BRV,34.25,88.02,240.0
BRV,34.5,80.46,240.0
BRV,34.75,72.91,240.0
BRV,35.0,65.35,240.0
BRV,35.25,57.8,240.0
BRV,35.5,50.24,240.0
BRV,35.75,42.69,240.0
BRV,36.0,35.13,240.0
BRV,36.25,27.58,240.0
BRV,36.5,20.02,240.0
BRV,36.75,12.47,240.0
BRV,37.0,4.91,240.0
BRV,37.25,-2.64,239.97
BRV,37.5,-10.18,239.57
BRV,37.75,-17.69,238.69
BRV,38.0,-25.12,237.34
BRV,38.25,-32.45,235.53
BRV,38.5,-39.65,233.26
BRV,38.75,-46.7,230.54
BRV,39.0,-53.56,227.38
BRV,39.25,-60.21,223.8
BRV,39.5,-66.62,219.81
BRV,39.75,-72.77,215.42
BRV,40.0,-78.63,210.65
BRV,40.25,-84.18,205.52
BRV,40.5,-89.39,200.06
BRV,40.75,-94.25,194.27
BRV,41.0,-98.74,188.2
BRV,41.25,-102.83,181.85
BRV,41.5,-106.52,175.26
BRV,41.75,-109.79,168.45
BRV,42.0,-112.62,161.44
BRV,42.25,-115.0,154.28
BRV,42.5,-116.93,146.97
BRV,42.75,-118.39,139.56
BRV,43.0,-119.39,132.08
BRV,43.25,-119.91,124.54
BRV,43.5,-119.96,116.99
BRV,43.75,-119.54,109.45
BRV,44.0,-118.63,101.95
BRV,44.25,-117.26,94.52
BRV,44.5,-115.43,87.19
BRV,44.75,-113.14,79.99
BRV,45.0,-110.39,72.96
BRV,45.25,-107.22,66.1
BRV,45.5,-103.61,59.47
BRV,45.75,-99.6,53.07
BRV,46.0,-95.19,46.93
BRV,46.25,-90.4,41.09
BRV,46.5,-85.26,35.56
BRV,46.75,-79.78,30.36
BRV,47.0,-73.98,25.52
BRV,47.25,-67.89,21.05
BRV,47.5,-61.53,16.98
BRV,47.75,-54.93,13.31
BRV,48.0,-48.11,10.06
BRV,48.25,-41.09,7.26
BRV,48.5,-33.92,4.89
BRV,48.75,-26.61,2.99
BRV,49.0,-19.2,1.55
BRV,49.25,-11.71,0.57
BRV,49.5,-4.17,0.07
BRV,49.75,3.68,0.0
BRV,50.0,11.88,0.0
BRV,50.25,20.09,0.0
BRV,50.5,28.29,0.0
BRV,50.75,36.5,0.0
BRV,51.0,44.7,0.0
BRV,51.25,52.91,0.0
BRV,51.5,61.11,0.0
BRV,51.75,69.32,0.0
BRV,52.0,77.52,0.0
BRV,52.25,85.73,0.0
BRV,52.5,93.93,0.0
BRV,52.75,102.14,0.0
BRV,53.0,110.34,0.0
BRV,53.25,118.55,0.0
BRV,53.5,126.75,0.0
BRV,53.75,134.96,0.0
BRV,54.0,143.16,0.0
BRV,54.25,151.37,0.0
BRV,54.5,159.57,0.0
BRV,54.75,167.78,0.0
BRV,55.0,175.98,0.0
BRV,55.25,184.19,0.0
BRV,55.5,192.39,0.0
BRV,55.75,200.6,0.0
BRV,56.0,208.8,0.0
BRV,56.25,217.01,0.0
BRV,56.5,225.21,0.0
BRV,56.75,233.42,0.0
BRV,57.0,241.62,0.0
BRV,57.25,249.82,0.0
BRV,57.5,258.03,0.0
BRV,57.75,266.23,0.0
BRV,58.0,274.44,0.0
BRV,58.25,282.64,0.0
BRV,58.5,290.85,0.0
BRV,58.75,299.05,0.0
BRV,59.0,307.26,0.0
BRV,59.25,315.46,0.0
BRV,59.5,323.67,0.0
BRV,59.75,331.87,0.0
BRV,60.0,340.08,0.0
BRV,60.25,348.28,0.0
BRV,60.5,356.49,0.0
BRV,60.75,364.69,0.0
BRV,61.0,372.9,0.0
BRV,61.25,381.1,0.27
BRV,61.5,389.26,1.11
BRV,61.75,397.34,2.49
BRV,62.0,405.32,4.43
BRV,62.25,413.14,6.91
BRV,62.5,420.77,9.91
BRV,62.75,428.18,13.43
BRV,63.0,435.33,17.45
BRV,63.25,442.19,21.95
BRV,63.5,448.73,26.91
BRV,63.75,454.91,32.3
BRV,64.0,460.71,38.1
BRV,64.25,466.1,44.28
BRV,64.5,471.06,50.82
BRV,64.75,475.56,57.68
BRV,65.0,479.57,64.83
BRV,65.25,483.1,72.24
BRV,65.5,486.1,79.87
BRV,65.75,488.58,87.69
BRV,66.0,490.52,95.66
BRV,66.25,491.9,103.75
BRV,66.5,492.74,111.91
BRV,66.75,493.01,120.11
BRV,67.0,492.72,128.31
BRV,67.25,491.87,136.47
BRV,67.5,490.47,144.55
BRV,67.75,488.52,152.52
BRV,68.0,486.03,160.33
BRV,68.25,483.01,167.96
BRV,68.5,479.47,175.36
BRV,68.75,475.44,182.51
BRV,69.0,470.93,189.36
BRV,69.25,465.97,195.89
BRV,69.5,460.56,202.06
BRV,69.75,454.75,207.85
BRV,70.0,448.56,213.23
BRV,70.25,442.01,218.18
BRV,70.5,435.14,222.66
BRV,70.75,427.98,226.67
BRV,71.0,420.57,230.17
BRV,71.25,412.93,233.16
BRV,71.5,405.11,235.63
BRV,71.75,397.13,237.55
BRV,72.0,389.04,238.92
BRV,72.25,380.88,239.74
BRV,72.5,372.68,240.0
BRV,72.75,364.48,240.0
BRV,73.0,356.27,240.0
BRV,73.25,348.07,240.0
BRV,73.5,339.86,240.0
BRV,73.75,331.66,240.0
BRV,74.0,323.45,240.0
BRV,74.25,315.25,240.0
BRV,74.5,307.04,240.0
BRV,74.75,298.84,240.0
BRV,75.0,290.63,240.0
BRV,75.25,282.43,240.0
BRV,75.5,274.22,240.0
BRV,75.75,266.02,240.0
BRV,76.0,257.81,240.0
BRV,76.25,249.61,240.0
BRV,76.5,241.4,240.0
BRV,76.75,233.2,240.0
BRV,77.0,224.99,240.0
BRV,77.25,216.79,240.0
BRV,77.5,208.58,240.0
BRV,77.75,200.38,240.0
BRV,78.0,192.17,240.0
BRV,78.25,183.97,240.0
BRV,78.5,175.76,240.0
BRV,78.75,167.56,240.0
BRV,79.0,159.35,240.0
BRV,79.25,151.15,240.0
BRV,79.5,142.94,240.0
BRV,79.75,134.74,240.0
BRV,80.0,126.53,240.0
BRV,80.25,118.33,240.0
BRV,80.5,110.12,240.0
BRV,80.75,101.92,240.0
BRV,81.0,93.71,240.0
BRV,81.25,85.51,240.0
BRV,81.5,77.3,240.0
BRV,81.75,69.1,240.0
BRV,82.0,60.89,240.0
BRV,82.25,52.69,240.0
BRV,82.5,44.48,240.0
BRV,82.75,36.28,240.0
BRV,83.0,28.07,240.0
BRV,83.25,19.87,240.0
BRV,83.5,11.66,240.0
BRV,83.75,3.46,240.0
BRV,84.0,-4.75,239.91
BRV,84.25,-12.93,239.3
BRV,84.5,-21.05,238.14
BRV,84.75,-29.07,236.43
BRV,85.0,-36.96,234.17
BRV,85.25,-44.67,231.38
BRV,85.5,-52.18,228.06
BRV,85.75,-59.44,224.25
BRV,86.0,-66.42,219.94
BRV,86.25,-73.09,215.17
BRV,86.5,-79.42,209.95
BRV,86.75,-85.38,204.32
BRV,87.0,-90.95,198.29
BRV,87.25,-96.08,191.89
BRV,87.5,-100.77,185.16
BRV,87.75,-104.99,178.12
BRV,88.0,-108.71,170.81
BRV,88.25,-111.93,163.27
BRV,88.5,-114.62,155.52
BRV,88.75,-116.78,147.6
BRV,89.0,-118.4,139.56
BRV,89.25,-119.45,131.43
BRV,89.5,-119.96,123.24
BRV,89.75,-119.9,115.03
BRV,90.0,-119.28,106.85
BRV,90.25,-118.1,98.74
BRV,90.5,-116.37,90.72
BRV,90.75,-114.1,82.83
BRV,91.0,-111.29,75.13
BRV,91.25,-107.97,67.63
BRV,91.5,-104.14,60.37
BRV,91.75,-99.82,53.4
BRV,92.0,-95.04,46.73
BRV,92.25,-89.81,40.41
BRV,92.5,-84.16,34.46
BRV,92.75,-78.12,28.91
BRV,93.0,-71.71,23.79
BRV,93.25,-64.97,19.11
BRV,93.5,-57.93,14.91
BRV,93.75,-50.61,11.2
BRV,94.0,-43.06,7.99
BRV,94.25,-35.31,5.31
BRV,94.5,-27.39,3.17
BRV,94.75,-19.34,1.57
BRV,95.0,-11.21,0.52
BRV,95.25,-3.02,0.04
BRV,95.5,5.19,0.0
BRV,95.75,13.39,0.0
BRV,96.0,21.6,0.0
BRV,96.25,29.8,0.0
BRV,96.5,38.0,0.0
BRV,96.75,46.21,0.0
BRV,97.0,54.41,0.0
BRV,97.25,62.62,0.0
BRV,97.5,70.82,0.0
BRV,97.75,79.03,0.0
BRV,98.0,87.23,0.0
BRV,98.25,95.44,0.0
BRV,98.5,103.64,0.0
BRV,98.75,111.85,0.0
BRV,99.0,120.05,0.0
BRV,99.25,128.26,0.0
BRV,99.5,136.46,0.0
BRV,99.75,144.66,0.0
BRV,100.0,152.87,0.0
BRV,100.25,161.07,0.0
BRV,100.5,169.28,0.0
BRV,100.75,177.48,0.0
BRV,101.0,185.69,0.0
BRV,101.25,193.89,0.0
BRV,101.5,202.1,0.0
BRV,101.75,210.3,0.0
BRV,102.0,218.51,0.0
BRV,102.25,226.71,0.0
BRV,102.5,234.92,0.0
BRV,102.75,243.12,0.0
BRV,103.0,251.32,0.0
BRV,103.25,259.53,0.0
BRV,103.5,267.73,0.0
BRV,103.75,275.94,0.0
BRV,104.0,284.14,0.0
BRV,104.25,292.35,0.0
BRV,104.5,300.55,0.0
BRV,104.75,308.76,0.0
BRV,105.0,316.96,0.0
BRV,105.25,325.17,0.0
BRV,105.5,333.37,0.0
BRV,105.75,341.58,0.0
BRV,106.0,349.78,0.0
BRV,106.25,357.98,0.0
BRV,106.5,366.19,0.0
BRV,106.75,374.39,0.01
BRV,107.0,382.59,0.38
BRV,107.25,390.74,1.32
BRV,107.5,398.8,2.81
BRV,107.75,406.75,4.84
BRV,108.0,414.54,7.42
BRV,108.25,422.13,10.52
BRV,108.5,429.5,14.13
BRV,108.75,436.6,18.23
BRV,109.0,443.4,22.82
BRV,109.25,449.88,27.85
BRV,109.5,455.99,33.32
BRV,109.75,461.72,39.19
BRV,110.0,467.04,45.44
BRV,110.25,471.91,52.04
BRV,110.5,476.32,58.96
BRV,110.75,480.25,66.16
BRV,111.0,483.68,73.61
BRV,111.25,486.59,81.28
BRV,111.5,488.97,89.13
BRV,111.75,490.81,97.12
BRV,112.0,492.1,105.22
BRV,112.25,492.83,113.39
BRV,112.5,493.0,121.6
BRV,112.75,492.61,129.79
BRV,113.0,491.66,137.94
BRV,113.25,490.16,146.0
BRV,113.5,488.11,153.94
BRV,113.75,485.52,161.73
BRV,114.0,482.41,169.32
BRV,114.25,478.78,176.68
BRV,114.5,474.66,183.77
BRV,114.75,470.07,190.57
BRV,115.0,465.02,197.03
BRV,115.25,459.54,203.14
BRV,115.5,453.66,208.86
BRV,115.75,447.4,214.16
BRV,116.0,440.8,219.02
BRV,116.25,433.87,223.42
BRV,116.5,426.66,227.34
BRV,116.75,419.21,230.75
BRV,117.0,411.53,233.65
BRV,117.25,403.68,236.01
BRV,117.5,395.68,237.84
BRV,117.75,387.58,239.11
BRV,118.0,379.4,239.83
BRV,118.25,371.2,240.0
BRV,118.5,363.0,240.0
BRV,118.75,354.79,240.0
BRV,119.0,346.59,240.0
BRV,119.25,338.38,240.0
BRV,119.5,330.18,240.0
BRV,119.75,321.98,240.0
BRV,120.0,313.77,240.0
BRV,120.25,305.57,240.0
BRV,120.5,297.36,240.0
BRV,120.75,289.16,240.0
BRV,121.0,280.95,240.0
BRV,121.25,272.75,240.0
BRV,121.5,264.54,240.0
BRV,121.75,256.34,240.0
BRV,122.0,248.13,240.0
BRV,122.25,239.93,240.0
BRV,122.5,231.72,240.0
BRV,122.75,223.52,240.0
BRV,123.0,215.32,240.0
BRV,123.25,207.11,240.0
BRV,123.5,198.91,240.0
BRV,123.75,190.7,240.0
BRV,124.0,182.5,240.0
BRV,124.25,174.29,240.0
BRV,124.5,166.09,240.0
BRV,124.75,157.88,240.0
BRV,125.0,149.68,240.0
BRV,125.25,141.47,240.0
BRV,125.5,133.27,240.0
BRV,125.75,125.06,240.0
BRV,126.0,116.86,240.0
BRV,126.25,108.66,240.0
BRV,126.5,100.45,240.0
BRV,126.75,92.25,240.0
BRV,127.0,84.04,240.0
BRV,127.25,75.84,240.0
BRV,127.5,67.63,240.0
BRV,127.75,59.43,240.0
BRV,128.0,51.22,240.0
BRV,128.25,43.02,240.0
BRV,128.5,34.81,240.0
BRV,128.75,26.61,240.0
BRV,129.0,18.4,240.0
BRV,129.25,10.2,240.0
BRV,129.5,2.0,240.0
BRV,129.75,-6.21,239.84
BRV,130.0,-14.38,239.14
BRV,130.25,-22.48,237.87
BRV,130.5,-30.48,236.06
BRV,130.75,-38.34,233.71
BRV,131.0,-46.02,230.82
BRV,131.25,-53.49,227.42
BRV,131.5,-60.7,223.52
BRV,131.75,-67.63,219.13
BRV,132.0,-74.24,214.28
BRV,132.25,-80.51,208.98
BRV,132.5,-86.4,203.27
BRV,132.75,-91.89,197.18
BRV,133.0,-96.95,190.72
BRV,133.25,-101.55,183.93
BRV,133.5,-105.68,176.84
BRV,133.75,-109.32,169.49
BRV,134.0,-112.45,161.91
BRV,134.25,-115.05,154.13
BRV,134.5,-117.11,146.19
BRV,134.75,-118.62,138.12
BRV,135.0,-119.58,129.98
BRV,135.25,-119.99,121.79
BRV,135.5,-119.83,113.58
BRV,135.75,-119.11,105.41
BRV,136.0,-117.84,97.31
BRV,136.25,-116.01,89.31
BRV,136.5,-113.64,81.46
BRV,136.75,-110.74,73.78
BRV,137.0,-107.33,66.33
BRV,137.25,-103.41,59.12
BRV,137.5,-99.01,52.2
BRV,137.75,-94.14,45.59
BRV,138.0,-88.84,39.33
BRV,138.25,-83.12,33.45
BRV,138.5,-77.02,27.98
BRV,138.75,-70.55,22.93
BRV,139.0,-63.75,18.34
BRV,139.25,-56.66,14.22
BRV,139.5,-49.3,10.59
BRV,139.75,-41.71,7.48
BRV,140.0,-33.92,4.9
BRV,140.25,-25.98,2.85
BRV,140.5,-17.92,1.35
BRV,140.75,-9.77,0.4
BRV,141.0,-1.57,0.01
BRV,141.25,6.62,0.0
BRV,141.5,14.82,0.0
BRV,141.75,23.02,0.0
BRV,142.0,31.21,0.0
BRV,142.25,39.41,0.0
BRV,142.5,47.61,0.0
BRV,142.75,55.8,0.0
BRV,143.0,64.0,0.0
BRV,143.25,72.2,0.0
BRV,143.5,80.39,0.0
BRV,143.75,88.59,0.0
BRV,144.0,96.79,0.0
BRV,144.25,104.98,0.0
BRV,144.5,113.18,0.0
BRV,144.75,121.38,0.0
BRV,145.0,129.57,0.0
BRV,145.25,137.77,0.0
BRV,145.5,145.97,0.0
BRV,145.75,154.16,0.0
BRV,146.0,162.36,0.0
BRV,146.25,170.56,0.0
BRV,146.5,178.75,0.0
BRV,146.75,186.95,0.0
BRV,147.0,195.15,0.0
BRV,147.25,203.34,0.0
BRV,147.5,211.54,0.0
BRV,147.75,219.74,0.0
BRV,148.0,227.93,0.0
BRV,148.25,236.13,0.0
BRV,148.5,244.33,0.0
BRV,148.75,252.52,0.0
BRV,149.0,260.72,0.0
BRV,149.25,268.92,0.0
BRV,149.5,277.11,0.0
BRV,149.75,285.31,0.0
BRV,150.0,293.51,0.0
BRV,150.25,301.7,0.0
BRV,150.5,309.9,0.0
BRV,150.75,318.1,0.0
BRV,151.0,326.3,0.0
BRV,151.25,334.49,0.0
BRV,151.5,342.69,0.0
BRV,151.75,350.89,0.0
BRV,152.0,359.08,0.0
BRV,152.25,367.28,0.0
BRV,152.5,375.48,0.03
BRV,152.75,383.66,0.47
BRV,153.0,391.79,1.48
BRV,153.25,399.84,3.04
BRV,153.5,407.76,5.14
BRV,153.75,415.52,7.78
BRV,154.0,423.08,10.94
BRV,154.25,430.4,14.62
BRV,154.5,437.46,18.78
BRV,154.75,444.22,23.41
BRV,155.0,450.65,28.5
BRV,155.25,456.71,34.01
BRV,155.5,462.38,39.92
BRV,155.75,467.64,46.21
BRV,156.0,472.46,52.84
BRV,156.25,476.81,59.79
BRV,156.5,480.68,67.01
BRV,156.75,484.04,74.48
BRV,157.0,486.89,82.17
BRV,157.25,489.21,90.03
BRV,157.5,490.98,98.03
BRV,157.75,492.2,106.13
BRV,158.0,492.87,114.3
BRV,158.25,492.98,122.5
BRV,158.5,492.53,130.68
BRV,158.75,491.53,138.81
BRV,159.0,489.97,146.86
BRV,159.25,487.86,154.78
BRV,159.5,485.22,162.53
BRV,159.75,482.05,170.09
BRV,160.0,478.38,177.42
BRV,160.25,474.22,184.48
BRV,160.5,469.58,191.23
BRV,160.75,464.49,197.66
BRV,161.0,458.98,203.72
BRV,161.25,453.06,209.39
BRV,161.5,446.77,214.65
BRV,161.75,440.14,219.46
BRV,162.0,433.2,223.81
BRV,162.25,425.97,227.68
BRV,162.5,418.5,231.04
BRV,162.75,410.81,233.89
BRV,163.0,402.95,236.2
BRV,163.25,394.95,237.98
BRV,163.5,386.85,239.2
BRV,163.75,378.68,239.87
BRV,164.0,370.48,240.0
BRV,164.25,362.29,240.0
BRV,164.5,354.09,240.0
BRV,164.75,345.89,240.0
BRV,165.0,337.7,240.0
BRV,165.25,329.5,240.0
BRV,165.5,321.3,240.0
BRV,165.75,313.11,240.0
BRV,166.0,304.91,240.0
BRV,166.25,296.71,240.0
BRV,166.5,288.52,240.0
BRV,166.75,280.32,240.0
BRV,167.0,272.12,240.0
BRV,167.25,263.93,240.0
BRV,167.5,255.73,240.0
BRV,167.75,247.53,240.0
BRV,168.0,239.34,240.0
BRV,168.25,231.14,240.0
BRV,168.5,222.94,240.0
BRV,168.75,214.75,240.0
BRV,169.0,206.55,240.0
BRV,169.25,198.35,240.0
BRV,169.5,190.16,240.0
BRV,169.75,181.96,240.0
BRV,170.0,173.76,240.0
BRV,170.25,165.57,240.0
BRV,170.5,157.37,240.0
BRV,170.75,149.17,240.0
BRV,171.0,140.98,240.0
BRV,171.25,132.78,240.0
BRV,171.5,124.58,240.0
BRV,171.75,116.39,240.0
BRV,172.0,108.19,240.0
BRV,172.25,99.99,240.0
BRV,172.5,91.8,240.0
BRV,172.75,83.6,240.0
BRV,173.0,75.4,240.0
BRV,173.25,67.21,240.0
BRV,173.5,59.01,240.0
BRV,173.75,50.81,240.0
BRV,174.0,42.62,240.0
BRV,174.25,34.42,240.0
BRV,174.5,26.22,240.0
BRV,174.75,18.03,240.0
BRV,175.0,9.83,240.0
BRV,175.25,1.63,240.0
BRV,175.5,-6.56,239.82
BRV,175.75,-14.72,239.09
BRV,176.0,-22.82,237.81
BRV,176.25,-30.81,235.98
BRV,176.5,-38.65,233.61
BRV,176.75,-46.31,230.7
BRV,177.0,-53.76,227.28
BRV,177.25,-60.96,223.36
BRV,177.5,-67.87,218.96
BRV,177.75,-74.47,214.1
BRV,178.0,-80.72,208.8
BRV,178.25,-86.59,203.08
BRV,178.5,-92.06,196.98
BRV,178.75,-97.1,190.51
BRV,179.0,-101.68,183.72
BRV,179.25,-105.8,176.63
BRV,179.5,-109.41,169.28
BRV,179.75,-112.52,161.7
BRV,180.0,-115.11,153.92
BRV,180.25,-117.15,145.99
BRV,180.5,-118.65,137.93
BRV,180.75,-119.6,129.79
BRV,181.0,-119.99,121.6
BRV,181.25,-119.82,113.41
BRV,181.5,-119.09,105.25
BRV,181.75,-117.8,97.15
BRV,182.0,-115.97,89.17
BRV,182.25,-113.6,81.32
BRV,182.5,-110.69,73.66
BRV,182.75,-107.27,66.21
BRV,183.0,-103.35,59.02
BRV,183.25,-98.95,52.1
BRV,183.5,-94.08,45.51
BRV,183.75,-88.78,39.26
BRV,184.0,-83.06,33.39
BRV,184.25,-76.95,27.92
BRV,184.5,-70.49,22.89
BRV,184.75,-63.7,18.3
BRV,185.0,-56.61,14.19
BRV,185.25,-49.25,10.57
BRV,185.5,-41.67,7.47
BRV,185.75,-33.89,4.89
BRV,186.0,-25.96,2.84
BRV,186.25,-17.9,1.34
BRV,186.5,-9.76,0.4
BRV,186.75,-1.57,0.01
BRV,187.0,6.62,0.0
BRV,187.25,14.81,0.0
BRV,187.5,22.99,0.0
BRV,187.75,31.18,0.0
BRV,188.0,39.37,0.0
BRV,188.25,47.56,0.0
BRV,188.5,55.75,0.0
BRV,188.75,63.94,0.0
BRV,189.0,72.13,0.0
BRV,189.25,80.31,0.0
BRV,189.5,88.5,0.0
BRV,189.75,96.69,0.0
BRV,190.0,104.88,0.0
BRV,190.25,113.07,0.0
BRV,190.5,121.26,0.0
BRV,190.75,129.45,0.0
BRV,191.0,137.64,0.0
BRV,191.25,145.82,0.0
BRV,191.5,154.01,0.0
BRV,191.75,162.2,0.0
BRV,192.0,170.39,0.0
BRV,192.25,178.58,0.0
BRV,192.5,186.77,0.0
BRV,192.75,194.96,0.0
BRV,193.0,203.14,0.0
BRV,193.25,211.33,0.0
BRV,193.5,219.52,0.0
BRV,193.75,227.71,0.0
BRV,194.0,235.9,0.0
BRV,194.25,244.09,0.0
BRV,194.5,252.28,0.0
BRV,194.75,260.47,0.0
BRV,195.0,268.65,0.0
BRV,195.25,276.84,0.0
BRV,195.5,285.03,0.0
BRV,195.75,293.22,0.0
BRV,196.0,301.41,0.0
BRV,196.25,309.6,0.0
BRV,196.5,317.79,0.0
BRV,196.75,325.97,0.0
BRV,197.0,334.16,0.0
BRV,197.25,342.35,0.0
BRV,197.5,350.54,0.0
BRV,197.75,358.73,0.0
BRV,198.0,366.92,0.0
BRV,198.25,375.11,0.02
BRV,198.5,383.28,0.44
BRV,198.75,391.41,1.42
BRV,199.0,399.45,2.95
BRV,199.25,407.37,5.03
BRV,199.5,415.13,7.64
BRV,199.75,422.7,10.77
BRV,200.0,430.03,14.41
BRV,200.25,437.1,18.55
BRV,200.5,443.86,23.15
BRV,200.75,450.3,28.21
BRV,201.0,456.38,33.69
BRV,201.25,462.07,39.58
BRV,201.5,467.35,45.84
BRV,201.75,472.19,52.44
BRV,202.0,476.56,59.36
BRV,202.25,480.46,66.57
BRV,202.5,483.85,74.02
BRV,202.75,486.73,81.68
BRV,203.0,489.07,89.52
BRV,203.25,490.88,97.51
BRV,203.5,492.14,105.6
BRV,203.75,492.85,113.76
BRV,204.0,492.99,121.94
BRV,204.25,492.58,130.12
BRV,204.5,491.61,138.25
BRV,204.75,490.09,146.29
BRV,205.0,488.03,154.21
BRV,205.25,485.43,161.98
BRV,205.5,482.3,169.55
BRV,205.75,478.67,176.88
BRV,206.0,474.55,183.95
BRV,206.25,469.95,190.73
BRV,206.5,464.9,197.17
BRV,206.75,459.42,203.26
BRV,207.0,453.55,208.96
BRV,207.25,447.29,214.24
BRV,207.5,440.69,219.09
BRV,207.75,433.78,223.47
BRV,208.0,426.58,227.38
BRV,208.25,419.14,230.78
BRV,208.5,411.48,233.67
BRV,208.75,403.64,236.03
BRV,209.0,395.65,237.84
BRV,209.25,387.57,239.11
BRV,209.5,379.41,239.83
BRV,209.75,371.22,240.0
BRV,210.0,363.04,240.0
BRV,210.25,354.85,240.0
BRV,210.5,346.66,240.0
BRV,210.75,338.47,240.0
BRV,211.0,330.28,240.0
BRV,211.25,322.09,240.0
BRV,211.5,313.9,240.0
BRV,211.75,305.71,240.0
BRV,212.0,297.53,240.0
BRV,212.25,289.34,240.0
BRV,212.5,281.15,240.0
BRV,212.75,272.96,240.0
BRV,213.0,264.77,240.0
BRV,213.25,256.58,240.0
BRV,213.5,248.39,240.0
BRV,213.75,240.21,240.0
BRV,214.0,232.02,240.0
BRV,214.25,223.83,240.0
BRV,214.5,215.64,240.0
BRV,214.75,207.45,240.0
BRV,215.0,199.26,240.0
BRV,215.25,191.07,240.0
BRV,215.5,182.88,240.0
BRV,215.75,174.7,240.0
BRV,216.0,166.51,240.0
BRV,216.25,158.32,240.0
BRV,216.5,150.13,240.0
BRV,216.75,141.94,240.0
BRV,217.0,133.75,240.0
BRV,217.25,125.56,240.0
BRV,217.5,117.38,240.0
BRV,217.75,109.19,240.0
BRV,218.0,101.0,240.0
BRV,218.25,92.81,240.0
BRV,218.5,84.62,240.0
BRV,218.75,76.43,240.0
BRV,219.0,68.24,240.0
BRV,219.25,60.05,240.0
BRV,219.5,51.87,240.0
BRV,219.75,43.68,240.0
BRV,220.0,35.49,240.0
BRV,220.25,27.3,240.0
BRV,220.5,19.11,240.0
BRV,220.75,10.92,240.0
BRV,221.0,2.73,240.0
BRV,221.25,-5.45,239.88
BRV,221.5,-13.61,239.23
BRV,221.75,-21.71,238.02
BRV,222.0,-29.71,236.26
BRV,222.25,-37.57,233.97
BRV,222.5,-45.25,231.14
BRV,222.75,-52.72,227.8
BRV,223.0,-59.95,223.95
BRV,223.25,-66.9,219.62
BRV,223.5,-73.54,214.83
BRV,223.75,-79.83,209.59
BRV,224.0,-85.75,203.94
BRV,224.25,-91.28,197.9
BRV,224.5,-96.38,191.49
BRV,224.75,-101.03,184.76
BRV,225.0,-105.21,177.72
BRV,225.25,-108.9,170.41
BRV,225.5,-112.08,162.87
BRV,225.75,-114.74,155.12
BRV,226.0,-116.87,147.22
BRV,226.25,-118.46,139.18
BRV,226.5,-119.49,131.06
BRV,226.75,-119.97,122.89
BRV,227.0,-119.88,114.7
BRV,227.25,-119.24,106.54
BRV,227.5,-118.05,98.44
BRV,227.75,-116.3,90.44
BRV,228.0,-114.02,82.58
BRV,228.25,-111.2,74.89
BRV,228.5,-107.87,67.42
BRV,228.75,-104.03,60.18
BRV,229.0,-99.71,53.23
BRV,229.25,-94.92,46.59
BRV,229.5,-89.7,40.29
BRV,229.75,-84.05,34.35
BRV,230.0,-78.02,28.82
BRV,230.25,-71.62,23.72
BRV,230.5,-64.89,19.06
BRV,230.75,-57.85,14.87
BRV,231.0,-50.55,11.17
BRV,231.25,-43.01,7.97
BRV,231.5,-35.27,5.3
BRV,231.75,-27.37,3.16
BRV,232.0,-19.34,1.57
BRV,232.25,-11.22,0.53
BRV,232.5,-3.05,0.04
BRV,232.75,5.14,0.0
BRV,233.0,13.32,0.0
BRV,233.25,21.5,0.0
BRV,233.5,29.68,0.0
BRV,233.75,37.86,0.0
BRV,234.0,46.04,0.0
BRV,234.25,54.22,0.0
BRV,234.5,62.4,0.0
BRV,234.75,70.57,0.0
BRV,235.0,78.75,0.0
BRV,235.25,86.93,0.0
BRV,235.5,95.11,0.0
BRV,235.75,103.29,0.0
BRV,236.0,111.47,0.0
BRV,236.25,119.65,0.0
BRV,236.5,127.83,0.0
BRV,236.75,136.01,0.0
BRV,237.0,144.19,0.0
BRV,237.25,152.37,0.0
BRV,237.5,160.55,0.0
BRV,237.75,168.73,0.0
BRV,238.0,176.91,0.0
BRV,238.25,185.09,0.0
BRV,238.5,193.27,0.0
BRV,238.75,201.45,0.0
BRV,239.0,209.63,0.0
BRV,239.25,217.81,0.0
BRV,239.5,225.99,0.0
BRV,239.75,234.17,0.0
BRV,240.0,242.35,0.0
BRV,240.25,250.53,0.0
BRV,240.5,258.71,0.0
BRV,240.75,266.89,0.0
BRV,241.0,275.07,0.0
BRV,241.25,283.25,0.0
BRV,241.5,291.43,0.0
BRV,241.75,299.61,0.0
BRV,242.0,307.79,0.0
BRV,242.25,315.97,0.0
BRV,242.5,324.15,0.0
BRV,242.75,332.33,0.0
BRV,243.0,340.51,0.0
BRV,243.25,348.69,0.0
BRV,243.5,356.87,0.0
BRV,243.75,365.05,0.0
BRV,244.0,373.22,0.0
BRV,244.25,381.4,0.29
BRV,244.5,389.53,1.14
BRV,244.75,397.59,2.54
BRV,245.0,405.53,4.49
BRV,245.25,413.32,6.97
BRV,245.5,420.93,9.98
BRV,245.75,428.31,13.5
BRV,246.0,435.44,17.52
BRV,246.25,442.27,22.01
BRV,246.5,448.79,26.95
BRV,246.75,454.95,32.33
BRV,247.0,460.73,38.11
BRV,247.25,466.1,44.28
BRV,247.5,471.04,50.8
BRV,247.75,475.53,57.63
BRV,248.0,479.54,64.76
BRV,248.25,483.05,72.14
BRV,248.5,486.06,79.75
BRV,248.75,488.54,87.54
BRV,249.0,490.48,95.49
BRV,249.25,491.88,103.55
BRV,249.5,492.72,111.68
BRV,249.75,493.01,119.85
BRV,250.0,492.74,128.03
BRV,250.25,491.92,136.16
BRV,250.5,490.54,144.23
BRV,250.75,488.62,152.17
BRV,251.0,486.16,159.97
BRV,251.25,483.17,167.59
BRV,251.5,479.67,174.98
BRV,251.75,475.68,182.12
BRV,252.0,471.21,188.97
BRV,252.25,466.28,195.5
BRV,252.5,460.93,201.67
BRV,252.75,455.16,207.47
BRV,253.0,449.01,212.86
BRV,253.25,442.51,217.83
BRV,253.5,435.68,222.33
BRV,253.75,428.57,226.36
BRV,254.0,421.2,229.9
BRV,254.25,413.6,232.93
BRV,254.5,405.81,235.43
BRV,254.75,397.87,237.4
BRV,255.0,389.82,238.82
BRV,255.25,381.69,239.69
BRV,255.5,373.52,240.0
BRV,255.75,365.34,240.0
BRV,256.0,357.16,240.0
BRV,256.25,348.98,240.0
BRV,256.5,340.8,240.0
BRV,256.75,332.62,240.0
BRV,257.0,324.44,240.0
BRV,257.25,316.26,240.0
BRV,257.5,308.08,240.0
BRV,257.75,299.9,240.0
BRV,258.0,291.72,240.0
BRV,258.25,283.54,240.0
BRV,258.5,275.36,240.0
BRV,258.75,267.18,240.0
BRV,259.0,259.0,240.0
BRV,259.25,250.82,240.0
BRV,259.5,242.64,240.0
BRV,259.75,234.46,240.0
BRV,260.0,226.28,240.0
BRV,260.25,218.1,240.0
BRV,260.5,209.92,240.0
BRV,260.75,201.74,240.0
BRV,261.0,193.56,240.0
BRV,261.25,185.38,240.0
BRV,261.5,177.2,240.0
BRV,261.75,169.02,240.0
BRV,262.0,160.84,240.0
BRV,262.25,152.66,240.0
BRV,262.5,144.48,240.0
BRV,262.75,136.3,240.0
BRV,263.0,128.12,240.0
BRV,263.25,119.94,240.0
BRV,263.5,111.76,240.0
BRV,263.75,103.58,240.0
BRV,264.0,95.4,240.0
BRV,264.25,87.23,240.0
BRV,264.5,79.05,240.0
BRV,264.75,70.87,240.0
BRV,265.0,62.69,240.0
BRV,265.25,54.51,240.0
BRV,265.5,46.33,240.0
BRV,265.75,38.15,240.0
BRV,266.0,29.97,240.0
BRV,266.25,21.79,240.0
BRV,266.5,13.61,240.0
BRV,266.75,5.43,240.0
BRV,267.0,-2.75,239.97
BRV,267.25,-10.92,239.5
BRV,267.5,-19.03,238.48
BRV,267.75,-27.06,236.91
BRV,268.0,-34.96,234.8
BRV,268.25,-42.69,232.15
BRV,268.5,-50.23,228.98
BRV,268.75,-57.54,225.31
BRV,269.0,-64.58,221.14
BRV,269.25,-71.32,216.51
BRV,269.5,-77.73,211.43
BRV,269.75,-83.77,205.92
BRV,270.0,-89.43,200.01
BRV,270.25,-94.67,193.74
BRV,270.5,-99.47,187.12
BRV,270.75,-103.81,180.19
BRV,271.0,-107.67,172.98
BRV,271.25,-111.03,165.52
BRV,271.5,-113.87,157.85
BRV,271.75,-116.19,150.01
BRV,272.0,-117.96,142.02
BRV,272.25,-119.19,133.94
BRV,272.5,-119.86,125.79
BRV,272.75,-119.98,117.61
BRV,273.0,-119.53,109.44
BRV,273.25,-118.54,101.33
BRV,273.5,-116.99,93.3
BRV,273.75,-114.9,85.39
BRV,274.0,-112.28,77.64
BRV,274.25,-109.13,70.09
BRV,274.5,-105.48,62.78
BRV,274.75,-101.34,55.73
BRV,275.0,-96.72,48.97
BRV,275.25,-91.66,42.55
BRV,275.5,-86.17,36.49
BRV,275.75,-80.28,30.81
BRV,276.0,-74.02,25.55
BRV,276.25,-67.42,20.73
BRV,276.5,-60.5,16.37
BRV,276.75,-53.3,12.49
BRV,277.0,-45.85,9.11
BRV,277.25,-38.19,6.24
BRV,277.5,-30.36,3.9
BRV,277.75,-22.38,2.11
BRV,278.0,-14.3,0.85
BRV,278.25,-6.15,0.16
BRV,278.5,2.03,0.0
BRV,278.75,10.2,0.0
BRV,279.0,18.37,0.0
BRV,279.25,26.54,0.0
BRV,279.5,34.71,0.0
BRV,279.75,42.88,0.0
BRV,280.0,51.05,0.0
BRV,280.25,59.23,0.0
BRV,280.5,67.4,0.0
BRV,280.75,75.57,0.0
BRV,281.0,83.74,0.0
BRV,281.25,91.91,0.0
BRV,281.5,100.08,0.0
BRV,281.75,108.25,0.0
BRV,282.0,116.42,0.0
BRV,282.25,124.59,0.0
BRV,282.5,132.77,0.0
BRV,282.75,140.94,0.0
BRV,283.0,149.11,0.0
BRV,283.25,157.28,0.0
BRV,283.5,165.45,0.0
BRV,283.75,173.62,0.0
BRV,284.0,181.79,0.0
BRV,284.25,189.96,0.0
BRV,284.5,198.14,0.0
BRV,284.75,206.31,0.0
BRV,285.0,214.48,0.0
BRV,285.25,222.65,0.0
BRV,285.5,230.82,0.0
BRV,285.75,238.99,0.0
BRV,286.0,247.16,0.0
BRV,286.25,255.33,0.0
BRV,286.5,263.5,0.0
BRV,286.75,271.68,0.0
BRV,287.0,279.85,0.0
BRV,287.25,288.02,0.0
BRV,287.5,296.19,0.0
BRV,287.75,304.36,0.0
BRV,288.0,312.53,0.0
BRV,288.25,320.7,0.0
BRV,288.5,328.87,0.0
BRV,288.75,337.05,0.0
BRV,289.0,345.22,0.0
BRV,289.25,353.39,0.0
BRV,289.5,361.56,0.0
BRV,289.75,369.73,0.0
BRV,290.0,377.9,0.1
BRV,290.25,386.05,0.71
BRV,290.5,394.13,1.87
BRV,290.75,402.12,3.58
BRV,291.0,409.98,5.84
BRV,291.25,417.66,8.62
BRV,291.5,425.13,11.91
BRV,291.75,432.37,15.71
BRV,292.0,439.32,19.99
BRV,292.25,445.98,24.73
BRV,292.5,452.29,29.92
BRV,292.75,458.23,35.52
BRV,293.0,463.78,41.52
BRV,293.25,468.91,47.87
BRV,293.5,473.6,54.57
BRV,293.75,477.82,61.56
BRV,294.0,481.55,68.83
BRV,294.25,484.78,76.33
BRV,294.5,487.49,84.04
BRV,294.75,489.68,91.91
BRV,295.0,491.32,99.92
BRV,295.25,492.41,108.01
BRV,295.5,492.95,116.16
BRV,295.75,492.93,124.33
BRV,296.0,492.36,132.48
BRV,296.25,491.23,140.57
BRV,296.5,489.56,148.57
BRV,296.75,487.34,156.43
BRV,297.0,484.6,164.13
BRV,297.25,481.34,171.62
BRV,297.5,477.58,178.87
BRV,297.75,473.33,185.85
BRV,298.0,468.61,192.52
BRV,298.25,463.46,198.86
BRV,298.5,457.88,204.83
BRV,298.75,451.91,210.41
BRV,299.0,445.58,215.57
BRV,299.25,438.91,220.29
BRV,299.5,431.93,224.54
BRV,299.75,424.68,228.3
BRV,300.0,417.2,231.57
BRV,300.25,409.5,234.32
BRV,300.5,401.64,236.53
BRV,300.75,393.64,238.21
BRV,301.0,385.55,239.34
BRV,301.25,377.4,239.92
BRV,301.5,369.23,240.0
BRV,301.75,361.06,240.0
BRV,302.0,352.89,240.0
BRV,302.25,344.72,240.0
BRV,302.5,336.55,240.0
BRV,302.75,328.38,240.0
BRV,303.0,320.21,240.0
BRV,303.25,312.03,240.0
BRV,303.5,303.86,240.0
BRV,303.75,295.69,240.0
BRV,304.0,287.52,240.0
BRV,304.25,279.35,240.0
BRV,304.5,271.18,240.0
BRV,304.75,263.01,240.0
BRV,305.0,254.84,240.0
BRV,305.25,246.67,240.0
BRV,305.5,238.49,240.0
BRV,305.75,230.32,240.0
BRV,306.0,222.15,240.0
BRV,306.25,213.98,240.0
BRV,306.5,205.81,240.0
BRV,306.75,197.64,240.0
BRV,307.0,189.47,240.0
BRV,307.25,181.3,240.0
BRV,307.5,173.12,240.0
BRV,307.75,164.95,240.0
BRV,308.0,156.78,240.0
BRV,308.25,148.61,240.0
BRV,308.5,140.44,240.0
BRV,308.75,132.27,240.0
BRV,309.0,124.1,240.0
BRV,309.25,115.93,240.0
BRV,309.5,107.76,240.0
BRV,309.75,99.58,240.0
BRV,310.0,91.41,240.0
BRV,310.25,83.24,240.0
BRV,310.5,75.07,240.0
BRV,310.75,66.9,240.0
BRV,311.0,58.73,240.0
BRV,311.25,50.56,240.0
BRV,311.5,42.39,240.0
BRV,311.75,34.21,240.0
BRV,312.0,26.04,240.0
BRV,312.25,17.87,240.0
BRV,312.5,9.7,240.0
BRV,312.75,1.53,240.0
BRV,313.0,-6.64,239.82
BRV,313.25,-14.77,239.09
BRV,313.5,-22.84,237.81
BRV,313.75,-30.81,235.98
BRV,314.0,-38.63,233.61
BRV,314.25,-46.27,230.72
BRV,314.5,-53.69,227.32
BRV,314.75,-60.87,223.42
BRV,315.0,-67.77,219.03
BRV,315.25,-74.35,214.19
BRV,315.5,-80.58,208.92
BRV,315.75,-86.45,203.23
BRV,316.0,-91.91,197.15
BRV,316.25,-96.95,190.72
BRV,316.5,-101.53,183.96
BRV,316.75,-105.65,176.9
BRV,317.0,-109.28,169.58
BRV,317.25,-112.4,162.03
BRV,317.5,-115.0,154.29
BRV,317.75,-117.06,146.38
BRV,318.0,-118.59,138.36
BRV,318.25,-119.56,130.25
BRV,318.5,-119.98,122.09
BRV,318.75,-119.85,113.92
BRV,319.0,-119.15,105.78
BRV,319.25,-117.91,97.71
BRV,319.5,-116.12,89.73
BRV,319.75,-113.79,81.9
BRV,320.0,-110.94,74.25
BRV,320.25,-107.57,66.81
BRV,320.5,-103.7,59.61
BRV,320.75,-99.35,52.7
BRV,321.0,-94.54,46.09
BRV,321.25,-89.29,39.83
BRV,321.5,-83.63,33.94
BRV,321.75,-77.58,28.45
BRV,322.0,-71.17,23.38
BRV,322.25,-64.43,18.77
BRV,322.5,-57.4,14.62
BRV,322.75,-50.09,10.95
BRV,323.0,-42.56,7.8
BRV,323.25,-34.82,5.16
BRV,323.5,-26.93,3.06
BRV,323.75,-18.91,1.5
BRV,324.0,-10.8,0.49
BRV,324.25,-2.65,0.03
BRV,324.5,3.97,0.0
BRV,324.75,9.84,0.0
BRV,325.0,15.71,0.0
BRV,325.25,21.59,0.0
BRV,325.5,27.46,0.0
BRV,325.75,33.33,0.0
BRV,326.0,39.2,0.0
BRV,326.25,45.08,0.0
BRV,326.5,50.95,0.0
BRV,326.75,56.82,0.0
BRV,327.0,62.69,0.0
BRV,327.25,68.56,0.0
BRV,327.5,74.44,0.0
BRV,327.75,80.31,0.0
BRV,328.0,86.18,0.0
BRV,328.25,92.05,0.0
BRV,328.5,97.93,0.0
BRV,328.75,103.8,0.0
BRV,329.0,109.67,0.0
BRV,329.25,115.54,0.0
BRV,329.5,121.42,0.0
BRV,329.75,127.29,0.0
BRV,330.0,133.16,0.0
BRV,330.25,139.03,0.0
BRV,330.5,144.9,0.0
BRV,330.75,150.78,0.0
BRV,331.0,156.65,0.0
BRV,331.25,162.52,0.0
BRV,331.5,168.39,0.0
BRV,331.75,174.27,0.0
BRV,332.0,180.14,0.0
BRV,332.25,186.01,0.0
BRV,332.5,191.88,0.0
BRV,332.75,197.76,0.0
BRV,333.0,203.63,0.0
BRV,333.25,209.5,0.0
BRV,333.5,215.37,0.0
BRV,333.75,221.24,0.0
BRV,334.0,227.12,0.0
BRV,334.25,232.99,0.0
BRV,334.5,238.86,0.0
BRV,334.75,244.73,0.0
BRV,335.0,250.61,0.0
BRV,335.25,256.48,0.0
BRV,335.5,262.35,0.0
BRV,335.75,268.22,0.0
BRV,336.0,274.1,0.0
BRV,336.25,279.97,0.0
BRV,336.5,285.84,0.0
BRV,336.75,291.71,0.0
BRV,337.0,297.58,0.0
BRV,337.25,303.46,0.0
BRV,337.5,309.33,0.0
BRV,337.75,315.2,0.0
BRV,338.0,321.07,0.0
BRV,338.25,326.95,0.0
BRV,338.5,332.82,0.0
BRV,338.75,338.69,0.0
BRV,339.0,344.56,0.0
BRV,339.25,350.44,0.0
BRV,339.5,356.31,0.0
BRV,339.75,362.18,0.0
BRV,340.0,368.05,0.0
BRV,340.25,373.92,0.0
BRV,340.5,379.79,0.19
BRV,340.75,385.65,0.67
BRV,341.0,391.47,1.43
BRV,341.25,397.25,2.47
BRV,341.5,402.97,3.8
BRV,341.75,408.61,5.4
BRV,342.0,414.18,7.28
BRV,342.25,419.64,9.43
BRV,342.5,424.99,11.85
BRV,342.75,430.22,14.52
BRV,343.0,435.31,17.44
BRV,343.25,440.26,20.61
BRV,343.5,445.04,24.02
BRV,343.75,449.65,27.66
BRV,344.0,454.07,31.52
BRV,344.25,458.3,35.59
BRV,344.5,462.33,39.86
BRV,344.75,466.14,44.33
BRV,345.0,469.73,48.98
BRV,345.25,473.09,53.79
BRV,345.5,476.21,58.77
BRV,345.75,479.08,63.89
BRV,346.0,481.7,69.14
BRV,346.25,484.06,74.52
BRV,346.5,486.15,80.01
BRV,346.75,487.97,85.59
BRV,347.0,489.52,91.26
BRV,347.25,490.78,96.99
BRV,347.5,491.77,102.78
BRV,347.75,492.47,108.61
BRV,348.0,492.88,114.46
BRV,348.25,493.01,120.33
BRV,348.5,492.85,126.2
BRV,348.75,492.4,132.06
BRV,349.0,491.67,137.88
BRV,349.25,490.65,143.67
BRV,349.5,489.35,149.39
BRV,349.75,487.78,155.05
BRV,350.0,485.92,160.62
BRV,350.25,483.8,166.1
BRV,350.5,481.41,171.46
BRV,350.75,478.77,176.7
BRV,351.0,475.87,181.81
BRV,351.25,472.72,186.77
BRV,351.5,469.34,191.56
BRV,351.75,465.72,196.19
BRV,352.0,461.88,200.63
BRV,352.25,457.83,204.88
BRV,352.5,453.58,208.93
BRV,352.75,449.13,212.77
BRV,353.0,444.5,216.38
BRV,353.25,439.7,219.76
BRV,353.5,434.74,222.9
BRV,353.75,429.63,225.8
BRV,354.0,424.39,228.44
BRV,354.25,419.02,230.83
BRV,354.5,413.55,232.94
BRV,354.75,407.98,234.79
BRV,355.0,402.32,236.37
BRV,355.25,396.59,237.66
BRV,355.5,390.81,238.67
BRV,355.75,384.98,239.4
BRV,356.0,379.13,239.84
BRV,356.25,373.26,240.0
BRV,356.5,367.38,240.0
BRV,356.75,361.51,240.0
BRV,357.0,355.64,240.0
BRV,357.25,349.77,240.0
BRV,357.5,343.89,240.0
BRV,357.75,338.02,240.0
BRV,358.0,332.15,240.0
BRV,358.25,326.28,240.0
BRV,358.5,320.41,240.0
BRV,358.75,314.53,240.0
BRV,359.0,308.66,240.0
BRV,359.25,302.79,240.0
BRV,359.5,296.92,240.0
BRV,359.75,291.04,240.0
BRV,360.0,285.17,240.0
BRV,360.25,279.3,240.0
BRV,360.5,273.43,240.0
BRV,360.75,267.55,240.0
BRV,361.0,261.68,240.0
BRV,361.25,255.81,240.0
BRV,361.5,249.94,240.0
BRV,361.75,244.07,240.0
BRV,362.0,238.19,240.0
BRV,362.25,232.32,240.0
BRV,362.5,226.45,240.0
BRV,362.75,220.58,240.0
BRV,363.0,214.7,240.0
BRV,363.25,208.83,240.0
BRV,363.5,202.96,240.0
BRV,363.75,197.09,240.0
BRV,364.0,191.21,240.0
BRV,364.25,185.34,240.0
BRV,364.5,179.47,240.0
BRV,364.75,173.6,240.0
BRV,365.0,167.73,240.0
BRV,365.25,161.85,240.0
BRV,365.5,155.98,240.0
BRV,365.75,150.11,240.0
BRV,366.0,144.24,240.0
BRV,366.25,138.36,240.0
BRV,366.5,132.49,240.0
BRV,366.75,126.62,240.0
BRV,367.0,120.75,240.0
BRV,367.25,114.87,240.0
BRV,367.5,109.0,240.0
BRV,367.75,103.13,240.0
BRV,368.0,97.26,240.0
BRV,368.25,91.38,240.0
BRV,368.5,85.51,240.0
BRV,368.75,79.64,240.0
BRV,369.0,73.77,240.0
BRV,369.25,67.9,240.0
BRV,369.5,62.02,240.0
BRV,369.75,56.15,240.0
BRV,370.0,50.28,240.0
BRV,370.25,44.41,240.0
BRV,370.5,38.53,240.0
BRV,370.75,32.66,240.0
BRV,371.0,26.79,240.0
BRV,371.25,20.92,240.0
BRV,371.5,15.04,240.0
BRV,371.75,9.17,240.0
BRV,372.0,3.3,240.0
BRV,372.25,-2.57,239.97
BRV,372.5,-8.44,239.7
BRV,372.75,-14.28,239.15
BRV,373.0,-20.09,238.31
BRV,373.25,-25.86,237.18
BRV,373.5,-31.56,235.78
BRV,373.75,-37.18,234.09
BRV,374.0,-42.72,232.14
BRV,374.25,-48.15,229.91
BRV,374.5,-53.47,227.43
BRV,374.75,-58.66,224.68
BRV,375.0,-63.71,221.69
BRV,375.25,-68.61,218.45
BRV,375.5,-73.35,214.98
BRV,375.75,-77.9,211.27
BRV,376.0,-82.28,207.35
BRV,376.25,-86.45,203.22
BRV,376.5,-90.42,198.9
BRV,376.75,-94.17,194.38
BRV,377.0,-97.69,189.68
BRV,377.25,-100.99,184.82
BRV,377.5,-104.04,179.8
BRV,377.75,-106.84,174.64
BRV,378.0,-109.38,169.35
BRV,378.25,-111.67,163.94
BRV,378.5,-113.68,158.43
BRV,378.75,-115.42,152.82
BRV,379.0,-116.89,147.13
BRV,379.25,-118.08,141.38
BRV,379.5,-118.98,135.58
BRV,379.75,-119.6,129.74
BRV,380.0,-119.94,123.88
BRV,380.25,-119.98,118.01
BRV,380.5,-119.74,112.14
BRV,380.75,-119.21,106.29
BRV,381.0,-118.4,100.48
BRV,381.25,-117.31,94.71
BRV,381.5,-115.93,89.0
BRV,381.75,-114.27,83.37
BRV,382.0,-112.34,77.82
BRV,382.25,-110.15,72.38
BRV,382.5,-107.69,67.05
BRV,382.75,-104.97,61.84
BRV,383.0,-102.0,56.78
BRV,383.25,-98.78,51.87
BRV,383.5,-95.33,47.11
BRV,383.75,-91.65,42.54
BRV,384.0,-87.75,38.15
BRV,384.25,-83.64,33.95
BRV,384.5,-79.33,29.97
BRV,384.75,-74.83,26.19
BRV,385.0,-70.16,22.64
BRV,385.25,-65.31,19.33
BRV,385.5,-60.31,16.25
BRV,385.75,-55.16,13.43
BRV,386.0,-49.88,10.86
BRV,386.25,-44.48,8.55
BRV,386.5,-38.98,6.51
BRV,386.75,-33.38,4.74
BRV,387.0,-27.7,3.24
BRV,387.25,-21.96,2.03
BRV,387.5,-16.16,1.09
BRV,387.75,-10.32,0.44
BRV,388.0,-4.46,0.08
BRV,388.25,1.67,0.0
BRV,388.5,8.61,0.0
BRV,388.75,15.56,0.0
BRV,389.0,22.5,0.0
BRV,389.25,29.45,0.0
BRV,389.5,36.39,0.0
BRV,389.75,43.34,0.0
BRV,390.0,50.28,0.0
BRV,390.25,57.23,0.0
BRV,390.5,64.17,0.0
BRV,390.75,71.12,0.0
BRV,391.0,78.06,0.0
BRV,391.25,85.01,0.0
BRV,391.5,91.95,0.0
BRV,391.75,98.89,0.0
BRV,392.0,105.84,0.0
BRV,392.25,112.78,0.0
BRV,392.5,119.73,0.0
BRV,392.75,126.67,0.0
BRV,393.0,133.62,0.0
BRV,393.25,140.56,0.0
BRV,393.5,147.51,0.0
BRV,393.75,154.45,0.0
BRV,394.0,161.4,0.0
BRV,394.25,168.34,0.0
BRV,394.5,175.29,0.0
BRV,394.75,182.23,0.0
BRV,395.0,189.18,0.0
BRV,395.25,196.12,0.0
BRV,395.5,203.07,0.0
BRV,395.75,210.01,0.0
BRV,396.0,216.96,0.0
BRV,396.25,223.9,0.0
BRV,396.5,230.85,0.0
BRV,396.75,237.79,0.0
BRV,397.0,244.74,0.0
BRV,397.25,251.68,0.0
BRV,397.5,258.63,0.0
BRV,397.75,265.57,0.0
BRV,398.0,272.52,0.0
BRV,398.25,279.46,0.0
BRV,398.5,286.41,0.0
BRV,398.75,293.35,0.0
BRV,399.0,300.3,0.0
BRV,399.25,307.24,0.0
BRV,399.5,314.18,0.0
BRV,399.75,321.13,0.0
BRV,400.0,328.07,0.0
BRV,400.25,335.02,0.0
BRV,400.5,341.96,0.0
BRV,400.75,348.91,0.0
BRV,401.0,355.85,0.0
BRV,401.25,362.8,0.0
BRV,401.5,369.74,0.0
BRV,401.75,376.69,0.06
BRV,402.0,383.62,0.47
BRV,402.25,390.52,1.28
BRV,402.5,397.35,2.5
BRV,402.75,404.11,4.1
BRV,403.0,410.76,6.09
BRV,403.25,417.29,8.47
BRV,403.5,423.66,11.21
BRV,403.75,429.87,14.33
BRV,404.0,435.89,17.79
BRV,404.25,441.69,21.6
BRV,404.5,447.27,25.74
BRV,404.75,452.6,30.19
BRV,405.0,457.66,34.95
BRV,405.25,462.44,39.98
BRV,405.5,466.92,45.29
BRV,405.75,471.08,50.85
BRV,406.0,474.92,56.64
BRV,406.25,478.41,62.64
BRV,406.5,481.55,68.83
BRV,406.75,484.33,75.19
BRV,407.0,486.73,81.71
BRV,407.25,488.76,88.35
BRV,407.5,490.4,95.1
BRV,407.75,491.64,101.93
BRV,408.0,492.49,108.82
BRV,408.25,492.93,115.75
BRV,408.5,492.98,122.69
BRV,408.75,492.62,129.63
BRV,409.0,491.86,136.53
BRV,409.25,490.71,143.38
BRV,409.5,489.16,150.15
BRV,409.75,487.22,156.81
BRV,410.0,484.9,163.36
BRV,410.25,482.21,169.76
BRV,410.5,479.15,175.99
BRV,410.75,475.73,182.04
BRV,411.0,471.97,187.87
BRV,411.25,467.88,193.48
BRV,411.5,463.47,198.85
BRV,411.75,458.76,203.95
BRV,412.0,453.76,208.77
BRV,412.25,448.49,213.29
BRV,412.5,442.96,217.5
BRV,412.75,437.21,221.38
BRV,413.0,431.24,224.93
BRV,413.25,425.07,228.12
BRV,413.5,418.73,230.95
BRV,413.75,412.23,233.41
BRV,414.0,405.61,235.49
BRV,414.25,398.87,237.18
BRV,414.5,392.05,238.48
BRV,414.75,385.17,239.38
BRV,415.0,378.24,239.89
BRV,415.25,371.3,240.0
BRV,415.5,364.36,240.0
BRV,415.75,357.41,240.0
BRV,416.0,350.47,240.0
BRV,416.25,343.52,240.0
BRV,416.5,336.58,240.0
BRV,416.75,329.63,240.0
BRV,417.0,322.69,240.0
BRV,417.25,315.74,240.0
BRV,417.5,308.8,240.0
BRV,417.75,301.85,240.0
BRV,418.0,294.91,240.0
BRV,418.25,287.96,240.0
BRV,418.5,281.02,240.0
BRV,418.75,274.07,240.0
BRV,419.0,267.13,240.0
BRV,419.25,260.18,240.0
BRV,419.5,253.24,240.0
BRV,419.75,246.29,240.0
BRV,420.0,239.35,240.0
BRV,420.25,232.4,240.0
BRV,420.5,225.46,240.0
BRV,420.75,218.51,240.0
BRV,421.0,211.57,240.0
BRV,421.25,204.62,240.0
BRV,421.5,197.68,240.0
BRV,421.75,190.73,240.0
BRV,422.0,183.79,240.0
BRV,422.25,176.84,240.0
BRV,422.5,169.9,240.0
BRV,422.75,162.95,240.0
BRV,423.0,156.01,240.0
BRV,423.25,149.07,240.0
BRV,423.5,142.12,240.0
BRV,423.75,135.18,240.0
BRV,424.0,128.23,240.0
BRV,424.25,121.29,240.0
BRV,424.5,114.34,240.0
BRV,424.75,107.4,240.0
BRV,425.0,100.45,240.0
BRV,425.25,93.51,240.0
BRV,425.5,86.56,240.0
BRV,425.75,79.62,240.0
BRV,426.0,72.67,240.0
BRV,426.25,65.73,240.0
BRV,426.5,58.78,240.0
BRV,426.75,51.84,240.0
BRV,427.0,44.89,240.0
BRV,427.25,37.95,240.0
BRV,427.5,31.0,240.0
BRV,427.75,24.06,240.0
BRV,428.0,17.11,240.0
BRV,428.25,10.17,240.0
BRV,428.5,3.22,240.0
BRV,428.75,-3.72,239.94
BRV,429.0,-10.65,239.53
BRV,429.25,-17.55,238.71
BRV,429.5,-24.38,237.5
BRV,429.75,-31.14,235.89
BRV,430.0,-37.79,233.89
BRV,430.25,-44.32,231.52
BRV,430.5,-50.69,228.77
BRV,430.75,-56.9,225.65
BRV,431.0,-62.91,222.19
BRV,431.25,-68.72,218.38
BRV,431.5,-74.29,214.24
BRV,431.75,-79.62,209.78
BRV,432.0,-84.68,205.03
BRV,432.25,-89.46,199.98
BRV,432.5,-93.93,194.68
BRV,432.75,-98.1,189.12
BRV,433.0,-101.93,183.33
BRV,433.25,-105.42,177.33
BRV,433.5,-108.56,171.13
BRV,433.75,-111.34,164.77
BRV,434.0,-113.74,158.25
BRV,434.25,-115.76,151.61
BRV,434.5,-117.4,144.86
BRV,434.75,-118.64,138.03
BRV,435.0,-119.48,131.14
BRV,435.25,-119.93,124.21
BRV,435.5,-119.97,117.26
BRV,435.75,-119.61,110.33
BRV,436.0,-118.85,103.43
BRV,436.25,-117.69,96.58
BRV,436.5,-116.14,89.81
BRV,436.75,-114.2,83.15
BRV,437.0,-111.88,76.6
BRV,437.25,-109.18,70.2
BRV,437.5,-106.12,63.97
BRV,437.75,-102.7,57.93
BRV,438.0,-98.94,52.09
BRV,438.25,-94.84,46.48
BRV,438.5,-90.43,41.12
BRV,438.75,-85.72,36.02
BRV,439.0,-80.72,31.2
BRV,439.25,-75.45,26.68
BRV,439.5,-69.92,22.48
BRV,439.75,-64.16,18.59
BRV,440.0,-58.19,15.05
BRV,440.25,-52.02,11.86
BRV,440.5,-45.68,9.03
BRV,440.75,-39.19,6.58
BRV,441.0,-32.56,4.5
BRV,441.25,-25.83,2.81
BRV,441.5,-19.0,1.51
BRV,441.75,-12.12,0.61
BRV,442.0,-5.19,0.11
BRV,442.25,2.06,0.0
BRV,442.5,10.25,0.0
BRV,442.75,18.43,0.0
BRV,443.0,26.62,0.0
BRV,443.25,34.81,0.0
BRV,443.5,42.99,0.0
BRV,443.75,51.18,0.0
BRV,444.0,59.36,0.0
BRV,444.25,67.55,0.0
BRV,444.5,75.73,0.0
BRV,444.75,83.92,0.0
BRV,445.0,92.11,0.0
BRV,445.25,100.29,0.0
BRV,445.5,108.48,0.0
BRV,445.75,116.66,0.0
BRV,446.0,124.85,0.0
BRV,446.25,133.03,0.0
BRV,446.5,141.22,0.0
BRV,446.75,149.4,0.0
BRV,447.0,157.59,0.0
BRV,447.25,165.78,0.0
BRV,447.5,173.96,0.0
BRV,447.75,182.15,0.0
BRV,448.0,190.33,0.0
BRV,448.25,198.52,0.0
BRV,448.5,206.7,0.0
BRV,448.75,214.89,0.0
BRV,449.0,223.08,0.0
BRV,449.25,231.26,0.0
BRV,449.5,239.45,0.0
BRV,449.75,247.63,0.0
BRV,450.0,255.82,0.0
BRV,450.25,264.0,0.0
BRV,450.5,272.19,0.0
BRV,450.75,280.37,0.0
BRV,451.0,288.56,0.0
BRV,451.25,296.75,0.0
BRV,451.5,304.93,0.0
BRV,451.75,313.12,0.0
BRV,452.0,321.3,0.0
BRV,452.25,329.49,0.0
BRV,452.5,337.67,0.0
BRV,452.75,345.86,0.0
BRV,453.0,354.05,0.0
BRV,453.25,362.23,0.0
BRV,453.5,370.42,0.0
BRV,453.75,378.6,0.13
BRV,454.0,386.76,0.79
BRV,454.25,394.85,2.0
BRV,454.5,402.84,3.77
BRV,454.75,410.7,6.07
BRV,455.0,418.37,8.91
BRV,455.25,425.84,12.26
BRV,455.5,433.06,16.11
BRV,455.75,440.0,20.44
BRV,456.0,446.63,25.24
BRV,456.25,452.92,30.48
BRV,456.5,458.84,36.13
BRV,456.75,464.35,42.18
BRV,457.0,469.45,48.59
BRV,457.25,474.09,55.33
BRV,457.5,478.26,62.37
BRV,457.75,481.95,69.67
BRV,458.0,485.12,77.22
BRV,458.25,487.78,84.96
BRV,458.5,489.9,92.86
BRV,458.75,491.48,100.89
BRV,459.0,492.5,109.01
BRV,459.25,492.98,117.18
BRV,459.5,492.89,125.37
BRV,459.75,492.24,133.52
BRV,460.0,491.05,141.62
BRV,460.25,489.3,149.62
BRV,460.5,487.01,157.47
BRV,460.75,484.19,165.16
BRV,461.0,480.85,172.63
BRV,461.25,477.01,179.86
BRV,461.5,472.69,186.81
BRV,461.75,467.91,193.45
BRV,462.0,462.68,199.74
BRV,462.25,457.04,205.67
BRV,462.5,451.0,211.2
BRV,462.75,444.6,216.3
BRV,463.0,437.87,220.96
BRV,463.25,430.84,225.14
BRV,463.5,423.54,228.84
BRV,463.75,416.0,232.03
BRV,464.0,408.27,234.7
BRV,464.25,400.37,236.84
BRV,464.5,392.34,238.43
BRV,464.75,384.22,239.47
BRV,465.0,376.05,239.96
BRV,465.25,367.87,240.0
BRV,465.5,359.68,240.0
BRV,465.75,351.5,240.0
BRV,466.0,343.31,240.0
BRV,466.25,335.13,240.0
BRV,466.5,326.94,240.0
BRV,466.75,318.75,240.0
BRV,467.0,310.57,240.0
BRV,467.25,302.38,240.0
BRV,467.5,294.2,240.0
BRV,467.75,286.01,240.0
BRV,468.0,277.83,240.0
BRV,468.25,269.64,240.0
BRV,468.5,261.45,240.0
BRV,468.75,253.27,240.0
BRV,469.0,245.08,240.0
BRV,469.25,236.9,240.0
BRV,469.5,228.71,240.0
BRV,469.75,220.53,240.0
BRV,470.0,212.34,240.0
BRV,470.25,204.16,240.0
BRV,470.5,195.97,240.0
BRV,470.75,187.78,240.0
BRV,471.0,179.6,240.0
BRV,471.25,171.41,240.0
BRV,471.5,163.23,240.0
BRV,471.75,155.04,240.0
BRV,472.0,146.86,240.0
BRV,472.25,138.67,240.0
BRV,472.5,130.48,240.0
BRV,472.75,122.3,240.0
BRV,473.0,114.11,240.0
BRV,473.25,105.93,240.0
BRV,473.5,97.74,240.0
BRV,473.75,89.56,240.0
BRV,474.0,81.37,240.0
BRV,474.25,73.19,240.0
BRV,474.5,65.0,240.0
BRV,474.75,56.81,240.0
BRV,475.0,48.63,240.0
BRV,475.25,40.44,240.0
BRV,475.5,32.26,240.0
BRV,475.75,24.07,240.0
BRV,476.0,15.89,240.0
BRV,476.25,7.7,240.0
BRV,476.5,-0.49,240.0
BRV,476.75,-8.66,239.69
BRV,477.0,-16.8,238.82
BRV,477.25,-24.86,237.4
BRV,477.5,-32.81,235.43
BRV,477.75,-40.6,232.92
BRV,478.0,-48.2,229.89
BRV,478.25,-55.58,226.35
BRV,478.5,-62.7,222.32
BRV,478.75,-69.53,217.81
BRV,479.0,-76.03,212.84
BRV,479.25,-82.18,207.44
BRV,479.5,-87.95,201.64
BRV,479.75,-93.31,195.45
BRV,480.0,-98.24,188.92
BRV,480.25,-102.71,182.06
BRV,480.5,-106.7,174.92
BRV,480.75,-110.19,167.52
BRV,481.0,-113.17,159.89
BRV,481.25,-115.63,152.09
BRV,481.5,-117.55,144.13
BRV,481.75,-118.92,136.06
BRV,482.0,-119.74,127.92
BRV,482.25,-120.0,119.74
BRV,482.5,-119.7,111.56
BRV,482.75,-118.85,103.42
BRV,483.0,-117.44,95.36
BRV,483.25,-115.49,87.41
BRV,483.5,-113.0,79.62
BRV,483.75,-109.99,72.01
BRV,484.0,-106.46,64.62
BRV,484.25,-102.44,57.5
BRV,484.5,-97.94,50.66
BRV,484.75,-92.98,44.14
BRV,485.0,-87.6,37.98
BRV,485.25,-81.8,32.2
BRV,485.5,-75.63,26.83
BRV,485.75,-69.1,21.89
BRV,486.0,-62.25,17.41
BRV,486.25,-55.12,13.41
BRV,486.5,-47.72,9.9
BRV,486.75,-40.11,6.9
BRV,487.0,-32.31,4.43
BRV,487.25,-24.35,2.5
BRV,487.5,-16.29,1.11
BRV,487.75,-8.15,0.28
BRV,488.0,0.03,0.0
BRV,488.25,8.19,0.0
BRV,488.5,16.35,0.0
BRV,488.75,24.51,0.0
BRV,489.0,32.67,0.0
BRV,489.25,40.83,0.0
BRV,489.5,49.0,0.0
BRV,489.75,57.16,0.0
BRV,490.0,65.32,0.0
BRV,490.25,73.48,0.0
BRV,490.5,81.64,0.0
BRV,490.75,89.8,0.0
BRV,491.0,97.96,0.0
BRV,491.25,106.12,0.0
BRV,491.5,114.28,0.0
BRV,491.75,122.44,0.0
BRV,492.0,130.6,0.0
BRV,492.25,138.76,0.0
BRV,492.5,146.92,0.0
BRV,492.75,155.08,0.0
BRV,493.0,163.24,0.0
BRV,493.25,171.4,0.0
BRV,493.5,179.56,0.0
BRV,493.75,187.72,0.0
BRV,494.0,195.88,0.0
BRV,494.25,204.04,0.0
BRV,494.5,212.21,0.0
BRV,494.75,220.37,0.0
BRV,495.0,228.53,0.0
BRV,495.25,236.69,0.0
BRV,495.5,244.85,0.0
BRV,495.75,253.01,0.0
BRV,496.0,261.17,0.0
BRV,496.25,269.33,0.0
BRV,496.5,277.49,0.0
BRV,496.75,285.65,0.0
BRV,497.0,293.81,0.0
BRV,497.25,301.97,0.0
BRV,497.5,310.13,0.0
BRV,497.75,318.29,0.0
BRV,498.0,326.45,0.0
BRV,498.25,334.61,0.0
BRV,498.5,342.77,0.0
BRV,498.75,350.93,0.0
BRV,499.0,359.09,0.0
BRV,499.25,367.26,0.0
BRV,499.5,375.42,0.02
BRV,499.75,383.56,0.46
BRV,500.0,391.66,1.46
BRV,500.25,399.67,3.0
BRV,500.5,407.56,5.08
BRV,500.75,415.29,7.7
BRV,501.0,422.82,10.83
BRV,501.25,430.13,14.47
BRV,501.5,437.17,18.59
BRV,501.75,443.91,23.18
BRV,502.0,450.32,28.23
BRV,502.25,456.38,33.69
BRV,502.5,462.05,39.56
BRV,502.75,467.31,45.79
BRV,503.0,472.14,52.37
BRV,503.25,476.5,59.27
BRV,503.5,480.39,66.44
BRV,503.75,483.78,73.86
BRV,504.0,486.66,81.49
BRV,504.25,489.02,89.31
BRV,504.5,490.83,97.26
BRV,504.75,492.11,105.32
BRV,505.0,492.83,113.45
BRV,505.25,493.0,121.6
BRV,505.5,492.61,129.75
BRV,505.75,491.67,137.86
BRV,506.0,490.19,145.88
BRV,506.25,488.16,153.78
BRV,506.5,485.59,161.53
BRV,506.75,482.51,169.08
BRV,507.0,478.92,176.41
BRV,507.25,474.85,183.48
BRV,507.5,470.3,190.25
BRV,507.75,465.3,196.7
BRV,508.0,459.87,202.79
BRV,508.25,454.05,208.5
BRV,508.5,447.85,213.81
BRV,508.75,441.3,218.67
BRV,509.0,434.43,223.09
BRV,509.25,427.29,227.02
BRV,509.5,419.89,230.46
BRV,509.75,412.28,233.39
BRV,510.0,404.48,235.8
BRV,510.25,396.54,237.67
BRV,510.5,388.49,239.0
BRV,510.75,380.37,239.77
BRV,511.0,372.21,240.0
BRV,511.25,364.05,240.0
BRV,511.5,355.89,240.0
BRV,511.75,347.73,240.0
BRV,512.0,339.57,240.0
BRV,512.25,331.41,240.0
BRV,512.5,323.25,240.0
BRV,512.75,315.09,240.0
BRV,513.0,306.93,240.0
BRV,513.25,298.77,240.0
BRV,513.5,290.6,240.0
BRV,513.75,282.44,240.0
BRV,514.0,274.28,240.0
BRV,514.25,266.12,240.0
BRV,514.5,257.96,240.0
BRV,514.75,249.8,240.0
BRV,515.0,241.64,240.0
BRV,515.25,233.48,240.0
BRV,515.5,225.32,240.0
BRV,515.75,217.16,240.0
BRV,516.0,209.0,240.0
BRV,516.25,200.84,240.0
BRV,516.5,192.68,240.0
BRV,516.75,184.52,240.0
BRV,517.0,176.36,240.0
BRV,517.25,168.2,240.0
BRV,517.5,160.04,240.0
BRV,517.75,151.88,240.0
BRV,518.0,143.72,240.0
BRV,518.25,135.55,240.0
BRV,518.5,127.39,240.0
BRV,518.75,119.23,240.0
BRV,519.0,111.07,240.0
BRV,519.25,102.91,240.0
BRV,519.5,94.75,240.0
BRV,519.75,86.59,240.0
BRV,520.0,78.43,240.0
BRV,520.25,70.27,240.0
BRV,520.5,62.11,240.0
BRV,520.75,53.95,240.0
BRV,521.0,45.79,240.0
BRV,521.25,37.63,240.0
BRV,521.5,29.47,240.0
BRV,521.75,21.31,240.0
BRV,522.0,13.15,240.0
BRV,522.25,4.99,240.0
BRV,522.5,-3.17,239.96
BRV,522.75,-11.32,239.47
BRV,523.0,-19.41,238.42
BRV,523.25,-27.41,236.83
BRV,523.5,-35.29,234.69
BRV,523.75,-43.0,232.03
BRV,524.0,-50.51,228.85
BRV,524.25,-57.79,225.17
BRV,524.5,-64.8,221.0
BRV,524.75,-71.52,216.36
BRV,525.0,-77.9,211.28
BRV,525.25,-83.92,205.77
BRV,525.5,-89.56,199.87
BRV,525.75,-94.78,193.6
BRV,526.0,-99.56,186.99
BRV,526.25,-103.88,180.07
BRV,526.5,-107.72,172.87
BRV,526.75,-111.07,165.43
BRV,527.0,-113.9,157.78
BRV,527.25,-116.2,149.95
BRV,527.5,-117.97,141.99
BRV,527.75,-119.19,133.92
BRV,528.0,-119.86,125.79
BRV,528.25,-119.98,117.63
BRV,528.5,-119.54,109.48
BRV,528.75,-118.55,101.38
BRV,529.0,-117.01,93.37
BRV,529.25,-114.93,85.48
BRV,529.5,-112.32,77.75
BRV,529.75,-109.19,70.22
BRV,530.0,-105.55,62.91
BRV,530.25,-101.43,55.87
BRV,530.5,-96.84,49.13
BRV,530.75,-91.8,42.71
BRV,531.0,-86.33,36.65
BRV,531.25,-80.47,30.98
BRV,531.5,-74.23,25.72
BRV,531.75,-67.66,20.89
BRV,532.0,-60.77,16.52
BRV,532.25,-53.59,12.63
BRV,532.5,-46.17,9.24
BRV,532.75,-38.54,6.36
BRV,533.0,-30.73,4.0
BRV,533.25,-22.78,2.18
BRV,533.5,-14.72,0.91
BRV,533.75,-6.59,0.18
BRV,534.0,1.56,0.0
BRV,534.25,9.7,0.0
BRV,534.5,17.84,0.0
BRV,534.75,25.98,0.0
BRV,535.0,34.12,0.0
BRV,535.25,42.27,0.0
BRV,535.5,50.41,0.0
BRV,535.75,58.55,0.0
BRV,536.0,66.69,0.0
BRV,536.25,74.83,0.0
BRV,536.5,82.97,0.0
BRV,536.75,91.11,0.0
BRV,537.0,99.25,0.0
BRV,537.25,107.39,0.0
BRV,537.5,115.53,0.0
BRV,537.75,123.67,0.0
BRV,538.0,131.81,0.0
BRV,538.25,139.95,0.0
BRV,538.5,148.09,0.0
BRV,538.75,156.23,0.0
BRV,539.0,164.37,0.0
BRV,539.25,172.51,0.0
BRV,539.5,180.65,0.0
BRV,539.75,188.79,0.0
BRV,540.0,196.93,0.0
BRV,540.25,205.08,0.0
BRV,540.5,213.22,0.0
BRV,540.75,221.36,0.0
BRV,541.0,229.5,0.0
BRV,541.25,237.64,0.0
BRV,541.5,245.78,0.0
BRV,541.75,253.92,0.0
BRV,542.0,262.06,0.0
BRV,542.25,270.2,0.0
BRV,542.5,278.34,0.0
BRV,542.75,286.48,0.0
BRV,543.0,294.62,0.0
BRV,543.25,302.76,0.0
BRV,543.5,310.9,0.0
BRV,543.75,319.04,0.0
BRV,544.0,327.18,0.0
BRV,544.25,335.32,0.0
BRV,544.5,343.46,0.0
BRV,544.75,351.6,0.0
BRV,545.0,359.74,0.0
BRV,545.25,367.89,0.0
BRV,545.5,376.03,0.04
BRV,545.75,384.15,0.52
BRV,546.0,392.22,1.55
BRV,546.25,400.21,3.12
BRV,546.5,408.07,5.24
BRV,546.75,415.77,7.88
BRV,547.0,423.27,11.03
BRV,547.25,430.54,14.69
BRV,547.5,437.55,18.83
BRV,547.75,444.26,23.44
BRV,548.0,450.64,28.49
BRV,548.25,456.66,33.96
BRV,548.5,462.3,39.83
BRV,548.75,467.53,46.07
BRV,549.0,472.32,52.65
BRV,549.25,476.66,59.53
BRV,549.5,480.52,66.7
BRV,549.75,483.89,74.11
BRV,550.0,486.74,81.73
BRV,550.25,489.08,89.53
BRV,550.5,490.87,97.47
BRV,550.75,492.13,105.51
BRV,551.0,492.84,113.62
BRV,551.25,493.0,121.75
BRV,551.5,492.6,129.88
BRV,551.75,491.66,137.97
BRV,552.0,490.17,145.97
BRV,552.25,488.14,153.85
BRV,552.5,485.58,161.57
BRV,552.75,482.5,169.11
BRV,553.0,478.92,176.42
BRV,553.25,474.85,183.47
BRV,553.5,470.31,190.23
BRV,553.75,465.33,196.66
BRV,554.0,459.92,202.74
BRV,554.25,454.11,208.44
BRV,554.5,447.93,213.74
BRV,554.75,441.41,218.6
BRV,555.0,434.56,223.01
BRV,555.25,427.44,226.95
BRV,555.5,420.07,230.39
BRV,555.75,412.47,233.32
BRV,556.0,404.7,235.74
BRV,556.25,396.78,237.62
BRV,556.5,388.76,238.96
BRV,556.75,380.66,239.76
BRV,557.0,372.52,240.0
BRV,557.25,364.38,240.0
BRV,557.5,356.24,240.0
BRV,557.75,348.1,240.0
BRV,558.0,339.96,240.0
BRV,558.25,331.82,240.0
BRV,558.5,323.68,240.0
BRV,558.75,315.54,240.0
BRV,559.0,307.4,240.0
BRV,559.25,299.26,240.0
BRV,559.5,291.12,240.0
BRV,559.75,282.98,240.0
BRV,560.0,274.83,240.0
BRV,560.25,266.69,240.0
BRV,560.5,258.55,240.0
BRV,560.75,250.41,240.0
BRV,561.0,242.27,240.0
BRV,561.25,234.13,240.0
BRV,561.5,225.99,240.0
BRV,561.75,217.85,240.0
BRV,562.0,209.71,240.0
BRV,562.25,201.57,240.0
BRV,562.5,193.43,240.0
BRV,562.75,185.29,240.0
BRV,563.0,177.15,240.0
BRV,563.25,169.01,240.0
BRV,563.5,160.87,240.0
BRV,563.75,152.73,240.0
BRV,564.0,144.59,240.0
BRV,564.25,136.45,240.0
BRV,564.5,128.31,240.0
BRV,564.75,120.17,240.0
BRV,565.0,112.02,240.0
BRV,565.25,103.88,240.0
BRV,565.5,95.74,240.0
BRV,565.75,87.6,240.0
BRV,566.0,79.46,240.0
BRV,566.25,71.32,240.0
BRV,566.5,63.18,240.0
BRV,566.75,55.04,240.0
BRV,567.0,46.9,240.0
BRV,567.25,38.76,240.0
BRV,567.5,30.62,240.0
BRV,567.75,22.48,240.0
BRV,568.0,14.34,240.0
BRV,568.25,6.2,240.0
BRV,568.5,-1.94,239.98
BRV,568.75,-10.07,239.58
BRV,569.0,-18.15,238.62
BRV,569.25,-26.15,237.12
BRV,569.5,-34.03,235.07
BRV,569.75,-41.75,232.5
BRV,570.0,-49.28,229.41
BRV,570.25,-56.59,225.82
BRV,570.5,-63.63,221.74
BRV,570.75,-70.38,217.19
BRV,571.0,-76.81,212.2
BRV,571.25,-82.88,206.78
BRV,571.5,-88.57,200.96
BRV,571.75,-93.86,194.77
BRV,572.0,-98.71,188.24
BRV,572.25,-103.11,181.39
BRV,572.5,-107.03,174.26
BRV,572.75,-110.46,166.88
BRV,573.0,-113.39,159.29
BRV,573.25,-115.79,151.51
BRV,573.5,-117.66,143.59
BRV,573.75,-118.99,135.56
BRV,574.0,-119.77,127.46
BRV,574.25,-120.0,119.32
BRV,574.5,-119.68,111.19
BRV,574.75,-118.8,103.1
BRV,575.0,-117.38,95.08
BRV,575.25,-115.43,87.18
BRV,575.5,-112.94,79.43
BRV,575.75,-109.93,71.87
BRV,576.0,-106.41,64.53
BRV,576.25,-102.41,57.45
BRV,576.5,-97.93,50.65
BRV,576.75,-93.0,44.17
BRV,577.0,-87.65,38.04
BRV,577.25,-81.89,32.29
BRV,577.5,-75.76,26.94
BRV,577.75,-69.28,22.02
BRV,578.0,-62.48,17.55
BRV,578.25,-55.39,13.55
BRV,578.5,-48.04,10.04
BRV,578.75,-40.48,7.03
BRV,579.0,-32.73,4.55
BRV,579.25,-24.83,2.6
BRV,579.5,-16.81,1.18
BRV,579.75,-8.72,0.32
BRV,580.0,-0.59,0.0
BRV,580.25,7.58,0.0
BRV,580.5,15.74,0.0
BRV,580.75,23.91,0.0
BRV,581.0,32.07,0.0
BRV,581.25,40.24,0.0
BRV,581.5,48.41,0.0
BRV,581.75,56.57,0.0
BRV,582.0,64.74,0.0
BRV,582.25,72.9,0.0
BRV,582.5,81.07,0.0
BRV,582.75,89.24,0.0
BRV,583.0,97.4,0.0
BRV,583.25,105.57,0.0
BRV,583.5,113.73,0.0
BRV,583.75,121.9,0.0
BRV,584.0,130.06,0.0
BRV,584.25,138.23,0.0
BRV,584.5,146.4,0.0
BRV,584.75,154.56,0.0
BRV,585.0,162.73,0.0
BRV,585.25,170.89,0.0
BRV,585.5,179.06,0.0
BRV,585.75,187.23,0.0
BRV,586.0,195.39,0.0
BRV,586.25,203.56,0.0
BRV,586.5,211.72,0.0
BRV,586.75,219.89,0.0
BRV,587.0,228.06,0.0
BRV,587.25,236.22,0.0
BRV,587.5,244.39,0.0
BRV,587.75,252.55,0.0
BRV,588.0,260.72,0.0
BRV,588.25,268.88,0.0
BRV,588.5,277.05,0.0
BRV,588.75,285.22,0.0
BRV,589.0,293.38,0.0
BRV,589.25,301.55,0.0
BRV,589.5,309.71,0.0
BRV,589.75,317.88,0.0
BRV,590.0,326.05,0.0
BRV,590.25,334.21,0.0
BRV,590.5,342.38,0.0
BRV,590.75,350.54,0.0
BRV,591.0,358.71,0.0
BRV,591.25,366.87,0.0
BRV,591.5,375.04,0.02
BRV,591.75,383.19,0.43
BRV,592.0,391.3,1.4
BRV,592.25,399.32,2.92
BRV,592.5,407.22,4.98
BRV,592.75,414.96,7.57
BRV,593.0,422.51,10.69
BRV,593.25,429.83,14.31
BRV,593.5,436.89,18.41
BRV,593.75,443.64,22.99
BRV,594.0,450.08,28.02
BRV,594.25,456.15,33.47
BRV,594.5,461.84,39.33
BRV,594.75,467.12,45.55
BRV,595.0,471.97,52.13
BRV,595.25,476.35,59.01
BRV,595.5,480.26,66.18
BRV,595.75,483.67,73.6
BRV,596.0,486.57,81.23
BRV,596.25,488.95,89.04
BRV,596.5,490.78,97.0
BRV,596.75,492.07,105.06
BRV,597.0,492.82,113.19
BRV,597.25,493.0,121.35
BRV,597.5,492.63,129.51
BRV,597.75,491.71,137.62
BRV,598.0,490.24,145.65
BRV,598.25,488.22,153.56
BRV,598.5,485.67,161.32
BRV,598.75,482.6,168.88
BRV,599.0,479.02,176.22
BRV,599.25,474.96,183.3
BRV,599.5,470.42,190.08
BRV,599.75,465.43,196.55
BRV,600.0,460.01,202.65
BRV,600.25,454.19,208.38
BRV,600.5,447.99,213.69
BRV,600.75,441.44,218.57
BRV,601.0,434.58,223.0
BRV,601.25,427.44,226.95
BRV,601.5,420.04,230.4
BRV,601.75,412.42,233.34
BRV,602.0,404.63,235.76
BRV,602.25,396.68,237.64
BRV,602.5,388.63,238.98
BRV,602.75,380.5,239.77
BRV,603.0,372.34,240.0
BRV,603.25,364.17,240.0
BRV,603.5,356.01,240.0
BRV,603.75,347.84,240.0
BRV,604.0,339.68,240.0
BRV,604.25,331.51,240.0
BRV,604.5,323.34,240.0
BRV,604.75,315.18,240.0
BRV,605.0,307.01,240.0
BRV,605.25,298.85,240.0
BRV,605.5,290.68,240.0
BRV,605.75,282.52,240.0
BRV,606.0,274.35,240.0
BRV,606.25,266.18,240.0
BRV,606.5,258.02,240.0
BRV,606.75,249.85,240.0
BRV,607.0,241.69,240.0
BRV,607.25,233.52,240.0
BRV,607.5,225.35,240.0
BRV,607.75,217.19,240.0
BRV,608.0,209.02,240.0
BRV,608.25,200.86,240.0
BRV,608.5,192.69,240.0
BRV,608.75,184.53,240.0
BRV,609.0,176.36,240.0
BRV,609.25,168.19,240.0
BRV,609.5,160.03,240.0
BRV,609.75,151.86,240.0
BRV,610.0,143.7,240.0
BRV,610.25,135.53,240.0
BRV,610.5,127.36,240.0
BRV,610.75,119.2,240.0
BRV,611.0,111.03,240.0
BRV,611.25,102.87,240.0
BRV,611.5,94.7,240.0
BRV,611.75,86.54,240.0
BRV,612.0,78.37,240.0
BRV,612.25,70.2,240.0
BRV,612.5,62.04,240.0
BRV,612.75,53.87,240.0
BRV,613.0,45.71,240.0
BRV,613.25,37.54,240.0
BRV,613.5,29.37,240.0
BRV,613.75,21.21,240.0
BRV,614.0,13.04,240.0
BRV,614.25,4.88,240.0
BRV,614.5,-3.29,239.95
BRV,614.75,-11.44,239.45
BRV,615.0,-19.53,238.4
BRV,615.25,-27.54,236.8
BRV,615.5,-35.42,234.65
BRV,615.75,-43.13,231.98
BRV,616.0,-50.65,228.79
BRV,616.25,-57.93,225.09
BRV,616.5,-64.94,220.91
BRV,616.75,-71.65,216.26
BRV,617.0,-78.03,211.17
BRV,617.25,-84.05,205.65
BRV,617.5,-89.68,199.74
BRV,617.75,-94.89,193.46
BRV,618.0,-99.67,186.83
BRV,618.25,-103.98,179.9
BRV,618.5,-107.81,172.69
BRV,618.75,-111.15,165.24
BRV,619.0,-113.96,157.58
BRV,619.25,-116.26,149.74
BRV,619.5,-118.01,141.77
BRV,619.75,-119.22,133.69
BRV,620.0,-119.87,125.56
BRV,620.25,-119.97,117.39
BRV,620.5,-119.52,109.24
BRV,620.75,-118.51,101.14
BRV,621.0,-116.95,93.12
BRV,621.25,-114.85,85.23
BRV,621.5,-112.22,77.51
BRV,621.75,-109.07,69.97
BRV,622.0,-105.42,62.67
BRV,622.25,-101.28,55.64
BRV,622.5,-96.67,48.9
BRV,622.75,-91.61,42.49
BRV,623.0,-86.13,36.44
BRV,623.25,-80.25,30.78
BRV,623.5,-73.99,25.53
BRV,623.75,-67.4,20.72
BRV,624.0,-60.49,16.36
BRV,624.25,-53.3,12.49
BRV,624.5,-45.87,9.11
BRV,624.75,-38.22,6.25
BRV,625.0,-30.4,3.92
BRV,625.25,-22.44,2.12
BRV,625.5,-14.37,0.86
BRV,625.75,-6.24,0.16
BRV,626.0,1.93,0.0
BRV,626.25,10.12,0.0
BRV,626.5,18.31,0.0
BRV,626.75,26.5,0.0
BRV,627.0,34.69,0.0
BRV,627.25,42.89,0.0
BRV,627.5,51.08,0.0
BRV,627.75,59.27,0.0
BRV,628.0,67.46,0.0
BRV,628.25,75.65,0.0
BRV,628.5,83.84,0.0
BRV,628.75,92.03,0.0
BRV,629.0,100.22,0.0
BRV,629.25,108.41,0.0
BRV,629.5,116.6,0.0
BRV,629.75,124.79,0.0
BRV,630.0,132.98,0.0
BRV,630.25,141.17,0.0
BRV,630.5,149.36,0.0
BRV,630.75,157.55,0.0
BRV,631.0,165.74,0.0
BRV,631.25,173.93,0.0
BRV,631.5,182.12,0.0
BRV,631.75,190.31,0.0
BRV,632.0,198.5,0.0
BRV,632.25,206.69,0.0
BRV,632.5,214.88,0.0
BRV,632.75,223.08,0.0
BRV,633.0,231.27,0.0
BRV,633.25,239.46,0.0
BRV,633.5,247.65,0.0
BRV,633.75,255.84,0.0
BRV,634.0,264.03,0.0
BRV,634.25,272.22,0.0
BRV,634.5,280.41,0.0
BRV,634.75,288.6,0.0
BRV,635.0,296.79,0.0
BRV,635.25,304.98,0.0
BRV,635.5,313.17,0.0
BRV,635.75,321.36,0.0
BRV,636.0,329.55,0.0
BRV,636.25,337.74,0.0
BRV,636.5,345.93,0.0
BRV,636.75,354.12,0.0
BRV,637.0,362.31,0.0
BRV,637.25,370.5,0.0
BRV,637.5,378.69,0.13
BRV,637.75,386.85,0.8
BRV,638.0,394.95,2.02
BRV,638.25,402.95,3.79
BRV,638.5,410.8,6.11
BRV,638.75,418.48,8.95
BRV,639.0,425.95,12.31
BRV,639.25,433.17,16.17
BRV,639.5,440.11,20.52
BRV,639.75,446.74,25.32
BRV,640.0,453.03,30.57
BRV,640.25,458.94,36.24
BRV,640.5,464.45,42.29
BRV,640.75,469.54,48.71
BRV,641.0,474.17,55.46
BRV,641.25,478.34,62.51
BRV,641.5,482.02,69.83
BRV,641.75,485.18,77.38
BRV,642.0,487.83,85.13
BRV,642.25,489.94,93.04
BRV,642.5,491.51,101.08
BRV,642.75,492.52,109.2
BRV,643.0,492.98,117.38
BRV,643.25,492.88,125.57
BRV,643.5,492.22,133.73
BRV,643.75,491.01,141.83
BRV,644.0,489.24,149.83
BRV,644.25,486.94,157.68
BRV,644.5,484.1,165.37
BRV,644.75,480.75,172.84
BRV,645.0,476.9,180.06
BRV,645.25,472.56,187.01
BRV,645.5,467.76,193.64
BRV,645.75,462.51,199.93
BRV,646.0,456.85,205.85
BRV,646.25,450.8,211.37
BRV,646.5,444.39,216.46
BRV,646.75,437.65,221.1
BRV,647.0,430.6,225.28
BRV,647.25,423.29,228.96
BRV,647.5,415.74,232.13
BRV,647.75,407.99,234.79
BRV,648.0,400.08,236.91
BRV,648.25,392.04,238.48
BRV,648.5,383.92,239.5
BRV,648.75,375.74,239.97
BRV,649.0,367.55,240.0
BRV,649.25,359.36,240.0
BRV,649.5,351.17,240.0
BRV,649.75,342.98,240.0
BRV,650.0,334.79,240.0
BRV,650.25,326.6,240.0
BRV,650.5,318.41,240.0
BRV,650.75,310.22,240.0
BRV,651.0,302.03,240.0
BRV,651.25,293.84,240.0
BRV,651.5,285.65,240.0
BRV,651.75,277.46,240.0
BRV,652.0,269.27,240.0
BRV,652.25,261.08,240.0
BRV,652.5,252.89,240.0
BRV,652.75,244.7,240.0
BRV,653.0,236.51,240.0
BRV,653.25,228.32,240.0
BRV,653.5,220.13,240.0
BRV,653.75,211.94,240.0
BRV,654.0,203.74,240.0
BRV,654.25,195.55,240.0
BRV,654.5,187.36,240.0
BRV,654.75,179.17,240.0
BRV,655.0,170.98,240.0
BRV,655.25,162.79,240.0
BRV,655.5,154.6,240.0
BRV,655.75,146.41,240.0
BRV,656.0,138.22,240.0
BRV,656.25,130.03,240.0
BRV,656.5,121.84,240.0
BRV,656.75,113.65,240.0
BRV,657.0,105.46,240.0
BRV,657.25,97.27,240.0
BRV,657.5,89.08,240.0
BRV,657.75,80.89,240.0
BRV,658.0,72.7,240.0
BRV,658.25,64.51,240.0
BRV,658.5,56.32,240.0
BRV,658.75,48.13,240.0
BRV,659.0,39.94,240.0
BRV,659.25,31.75,240.0
BRV,659.5,23.55,240.0
BRV,659.75,15.36,240.0
BRV,660.0,7.17,240.0
BRV,660.25,-1.02,240.0
BRV,660.5,-9.2,239.65
BRV,660.75,-17.34,238.74
BRV,661.0,-25.39,237.28
BRV,661.25,-33.33,235.28
BRV,661.5,-41.12,232.74
BRV,661.75,-48.71,229.67
BRV,662.0,-56.08,226.09
BRV,662.25,-63.18,222.02
BRV,662.5,-69.99,217.47
BRV,662.75,-76.48,212.47
BRV,663.0,-82.61,207.04
BRV,663.25,-88.35,201.2
BRV,663.5,-93.68,194.99
BRV,663.75,-98.58,188.43
BRV,664.0,-103.02,181.54
BRV,664.25,-106.97,174.37
BRV,664.5,-110.43,166.95
BRV,664.75,-113.38,159.31
BRV,665.0,-115.8,151.49
BRV,665.25,-117.67,143.52
BRV,665.5,-119.0,135.44
BRV,665.75,-119.78,127.28
BRV,666.0,-120.0,119.1
BRV,666.25,-119.66,110.92
BRV,666.5,-118.76,102.78
BRV,666.75,-117.31,94.72
BRV,667.0,-115.31,86.78
BRV,667.25,-112.77,78.99
BRV,667.5,-109.72,71.39
BRV,667.75,-106.14,64.02
BRV,668.0,-102.08,56.92
BRV,668.25,-97.54,50.1
BRV,668.5,-92.55,43.61
BRV,668.75,-87.12,37.48
BRV,669.0,-81.29,31.73
BRV,669.25,-75.08,26.39
BRV,669.5,-68.52,21.49
BRV,669.75,-61.64,17.04
BRV,670.0,-54.48,13.08
BRV,670.25,-47.06,9.61
BRV,670.5,-39.42,6.66
BRV,670.75,-31.6,4.23
BRV,671.0,-23.63,2.35
BRV,671.25,-15.55,1.01
BRV,671.5,-7.4,0.23
CHR,0.0,0.0,0.0
CHR,0.25,7.55,0.0
CHR,0.5,15.09,0.0
CHR,0.75,22.64,0.0
CHR,1.0,30.19,0.0
CHR,1.25,37.74,0.0
CHR,1.5,45.28,0.0
CHR,1.75,52.83,0.0
CHR,2.0,60.38,0.0
CHR,2.25,67.92,0.0
CHR,2.5,75.47,0.0
CHR,2.75,83.02,0.0
CHR,3.0,90.57,0.0
CHR,3.25,98.11,0.0
CHR,3.5,105.66,0.0
CHR,3.75,113.21,0.0
CHR,4.0,120.75,0.0
CHR,4.25,128.3,0.0
CHR,4.5,135.85,0.0
CHR,4.75,143.39,0.0
CHR,5.0,150.94,0.0
CHR,5.25,158.49,0.0
CHR,5.5,166.04,0.0
CHR,5.75,173.58,0.0
CHR,6.0,181.13,0.0
CHR,6.25,188.68,0.0
CHR,6.5,196.22,0.0
CHR,6.75,203.77,0.0
CHR,7.0,211.32,0.0
CHR,7.25,218.87,0.0
CHR,7.5,226.41,0.0
CHR,7.75,233.96,0.0
CHR,8.0,241.51,0.0
CHR,8.25,249.05,0.0
CHR,8.5,256.6,0.0
CHR,8.75,264.15,0.0
CHR,9.0,271.7,0.0
CHR,9.25,279.24,0.0
CHR,9.5,286.79,0.0
CHR,9.75,294.34,0.0
CHR,10.0,301.88,0.0
CHR,10.25,309.43,0.0
CHR,10.5,316.98,0.0
CHR,10.75,324.53,0.0
CHR,11.0,332.07,0.0
CHR,11.25,339.62,0.0
CHR,11.5,347.17,0.0
CHR,11.75,354.71,0.0
CHR,12.0,362.26,0.0
CHR,12.25,369.81,0.0
CHR,12.5,377.35,0.08
CHR,12.75,384.88,0.59
CHR,13.0,392.36,1.57
CHR,13.25,399.77,3.02
CHR,13.5,407.07,4.94
CHR,13.75,414.23,7.3
CHR,14.0,421.23,10.12
CHR,14.25,428.05,13.37
CHR,14.5,434.64,17.04
CHR,14.75,440.99,21.11
CHR,15.0,447.07,25.58
CHR,15.25,452.86,30.42
CHR,15.5,458.33,35.62
CHR,15.75,463.46,41.15
CHR,16.0,468.24,46.99
CHR,16.25,472.64,53.12
CHR,16.5,476.65,59.51
CHR,16.75,480.25,66.15
CHR,17.0,483.42,72.99
CHR,17.25,486.15,80.02
CHR,17.5,488.44,87.21
CHR,17.75,490.28,94.53
CHR,18.0,491.64,101.96
CHR,18.25,492.54,109.45
CHR,18.5,492.97,116.98
CHR,18.75,492.92,124.53
CHR,19.0,492.4,132.05
CHR,19.25,491.41,139.53
CHR,19.5,489.95,146.94
CHR,19.75,488.02,154.23
CHR,20.0,485.64,161.39
CHR,20.25,482.82,168.39
CHR,20.5,479.56,175.2
CHR,20.75,475.88,181.79
CHR,21.0,471.79,188.13
CHR,21.25,467.32,194.2
CHR,21.5,462.47,199.98
CHR,21.75,457.26,205.45
CHR,22.0,451.73,210.57
CHR,22.25,445.88,215.34
CHR,22.5,439.74,219.73
CHR,22.75,433.34,223.73
CHR,23.0,426.7,227.32
CHR,23.25,419.85,230.48
CHR,23.5,412.81,233.21
CHR,23.75,405.62,235.48
CHR,24.0,398.3,237.31
CHR,24.25,390.87,238.66
CHR,24.5,383.38,239.55
CHR,24.75,375.85,239.97
CHR,25.0,368.3,240.0
CHR,25.25,360.75,240.0
CHR,25.5,353.21,240.0
CHR,25.75,345.66,240.0
CHR,26.0,338.11,240.0
CHR,26.25,330.56,240.0
CHR,26.5,323.02,240.0
CHR,26.75,315.47,240.0
CHR,27.0,307.92,240.0
CHR,27.25,300.38,240.0
CHR,27.5,292.83,240.0
CHR,27.75,285.28,240.0
CHR,28.0,277.73,240.0
CHR,28.25,270.19,240.0
CHR,28.5,262.64,240.0
CHR,28.75,255.09,240.0
CHR,29.0,247.55,240.0
CHR,29.25,240.0,240.0
CHR,29.5,232.45,240.0
CHR,29.75,224.9,240.0
CHR,30.0,217.36,240.0
CHR,30.25,209.81,240.0
CHR,30.5,202.26,240.0
CHR,30.75,194.72,240.0
CHR,31.0,187.17,240.0
CHR,31.25,179.62,240.0
CHR,31.5,172.08,240.0
CHR,31.75,164.53,240.0
CHR,32.0,156.98,240.0
CHR,32.25,149.43,240.0
CHR,32.5,141.89,240.0
CHR,32.75,134.34,240.0
CHR,33.0,126.79,240.0
CHR,33.25,119.25,240.0
CHR,33.5,111.7,240.0
CHR,33.75,104.15,240.0
CHR,34.0,96.6,240.0
CHR,34.25,89.06,240.0
CHR,34.5,81.51,240.0
CHR,34.75,73.96,240.0
CHR,35.0,66.42,240.0
CHR,35.25,58.87,240.0
CHR,35.5,51.32,240.0
CHR,35.75,43.77,240.0
CHR,36.0,36.23,240.0
CHR,36.25,28.68,240.0
CHR,36.5,21.13,240.0
CHR,36.75,13.59,240.0
CHR,37.0,6.04,240.0
CHR,37.25,-1.51,239.99
CHR,37.5,-9.05,239.66
CHR,37.75,-16.55,238.85
CHR,38.0,-23.99,237.58
CHR,38.25,-31.33,235.84
CHR,38.5,-38.55,233.64
CHR,38.75,-45.61,230.99
CHR,39.0,-52.5,227.91
CHR,39.25,-59.18,224.39
CHR,39.5,-65.62,220.47
CHR,39.75,-71.81,216.14
CHR,40.0,-77.71,211.44
CHR,40.25,-83.3,206.38
CHR,40.5,-88.57,200.97
CHR,40.75,-93.48,195.24
CHR,41.0,-98.02,189.22
CHR,41.25,-102.18,182.92
CHR,41.5,-105.93,176.38
CHR,41.75,-109.27,169.61
CHR,42.0,-112.17,162.64
CHR,42.25,-114.63,155.51
CHR,42.5,-116.63,148.23
CHR,42.75,-118.18,140.85
CHR,43.0,-119.25,133.38
CHR,43.25,-119.86,125.85
CHR,43.5,-119.99,118.31
CHR,43.75,-119.64,110.77
CHR,44.0,-118.83,103.27
CHR,44.25,-117.54,95.84
CHR,44.5,-115.79,88.5
CHR,44.75,-113.58,81.28
CHR,45.0,-110.92,74.22
CHR,45.25,-107.83,67.34
CHR,45.5,-104.3,60.66
CHR,45.75,-100.37,54.23
CHR,46.0,-96.04,48.05
CHR,46.25,-91.32,42.15
CHR,46.5,-86.25,36.57
CHR,46.75,-80.84,31.31
CHR,47.0,-75.1,26.41
CHR,47.25,-69.07,21.87
CHR,47.5,-62.77,17.72
CHR,47.75,-56.21,13.98
CHR,48.0,-49.44,10.66
CHR,48.25,-42.47,7.77
CHR,48.5,-35.33,5.32
CHR,48.75,-28.05,3.33
CHR,49.0,-20.67,1.79
CHR,49.25,-13.2,0.73
CHR,49.5,-5.67,0.13
CHR,49.75,2.04,0.0
CHR,50.0,10.25,0.0
CHR,50.25,18.46,0.0
CHR,50.5,26.68,0.0
CHR,50.75,34.89,0.0
CHR,51.0,43.1,0.0
CHR,51.25,51.31,0.0
CHR,51.5,59.53,0.0
CHR,51.75,67.74,0.0
CHR,52.0,75.95,0.0
CHR,52.25,84.17,0.0
CHR,52.5,92.38,0.0
CHR,52.75,100.59,0.0
CHR,53.0,108.8,0.0
CHR,53.25,117.02,0.0
CHR,53.5,125.23,0.0
CHR,53.75,133.44,0.0
CHR,54.0,141.66,0.0
CHR,54.25,149.87,0.0
CHR,54.5,158.08,0.0
CHR,54.75,166.3,0.0
CHR,55.0,174.51,0.0
CHR,55.25,182.72,0.0
CHR,55.5,190.93,0.0
CHR,55.75,199.15,0.0
CHR,56.0,207.36,0.0
CHR,56.25,215.57,0.0
CHR,56.5,223.79,0.0
CHR,56.75,232.0,0.0
CHR,57.0,240.21,0.0
CHR,57.25,248.42,0.0
CHR,57.5,256.64,0.0
CHR,57.75,264.85,0.0
CHR,58.0,273.06,0.0
CHR,58.25,281.28,0.0
CHR,58.5,289.49,0.0
CHR,58.75,297.7,0.0
CHR,59.0,305.91,0.0
CHR,59.25,314.13,0.0
CHR,59.5,322.34,0.0
CHR,59.75,330.55,0.0
CHR,60.0,338.77,0.0
CHR,60.25,346.98,0.0
CHR,60.5,355.19,0.0
CHR,60.75,363.4,0.0
CHR,61.0,371.62,0.0
CHR,61.25,379.83,0.19
CHR,61.5,388.0,0.94
CHR,61.75,396.11,2.24
CHR,62.0,404.11,4.1
CHR,62.25,411.96,6.5
CHR,62.5,419.63,9.43
CHR,62.75,427.09,12.88
CHR,63.0,434.29,16.82
CHR,63.25,441.2,21.26
CHR,63.5,447.79,26.15
CHR,63.75,454.03,31.48
CHR,64.0,459.9,37.23
CHR,64.25,465.35,43.37
CHR,64.5,470.38,49.86
CHR,64.75,474.95,56.69
CHR,65.0,479.04,63.81
CHR,65.25,482.63,71.19
CHR,65.5,485.71,78.8
CHR,65.75,488.27,86.6
CHR,66.0,490.28,94.56
CHR,66.25,491.75,102.64
CHR,66.5,492.66,110.8
CHR,66.75,493.0,119.01
CHR,67.0,492.79,127.22
CHR,67.25,492.02,135.39
CHR,67.5,490.69,143.49
CHR,67.75,488.8,151.49
CHR,68.0,486.38,159.33
CHR,68.25,483.42,166.99
CHR,68.5,479.95,174.43
CHR,68.75,475.98,181.62
CHR,69.0,471.52,188.52
CHR,69.25,466.61,195.09
CHR,69.5,461.25,201.32
CHR,69.75,455.49,207.16
CHR,70.0,449.33,212.6
CHR,70.25,442.82,217.6
CHR,70.5,435.98,222.15
CHR,70.75,428.85,226.22
CHR,71.0,421.45,229.79
CHR,71.25,413.83,232.84
CHR,71.5,406.02,235.37
CHR,71.75,398.05,237.36
CHR,72.0,389.97,238.8
CHR,72.25,381.8,239.68
CHR,72.5,373.6,240.0
CHR,72.75,365.39,240.0
CHR,73.0,357.17,240.0
CHR,73.25,348.96,240.0
CHR,73.5,340.75,240.0
CHR,73.75,332.54,240.0
CHR,74.0,324.32,240.0
CHR,74.25,316.11,240.0
CHR,74.5,307.9,240.0
CHR,74.75,299.68,240.0
CHR,75.0,291.47,240.0
CHR,75.25,283.26,240.0
CHR,75.5,275.05,240.0
CHR,75.75,266.83,240.0
CHR,76.0,258.62,240.0
CHR,76.25,250.41,240.0
CHR,76.5,242.19,240.0
CHR,76.75,233.98,240.0
CHR,77.0,225.77,240.0
CHR,77.25,217.55,240.0
CHR,77.5,209.34,240.0
CHR,77.75,201.13,240.0
CHR,78.0,192.92,240.0
CHR,78.25,184.7,240.0
CHR,78.5,176.49,240.0
CHR,78.75,168.28,240.0
CHR,79.0,160.06,240.0
CHR,79.25,151.85,240.0
CHR,79.5,143.64,240.0
CHR,79.75,135.43,240.0
CHR,80.0,127.21,240.0
CHR,80.25,119.0,240.0
CHR,80.5,110.79,240.0
CHR,80.75,102.57,240.0
CHR,81.0,94.36,240.0
CHR,81.25,86.15,240.0
CHR,81.5,77.94,240.0
CHR,81.75,69.72,240.0
CHR,82.0,61.51,240.0
CHR,82.25,53.3,240.0
CHR,82.5,45.08,240.0
CHR,82.75,36.87,240.0
CHR,83.0,28.66,240.0
CHR,83.25,20.45,240.0
CHR,83.5,12.23,240.0
CHR,83.75,4.02,240.0
CHR,84.0,-4.19,239.93
CHR,84.25,-12.38,239.36
CHR,84.5,-20.52,238.23
CHR,84.75,-28.55,236.55
CHR,85.0,-36.46,234.33
CHR,85.25,-44.19,231.57
CHR,85.5,-51.72,228.28
CHR,85.75,-59.0,224.49
CHR,86.0,-66.01,220.21
CHR,86.25,-72.71,215.46
CHR,86.5,-79.07,210.27
CHR,86.75,-85.06,204.65
CHR,87.0,-90.65,198.63
CHR,87.25,-95.81,192.25
CHR,87.5,-100.53,185.53
CHR,87.75,-104.77,178.5
CHR,88.0,-108.53,171.2
CHR,88.25,-111.78,163.66
CHR,88.5,-114.5,155.91
CHR,88.75,-116.69,148.0
CHR,89.0,-118.33,139.95
CHR,89.25,-119.42,131.81
CHR,89.5,-119.95,123.62
CHR,89.75,-119.91,115.41
CHR,90.0,-119.32,107.22
CHR,90.25,-118.16,99.09
CHR,90.5,-116.46,91.06
CHR,90.75,-114.21,83.16
CHR,91.0,-111.42,75.44
CHR,91.25,-108.11,67.92
CHR,91.5,-104.3,60.65
CHR,91.75,-99.99,53.66
CHR,92.0,-95.22,46.97
CHR,92.25,-90.0,40.63
CHR,92.5,-84.37,34.66
CHR,92.75,-78.33,29.09
CHR,93.0,-71.93,23.95
CHR,93.25,-65.19,19.25
CHR,93.5,-58.15,15.03
CHR,93.75,-50.84,11.3
CHR,94.0,-43.28,8.08
CHR,94.25,-35.53,5.38
CHR,94.5,-27.61,3.22
CHR,94.75,-19.56,1.6
CHR,95.0,-11.41,0.54
CHR,95.25,-3.22,0.04
CHR,95.5,4.97,0.0
CHR,95.75,13.14,0.0
CHR,96.0,21.31,0.0
CHR,96.25,29.48,0.0
CHR,96.5,37.66,0.0
CHR,96.75,45.83,0.0
CHR,97.0,54.0,0.0
CHR,97.25,62.17,0.0
CHR,97.5,70.34,0.0
CHR,97.75,78.51,0.0
CHR,98.0,86.68,0.0
CHR,98.25,94.86,0.0
CHR,98.5,103.03,0.0
CHR,98.75,111.2,0.0
CHR,99.0,119.37,0.0
CHR,99.25,127.54,0.0
CHR,99.5,135.71,0.0
CHR,99.75,143.89,0.0
CHR,100.0,152.06,0.0
CHR,100.25,160.23,0.0
CHR,100.5,168.4,0.0
CHR,100.75,176.57,0.0
CHR,101.0,184.74,0.0
CHR,101.25,192.91,0.0
CHR,101.5,201.09,0.0
CHR,101.75,209.26,0.0
CHR,102.0,217.43,0.0
CHR,102.25,225.6,0.0
CHR,102.5,233.77,0.0
CHR,102.75,241.94,0.0
CHR,103.0,250.12,0.0
CHR,103.25,258.29,0.0
CHR,103.5,266.46,0.0
CHR,103.75,274.63,0.0
CHR,104.0,282.8,0.0
CHR,104.25,290.97,0.0
CHR,104.5,299.14,0.0
CHR,104.75,307.32,0.0
CHR,105.0,315.49,0.0
CHR,105.25,323.66,0.0
CHR,105.5,331.83,0.0
CHR,105.75,340.0,0.0
CHR,106.0,348.17,0.0
CHR,106.25,356.35,0.0
CHR,106.5,364.52,0.0
CHR,106.75,372.69,0.0
CHR,107.0,380.85,0.26
CHR,107.25,388.98,1.07
CHR,107.5,397.04,2.43
CHR,107.75,404.98,4.34
CHR,108.0,412.78,6.78
CHR,108.25,420.39,9.75
CHR,108.5,427.78,13.23
CHR,108.75,434.92,17.2
CHR,109.0,441.77,21.66
CHR,109.25,448.3,26.56
CHR,109.5,454.49,31.9
CHR,109.75,460.29,37.65
CHR,110.0,465.69,43.78
CHR,110.25,470.67,50.26
CHR,110.5,475.18,57.07
CHR,110.75,479.23,64.17
CHR,111.0,482.78,71.53
CHR,111.25,485.83,79.11
CHR,111.5,488.35,86.88
CHR,111.75,490.33,94.8
CHR,112.0,491.78,102.84
CHR,112.25,492.67,110.97
CHR,112.5,493.01,119.13
CHR,112.75,492.79,127.3
CHR,113.0,492.01,135.43
CHR,113.25,490.69,143.49
CHR,113.5,488.82,151.44
CHR,113.75,486.41,159.25
CHR,114.0,483.47,166.88
CHR,114.25,480.03,174.28
CHR,114.5,476.09,181.44
CHR,114.75,471.67,188.31
CHR,115.0,466.79,194.87
CHR,115.25,461.48,201.07
CHR,115.5,455.76,206.91
CHR,115.75,449.65,212.33
CHR,116.0,443.19,217.34
CHR,116.25,436.41,221.89
CHR,116.5,429.33,225.96
CHR,116.75,421.99,229.55
CHR,117.0,414.42,232.63
CHR,117.25,406.66,235.19
CHR,117.5,398.74,237.21
CHR,117.75,390.71,238.69
CHR,118.0,382.59,239.62
CHR,118.25,374.43,239.99
CHR,118.5,366.26,240.0
CHR,118.75,358.09,240.0
CHR,119.0,349.92,240.0
CHR,119.25,341.74,240.0
CHR,119.5,333.57,240.0
CHR,119.75,325.4,240.0
CHR,120.0,317.23,240.0
CHR,120.25,309.06,240.0
CHR,120.5,300.89,240.0
CHR,120.75,292.71,240.0
CHR,121.0,284.54,240.0
CHR,121.25,276.37,240.0
CHR,121.5,268.2,240.0
CHR,121.75,260.03,240.0
CHR,122.0,251.86,240.0
CHR,122.25,243.69,240.0
CHR,122.5,235.51,240.0
CHR,122.75,227.34,240.0
CHR,123.0,219.17,240.0
CHR,123.25,211.0,240.0
CHR,123.5,202.83,240.0
CHR,123.75,194.66,240.0
CHR,124.0,186.48,240.0
CHR,124.25,178.31,240.0
CHR,124.5,170.14,240.0
CHR,124.75,161.97,240.0
CHR,125.0,153.8,240.0
CHR,125.25,145.63,240.0
CHR,125.5,137.46,240.0
CHR,125.75,129.28,240.0
CHR,126.0,121.11,240.0
CHR,126.25,112.94,240.0
CHR,126.5,104.77,240.0
CHR,126.75,96.6,240.0
CHR,127.0,88.43,240.0
CHR,127.25,80.25,240.0
CHR,127.5,72.08,240.0
CHR,127.75,63.91,240.0
CHR,128.0,55.74,240.0
CHR,128.25,47.57,240.0
CHR,128.5,39.4,240.0
CHR,128.75,31.23,240.0
CHR,129.0,23.05,240.0
CHR,129.25,14.88,240.0
CHR,129.5,6.71,240.0
CHR,129.75,-1.46,239.99
CHR,130.0,-9.62,239.61
CHR,130.25,-17.74,238.68
CHR,130.5,-25.77,237.2
CHR,130.75,-33.69,235.17
CHR,131.0,-41.45,232.62
CHR,131.25,-49.01,229.53
CHR,131.5,-56.35,225.95
CHR,131.75,-63.43,221.87
CHR,132.0,-70.22,217.31
CHR,132.25,-76.67,212.31
CHR,132.5,-82.78,206.88
CHR,132.75,-88.5,201.04
CHR,133.0,-93.81,194.84
CHR,133.25,-98.68,188.28
CHR,133.5,-103.1,181.41
CHR,133.75,-107.04,174.25
CHR,134.0,-110.48,166.84
CHR,134.25,-113.41,159.21
CHR,134.5,-115.82,151.41
CHR,134.75,-117.69,143.45
CHR,135.0,-119.01,135.39
CHR,135.25,-119.78,127.26
CHR,135.5,-120.0,119.09
CHR,135.75,-119.66,110.93
CHR,136.0,-118.76,102.81
CHR,136.25,-117.32,94.76
CHR,136.5,-115.33,86.84
CHR,136.75,-112.8,79.07
CHR,137.0,-109.76,71.49
CHR,137.25,-106.2,64.13
CHR,137.5,-102.15,57.04
CHR,137.75,-97.63,50.23
CHR,138.0,-92.66,43.75
CHR,138.25,-87.26,37.62
CHR,138.5,-81.45,31.88
CHR,138.75,-75.26,26.54
CHR,139.0,-68.73,21.63
CHR,139.25,-61.88,17.18
CHR,139.5,-54.74,13.21
CHR,139.75,-47.35,9.73
CHR,140.0,-39.73,6.77
CHR,140.25,-31.94,4.33
CHR,140.5,-23.99,2.42
CHR,140.75,-15.94,1.06
CHR,141.0,-7.81,0.25
CHR,141.25,0.36,0.0
CHR,141.5,8.56,0.0
CHR,141.75,16.75,0.0
CHR,142.0,24.95,0.0
CHR,142.25,33.15,0.0
CHR,142.5,41.34,0.0
CHR,142.75,49.54,0.0
CHR,143.0,57.73,0.0
CHR,143.25,65.93,0.0
CHR,143.5,74.13,0.0
CHR,143.75,82.32,0.0
CHR,144.0,90.52,0.0
CHR,144.25,98.72,0.0
CHR,144.5,106.91,0.0
CHR,144.75,115.11,0.0
CHR,145.0,123.3,0.0
CHR,145.25,131.5,0.0
CHR,145.5,139.7,0.0
CHR,145.75,147.89,0.0
CHR,146.0,156.09,0.0
CHR,146.25,164.28,0.0
CHR,146.5,172.48,0.0
CHR,146.75,180.68,0.0
CHR,147.0,188.87,0.0
CHR,147.25,197.07,0.0
CHR,147.5,205.27,0.0
CHR,147.75,213.46,0.0
CHR,148.0,221.66,0.0
CHR,148.25,229.85,0.0
CHR,148.5,238.05,0.0
CHR,148.75,246.25,0.0
CHR,149.0,254.44,0.0
CHR,149.25,262.64,0.0
CHR,149.5,270.84,0.0
CHR,149.75,279.03,0.0
CHR,150.0,287.23,0.0
CHR,150.25,295.42,0.0
CHR,150.5,303.62,0.0
CHR,150.75,311.82,0.0
CHR,151.0,320.01,0.0
CHR,151.25,328.21,0.0
CHR,151.5,336.4,0.0
CHR,151.75,344.6,0.0
CHR,152.0,352.8,0.0
CHR,152.25,360.99,0.0
CHR,152.5,369.19,0.0
CHR,152.75,377.38,0.08
CHR,153.0,385.56,0.66
CHR,153.25,393.67,1.79
CHR,153.5,401.69,3.48
CHR,153.75,409.58,5.71
CHR,154.0,417.29,8.47
CHR,154.25,424.8,11.75
CHR,154.5,432.07,15.54
CHR,154.75,439.06,19.81
CHR,155.0,445.74,24.56
CHR,155.25,452.09,29.74
CHR,155.5,458.06,35.35
CHR,155.75,463.64,41.35
CHR,156.0,468.8,47.72
CHR,156.25,473.51,54.43
CHR,156.5,477.75,61.44
CHR,156.75,481.5,68.72
CHR,157.0,484.75,76.25
CHR,157.25,487.47,83.98
CHR,157.5,489.67,91.87
CHR,157.75,491.31,99.9
CHR,158.0,492.41,108.02
CHR,158.25,492.95,116.2
CHR,158.5,492.93,124.39
CHR,158.75,492.35,132.57
CHR,159.0,491.21,140.68
CHR,159.25,489.53,148.7
CHR,159.5,487.3,156.59
CHR,159.75,484.53,164.3
CHR,160.0,481.25,171.81
CHR,160.25,477.46,179.08
CHR,160.5,473.19,186.07
CHR,160.75,468.44,192.75
CHR,161.0,463.25,199.09
CHR,161.25,457.65,205.07
CHR,161.5,451.64,210.65
CHR,161.75,445.27,215.8
CHR,162.0,438.57,220.51
CHR,162.25,431.55,224.75
CHR,162.5,424.27,228.5
CHR,162.75,416.74,231.75
CHR,163.0,409.02,234.47
CHR,163.25,401.12,236.66
CHR,163.5,393.09,238.31
CHR,163.75,384.97,239.4
CHR,164.0,376.79,239.94
CHR,164.25,368.6,240.0
CHR,164.5,360.4,240.0
CHR,164.75,352.21,240.0
CHR,165.0,344.01,240.0
CHR,165.25,335.81,240.0
CHR,165.5,327.62,240.0
CHR,165.75,319.42,240.0
CHR,166.0,311.23,240.0
CHR,166.25,303.03,240.0
CHR,166.5,294.83,240.0
CHR,166.75,286.64,240.0
CHR,167.0,278.44,240.0
CHR,167.25,270.24,240.0
CHR,167.5,262.05,240.0
CHR,167.75,253.85,240.0
CHR,168.0,245.66,240.0
CHR,168.25,237.46,240.0
CHR,168.5,229.26,240.0
CHR,168.75,221.07,240.0
CHR,169.0,212.87,240.0
CHR,169.25,204.68,240.0
CHR,169.5,196.48,240.0
CHR,169.75,188.28,240.0
CHR,170.0,180.09,240.0
CHR,170.25,171.89,240.0
CHR,170.5,163.69,240.0
CHR,170.75,155.5,240.0
CHR,171.0,147.3,240.0
CHR,171.25,139.11,240.0
CHR,171.5,130.91,240.0
CHR,171.75,122.71,240.0
CHR,172.0,114.52,240.0
CHR,172.25,106.32,240.0
CHR,172.5,98.12,240.0
CHR,172.75,89.93,240.0
CHR,173.0,81.73,240.0
CHR,173.25,73.54,240.0
CHR,173.5,65.34,240.0
CHR,173.75,57.14,240.0
CHR,174.0,48.95,240.0
CHR,174.25,40.75,240.0
CHR,174.5,32.56,240.0
CHR,174.75,24.36,240.0
CHR,175.0,16.16,240.0
CHR,175.25,7.97,240.0
CHR,175.5,-0.23,240.0
CHR,175.75,-8.42,239.7
CHR,176.0,-16.57,238.85
CHR,176.25,-24.64,237.44
CHR,176.5,-32.6,235.49
CHR,176.75,-40.41,232.99
CHR,177.0,-48.02,229.97
CHR,177.25,-55.42,226.44
CHR,177.5,-62.55,222.41
CHR,177.75,-69.39,217.9
CHR,178.0,-75.91,212.94
CHR,178.25,-82.08,207.54
CHR,178.5,-87.86,201.73
CHR,178.75,-93.24,195.54
CHR,179.0,-98.17,189.01
CHR,179.25,-102.66,182.14
CHR,179.5,-106.66,174.99
CHR,179.75,-110.16,167.59
CHR,180.0,-113.15,159.96
CHR,180.25,-115.62,152.14
CHR,180.5,-117.54,144.18
CHR,180.75,-118.92,136.1
CHR,181.0,-119.74,127.94
CHR,181.25,-120.0,119.75
CHR,181.5,-119.7,111.56
CHR,181.75,-118.85,103.41
CHR,182.0,-117.44,95.34
CHR,182.25,-115.48,87.38
CHR,182.5,-112.99,79.58
CHR,182.75,-109.97,71.96
CHR,183.0,-106.43,64.57
CHR,183.25,-102.4,57.43
CHR,183.5,-97.89,50.59
CHR,183.75,-92.93,44.07
CHR,184.0,-87.53,37.91
CHR,184.25,-81.72,32.13
CHR,184.5,-75.53,26.75
CHR,184.75,-68.99,21.82
CHR,185.0,-62.13,17.34
CHR,185.25,-54.98,13.34
CHR,185.5,-47.57,9.83
CHR,185.75,-39.94,6.84
CHR,186.0,-32.13,4.38
CHR,186.25,-24.16,2.46
CHR,186.5,-16.08,1.08
CHR,186.75,-7.93,0.26
CHR,187.0,0.19,0.0
CHR,187.25,6.05,0.0
CHR,187.5,11.92,0.0
CHR,187.75,17.78,0.0
CHR,188.0,23.65,0.0
CHR,188.25,29.52,0.0
CHR,188.5,35.38,0.0
CHR,188.75,41.25,0.0
CHR,189.0,47.11,0.0
CHR,189.25,52.98,0.0
CHR,189.5,58.84,0.0
CHR,189.75,64.71,0.0
CHR,190.0,70.57,0.0
CHR,190.25,76.44,0.0
CHR,190.5,82.3,0.0
CHR,190.75,88.17,0.0
CHR,191.0,94.03,0.0
CHR,191.25,99.9,0.0
CHR,191.5,105.77,0.0
CHR,191.75,111.63,0.0
CHR,192.0,117.5,0.0
CHR,192.25,123.36,0.0
CHR,192.5,129.23,0.0
CHR,192.75,135.09,0.0
CHR,193.0,140.96,0.0
CHR,193.25,146.82,0.0
CHR,193.5,152.69,0.0
CHR,193.75,158.55,0.0
CHR,194.0,164.42,0.0
CHR,194.25,170.29,0.0
CHR,194.5,176.15,0.0
CHR,194.75,182.02,0.0
CHR,195.0,187.88,0.0
CHR,195.25,193.75,0.0
CHR,195.5,199.61,0.0
CHR,195.75,205.48,0.0
CHR,196.0,211.34,0.0
CHR,196.25,217.21,0.0
CHR,196.5,223.07,0.0
CHR,196.75,228.94,0.0
CHR,197.0,234.81,0.0
CHR,197.25,240.67,0.0
CHR,197.5,246.54,0.0
CHR,197.75,252.4,0.0
CHR,198.0,258.27,0.0
CHR,198.25,264.13,0.0
CHR,198.5,270.0,0.0
CHR,198.75,275.86,0.0
CHR,199.0,281.73,0.0
CHR,199.25,287.59,0.0
CHR,199.5,293.46,0.0
CHR,199.75,299.32,0.0
CHR,200.0,305.19,0.0
CHR,200.25,311.06,0.0
CHR,200.5,316.92,0.0
CHR,200.75,322.79,0.0
CHR,201.0,328.65,0.0
CHR,201.25,334.52,0.0
CHR,201.5,340.38,0.0
CHR,201.75,346.25,0.0
CHR,202.0,352.11,0.0
CHR,202.25,357.98,0.0
CHR,202.5,363.84,0.0
CHR,202.75,369.71,0.0
CHR,203.0,375.58,0.03
CHR,203.25,381.43,0.3
CHR,203.5,387.27,0.85
CHR,203.75,393.08,1.69
CHR,204.0,398.83,2.81
CHR,204.25,404.53,4.21
CHR,204.5,410.15,5.89
CHR,204.75,415.68,7.84
CHR,205.0,421.11,10.06
CHR,205.25,426.42,12.54
CHR,205.5,431.61,15.28
CHR,205.75,436.65,18.27
CHR,206.0,441.55,21.5
CHR,206.25,446.28,24.97
CHR,206.5,450.84,28.66
CHR,206.75,455.21,32.57
CHR,207.0,459.38,36.69
CHR,207.25,463.35,41.01
CHR,207.5,467.1,45.52
CHR,207.75,470.62,50.21
CHR,208.0,473.92,55.06
CHR,208.25,476.97,60.07
CHR,208.5,479.77,65.22
CHR,208.75,482.32,70.5
CHR,209.0,484.61,75.9
CHR,209.25,486.63,81.4
CHR,209.5,488.38,87.0
CHR,209.75,489.86,92.68
CHR,210.0,491.05,98.42
CHR,210.25,491.97,104.21
CHR,210.5,492.6,110.05
CHR,210.75,492.94,115.9
CHR,211.0,493.0,121.76
CHR,211.25,492.77,127.62
CHR,211.5,492.25,133.47
CHR,211.75,491.45,139.28
CHR,212.0,490.37,145.04
CHR,212.25,489.0,150.74
CHR,212.5,487.36,156.38
CHR,212.75,485.45,161.92
CHR,213.0,483.27,167.36
CHR,213.25,480.82,172.69
CHR,213.5,478.12,177.9
CHR,213.75,475.16,182.96
CHR,214.0,471.96,187.88
CHR,214.25,468.53,192.63
CHR,214.5,464.87,197.21
CHR,214.75,460.98,201.61
CHR,215.0,456.89,205.81
CHR,215.25,452.6,209.81
CHR,215.5,448.12,213.59
CHR,215.75,443.45,217.15
CHR,216.0,438.62,220.47
CHR,216.25,433.64,223.56
CHR,216.5,428.5,226.4
CHR,216.75,423.24,228.98
CHR,217.0,417.85,231.31
CHR,217.25,412.36,233.36
CHR,217.5,406.78,235.15
CHR,217.75,401.11,236.66
CHR,218.0,395.38,237.9
CHR,218.25,389.59,238.85
CHR,218.5,383.76,239.52
CHR,218.75,377.91,239.9
CHR,219.0,372.05,240.0
CHR,219.25,366.18,240.0
CHR,219.5,360.32,240.0
CHR,219.75,354.45,240.0
CHR,220.0,348.58,240.0
CHR,220.25,342.72,240.0
CHR,220.5,336.85,240.0
CHR,220.75,330.99,240.0
CHR,221.0,325.12,240.0
CHR,221.25,319.26,240.0
CHR,221.5,313.39,240.0
CHR,221.75,307.53,240.0
CHR,222.0,301.66,240.0
CHR,222.25,295.8,240.0
CHR,222.5,289.93,240.0
CHR,222.75,284.07,240.0
CHR,223.0,278.2,240.0
CHR,223.25,272.33,240.0
CHR,223.5,266.47,240.0
CHR,223.75,260.6,240.0
CHR,224.0,254.74,240.0
CHR,224.25,248.87,240.0
CHR,224.5,243.01,240.0
CHR,224.75,237.14,240.0
CHR,225.0,231.28,240.0
CHR,225.25,225.41,240.0
CHR,225.5,219.55,240.0
CHR,225.75,213.68,240.0
CHR,226.0,207.81,240.0
CHR,226.25,201.95,240.0
CHR,226.5,196.08,240.0
CHR,226.75,190.22,240.0
CHR,227.0,184.35,240.0
CHR,227.25,178.49,240.0
CHR,227.5,172.62,240.0
CHR,227.75,166.76,240.0
CHR,228.0,160.89,240.0
CHR,228.25,155.03,240.0
CHR,228.5,149.16,240.0
CHR,228.75,143.29,240.0
CHR,229.0,137.43,240.0
CHR,229.25,131.56,240.0
CHR,229.5,125.7,240.0
CHR,229.75,119.83,240.0
CHR,230.0,113.97,240.0
CHR,230.25,108.1,240.0
CHR,230.5,102.24,240.0
CHR,230.75,96.37,240.0
CHR,231.0,90.51,240.0
CHR,231.25,84.64,240.0
CHR,231.5,78.78,240.0
CHR,231.75,72.91,240.0
CHR,232.0,67.04,240.0
CHR,232.25,61.18,240.0
CHR,232.5,55.31,240.0
CHR,232.75,49.45,240.0
CHR,233.0,43.58,240.0
CHR,233.25,37.72,240.0
CHR,233.5,31.85,240.0
CHR,233.75,25.99,240.0
CHR,234.0,20.12,240.0
CHR,234.25,14.26,240.0
CHR,234.5,8.39,240.0
CHR,234.75,2.52,240.0
CHR,235.0,-3.34,239.95
CHR,235.25,-9.2,239.65
CHR,235.5,-15.03,239.05
CHR,235.75,-20.83,238.18
CHR,236.0,-26.58,237.02
CHR,236.25,-32.27,235.58
CHR,236.5,-37.87,233.87
CHR,236.75,-43.39,231.88
CHR,237.0,-48.81,229.63
CHR,237.25,-54.11,227.11
CHR,237.5,-59.27,224.34
CHR,237.75,-64.3,221.32
CHR,238.0,-69.17,218.06
CHR,238.25,-73.88,214.56
CHR,238.5,-78.41,210.84
CHR,238.75,-82.76,206.9
CHR,239.0,-86.91,202.75
CHR,239.25,-90.85,198.4
CHR,239.5,-94.57,193.87
CHR,239.75,-98.06,189.16
CHR,240.0,-101.33,184.29
CHR,240.25,-104.35,179.26
CHR,240.5,-107.12,174.09
CHR,240.75,-109.63,168.79
CHR,241.0,-111.88,163.38
CHR,241.25,-113.87,157.86
CHR,241.5,-115.58,152.25
CHR,241.75,-117.02,146.57
CHR,242.0,-118.18,140.82
CHR,242.25,-119.06,135.02
CHR,242.5,-119.65,129.18
CHR,242.75,-119.95,123.33
CHR,243.0,-119.97,117.46
CHR,243.25,-119.71,111.6
CHR,243.5,-119.15,105.76
CHR,243.75,-118.31,99.96
CHR,244.0,-117.19,94.2
CHR,244.25,-115.79,88.51
CHR,244.5,-114.12,82.89
CHR,244.75,-112.17,77.36
CHR,245.0,-109.95,71.93
CHR,245.25,-107.47,66.61
CHR,245.5,-104.73,61.42
CHR,245.75,-101.75,56.38
CHR,246.0,-98.52,51.48
CHR,246.25,-95.05,46.75
CHR,246.5,-91.36,42.19
CHR,246.75,-87.45,37.82
CHR,247.0,-83.33,33.65
CHR,247.25,-79.01,29.68
CHR,247.5,-74.5,25.93
CHR,247.75,-69.82,22.4
CHR,248.0,-64.96,19.11
CHR,248.25,-59.96,16.05
CHR,248.5,-54.81,13.25
CHR,248.75,-49.53,10.7
CHR,249.0,-44.13,8.41
CHR,249.25,-38.62,6.38
CHR,249.5,-33.02,4.63
CHR,249.75,-27.35,3.16
CHR,250.0,-21.61,1.96
CHR,250.25,-15.81,1.05
CHR,250.5,-9.98,0.42
CHR,250.75,-4.13,0.07
CHR,251.0,2.04,0.0
CHR,251.25,8.93,0.0
CHR,251.5,15.82,0.0
CHR,251.75,22.72,0.0
CHR,252.0,29.61,0.0
CHR,252.25,36.5,0.0
CHR,252.5,43.39,0.0
CHR,252.75,50.28,0.0
CHR,253.0,57.18,0.0
CHR,253.25,64.07,0.0
CHR,253.5,70.96,0.0
CHR,253.75,77.85,0.0
CHR,254.0,84.75,0.0
CHR,254.25,91.64,0.0
CHR,254.5,98.53,0.0
CHR,254.75,105.42,0.0
CHR,255.0,112.31,0.0
CHR,255.25,119.21,0.0
CHR,255.5,126.1,0.0
CHR,255.75,132.99,0.0
CHR,256.0,139.88,0.0
CHR,256.25,146.77,0.0
CHR,256.5,153.67,0.0
CHR,256.75,160.56,0.0
CHR,257.0,167.45,0.0
CHR,257.25,174.34,0.0
CHR,257.5,181.24,0.0
CHR,257.75,188.13,0.0
CHR,258.0,195.02,0.0
CHR,258.25,201.91,0.0
CHR,258.5,208.8,0.0
CHR,258.75,215.7,0.0
CHR,259.0,222.59,0.0
CHR,259.25,229.48,0.0
CHR,259.5,236.37,0.0
CHR,259.75,243.26,0.0
CHR,260.0,250.16,0.0
CHR,260.25,257.05,0.0
CHR,260.5,263.94,0.0
CHR,260.75,270.83,0.0
CHR,261.0,277.72,0.0
CHR,261.25,284.62,0.0
CHR,261.5,291.51,0.0
CHR,261.75,298.4,0.0
CHR,262.0,305.29,0.0
CHR,262.25,312.19,0.0
CHR,262.5,319.08,0.0
CHR,262.75,325.97,0.0
CHR,263.0,332.86,0.0
CHR,263.25,339.75,0.0
CHR,263.5,346.65,0.0
CHR,263.75,353.54,0.0
CHR,264.0,360.43,0.0
CHR,264.25,367.32,0.0
CHR,264.5,374.21,0.01
CHR,264.75,381.1,0.27
CHR,265.0,387.96,0.93
CHR,265.25,394.77,1.99
CHR,265.5,401.51,3.43
CHR,265.75,408.15,5.26
CHR,266.0,414.68,7.47
CHR,266.25,421.07,10.05
CHR,266.5,427.3,12.99
CHR,266.75,433.36,16.28
CHR,267.0,439.21,19.91
CHR,267.25,444.85,23.88
CHR,267.5,450.25,28.16
CHR,267.75,455.39,32.75
CHR,268.0,460.26,37.62
CHR,268.25,464.85,42.76
CHR,268.5,469.13,48.16
CHR,268.75,473.1,53.8
CHR,269.0,476.73,59.65
CHR,269.25,480.02,65.71
CHR,269.5,482.96,71.94
CHR,269.75,485.54,78.33
CHR,270.0,487.75,84.86
CHR,270.25,489.58,91.5
CHR,270.5,491.02,98.24
CHR,270.75,492.07,105.05
CHR,271.0,492.74,111.91
CHR,271.25,493.0,118.8
CHR,271.5,492.87,125.69
CHR,271.75,492.35,132.56
CHR,272.0,491.43,139.39
CHR,272.25,490.12,146.15
CHR,272.5,488.43,152.83
CHR,272.75,486.35,159.4
CHR,273.0,483.91,165.85
CHR,273.25,481.09,172.14
CHR,273.5,477.92,178.25
CHR,273.75,474.4,184.18
CHR,274.0,470.55,189.9
CHR,274.25,466.38,195.38
CHR,274.5,461.9,200.61
CHR,274.75,457.12,205.58
CHR,275.0,452.07,210.27
CHR,275.25,446.76,214.66
CHR,275.5,441.2,218.74
CHR,275.75,435.42,222.49
CHR,276.0,429.44,225.9
CHR,276.25,423.27,228.97
CHR,276.5,416.93,231.67
CHR,276.75,410.45,234.01
CHR,277.0,403.84,235.97
CHR,277.25,397.13,237.55
CHR,277.5,390.34,238.74
CHR,277.75,383.5,239.54
CHR,278.0,376.62,239.95
CHR,278.25,369.73,240.0
CHR,278.5,362.84,240.0
CHR,278.75,355.94,240.0
CHR,279.0,349.05,240.0
CHR,279.25,342.16,240.0
CHR,279.5,335.27,240.0
CHR,279.75,328.38,240.0
CHR,280.0,321.48,240.0
CHR,280.25,314.59,240.0
CHR,280.5,307.7,240.0
CHR,280.75,300.81,240.0
CHR,281.0,293.91,240.0
CHR,281.25,287.02,240.0
CHR,281.5,280.13,240.0
CHR,281.75,273.24,240.0
CHR,282.0,266.35,240.0
CHR,282.25,259.45,240.0
CHR,282.5,252.56,240.0
CHR,282.75,245.67,240.0
CHR,283.0,238.78,240.0
CHR,283.25,231.89,240.0
CHR,283.5,224.99,240.0
CHR,283.75,218.1,240.0
CHR,284.0,211.21,240.0
CHR,284.25,204.32,240.0
CHR,284.5,197.43,240.0
CHR,284.75,190.53,240.0
CHR,285.0,183.64,240.0
CHR,285.25,176.75,240.0
CHR,285.5,169.86,240.0
CHR,285.75,162.96,240.0
CHR,286.0,156.07,240.0
CHR,286.25,149.18,240.0
CHR,286.5,142.29,240.0
CHR,286.75,135.4,240.0
CHR,287.0,128.5,240.0
CHR,287.25,121.61,240.0
CHR,287.5,114.72,240.0
CHR,287.75,107.83,240.0
CHR,288.0,100.94,240.0
CHR,288.25,94.04,240.0
CHR,288.5,87.15,240.0
CHR,288.75,80.26,240.0
CHR,289.0,73.37,240.0
CHR,289.25,66.48,240.0
CHR,289.5,59.58,240.0
CHR,289.75,52.69,240.0
CHR,290.0,45.8,240.0
CHR,290.25,38.91,240.0
CHR,290.5,32.01,240.0
CHR,290.75,25.12,240.0
CHR,291.0,18.23,240.0
CHR,291.25,11.34,240.0
CHR,291.5,4.45,240.0
CHR,291.75,-2.45,239.98
CHR,292.0,-9.33,239.64
CHR,292.25,-16.18,238.9
CHR,292.5,-22.98,237.78
CHR,292.75,-29.7,236.27
CHR,293.0,-36.33,234.37
CHR,293.25,-42.83,232.1
CHR,293.5,-49.2,229.45
CHR,293.75,-55.4,226.45
CHR,294.0,-61.42,223.09
CHR,294.25,-67.23,219.4
CHR,294.5,-72.83,215.37
CHR,294.75,-78.18,211.04
CHR,295.0,-83.28,206.4
CHR,295.25,-88.1,201.47
CHR,295.5,-92.63,196.28
CHR,295.75,-96.86,190.84
CHR,296.0,-100.77,185.16
CHR,296.25,-104.34,179.27
CHR,296.5,-107.57,173.18
CHR,296.75,-110.45,166.92
CHR,297.0,-112.96,160.5
CHR,297.25,-115.1,153.95
CHR,297.5,-116.86,147.29
CHR,297.75,-118.23,140.54
CHR,298.0,-119.21,133.72
CHR,298.25,-119.8,126.85
CHR,298.5,-120.0,119.96
CHR,298.75,-119.8,113.07
CHR,299.0,-119.2,106.21
CHR,299.25,-118.22,99.39
CHR,299.5,-116.84,92.64
CHR,299.75,-115.08,85.98
CHR,300.0,-112.93,79.43
CHR,300.25,-110.42,73.01
CHR,300.5,-107.54,66.75
CHR,300.75,-104.3,60.66
CHR,301.0,-100.73,54.77
CHR,301.25,-96.82,49.1
CHR,301.5,-92.59,43.66
CHR,301.75,-88.05,38.47
CHR,302.0,-83.23,33.55
CHR,302.25,-78.13,28.92
CHR,302.5,-72.77,24.58
CHR,302.75,-67.17,20.56
CHR,303.0,-61.35,16.87
CHR,303.25,-55.33,13.52
CHR,303.5,-49.13,10.52
CHR,303.75,-42.76,7.88
CHR,304.0,-36.26,5.61
CHR,304.25,-29.63,3.72
CHR,304.5,-22.91,2.21
CHR,304.75,-16.11,1.09
CHR,305.0,-9.25,0.36
CHR,305.25,-2.37,0.02
CHR,305.5,5.3,0.0
CHR,305.75,13.38,0.0
CHR,306.0,21.46,0.0
CHR,306.25,29.54,0.0
CHR,306.5,37.62,0.0
CHR,306.75,45.7,0.0
CHR,307.0,53.78,0.0
CHR,307.25,61.86,0.0
CHR,307.5,69.94,0.0
CHR,307.75,78.02,0.0
CHR,308.0,86.1,0.0
CHR,308.25,94.18,0.0
CHR,308.5,102.27,0.0
CHR,308.75,110.35,0.0
CHR,309.0,118.43,0.0
CHR,309.25,126.51,0.0
CHR,309.5,134.59,0.0
CHR,309.75,142.67,0.0
CHR,310.0,150.75,0.0
CHR,310.25,158.83,0.0
CHR,310.5,166.91,0.0
CHR,310.75,174.99,0.0
CHR,311.0,183.07,0.0
CHR,311.25,191.15,0.0
CHR,311.5,199.23,0.0
CHR,311.75,207.31,0.0
CHR,312.0,215.39,0.0
CHR,312.25,223.47,0.0
CHR,312.5,231.55,0.0
CHR,312.75,239.63,0.0
CHR,313.0,247.71,0.0
CHR,313.25,255.79,0.0
CHR,313.5,263.87,0.0
CHR,313.75,271.95,0.0
CHR,314.0,280.03,0.0
CHR,314.25,288.11,0.0
CHR,314.5,296.19,0.0
CHR,314.75,304.27,0.0
CHR,315.0,312.35,0.0
CHR,315.25,320.43,0.0
CHR,315.5,328.51,0.0
CHR,315.75,336.59,0.0
CHR,316.0,344.68,0.0
CHR,316.25,352.76,0.0
CHR,316.5,360.84,0.0
CHR,316.75,368.92,0.0
CHR,317.0,377.0,0.07
CHR,317.25,385.06,0.61
CHR,317.5,393.06,1.69
CHR,317.75,400.98,3.3
CHR,318.0,408.77,5.45
CHR,318.25,416.39,8.12
CHR,318.5,423.82,11.29
CHR,318.75,431.02,14.95
CHR,319.0,437.96,19.1
CHR,319.25,444.6,23.7
CHR,319.5,450.92,28.73
CHR,319.75,456.88,34.18
CHR,320.0,462.47,40.02
CHR,320.25,467.65,46.22
CHR,320.5,472.4,52.75
CHR,320.75,476.7,59.59
CHR,321.0,480.53,66.71
CHR,321.25,483.87,74.06
CHR,321.5,486.71,81.62
CHR,321.75,489.03,89.36
CHR,322.0,490.83,97.24
CHR,322.25,492.09,105.22
CHR,322.5,492.82,113.26
CHR,322.75,493.0,121.34
CHR,323.0,492.64,129.41
CHR,323.25,491.74,137.44
CHR,323.5,490.29,145.39
CHR,323.75,488.32,153.22
CHR,324.0,485.82,160.9
CHR,324.25,482.81,168.4
CHR,324.5,479.31,175.68
CHR,324.75,475.32,182.71
CHR,325.0,470.87,189.45
CHR,325.25,465.98,195.88
CHR,325.5,460.66,201.96
CHR,325.75,454.95,207.67
CHR,326.0,448.86,212.99
CHR,326.25,442.43,217.88
CHR,326.5,435.69,222.33
CHR,326.75,428.66,226.31
CHR,327.0,421.38,229.82
CHR,327.25,413.88,232.82
CHR,327.5,406.2,235.32
CHR,327.75,398.37,237.29
CHR,328.0,390.42,238.73
CHR,328.25,382.39,239.63
CHR,328.5,374.32,239.99
CHR,328.75,366.24,240.0
CHR,329.0,358.16,240.0
CHR,329.25,350.08,240.0
CHR,329.5,342.0,240.0
CHR,329.75,333.92,240.0
CHR,330.0,325.84,240.0
CHR,330.25,317.75,240.0
CHR,330.5,309.67,240.0
CHR,330.75,301.59,240.0
CHR,331.0,293.51,240.0
CHR,331.25,285.43,240.0
CHR,331.5,277.35,240.0
CHR,331.75,269.27,240.0
CHR,332.0,261.19,240.0
CHR,332.25,253.11,240.0
CHR,332.5,245.03,240.0
CHR,332.75,236.95,240.0
CHR,333.0,228.87,240.0
CHR,333.25,220.79,240.0
CHR,333.5,212.71,240.0
CHR,333.75,204.63,240.0
CHR,334.0,196.55,240.0
CHR,334.25,188.47,240.0
CHR,334.5,180.39,240.0
CHR,334.75,172.31,240.0
CHR,335.0,164.23,240.0
CHR,335.25,156.15,240.0
CHR,335.5,148.07,240.0
CHR,335.75,139.99,240.0
CHR,336.0,131.91,240.0
CHR,336.25,123.83,240.0
CHR,336.5,115.75,240.0
CHR,336.75,107.67,240.0
CHR,337.0,99.59,240.0
CHR,337.25,91.51,240.0
CHR,337.5,83.43,240.0
CHR,337.75,75.35,240.0
CHR,338.0,67.26,240.0
CHR,338.25,59.18,240.0
CHR,338.5,51.1,240.0
CHR,338.75,43.02,240.0
CHR,339.0,34.94,240.0
CHR,339.25,26.86,240.0
CHR,339.5,18.78,240.0
CHR,339.75,10.7,240.0
CHR,340.0,2.62,240.0
CHR,340.25,-5.46,239.88
CHR,340.5,-13.51,239.24
CHR,340.75,-21.5,238.06
CHR,341.0,-29.4,236.34
CHR,341.25,-37.16,234.1
CHR,341.5,-44.75,231.34
CHR,341.75,-52.14,228.08
CHR,342.0,-59.3,224.33
CHR,342.25,-66.18,220.1
CHR,342.5,-72.77,215.42
CHR,342.75,-79.02,210.31
CHR,343.0,-84.92,204.79
CHR,343.25,-90.43,198.88
CHR,343.5,-95.53,192.62
CHR,343.75,-100.2,186.02
CHR,344.0,-104.42,179.13
CHR,344.25,-108.16,171.97
CHR,344.5,-111.41,164.58
CHR,344.75,-114.16,156.98
CHR,345.0,-116.39,149.21
CHR,345.25,-118.09,141.32
CHR,345.5,-119.26,133.32
CHR,345.75,-119.88,125.27
CHR,346.0,-119.97,117.19
CHR,346.25,-119.51,109.12
CHR,346.5,-118.5,101.11
CHR,346.75,-116.96,93.18
CHR,347.0,-114.89,85.37
CHR,347.25,-112.3,77.72
CHR,347.5,-109.2,70.26
CHR,347.75,-105.61,63.02
CHR,348.0,-101.54,56.04
CHR,348.25,-97.0,49.36
CHR,348.5,-92.03,42.99
CHR,348.75,-86.64,36.97
CHR,349.0,-80.86,31.33
CHR,349.25,-74.71,26.09
CHR,349.5,-68.22,21.28
CHR,349.75,-61.42,16.91
CHR,350.0,-54.35,13.01
CHR,350.25,-47.02,9.6
CHR,350.5,-39.49,6.68
CHR,350.75,-31.78,4.28
CHR,351.0,-23.92,2.41
CHR,351.25,-15.95,1.06
CHR,351.5,-7.91,0.26
CHR,351.75,0.16,0.0
CHR,352.0,8.27,0.0
CHR,352.25,16.38,0.0
CHR,352.5,24.49,0.0
CHR,352.75,32.6,0.0
CHR,353.0,40.71,0.0
CHR,353.25,48.82,0.0
CHR,353.5,56.93,0.0
CHR,353.75,65.04,0.0
CHR,354.0,73.15,0.0
CHR,354.25,81.26,0.0
CHR,354.5,89.37,0.0
CHR,354.75,97.48,0.0
CHR,355.0,105.59,0.0
CHR,355.25,113.7,0.0
CHR,355.5,121.81,0.0
CHR,355.75,129.92,0.0
CHR,356.0,138.03,0.0
CHR,356.25,146.14,0.0
CHR,356.5,154.25,0.0
CHR,356.75,162.36,0.0
CHR,357.0,170.46,0.0
CHR,357.25,178.57,0.0
CHR,357.5,186.68,0.0
CHR,357.75,194.79,0.0
CHR,358.0,202.9,0.0
CHR,358.25,211.01,0.0
CHR,358.5,219.12,0.0
CHR,358.75,227.23,0.0
CHR,359.0,235.34,0.0
CHR,359.25,243.45,0.0
CHR,359.5,251.56,0.0
CHR,359.75,259.67,0.0
CHR,360.0,267.78,0.0
CHR,360.25,275.89,0.0
CHR,360.5,284.0,0.0
CHR,360.75,292.11,0.0
CHR,361.0,300.22,0.0
CHR,361.25,308.33,0.0
CHR,361.5,316.44,0.0
CHR,361.75,324.55,0.0
CHR,362.0,332.66,0.0
CHR,362.25,340.77,0.0
CHR,362.5,348.88,0.0
CHR,362.75,356.99,0.0
CHR,363.0,365.1,0.0
CHR,363.25,373.21,0.0
CHR,363.5,381.31,0.29
CHR,363.75,389.38,1.12
CHR,364.0,397.37,2.5
CHR,364.25,405.24,4.41
CHR,364.5,412.98,6.85
CHR,364.75,420.53,9.81
CHR,365.0,427.86,13.27
CHR,365.25,434.94,17.22
CHR,365.5,441.74,21.63
CHR,365.75,448.23,26.5
CHR,366.0,454.37,31.79
CHR,366.25,460.14,37.49
CHR,366.5,465.51,43.56
CHR,366.75,470.46,49.98
CHR,367.0,474.97,56.72
CHR,367.25,479.01,63.75
CHR,367.5,482.57,71.04
CHR,367.75,485.62,78.55
CHR,368.0,488.16,86.25
CHR,368.25,490.18,94.1
CHR,368.5,491.66,102.07
CHR,368.75,492.6,110.13
CHR,369.0,493.0,118.23
CHR,369.25,492.84,126.33
CHR,369.5,492.14,134.41
CHR,369.75,490.9,142.42
CHR,370.0,489.11,150.33
CHR,370.25,486.8,158.1
CHR,370.5,483.97,165.7
CHR,370.75,480.63,173.09
CHR,371.0,476.8,180.23
CHR,371.25,472.49,187.11
CHR,371.5,467.73,193.67
CHR,371.75,462.54,199.9
CHR,372.0,456.94,205.76
CHR,372.25,450.96,211.23
CHR,372.5,444.62,216.29
CHR,372.75,437.95,220.91
CHR,373.0,430.99,225.06
CHR,373.25,423.76,228.74
CHR,373.5,416.31,231.92
CHR,373.75,408.65,234.59
CHR,374.0,400.83,236.73
CHR,374.25,392.88,238.34
CHR,374.5,384.85,239.41
CHR,374.75,376.76,239.94
CHR,375.0,368.65,240.0
CHR,375.25,360.54,240.0
CHR,375.5,352.43,240.0
CHR,375.75,344.32,240.0
CHR,376.0,336.21,240.0
CHR,376.25,328.1,240.0
CHR,376.5,319.99,240.0
CHR,376.75,311.88,240.0
CHR,377.0,303.77,240.0
CHR,377.25,295.66,240.0
CHR,377.5,287.55,240.0
CHR,377.75,279.44,240.0
CHR,378.0,271.33,240.0
CHR,378.25,263.22,240.0
CHR,378.5,255.11,240.0
CHR,378.75,247.0,240.0
CHR,379.0,238.89,240.0
CHR,379.25,230.78,240.0
CHR,379.5,222.67,240.0
CHR,379.75,214.56,240.0
CHR,380.0,206.45,240.0
CHR,380.25,198.34,240.0
CHR,380.5,190.23,240.0
CHR,380.75,182.12,240.0
CHR,381.0,174.01,240.0
CHR,381.25,165.9,240.0
CHR,381.5,157.79,240.0
CHR,381.75,149.68,240.0
CHR,382.0,141.58,240.0
CHR,382.25,133.47,240.0
CHR,382.5,125.36,240.0
CHR,382.75,117.25,240.0
CHR,383.0,109.14,240.0
CHR,383.25,101.03,240.0
CHR,383.5,92.92,240.0
CHR,383.75,84.81,240.0
CHR,384.0,76.7,240.0
CHR,384.25,68.59,240.0
CHR,384.5,60.48,240.0
CHR,384.75,52.37,240.0
CHR,385.0,44.26,240.0
CHR,385.25,36.15,240.0
CHR,385.5,28.04,240.0
CHR,385.75,19.93,240.0
CHR,386.0,11.82,240.0
CHR,386.25,3.71,240.0
CHR,386.5,-4.4,239.92
CHR,386.75,-12.49,239.35
CHR,387.0,-20.52,238.23
CHR,387.25,-28.45,236.58
CHR,387.5,-36.26,234.39
CHR,387.75,-43.9,231.68
CHR,388.0,-51.35,228.46
CHR,388.25,-58.55,224.75
CHR,388.5,-65.49,220.55
CHR,388.75,-72.13,215.9
CHR,389.0,-78.44,210.81
CHR,389.25,-84.4,205.31
CHR,389.5,-89.97,199.41
CHR,389.75,-95.12,193.16
CHR,390.0,-99.85,186.56
CHR,390.25,-104.11,179.67
CHR,390.5,-107.9,172.5
CHR,390.75,-111.2,165.1
CHR,391.0,-114.0,157.48
CHR,391.25,-116.27,149.7
CHR,391.5,-118.01,141.78
CHR,391.75,-119.21,133.76
CHR,392.0,-119.87,125.68
CHR,392.25,-119.98,117.57
CHR,392.5,-119.54,109.48
CHR,392.75,-118.55,101.43
CHR,393.0,-117.03,93.47
CHR,393.25,-114.97,85.62
CHR,393.5,-112.39,77.94
CHR,393.75,-109.29,70.44
CHR,394.0,-105.69,63.18
CHR,394.25,-101.62,56.17
CHR,394.5,-97.07,49.45
CHR,394.75,-92.09,43.06
CHR,395.0,-86.68,37.02
CHR,395.25,-80.88,31.35
CHR,395.5,-74.71,26.09
CHR,395.75,-68.2,21.26
CHR,396.0,-61.37,16.88
CHR,396.25,-54.27,12.97
CHR,396.5,-46.92,9.55
CHR,396.75,-39.35,6.64
CHR,397.0,-31.61,4.24
CHR,397.25,-23.72,2.37
CHR,397.5,-15.72,1.03
CHR,397.75,-7.65,0.24
CHR,398.0,0.45,0.0
CHR,398.25,8.55,0.0
CHR,398.5,16.65,0.0
CHR,398.75,24.75,0.0
CHR,399.0,32.85,0.0
CHR,399.25,40.95,0.0
CHR,399.5,49.05,0.0
CHR,399.75,57.15,0.0
CHR,400.0,65.25,0.0
CHR,400.25,73.35,0.0
CHR,400.5,81.45,0.0
CHR,400.75,89.55,0.0
CHR,401.0,97.65,0.0
CHR,401.25,105.75,0.0
CHR,401.5,113.85,0.0
CHR,401.75,121.95,0.0
CHR,402.0,130.05,0.0
CHR,402.25,138.15,0.0
CHR,402.5,146.25,0.0
CHR,402.75,154.35,0.0
CHR,403.0,162.45,0.0
CHR,403.25,170.55,0.0
CHR,403.5,178.65,0.0
CHR,403.75,186.75,0.0
CHR,404.0,194.85,0.0
CHR,404.25,202.95,0.0
CHR,404.5,211.05,0.0
CHR,404.75,219.16,0.0
CHR,405.0,227.26,0.0
CHR,405.25,235.36,0.0
CHR,405.5,243.46,0.0
CHR,405.75,251.56,0.0
CHR,406.0,259.66,0.0
CHR,406.25,267.76,0.0
CHR,406.5,275.86,0.0
CHR,406.75,283.96,0.0
CHR,407.0,292.06,0.0
CHR,407.25,300.16,0.0
CHR,407.5,308.26,0.0
CHR,407.75,316.36,0.0
CHR,408.0,324.46,0.0
CHR,408.25,332.56,0.0
CHR,408.5,340.66,0.0
CHR,408.75,348.76,0.0
CHR,409.0,356.86,0.0
CHR,409.25,364.96,0.0
CHR,409.5,373.06,0.0
CHR,409.75,381.15,0.28
CHR,410.0,389.21,1.1
CHR,410.25,397.19,2.46
CHR,410.5,405.06,4.36
CHR,410.75,412.79,6.79
CHR,411.0,420.33,9.73
CHR,411.25,427.66,13.17
CHR,411.5,434.75,17.1
CHR,411.75,441.55,21.5
CHR,412.0,448.03,26.34
CHR,412.25,454.18,31.62
CHR,412.5,459.96,37.29
CHR,412.75,465.34,43.35
CHR,413.0,470.3,49.75
CHR,413.25,474.81,56.47
CHR,413.5,478.87,63.48
CHR,413.75,482.44,70.75
CHR,414.0,485.51,78.24
CHR,414.25,488.07,85.93
CHR,414.5,490.11,93.77
CHR,414.75,491.61,101.72
CHR,415.0,492.57,109.77
CHR,415.25,492.99,117.85
CHR,415.5,492.86,125.95
CHR,415.75,492.19,134.02
CHR,416.0,490.97,142.03
CHR,416.25,489.22,149.93
CHR,416.5,486.93,157.7
CHR,416.75,484.13,165.3
CHR,417.0,480.82,172.69
CHR,417.25,477.02,179.85
CHR,417.5,472.75,186.72
CHR,417.75,468.02,193.3
CHR,418.0,462.86,199.54
CHR,418.25,457.29,205.42
CHR,418.5,451.34,210.91
CHR,418.75,445.03,215.99
CHR,419.0,438.39,220.63
CHR,419.25,431.45,224.81
CHR,419.5,424.25,228.51
CHR,419.75,416.81,231.72
CHR,420.0,409.18,234.42
CHR,420.25,401.38,236.6
CHR,420.5,393.45,238.25
CHR,420.75,385.43,239.36
CHR,421.0,377.35,239.92
CHR,421.25,369.25,240.0
CHR,421.5,361.15,240.0
CHR,421.75,353.05,240.0
CHR,422.0,344.95,240.0
CHR,422.25,336.85,240.0
CHR,422.5,328.75,240.0
CHR,422.75,320.65,240.0
CHR,423.0,312.55,240.0
CHR,423.25,304.45,240.0
CHR,423.5,296.35,240.0
CHR,423.75,288.25,240.0
CHR,424.0,280.15,240.0
CHR,424.25,272.05,240.0
CHR,424.5,263.95,240.0
CHR,424.75,255.85,240.0
CHR,425.0,247.75,240.0
CHR,425.25,239.65,240.0
CHR,425.5,231.55,240.0
CHR,425.75,223.45,240.0
CHR,426.0,215.35,240.0
CHR,426.25,207.25,240.0
CHR,426.5,199.15,240.0
CHR,426.75,191.05,240.0
CHR,427.0,182.95,240.0
CHR,427.25,174.85,240.0
CHR,427.5,166.75,240.0
CHR,427.75,158.65,240.0
CHR,428.0,150.55,240.0
CHR,428.25,142.45,240.0
CHR,428.5,134.35,240.0
CHR,428.75,126.25,240.0
CHR,429.0,118.15,240.0
CHR,429.25,110.05,240.0
CHR,429.5,101.95,240.0
CHR,429.75,93.85,240.0
CHR,430.0,85.75,240.0
CHR,430.25,77.65,240.0
CHR,430.5,69.55,240.0
CHR,430.75,61.45,240.0
CHR,431.0,53.35,240.0
CHR,431.25,45.25,240.0
CHR,431.5,37.15,240.0
CHR,431.75,29.05,240.0
CHR,432.0,20.95,240.0
CHR,432.25,12.85,240.0
CHR,432.5,4.75,240.0
CHR,432.75,-3.35,239.95
CHR,433.0,-11.43,239.45
CHR,433.25,-19.47,238.41
CHR,433.5,-27.41,236.83
CHR,433.75,-35.23,234.71
CHR,434.0,-42.88,232.08
CHR,434.25,-50.34,228.93
CHR,434.5,-57.58,225.28
CHR,434.75,-64.55,221.16
CHR,435.0,-71.22,216.58
CHR,435.25,-77.58,211.55
CHR,435.5,-83.57,206.11
CHR,435.75,-89.19,200.28
CHR,436.0,-94.4,194.08
CHR,436.25,-99.19,187.54
CHR,436.5,-103.52,180.7
CHR,436.75,-107.37,173.58
CHR,437.0,-110.74,166.22
CHR,437.25,-113.61,158.64
CHR,437.5,-115.96,150.89
CHR,437.75,-117.78,143.0
CHR,438.0,-119.06,135.0
CHR,438.25,-119.8,126.94
CHR,438.5,-119.99,118.84
CHR,438.75,-119.64,110.75
CHR,439.0,-118.75,102.7
CHR,439.25,-117.31,94.73
CHR,439.5,-115.34,86.88
CHR,439.75,-112.84,79.17
CHR,440.0,-109.83,71.66
CHR,440.25,-106.32,64.36
CHR,440.5,-102.32,57.31
CHR,440.75,-97.86,50.55
CHR,441.0,-92.96,44.11
CHR,441.25,-87.63,38.01
CHR,441.5,-81.9,32.29
CHR,441.75,-75.79,26.97
CHR,442.0,-69.35,22.07
CHR,442.25,-62.58,17.61
CHR,442.5,-55.54,13.62
CHR,442.75,-48.23,10.12
CHR,443.0,-40.71,7.12
CHR,443.25,-33.01,4.63
CHR,443.5,-25.15,2.66
CHR,443.75,-17.18,1.24
CHR,444.0,-9.13,0.35
CHR,444.25,-1.04,0.0
CHR,444.5,7.05,0.0
CHR,444.75,15.13,0.0
CHR,445.0,23.22,0.0
CHR,445.25,31.3,0.0
CHR,445.5,39.39,0.0
CHR,445.75,47.47,0.0
CHR,446.0,55.55,0.0
CHR,446.25,63.64,0.0
CHR,446.5,71.72,0.0
CHR,446.75,79.81,0.0
CHR,447.0,87.89,0.0
CHR,447.25,95.98,0.0
CHR,447.5,104.06,0.0
CHR,447.75,112.14,0.0
CHR,448.0,120.23,0.0
CHR,448.25,128.31,0.0
CHR,448.5,136.4,0.0
CHR,448.75,144.48,0.0
CHR,449.0,152.56,0.0
CHR,449.25,160.65,0.0
CHR,449.5,168.73,0.0
CHR,449.75,176.82,0.0
CHR,450.0,184.9,0.0
CHR,450.25,192.99,0.0
CHR,450.5,201.07,0.0
CHR,450.75,209.15,0.0
CHR,451.0,217.24,0.0
CHR,451.25,225.32,0.0
CHR,451.5,233.41,0.0
CHR,451.75,241.49,0.0
CHR,452.0,249.57,0.0
CHR,452.25,257.66,0.0
CHR,452.5,265.74,0.0
CHR,452.75,273.83,0.0
CHR,453.0,281.91,0.0
CHR,453.25,290.0,0.0
CHR,453.5,298.08,0.0
CHR,453.75,306.16,0.0
CHR,454.0,314.25,0.0
CHR,454.25,322.33,0.0
CHR,454.5,330.42,0.0
CHR,454.75,338.5,0.0
CHR,455.0,346.58,0.0
CHR,455.25,354.67,0.0
CHR,455.5,362.75,0.0
CHR,455.75,370.84,0.0
CHR,456.0,378.92,0.15
CHR,456.25,386.97,0.82
CHR,456.5,394.96,2.03
CHR,456.75,402.86,3.77
CHR,457.0,410.61,6.04
CHR,457.25,418.2,8.83
CHR,457.5,425.58,12.13
CHR,457.75,432.72,15.91
CHR,458.0,439.59,20.17
CHR,458.25,446.16,24.88
CHR,458.5,452.4,30.02
CHR,458.75,458.28,35.57
CHR,459.0,463.77,41.5
CHR,459.25,468.85,47.78
CHR,459.5,473.49,54.4
CHR,459.75,477.68,61.31
CHR,460.0,481.39,68.49
CHR,460.25,484.61,75.91
CHR,460.5,487.33,83.52
CHR,460.75,489.53,91.3
CHR,461.0,491.19,99.21
CHR,461.25,492.33,107.21
CHR,461.5,492.92,115.27
CHR,461.75,492.96,123.35
CHR,462.0,492.46,131.42
CHR,462.25,491.42,139.43
CHR,462.5,489.85,147.36
CHR,462.75,487.74,155.16
CHR,463.0,485.11,162.81
CHR,463.25,481.98,170.26
CHR,463.5,478.35,177.48
CHR,463.75,474.24,184.44
CHR,464.0,469.67,191.11
CHR,464.25,464.67,197.45
CHR,464.5,459.24,203.45
CHR,464.75,453.43,209.06
CHR,465.0,447.25,214.28
CHR,465.25,440.74,219.06
CHR,465.5,433.92,223.39
CHR,465.75,426.82,227.26
CHR,466.0,419.47,230.64
CHR,466.25,411.92,233.52
CHR,466.5,404.19,235.88
CHR,466.75,396.32,237.71
CHR,467.0,388.34,239.02
CHR,467.25,380.3,239.78
CHR,467.5,372.22,240.0
CHR,467.75,364.13,240.0
CHR,468.0,356.05,240.0
CHR,468.25,347.96,240.0
CHR,468.5,339.88,240.0
CHR,468.75,331.8,240.0
CHR,469.0,323.71,240.0
CHR,469.25,315.63,240.0
CHR,469.5,307.54,240.0
CHR,469.75,299.46,240.0
CHR,470.0,291.38,240.0
CHR,470.25,283.29,240.0
CHR,470.5,275.21,240.0
CHR,470.75,267.12,240.0
CHR,471.0,259.04,240.0
CHR,471.25,250.95,240.0
CHR,471.5,242.87,240.0
CHR,471.75,234.79,240.0
CHR,472.0,226.7,240.0
CHR,472.25,218.62,240.0
CHR,472.5,210.53,240.0
CHR,472.75,202.45,240.0
CHR,473.0,194.37,240.0
CHR,473.25,186.28,240.0
CHR,473.5,178.2,240.0
CHR,473.75,170.11,240.0
CHR,474.0,162.03,240.0
CHR,474.25,153.94,240.0
CHR,474.5,145.86,240.0
CHR,474.75,137.78,240.0
CHR,475.0,129.69,240.0
CHR,475.25,121.61,240.0
CHR,475.5,113.52,240.0
CHR,475.75,105.44,240.0
CHR,476.0,97.36,240.0
CHR,476.25,89.27,240.0
CHR,476.5,81.19,240.0
CHR,476.75,73.1,240.0
CHR,477.0,65.02,240.0
CHR,477.25,56.93,240.0
CHR,477.5,48.85,240.0
CHR,477.75,40.77,240.0
CHR,478.0,32.68,240.0
CHR,478.25,24.6,240.0
CHR,478.5,16.51,240.0
CHR,478.75,8.43,240.0
CHR,479.0,0.35,240.0
CHR,479.25,-7.73,239.75
CHR,479.5,-15.78,238.96
CHR,479.75,-23.75,237.63
CHR,480.0,-31.61,235.76
CHR,480.25,-39.33,233.37
CHR,480.5,-46.88,230.47
CHR,480.75,-54.21,227.06
CHR,481.0,-61.29,223.17
CHR,481.25,-68.1,218.81
CHR,481.5,-74.59,214.0
CHR,481.75,-80.75,208.76
CHR,482.0,-86.54,203.13
CHR,482.25,-91.94,197.11
CHR,482.5,-96.93,190.75
CHR,482.75,-101.47,184.06
CHR,483.0,-105.55,177.09
CHR,483.25,-109.15,169.85
CHR,483.5,-112.26,162.39
CHR,483.75,-114.86,154.74
CHR,484.0,-116.94,146.93
CHR,484.25,-118.49,138.99
CHR,484.5,-119.5,130.97
CHR,484.75,-119.96,122.9
CHR,485.0,-119.89,114.82
CHR,485.25,-119.27,106.76
CHR,485.5,-118.11,98.76
CHR,485.75,-116.41,90.86
CHR,486.0,-114.18,83.09
CHR,486.25,-111.44,75.49
CHR,486.5,-108.19,68.09
CHR,486.75,-104.45,60.92
CHR,487.0,-100.24,54.03
CHR,487.25,-95.57,47.43
CHR,487.5,-90.47,41.16
CHR,487.75,-84.95,35.25
CHR,488.0,-79.06,29.72
CHR,488.25,-72.8,24.6
CHR,488.5,-66.21,19.92
CHR,488.75,-59.33,15.69
CHR,489.0,-52.17,11.93
CHR,489.25,-44.78,8.67
CHR,489.5,-37.18,5.9
CHR,489.75,-29.41,3.66
CHR,490.0,-21.52,1.94
CHR,490.25,-13.52,0.76
CHR,490.5,-5.46,0.12
CHR,490.75,2.62,0.0
CHR,491.0,10.71,0.0
CHR,491.25,18.8,0.0
CHR,491.5,26.9,0.0
CHR,491.75,34.99,0.0
CHR,492.0,43.08,0.0
CHR,492.25,51.17,0.0
CHR,492.5,59.26,0.0
CHR,492.75,67.36,0.0
CHR,493.0,75.45,0.0
CHR,493.25,83.54,0.0
CHR,493.5,91.63,0.0
CHR,493.75,99.72,0.0
CHR,494.0,107.81,0.0
CHR,494.25,115.91,0.0
CHR,494.5,124.0,0.0
CHR,494.75,132.09,0.0
CHR,495.0,140.18,0.0
CHR,495.25,148.27,0.0
CHR,495.5,156.37,0.0
CHR,495.75,164.46,0.0
CHR,496.0,172.55,0.0
CHR,496.25,180.64,0.0
CHR,496.5,188.73,0.0
CHR,496.75,196.83,0.0
CHR,497.0,204.92,0.0
CHR,497.25,213.01,0.0
CHR,497.5,221.1,0.0
CHR,497.75,229.19,0.0
CHR,498.0,237.28,0.0
CHR,498.25,245.38,0.0
CHR,498.5,253.47,0.0
CHR,498.75,261.56,0.0
CHR,499.0,269.65,0.0
CHR,499.25,277.74,0.0
CHR,499.5,285.84,0.0
CHR,499.75,293.93,0.0
CHR,500.0,302.02,0.0
CHR,500.25,310.11,0.0
CHR,500.5,318.2,0.0
CHR,500.75,326.29,0.0
CHR,501.0,334.39,0.0
CHR,501.25,342.48,0.0
CHR,501.5,350.57,0.0
CHR,501.75,358.66,0.0
CHR,502.0,366.75,0.0
CHR,502.25,374.85,0.01
CHR,502.5,382.93,0.41
CHR,502.75,390.96,1.35
CHR,503.0,398.92,2.83
CHR,503.25,406.75,4.84
CHR,503.5,414.43,7.38
CHR,503.75,421.93,10.42
CHR,504.0,429.2,13.97
CHR,504.25,436.22,18.0
CHR,504.5,442.95,22.49
CHR,504.75,449.36,27.42
CHR,505.0,455.42,32.78
CHR,505.25,461.11,38.53
CHR,505.5,466.4,44.65
CHR,505.75,471.27,51.11
CHR,506.0,475.69,57.89
CHR,506.25,479.64,64.95
CHR,506.5,483.1,72.26
CHR,506.75,486.07,79.79
CHR,507.0,488.52,87.5
CHR,507.25,490.45,95.35
CHR,507.5,491.84,103.32
CHR,507.75,492.7,111.37
CHR,508.0,493.01,119.45
CHR,508.25,492.77,127.54
CHR,508.5,491.99,135.59
CHR,508.75,490.67,143.57
CHR,509.0,488.81,151.45
CHR,509.25,486.43,159.18
CHR,509.5,483.53,166.73
CHR,509.75,480.13,174.08
CHR,510.0,476.25,181.17
CHR,510.25,471.89,187.99
CHR,510.5,467.08,194.5
CHR,510.75,461.85,200.67
CHR,511.0,456.21,206.47
CHR,511.25,450.2,211.88
CHR,511.5,443.83,216.87
CHR,511.75,437.14,221.42
CHR,512.0,430.16,225.51
CHR,512.25,422.93,229.13
CHR,512.5,415.46,232.24
CHR,512.75,407.8,234.85
CHR,513.0,399.98,236.93
CHR,513.25,392.04,238.48
CHR,513.5,384.02,239.49
CHR,513.75,375.94,239.96
CHR,514.0,367.85,240.0
CHR,514.25,359.76,240.0
CHR,514.5,351.66,240.0
CHR,514.75,343.57,240.0
CHR,515.0,335.48,240.0
CHR,515.25,327.39,240.0
CHR,515.5,319.3,240.0
CHR,515.75,311.2,240.0
CHR,516.0,303.11,240.0
CHR,516.25,295.02,240.0
CHR,516.5,286.93,240.0
CHR,516.75,278.84,240.0
CHR,517.0,270.74,240.0
CHR,517.25,262.65,240.0
CHR,517.5,254.56,240.0
CHR,517.75,246.47,240.0
CHR,518.0,238.38,240.0
CHR,518.25,230.29,240.0
CHR,518.5,222.19,240.0
CHR,518.75,214.1,240.0
CHR,519.0,206.01,240.0
CHR,519.25,197.92,240.0
CHR,519.5,189.83,240.0
CHR,519.75,181.73,240.0
CHR,520.0,173.64,240.0
CHR,520.25,165.55,240.0
CHR,520.5,157.46,240.0
CHR,520.75,149.37,240.0
CHR,521.0,141.28,240.0
CHR,521.25,133.18,240.0
CHR,521.5,125.09,240.0
CHR,521.75,117.0,240.0
CHR,522.0,108.91,240.0
CHR,522.25,100.82,240.0
CHR,522.5,92.72,240.0
CHR,522.75,84.63,240.0
CHR,523.0,76.54,240.0
CHR,523.25,68.45,240.0
CHR,523.5,60.36,240.0
CHR,523.75,52.27,240.0
CHR,524.0,44.17,240.0
CHR,524.25,36.08,240.0
CHR,524.5,27.99,240.0
CHR,524.75,19.9,240.0
CHR,525.0,11.81,240.0
CHR,525.25,3.71,240.0
CHR,525.5,-4.38,239.92
CHR,525.75,-12.45,239.35
CHR,526.0,-20.46,238.24
CHR,526.25,-28.38,236.6
CHR,526.5,-36.17,234.42
CHR,526.75,-43.8,231.72
CHR,527.0,-51.23,228.52
CHR,527.25,-58.42,224.82
CHR,527.5,-65.35,220.64
CHR,527.75,-71.99,216.01
CHR,528.0,-78.29,210.94
CHR,528.25,-84.24,205.46
CHR,528.5,-89.81,199.59
CHR,528.75,-94.97,193.36
CHR,529.0,-99.69,186.79
CHR,529.25,-103.97,179.92
CHR,529.5,-107.77,172.78
CHR,529.75,-111.08,165.4
CHR,530.0,-113.89,157.81
CHR,530.25,-116.18,150.05
CHR,530.5,-117.94,142.15
CHR,530.75,-119.16,134.16
CHR,531.0,-119.85,126.09
CHR,531.25,-119.98,118.01
CHR,531.5,-119.58,109.93
CHR,531.75,-118.63,101.89
CHR,532.0,-117.14,93.94
CHR,532.25,-115.11,86.11
CHR,532.5,-112.57,78.43
CHR,532.75,-109.51,70.94
CHR,533.0,-105.96,63.67
CHR,533.25,-101.92,56.66
CHR,533.5,-97.42,49.93
CHR,533.75,-92.48,43.53
CHR,534.0,-87.11,37.47
CHR,534.25,-81.36,31.79
CHR,534.5,-75.23,26.51
CHR,534.75,-68.76,21.65
CHR,535.0,-61.97,17.24
CHR,535.25,-54.91,13.3
CHR,535.5,-47.59,9.84
CHR,535.75,-40.06,6.89
CHR,536.0,-32.35,4.44
CHR,536.25,-24.49,2.53
CHR,536.5,-16.52,1.14
CHR,536.75,-8.47,0.3
CHR,537.0,-0.39,0.0
CHR,537.25,7.74,0.0
CHR,537.5,15.86,0.0
CHR,537.75,23.99,0.0
CHR,538.0,32.11,0.0
CHR,538.25,40.24,0.0
CHR,538.5,48.36,0.0
CHR,538.75,56.49,0.0
CHR,539.0,64.61,0.0
CHR,539.25,72.74,0.0
CHR,539.5,80.86,0.0
CHR,539.75,88.99,0.0
CHR,540.0,97.11,0.0
CHR,540.25,105.24,0.0
CHR,540.5,113.36,0.0
CHR,540.75,121.49,0.0
CHR,541.0,129.62,0.0
CHR,541.25,137.74,0.0
CHR,541.5,145.87,0.0
CHR,541.75,153.99,0.0
CHR,542.0,162.12,0.0
CHR,542.25,170.24,0.0
CHR,542.5,178.37,0.0
CHR,542.75,186.49,0.0
CHR,543.0,194.62,0.0
CHR,543.25,202.74,0.0
CHR,543.5,210.87,0.0
CHR,543.75,218.99,0.0
CHR,544.0,227.12,0.0
CHR,544.25,235.24,0.0
CHR,544.5,243.37,0.0
CHR,544.75,251.5,0.0
CHR,545.0,259.62,0.0
CHR,545.25,267.75,0.0
CHR,545.5,275.87,0.0
CHR,545.75,284.0,0.0
CHR,546.0,292.12,0.0
CHR,546.25,300.25,0.0
CHR,546.5,308.37,0.0
CHR,546.75,316.5,0.0
CHR,547.0,324.62,0.0
CHR,547.25,332.75,0.0
CHR,547.5,340.87,0.0
CHR,547.75,349.0,0.0
CHR,548.0,357.12,0.0
CHR,548.25,365.25,0.0
CHR,548.5,373.37,0.0
CHR,548.75,381.49,0.3
CHR,549.0,389.57,1.15
CHR,549.25,397.58,2.54
CHR,549.5,405.47,4.47
CHR,549.75,413.21,6.93
CHR,550.0,420.77,9.91
CHR,550.25,428.11,13.4
CHR,550.5,435.19,17.37
CHR,550.75,441.99,21.81
CHR,551.0,448.48,26.7
CHR,551.25,454.62,32.02
CHR,551.5,460.38,37.75
CHR,551.75,465.75,43.85
CHR,552.0,470.69,50.3
CHR,552.25,475.18,57.06
CHR,552.5,479.21,64.12
CHR,552.75,482.74,71.44
CHR,553.0,485.78,78.97
CHR,553.25,488.29,86.69
CHR,553.5,490.28,94.57
CHR,553.75,491.74,102.56
CHR,554.0,492.64,110.64
CHR,554.25,493.0,118.75
CHR,554.5,492.81,126.87
CHR,554.75,492.07,134.96
CHR,555.0,490.79,142.99
CHR,555.25,488.96,150.9
CHR,555.5,486.61,158.68
CHR,555.75,483.73,166.27
CHR,556.0,480.34,173.66
CHR,556.25,476.47,180.8
CHR,556.5,472.12,187.66
CHR,556.75,467.31,194.21
CHR,557.0,462.07,200.42
CHR,557.25,456.43,206.26
CHR,557.5,450.4,211.71
CHR,557.75,444.02,216.73
CHR,558.0,437.31,221.32
CHR,558.25,430.31,225.44
CHR,558.5,423.04,229.07
CHR,558.75,415.55,232.21
CHR,559.0,407.86,234.83
CHR,559.25,400.01,236.92
CHR,559.5,392.04,238.48
CHR,559.75,383.98,239.5
CHR,560.0,375.87,239.97
CHR,560.25,367.74,240.0
CHR,560.5,359.62,240.0
CHR,560.75,351.49,240.0
CHR,561.0,343.37,240.0
CHR,561.25,335.24,240.0
CHR,561.5,327.12,240.0
CHR,561.75,318.99,240.0
CHR,562.0,310.87,240.0
CHR,562.25,302.74,240.0
CHR,562.5,294.62,240.0
CHR,562.75,286.49,240.0
CHR,563.0,278.37,240.0
CHR,563.25,270.24,240.0
CHR,563.5,262.11,240.0
CHR,563.75,253.99,240.0
CHR,564.0,245.86,240.0
CHR,564.25,237.74,240.0
CHR,564.5,229.61,240.0
CHR,564.75,221.49,240.0
CHR,565.0,213.36,240.0
CHR,565.25,205.24,240.0
CHR,565.5,197.11,240.0
CHR,565.75,188.99,240.0
CHR,566.0,180.86,240.0
CHR,566.25,172.74,240.0
CHR,566.5,164.61,240.0
CHR,566.75,156.49,240.0
CHR,567.0,148.36,240.0
CHR,567.25,140.23,240.0
CHR,567.5,132.11,240.0
CHR,567.75,123.98,240.0
CHR,568.0,115.86,240.0
CHR,568.25,107.73,240.0
CHR,568.5,99.61,240.0
CHR,568.75,91.48,240.0
CHR,569.0,83.36,240.0
CHR,569.25,75.23,240.0
CHR,569.5,67.11,240.0
CHR,569.75,58.98,240.0
CHR,570.0,50.86,240.0
CHR,570.25,42.73,240.0
CHR,570.5,34.61,240.0
CHR,570.75,26.48,240.0
CHR,571.0,18.35,240.0
CHR,571.25,10.23,240.0
CHR,571.5,2.1,240.0
CHR,571.75,-6.02,239.85
CHR,572.0,-14.11,239.17
CHR,572.25,-22.14,237.94
CHR,572.5,-30.07,236.17
CHR,572.75,-37.86,233.87
CHR,573.0,-45.48,231.05
CHR,573.25,-52.89,227.72
CHR,573.5,-60.06,223.89
CHR,573.75,-66.95,219.59
CHR,574.0,-73.53,214.83
CHR,574.25,-79.78,209.64
CHR,574.5,-85.66,204.03
CHR,574.75,-91.15,198.05
CHR,575.0,-96.22,191.7
CHR,575.25,-100.86,185.02
CHR,575.5,-105.02,178.05
CHR,575.75,-108.71,170.81
CHR,576.0,-111.9,163.34
CHR,576.25,-114.58,155.67
CHR,576.5,-116.73,147.84
CHR,576.75,-118.34,139.88
CHR,577.0,-119.42,131.82
CHR,577.25,-119.94,123.72
CHR,577.5,-119.92,115.59
CHR,577.75,-119.35,107.49
CHR,578.0,-118.23,99.44
CHR,578.25,-116.56,91.49
CHR,578.5,-114.37,83.67
CHR,578.75,-111.65,76.01
CHR,579.0,-108.42,68.56
CHR,579.25,-104.69,61.34
CHR,579.5,-100.48,54.4
CHR,579.75,-95.81,47.75
CHR,580.0,-90.7,41.43
CHR,580.25,-85.18,35.47
CHR,580.5,-79.26,29.9
CHR,580.75,-72.99,24.75
CHR,581.0,-66.37,20.03
CHR,581.25,-59.46,15.77
CHR,581.5,-52.27,11.98
CHR,581.75,-44.84,8.69
CHR,582.0,-37.21,5.91
CHR,582.25,-29.4,3.66
CHR,582.5,-21.46,1.94
CHR,582.75,-13.43,0.75
CHR,583.0,-5.33,0.12
CHR,583.25,2.79,0.0
CHR,583.5,10.89,0.0
CHR,583.75,18.99,0.0
CHR,584.0,27.09,0.0
CHR,584.25,35.2,0.0
CHR,584.5,43.3,0.0
CHR,584.75,51.4,0.0
CHR,585.0,59.5,0.0
CHR,585.25,67.61,0.0
CHR,585.5,75.71,0.0
CHR,585.75,83.81,0.0
CHR,586.0,91.91,0.0
CHR,586.25,100.02,0.0
CHR,586.5,108.12,0.0
CHR,586.75,116.22,0.0
CHR,587.0,124.32,0.0
CHR,587.25,132.43,0.0
CHR,587.5,140.53,0.0
CHR,587.75,148.63,0.0
CHR,588.0,156.73,0.0
CHR,588.25,164.84,0.0
CHR,588.5,172.94,0.0
CHR,588.75,181.04,0.0
CHR,589.0,189.14,0.0
CHR,589.25,197.25,0.0
CHR,589.5,205.35,0.0
CHR,589.75,213.45,0.0
CHR,590.0,221.55,0.0
CHR,590.25,229.66,0.0
CHR,590.5,237.76,0.0
CHR,590.75,245.86,0.0
CHR,591.0,253.96,0.0
CHR,591.25,262.07,0.0
CHR,591.5,270.17,0.0
CHR,591.75,278.27,0.0
CHR,592.0,286.37,0.0
CHR,592.25,294.48,0.0
CHR,592.5,302.58,0.0
CHR,592.75,310.68,0.0
CHR,593.0,318.78,0.0
CHR,593.25,326.89,0.0
CHR,593.5,334.99,0.0
CHR,593.75,343.09,0.0
CHR,594.0,351.19,0.0
CHR,594.25,359.3,0.0
CHR,594.5,367.4,0.0
CHR,594.75,375.5,0.03
CHR,595.0,383.59,0.47
CHR,595.25,391.63,1.45
CHR,595.5,399.59,2.98
CHR,595.75,407.42,5.04
CHR,596.0,415.1,7.62
CHR,596.25,422.59,10.72
CHR,596.5,429.85,14.31
CHR,596.75,436.85,18.39
CHR,597.0,443.56,22.93
CHR,597.25,449.95,27.91
CHR,597.5,455.98,33.31
CHR,597.75,461.64,39.11
CHR,598.0,466.9,45.27
CHR,598.25,471.73,51.78
CHR,598.5,476.11,58.59
CHR,598.75,480.01,65.69
CHR,599.0,483.43,73.03
CHR,599.25,486.35,80.59
CHR,599.5,488.75,88.33
CHR,599.75,490.63,96.21
CHR,600.0,491.96,104.2
CHR,600.25,492.76,112.26
CHR,600.5,493.01,120.36
CHR,600.75,492.71,128.45
CHR,601.0,491.87,136.51
CHR,601.25,490.48,144.49
CHR,601.5,488.56,152.36
CHR,601.75,486.12,160.08
CHR,602.0,483.15,167.62
CHR,602.25,479.69,174.95
CHR,602.5,475.74,182.02
CHR,602.75,471.32,188.81
CHR,603.0,466.46,195.28
CHR,603.25,461.16,201.42
CHR,603.5,455.47,207.18
CHR,603.75,449.4,212.54
CHR,604.0,442.98,217.49
CHR,604.25,436.24,221.99
CHR,604.5,429.22,226.02
CHR,604.75,421.94,229.57
CHR,605.0,414.43,232.62
CHR,605.25,406.74,235.16
CHR,605.5,398.89,237.17
CHR,605.75,390.93,238.65
CHR,606.0,382.88,239.59
CHR,606.25,374.79,239.99
CHR,606.5,366.69,240.0
CHR,606.75,358.59,240.0
CHR,607.0,350.48,240.0
CHR,607.25,342.38,240.0
CHR,607.5,334.28,240.0
CHR,607.75,326.18,240.0
CHR,608.0,318.07,240.0
CHR,608.25,309.97,240.0
CHR,608.5,301.87,240.0
CHR,608.75,293.77,240.0
CHR,609.0,285.66,240.0
CHR,609.25,277.56,240.0
CHR,609.5,269.46,240.0
CHR,609.75,261.36,240.0
CHR,610.0,253.25,240.0
CHR,610.25,245.15,240.0
CHR,610.5,237.05,240.0
CHR,610.75,228.95,240.0
CHR,611.0,220.84,240.0
CHR,611.25,212.74,240.0
CHR,611.5,204.64,240.0
CHR,611.75,196.54,240.0
CHR,612.0,188.43,240.0
CHR,612.25,180.33,240.0
CHR,612.5,172.23,240.0
CHR,612.75,164.13,240.0
CHR,613.0,156.02,240.0
CHR,613.25,147.92,240.0
CHR,613.5,139.82,240.0
CHR,613.75,131.72,240.0
CHR,614.0,123.61,240.0
CHR,614.25,115.51,240.0
CHR,614.5,107.41,240.0
CHR,614.75,99.31,240.0
CHR,615.0,91.2,240.0
CHR,615.25,83.1,240.0
CHR,615.5,75.0,240.0
CHR,615.75,66.9,240.0
CHR,616.0,58.79,240.0
CHR,616.25,50.69,240.0
CHR,616.5,42.59,240.0
CHR,616.75,34.49,240.0
CHR,617.0,26.38,240.0
CHR,617.25,18.28,240.0
CHR,617.5,10.18,240.0
CHR,617.75,2.08,240.0
CHR,618.0,-6.02,239.85
CHR,618.25,-14.1,239.17
CHR,618.5,-22.1,237.95
CHR,618.75,-30.01,236.19
CHR,619.0,-37.78,233.9
CHR,619.25,-45.38,231.09
CHR,619.5,-52.77,227.77
CHR,619.75,-59.92,223.97
CHR,620.0,-66.8,219.69
CHR,620.25,-73.38,214.95
CHR,620.5,-79.61,209.79
CHR,620.75,-85.49,204.21
CHR,621.0,-90.98,198.25
CHR,621.25,-96.05,191.93
CHR,621.5,-100.68,185.29
CHR,621.75,-104.86,178.35
CHR,622.0,-108.56,171.14
CHR,622.25,-111.76,163.7
CHR,622.5,-114.45,156.06
CHR,622.75,-116.63,148.25
CHR,623.0,-118.27,140.32
CHR,623.25,-119.37,132.3
CHR,623.5,-119.93,124.21
CHR,623.75,-119.94,116.11
CHR,624.0,-119.4,108.03
CHR,624.25,-118.32,100.0
CHR,624.5,-116.7,92.06
CHR,624.75,-114.55,84.25
CHR,625.0,-111.88,76.61
CHR,625.25,-108.7,69.16
CHR,625.5,-105.02,61.94
CHR,625.75,-100.86,54.98
CHR,626.0,-96.25,48.33
CHR,626.25,-91.19,42.0
CHR,626.5,-85.72,36.02
CHR,626.75,-79.86,30.43
CHR,627.0,-73.63,25.25
CHR,627.25,-67.07,20.49
CHR,627.5,-60.21,16.2
CHR,627.75,-53.07,12.37
CHR,628.0,-45.68,9.04
CHR,628.25,-38.09,6.21
CHR,628.5,-30.33,3.9
CHR,628.75,-22.42,2.11
CHR,629.0,-14.42,0.87
CHR,629.25,-6.35,0.17
CHR,629.5,1.75,0.0
CHR,629.75,9.83,0.0
CHR,630.0,17.92,0.0
CHR,630.25,26.01,0.0
CHR,630.5,34.09,0.0
CHR,630.75,42.18,0.0
CHR,631.0,50.26,0.0
CHR,631.25,58.35,0.0
CHR,631.5,66.44,0.0
CHR,631.75,74.52,0.0
CHR,632.0,82.61,0.0
CHR,632.25,90.7,0.0
CHR,632.5,98.78,0.0
CHR,632.75,106.87,0.0
CHR,633.0,114.96,0.0
CHR,633.25,123.04,0.0
CHR,633.5,131.13,0.0
CHR,633.75,139.22,0.0
CHR,634.0,147.3,0.0
CHR,634.25,155.39,0.0
CHR,634.5,163.47,0.0
CHR,634.75,171.56,0.0
CHR,635.0,179.65,0.0
CHR,635.25,187.73,0.0
CHR,635.5,195.82,0.0
CHR,635.75,203.91,0.0
CHR,636.0,211.99,0.0
CHR,636.25,220.08,0.0
CHR,636.5,228.17,0.0
CHR,636.75,236.25,0.0
CHR,637.0,244.34,0.0
CHR,637.25,252.43,0.0
CHR,637.5,260.51,0.0
CHR,637.75,268.6,0.0
CHR,638.0,276.68,0.0
CHR,638.25,284.77,0.0
CHR,638.5,292.86,0.0
CHR,638.75,300.94,0.0
CHR,639.0,309.03,0.0
CHR,639.25,317.12,0.0
CHR,639.5,325.2,0.0
CHR,639.75,333.29,0.0
CHR,640.0,341.38,0.0
CHR,640.25,349.46,0.0
CHR,640.5,357.55,0.0
CHR,640.75,365.64,0.0
CHR,641.0,373.72,0.0
CHR,641.25,381.8,0.32
CHR,641.5,389.84,1.19
CHR,641.75,397.8,2.59
CHR,642.0,405.65,4.52
CHR,642.25,413.35,6.98
CHR,642.5,420.87,9.96
CHR,642.75,428.17,13.43
CHR,643.0,435.22,17.39
CHR,643.25,441.99,21.81
CHR,643.5,448.45,26.68
CHR,643.75,454.56,31.97
CHR,644.0,460.3,37.66
CHR,644.25,465.65,43.72
CHR,644.5,470.57,50.14
CHR,644.75,475.06,56.86
CHR,645.0,479.08,63.88
CHR,645.25,482.61,71.15
CHR,645.5,485.66,78.64
CHR,645.75,488.18,86.32
CHR,646.0,490.19,94.15
CHR,646.25,491.67,102.1
CHR,646.5,492.6,110.13
CHR,646.75,493.0,118.21
CHR,647.0,492.84,126.29
CHR,647.25,492.15,134.34
CHR,647.5,490.91,142.33
CHR,647.75,489.14,150.22
CHR,648.0,486.84,157.97
CHR,648.25,484.03,165.55
CHR,648.5,480.71,172.92
CHR,648.75,476.9,180.06
CHR,649.0,472.62,186.92
CHR,649.25,467.89,193.47
CHR,649.5,462.73,199.69
CHR,649.75,457.16,205.55
CHR,650.0,451.2,211.02
CHR,650.25,444.9,216.08
CHR,650.5,438.26,220.71
CHR,650.75,431.33,224.87
CHR,651.0,424.14,228.56
CHR,651.25,416.71,231.76
CHR,651.5,409.09,234.45
CHR,651.75,401.3,236.62
CHR,652.0,393.39,238.26
CHR,652.25,385.38,239.36
CHR,652.5,377.31,239.92
CHR,652.75,369.23,240.0
CHR,653.0,361.14,240.0
CHR,653.25,353.05,240.0
CHR,653.5,344.97,240.0
CHR,653.75,336.88,240.0
CHR,654.0,328.79,240.0
CHR,654.25,320.71,240.0
CHR,654.5,312.62,240.0
CHR,654.75,304.53,240.0
CHR,655.0,296.45,240.0
CHR,655.25,288.36,240.0
CHR,655.5,280.27,240.0
CHR,655.75,272.19,240.0
CHR,656.0,264.1,240.0
CHR,656.25,256.02,240.0
CHR,656.5,247.93,240.0
CHR,656.75,239.84,240.0
CHR,657.0,231.76,240.0
CHR,657.25,223.67,240.0
CHR,657.5,215.58,240.0
CHR,657.75,207.5,240.0
CHR,658.0,199.41,240.0
CHR,658.25,191.32,240.0
CHR,658.5,183.24,240.0
CHR,658.75,175.15,240.0
CHR,659.0,167.06,240.0
CHR,659.25,158.98,240.0
CHR,659.5,150.89,240.0
CHR,659.75,142.81,240.0
CHR,660.0,134.72,240.0
CHR,660.25,126.63,240.0
CHR,660.5,118.55,240.0
CHR,660.75,110.46,240.0
CHR,661.0,102.37,240.0
CHR,661.25,94.29,240.0
CHR,661.5,86.2,240.0
CHR,661.75,78.11,240.0
CHR,662.0,70.03,240.0
CHR,662.25,61.94,240.0
CHR,662.5,53.85,240.0
CHR,662.75,45.77,240.0
CHR,663.0,37.68,240.0
CHR,663.25,29.6,240.0
CHR,663.5,21.51,240.0
CHR,663.75,13.42,240.0
CHR,664.0,5.34,240.0
CHR,664.25,-2.75,239.97
CHR,664.5,-10.82,239.51
CHR,664.75,-18.85,238.51
CHR,665.0,-26.78,236.97
CHR,665.25,-34.6,234.9
CHR,665.5,-42.26,232.31
CHR,665.75,-49.72,229.21
CHR,666.0,-56.96,225.62
CHR,666.25,-63.95,221.54
CHR,666.5,-70.64,217.01
CHR,666.75,-77.01,212.03
CHR,667.0,-83.03,206.63
CHR,667.25,-88.68,200.85
CHR,667.5,-93.92,194.69
CHR,667.75,-98.74,188.2
CHR,668.0,-103.11,181.39
CHR,668.25,-107.01,174.31
CHR,668.5,-110.42,166.98
CHR,668.75,-113.33,159.44
CHR,669.0,-115.73,151.72
CHR,669.25,-117.6,143.86
CHR,669.5,-118.94,135.88
CHR,669.75,-119.74,127.84
CHR,670.0,-120.0,119.76
CHR,670.25,-119.71,111.68
CHR,670.5,-118.88,103.64
CHR,670.75,-117.51,95.67
CHR,671.0,-115.6,87.81
CHR,671.25,-113.17,80.1
CHR,671.5,-110.23,72.57
CHR,671.75,-106.78,65.25
CHR,672.0,-102.86,58.19
CHR,672.25,-98.46,51.4
CHR,672.5,-93.62,44.93
CHR,672.75,-88.35,38.8
CHR,673.0,-82.68,33.03
CHR,673.25,-76.64,27.66
CHR,673.5,-70.25,22.71
CHR,673.75,-63.54,18.2
CHR,674.0,-56.54,14.15
CHR,674.25,-49.28,10.59
CHR,674.5,-41.8,7.52
CHR,674.75,-34.13,4.96
CHR,675.0,-26.31,2.92
CHR,675.25,-18.37,1.41
CHR,675.5,-10.34,0.45
CHR,675.75,-2.26,0.02
